0.0,0.0,0.0,0.0,0.0,0.0,0.0,0.0,0.0,0.0,0.0,0.0,0.0,0.0,0.0,0.0,0.0,0.0,0.0,0.0,0.0,0.0,0.0,0.0,0.0,0.0,0.0,0.0,0.0,0.0,0.0,0.0,0.0,0.0,0.0,0.0,0.0,0.0,0.0,0.0,0.0,0.0,0.0,0.0,0.0,0.0,0.0,0.0,0.0,0.0,0.0,0.0,0.0,0.0,0.0,0.0,0.0,0.0,0.0,0.0
5.3164017e-52,3.7565305e-70,1.8380509000000002e-59,3.8777429e-80,3.5881407e-52,5.0521014e-70,6.59956e-60,1.7124227e-79,4.1243425e-66,4.3323079e-87,1.9402194999999995e-71,0.0,5.5495105e-18,5.7247958e-17,1.5666033e-09,4.5557308000000006e-11,4.2193575000000003e-16,1.4885565e-16,1.6942686000000002e-09,3.0062683e-09,8.479772300000001e-28,1.0302961000000001e-28,1.1132889e-22,7.5336101e-24,2.2352410999999995e-43,1.8619568e-39,4.2880895e-53,1.3229922000000002e-48,9.599592999999999e-44,1.160546e-38,7.427924200000001e-53,9.2403695e-49,5.4268295000000005e-55,2.3051522e-50,1.6033206e-64,1.1732633e-58,3.0040510999999996e-37,3.9254394e-29,1.4937002e-28,4.1429931e-21,9.5990304e-33,8.642264700000001e-24,3.8489144e-36,1.6148984e-28,2.6966127999999997e-29,1.5780009e-20,7.751227700000001e-32,8.062749900000001e-25,7.423489300000001e-47,7.735700699999999e-39,1.3432173000000001e-40,2.212409e-32,8.283585699999999e-44,2.1180311e-35,3.3604656e-43,5.0129055e-43,0.0,9.268342300000001e-98,5.9666787e-95,0.0
9.7582663e-44,4.1091119e-58,2.0251293e-49,7.4182076e-66,1.0618028e-43,6.0198768999999996e-58,9.1883415e-50,3.5242452e-65,1.1354787e-54,8.3240463e-71,6.1880427999999994e-58,1.5219156e-74,7.752474300000001e-15,5.0926457e-14,1.4293502e-07,6.6843192e-09,9.108869699999998e-12,3.2325121999999996e-12,4.3242483000000005e-05,5.7767365e-05,3.8359128999999996e-23,5.5441761e-24,9.4826013e-19,1.4605632e-19,2.4653195e-36,2.9094615e-33,2.7995494999999997e-44,9.7578896e-41,2.0648279e-36,2.9208988000000006e-32,5.1776379e-44,6.568570899999999e-41,6.298726000000001e-45,1.9668521e-41,1.1716655e-52,4.6560428e-48,1.5659195999999998e-31,1.1464694e-24,1.1549374e-24,7.7770338e-18,7.6704215e-28,3.6795796e-20,2.7209689e-30,1.3620969e-23,4.0906692e-25,3.2819587e-17,1.4197717e-26,1.3958533000000002e-20,1.1432898999999999e-38,4.2282948000000004e-32,4.6585584e-34,3.4403813e-27,3.2928265000000004e-36,3.5962874e-29,1.4790674e-36,5.0657098e-36,0.0,1.7395196999999997e-78,3.736682e-78,0.0
2.1353311e-40,6.9151867e-53,4.2448674000000006e-45,8.1094334e-60,4.6320663999999996e-40,1.0593937e-52,2.6095150000000003e-45,4.0851429e-59,1.1687380999999998e-49,2.7626545e-64,4.5687136e-52,4.4734894e-67,6.6964553e-13,1.7235124999999998e-12,1.3340833e-06,4.9594968e-07,1.5946488e-08,2.5525962e-08,0.016105513999999998,0.015803806,1.2961126e-18,1.6461976e-18,3.7910319999999995e-13,4.3184438999999995e-14,2.0106867e-33,1.3621099e-30,3.1748555e-40,3.1933845e-37,7.9235535e-33,3.6968121e-29,7.8633737e-40,2.8946528999999997e-37,2.2458182e-39,2.4817421000000002e-36,8.576680500000001e-47,1.456579e-42,1.3298025e-28,1.7112282e-22,3.8755163e-23,6.777065200000001e-16,1.6870855e-25,1.0983171e-18,7.7124583e-27,6.4299957000000006e-21,3.9444837e-22,4.1117058999999996e-13,6.2009996e-24,6.3095602e-17,6.3240592e-34,8.9686806e-28,2.8035815e-29,3.5410546e-22,9.5770208e-31,6.0672798e-24,4.5521656e-34,3.0925342e-33,0.0,2.6759511e-70,4.9242266999999993e-70,0.0
1.2505447e-38,6.69948e-50,1.2281703e-42,2.4851836e-56,4.1585642999999997e-38,1.2775695999999998e-49,9.3385634e-43,1.6067406999999999e-55,4.5229775e-44,7.610424e-60,7.8282469e-48,1.6636437e-62,1.181597e-11,1.7119384e-11,5.9553338e-06,4.8598593e-06,1.4633125e-07,2.7887948e-07,0.022468146,0.022679239,1.6324949e-09,1.5828895000000002e-09,0.0066768429,0.010996146,5.0368688e-32,5.9881466e-29,5.7367696e-38,2.9259436e-35,7.919935299999999e-31,1.9440896e-27,2.092948e-37,4.2991278e-35,4.9160487e-33,6.230922e-30,1.1136658e-40,1.7139804000000002e-36,1.0393702000000002e-26,6.8746823e-21,1.3596079e-21,1.3531959e-14,3.8661149e-24,1.2427396e-17,5.112874000000001e-25,3.2700825e-19,1.6810387e-19,2.3797319e-11,2.0629019e-22,6.1594274000000005e-15,6.554395e-28,7.254038599999999e-22,3.5829851000000005e-21,7.2324755e-13,1.8909251e-24,1.1793064e-18,1.881897e-32,2.7797963999999997e-31,0.0,1.9196449000000002e-64,1.448692e-64,0.0
6.0723964e-37,1.0473048000000001e-47,8.3671955e-41,8.1805401e-54,1.244284e-36,2.2711813e-47,8.3141987e-41,9.360705800000001e-53,1.0077286e-38,9.8573816e-54,9.800994599999999e-43,8.807264999999999e-58,9.8898193e-11,1.3471579000000001e-10,1.5712217e-05,1.3016657e-05,1.9685224e-07,3.3044441e-07,0.0099473323,0.010119958,0.21862835,0.3968637,0.31892221000000004,0.47340515,7.6461536999999995e-31,1.4664473e-27,2.0723682e-36,7.8498248e-34,2.6145513e-29,4.8917554000000004e-26,1.1131376e-35,2.1099445e-33,1.575535e-22,5.661380699999999e-19,3.3963249e-30,7.205586e-26,2.9328947e-25,1.1792369e-19,2.8943667e-20,1.2350989e-13,5.5047611e-23,7.3443797e-17,1.0461716e-23,4.8680345e-18,4.6030148000000004e-18,1.3046597e-10,3.1594872000000003e-21,5.5310678e-14,7.648816200000001e-18,4.2890285e-08,5.3659979e-11,0.0051590831,7.0293125e-14,0.00020416253999999998,8.641842599999998e-31,4.8213921999999995e-29,0.0,3.0430022e-60,2.7579453e-60,0.0
6.7530262e-36,4.1337369e-46,1.5068166000000002e-39,6.5310709e-52,2.5265136e-30,8.1157158e-46,3.9700873e-36,7.5369334e-51,5.6605353e-29,1.4638016000000001e-46,4.0093371e-34,6.5458397e-52,4.3569015000000007e-10,7.228776300000001e-10,3.138504e-05,2.6324e-05,1.5944039e-07,1.6257456e-07,0.011113055,0.009142861,0.29056614000000003,1.3357019,0.7949461999999999,0.68336387,7.0363287e-30,1.0620814e-25,3.8758463999999996e-35,1.0808135e-32,3.6610227e-23,4.2359899e-20,1.4218504999999999e-29,1.5617441e-26,6.758167999999999e-12,1.8565366e-07,4.5793593e-20,1.0993052000000001e-17,4.969835400000001e-24,8.6237616e-19,3.6467484999999995e-19,6.7295538e-13,5.6036373999999995e-22,2.5275593e-16,5.5813537e-20,7.8634731e-16,3.5509601999999997e-17,2.3091679e-10,3.8112555e-19,1.2764641999999998e-13,2.6560750000000002e-06,0.24375533000000002,0.0019190096,0.20956933,4.5677131e-05,0.39044364000000004,8.1695519e-29,2.010944e-21,0.0,1.615264e-57,9.591991099999999e-57,0.0
1.6050975e-33,5.4707303e-45,6.672693199999999e-37,1.7223708999999998e-50,1.3498781e-24,3.8026250999999995e-39,5.7528776e-28,2.7420629999999995e-43,5.327325900000001e-24,1.0372168e-38,4.0464515e-27,9.2524573e-43,1.0646663e-09,2.3069780999999996e-09,4.6159087e-05,4.0319588e-05,2.3465196000000002e-07,9.594958499999999e-07,0.0083805817,0.0064193291,0.42968929,1.9850769999999998,0.78448758,1.3931721000000001,4.1033177000000003e-25,1.6974097e-22,2.3610642999999998e-30,5.4928075e-28,5.8166491e-18,3.7416352e-15,7.2945041e-23,9.055099700000001e-21,0.00029390777,0.0010408419000000001,2.4420586e-13,3.0365543999999997e-12,6.0087813e-22,3.5738133000000005e-18,2.4517343000000003e-18,2.4131854e-12,3.6638697e-21,4.3574885000000004e-16,1.1575143000000002e-15,5.3301659e-12,1.4934550999999998e-13,2.3680169000000003e-10,1.0298051e-14,5.6637796e-10,0.16051298,0.90018984,0.49454041000000004,0.10399056,0.21652579,0.84205364,2.7706366e-25,8.919356600000001e-18,0.0,1.5216993e-55,7.571217899999999e-54,0.0
6.5216248e-30,7.670223699999999e-42,4.2807627000000006e-32,6.3314109e-46,8.6482715e-22,4.7927926999999996e-35,1.3048647e-24,8.617405000000001e-38,3.1092102e-21,5.223751899999999e-35,3.6003354e-24,3.2124320000000003e-38,1.6149242000000001e-09,5.0353423e-09,6.9142478e-05,4.7226372e-05,6.1336143e-07,0.0065853196,0.0084341859,0.086599432,0.43659287999999996,2.1757788000000002,0.91634482,2.1875114,3.6960535e-21,4.5046513000000005e-19,2.1798144e-25,9.645160499999999e-24,1.3140610999999998e-12,7.673558299999998e-12,3.7761844e-19,1.0435487e-17,0.65862011,0.046290799,4.9868157e-05,3.8153743e-08,2.9475737999999997e-19,1.215902e-17,1.6096363e-17,5.945679899999999e-12,6.2052686e-19,8.2593835e-15,1.1325781e-08,4.7661741e-08,2.1103731e-07,2.2233340000000005e-10,4.0031899e-08,5.676984e-07,1.2376244,1.1651241,1.1223554,0.11432171,1.2317352,0.92084762,3.1564533e-22,4.0486906000000006e-15,0.0,2.8540920000000003e-54,1.4139313e-51,0.0
2.3473037e-27,6.507534e-38,4.1293526e-29,7.697359e-42,1.2066268e-19,1.1911912999999997e-31,4.4663904e-22,3.0442355e-34,8.2822125e-19,3.0940473e-32,3.6180955e-21,6.053405499999999e-35,1.5606787e-09,1.6196311e-08,8.7489655e-05,7.0463291e-05,4.6336872e-06,0.32344698,0.0092207502,1.0401821,0.5154554800000001,2.9546996,1.18426,3.2451239999999997,1.3585595e-18,1.7712571000000001e-16,2.3945665e-21,5.5761607e-21,2.4625228e-07,5.493180000000001e-10,2.2190233000000002e-11,2.2207054000000003e-16,2.0182834,0.093025891,0.91630453,0.0005697873099999999,7.943136500000001e-11,6.1452371e-16,3.741768e-12,1.1144638e-11,1.0559146999999999e-14,2.3463928999999997e-12,0.2719802,2.4346521e-05,0.018944504,7.497317900000001e-10,0.010101097,9.191984999999999e-05,2.4873697999999997,1.8537341,0.89825403,0.11904737,2.1077812,1.3384051000000001,1.6988871e-19,8.791127899999999e-13,0.0,8.8580223e-52,6.1218229e-49,0.0
1.1931017e-25,6.9586571e-36,3.030777e-27,2.0180836e-39,3.7952065e-18,6.3766654e-30,1.3697419e-20,2.5556687e-32,2.1285305e-17,2.445335e-30,1.6032127999999998e-19,9.7823883e-33,1.0776453999999999e-09,5.6212299e-07,6.1134269e-05,0.00019302921,0.00046662820999999994,0.81809694,0.0074062183000000005,2.0877223,0.57073909,4.319364,1.5926118,4.8209781,8.162392800000001e-16,6.160949999999999e-14,5.0353553e-18,2.333114e-19,1.3592877e-05,1.4165415e-08,7.257192e-07,4.230348899999999e-12,2.5822328,0.47312582,2.1535083,0.066691391,1.2202342e-05,1.6516923999999998e-12,2.1440279e-07,1.6773696000000002e-11,6.7291114e-10,2.3522477000000004e-10,2.1512876,0.013492144999999999,0.6422874900000001,6.316445999999999e-07,0.66020685,0.0012107030999999999,4.2191033,2.0148547,1.6562406,0.25246293000000003,2.72739,1.7707331,3.0013758e-17,6.2690878e-11,0.0,3.1608727e-49,4.1906213e-46,0.0
1.2353632999999999e-23,2.794987e-34,2.4203778000000003e-25,3.1263590999999997e-37,5.3488212e-17,2.264058e-28,5.2877125e-19,1.6672973999999997e-30,2.4920239000000005e-16,7.833526e-29,1.7202490999999999e-18,8.636223199999999e-31,1.0487452e-09,1.1031678000000001e-05,3.8716715e-05,0.00046594299999999997,0.0075441779,0.7111747199999999,0.0036240176,1.5049921,0.8582722899999999,4.0823027,1.1840181,5.610162,2.635806e-14,2.8608251999999997e-12,4.0020579e-15,2.4467692999999997e-17,4.6229877999999996e-05,3.3472198e-07,0.0002047044,6.0287257e-06,3.4825771,0.9576807700000001,2.7927941,0.79764015,0.014914644000000001,9.8676002e-07,0.006442832000000001,3.3737553e-10,5.954998600000001e-07,1.0664452e-08,2.1127746000000003,0.39484410999999997,1.3252956,0.0002588747,1.4256584,0.010575689,4.4162265000000005,2.5139069,3.4588919999999996,0.93006514,3.3928633,2.130984,1.8869917e-15,3.5275546999999997e-09,0.0,9.0863527e-47,3.8913018999999995e-41,0.0
8.7734618e-22,8.9649973e-33,1.4837719e-23,2.1595045e-35,4.8956123e-16,5.5598373e-27,3.756218e-15,8.210705e-29,1.4591667000000002e-15,1.6075826e-27,2.1764215e-17,2.7429088000000003e-29,9.322124499999999e-09,4.5618704e-05,6.7422983e-05,0.0010687417999999998,0.035244228,0.34444516000000003,0.00206009,2.6915173,2.7625199,3.9399998999999997,1.716711,6.0374444,1.2073993999999998e-13,4.2288763000000007e-11,3.755461899999999e-12,9.3859405e-12,0.00015343974,0.0013641553,0.023756489999999998,0.20876441,4.6705808,1.8327029,4.1592962,2.1767097,0.10780792,0.013014909,0.10072292,1.7592786e-06,1.8791638e-05,9.481930200000001e-08,2.1117067,0.89569718,1.279978,0.17851464,1.1395753,0.10488708000000001,5.4519529,3.5470029,3.9834399,2.380106,3.8796473000000002,3.1460705,6.0825859e-13,0.012332865,0.0,8.075376299999999e-44,1.4911165e-37,0.0
4.1108765e-19,3.1281627e-31,1.5438908e-19,1.1536961e-33,1.9264136e-11,1.0645065e-25,9.2616729e-12,3.8604082000000005e-27,2.7382361999999997e-13,1.5484321e-26,6.3100130000000004e-15,4.6932760000000005e-28,2.9893970000000003e-06,7.2029231e-05,0.00079924358,0.0018445860999999999,0.77878682,0.18986202,0.099677768,2.1385631000000003,5.7697096,4.6485388,2.813897,7.9282528999999995,6.1233425999999995e-12,7.097628899999999e-07,1.3336397e-09,3.3605184e-06,0.0019051131,0.48172904,0.14962927,1.1605886,5.3350072,2.7972877,5.4998232,3.6855041,0.26805059999999997,0.20496234,0.55157133,0.00012587299000000002,8.3791953e-05,2.3402749000000003e-06,3.7824054,1.1267918000000001,1.9952827000000002,1.7881837999999999,0.90100712,0.42166047,7.0174593000000005,4.1001707000000005,4.1148769,3.3051578,4.9331837,4.1058639999999995,1.1977403e-07,0.42820075,0.0,2.0726412e-41,5.0391776e-35,0.0
5.6911474e-16,1.6334766e-29,3.2321012e-17,3.1750307999999997e-31,1.3439063e-08,3.6557203e-23,1.4912071e-10,4.6646676e-24,2.5188308e-10,4.7465205e-25,1.6709191e-13,7.0163807e-26,0.00049262312,6.3207388e-05,0.0020849975,0.00273009,2.0862171,0.11521394,1.4494586,3.4861442,7.1040167,6.3837563,3.7477612,8.0977825,1.3784429e-08,0.00012366866,1.1731441e-07,0.0022274370999999997,0.018081833,1.1894887,0.40668071,1.4763448000000001,6.0854469,4.3821178000000005,6.0326235,4.7880084,0.68542959,0.27930627,0.91685247,0.0043063445,0.00012653594,0.0029344352,5.0505936,1.9250265000000002,3.6683145,3.1360783999999997,1.2914915,0.88657962,7.5244781000000005,4.3888590999999995,5.2488456999999995,4.154137,6.5424064,4.5023132,4.2628183999999996e-05,0.71469153,0.0,7.8345289e-40,6.346680100000001e-33,0.0
6.226780699999999e-14,3.482928e-27,1.2686621e-15,8.3069792e-29,2.0040641000000002e-06,4.393222900000001e-21,8.1458124e-10,1.0582883e-22,1.0883844e-06,2.6413188000000002e-22,2.2670395e-12,7.279871000000001e-24,0.0026043268,0.00014650052,0.012318214000000001,0.0034383405,1.7191006,0.11821378,2.0415489,3.3609201,8.0166632,8.376309299999999,4.6982318,8.0705852,2.0672008e-06,0.0043600342,4.185446599999999e-06,0.034597833,0.21497624,1.2600160999999999,0.9907512900000001,2.9851018000000002,6.649076099999999,5.301527200000001,7.1460531,5.5735343,0.77973999,0.17638545,0.9183401099999999,0.27985787,0.00010615023,0.08369798,6.4254325,3.3599784,5.4625226,5.0586725,2.8057960000000004,1.6592608,8.489229199999999,5.6932402,6.919923,4.7717263999999995,7.8466455,5.3098829,0.00073726499,1.0024402000000001,0.0,6.241021299999999e-38,2.7248906999999997e-31,0.0
2.4165245999999997e-12,4.9989773e-25,2.9229454999999996e-14,3.7042948999999995e-27,0.00020080153000000001,3.6840712e-19,2.1972238e-09,7.617537200000001e-22,0.13143186999999998,3.7589328e-19,2.3365471e-08,7.9877513e-22,0.0077119213,0.00048749482,0.078928571,0.0044826043,1.7688377000000002,0.48843615,2.5128745,3.6552368,7.9100003,7.1619714,6.138301,11.458575000000002,6.436411599999999e-05,0.024332937,6.3261673e-05,0.080059728,1.6582329,1.1629232999999999,1.794566,4.1358576,7.0082878,5.6314182,7.3524129,6.4084879,0.48299052,0.12438091,0.6349094,0.6559621,0.012636044999999999,0.1124071,7.2154007,4.3486992,7.3096563,5.8471686,4.2890282,2.9405023999999997,9.6563627,6.789097699999999,7.8709911,5.3278194,8.296545,5.627820000000001,0.0015779181999999998,1.3399751999999998,0.0,3.7425151e-35,9.748578199999999e-30,0.0
4.4978547e-11,1.7939848e-22,3.553384e-13,1.6702449000000002e-25,0.0028042642,7.0757681e-17,1.1569934000000001e-08,1.7060553000000002e-20,2.3838741,1.0089592e-12,0.0007641684600000001,8.349144e-19,0.023619663000000003,0.00043993644,0.4953075900000001,0.0069257336,2.8781415,0.9057301799999999,3.9050124999999998,3.319254,9.504436,8.7597716,6.9842931,13.473286,0.00081915268,0.044108064,0.0007998495999999999,0.08077427799999999,3.1963586000000004,2.1960963000000002,2.3090811,4.0377633,7.6521687,6.133914600000001,7.8885768,6.4711774,0.31440369,0.11038363,0.20038266000000002,0.45482269999999997,0.23663906,0.6137502,8.8685854,4.4626333,8.7156353,6.9783803,6.6439921,5.400604400000001,11.183747,8.4549492,9.2888049,6.1256543,9.0833133,6.366679100000001,0.0014818294,1.4741058,0.0,1.7321017e-28,5.9320279e-23,0.0
4.3823060000000003e-10,4.1603932e-20,6.216689899999999e-12,6.0604771e-23,0.012715031,1.4687892e-13,8.1317722e-08,5.7104993e-17,3.6314335,3.4980771e-06,0.040772324,8.2480343e-13,0.04384446,0.00038303162,0.87669005,0.0097892969,3.6483141000000003,2.2621136,5.1012964,5.7245102,9.9196241,8.6197229,7.720635400000001,18.739597,0.15890909,0.044479911999999996,0.037510112,0.072644484,3.8178265000000002,2.6384014000000002,3.131237,4.241634299999999,8.3413687,6.9839478999999995,8.583124699999999,6.945693899999999,0.27884865999999997,0.10272695,0.13679568,0.4253332,0.43901429000000003,0.40601756,10.573924,5.1880508999999995,7.749182500000001,8.395520900000001,8.1209757,6.5277173,10.692696,9.7061695,10.426255000000001,6.751008100000001,10.402536,7.3821621,0.0016890768,2.1423087,0.0,9.743978099999999e-23,2.0486186e-19,0.0
1.7370658e-09,1.913333e-18,5.3459092e-11,4.2238638000000003e-20,0.020962558,6.6878762e-11,1.9003231e-07,6.5140524e-16,3.0336012,0.018954436999999998,0.49734354,4.8923472e-06,0.072842326,0.00078719673,0.9677957300000001,0.015019440000000002,4.6522831,3.7944345,5.9496433,5.962315,9.9695843,11.81777,9.757106499999999,15.515371000000002,0.60821265,0.035615181,0.35640587,0.093775083,6.0241678,3.0588693,4.7462081,4.7135765,9.4391069,8.957462099999999,8.554310800000001,7.9684275,0.25014966,0.10410397,0.32362736,0.40380509,0.82963479,1.2404851,10.371673000000001,8.2523057,8.405583499999999,6.8765071,9.5501304,5.8619437,12.192374,9.851686099999998,11.40846,8.2215496,10.068883,8.3178182,0.0011759295,3.2118974,0.0,1.4406482e-20,1.051299e-17,0.0
4.1470280000000005e-09,3.5953379000000004e-17,1.4362852000000002e-10,1.0692573e-18,0.12148234,7.5197656e-09,3.5493316000000004e-07,3.7539545e-15,2.9977362000000003,0.52460041,1.1075149,0.23827484000000002,0.11836584,0.0064889829,1.4754157,0.016502786000000002,9.0542407,5.4765694,6.5394891,3.7376828,13.300712,19.14583,10.92857,17.885527,0.51026118,0.041757881000000004,0.55154495,0.19302756,7.718987599999999,4.3539031999999995,7.1788366,5.4033605,10.361434000000001,10.28165,9.9747871,8.718833,0.18728393000000002,0.10208602,0.26308388,0.26604625,1.0101588,3.0781137999999997,10.781792000000001,7.018733500000001,11.498849,5.2933601999999995,8.9899713,6.0683074,12.693936,11.503853999999999,12.014028999999999,10.298536,10.990478000000001,11.236323,0.00034773221000000004,3.4955709,0.0,9.8443972e-20,1.2682446000000002e-16,0.0
2.2678331e-08,2.8618736000000005e-16,1.6650980000000002e-10,8.1779373e-18,0.21128682,4.4726706e-08,1.4202135e-06,1.6882107000000002e-11,5.4941635,1.0715941,1.1048158,1.4098272,0.1823045,0.042896556,1.8375683,0.012734417000000001,7.5667662,4.7782691999999996,6.577674999999999,4.0235044,15.495284999999999,19.71647,12.137493,18.094081000000003,0.37459718000000003,0.053861334000000004,0.45833121,0.33601538,6.9373042,5.5623029,6.956132,7.186900199999999,12.119539999999999,9.9770876,10.439295,9.711222,0.17340085,0.069887964,0.23078600000000002,0.26561363,1.0281354999999999,4.4822026,12.192277,6.5660102,11.835524,8.5316456,7.639836399999999,7.975323800000001,14.454346000000001,12.975283,12.343421000000001,11.643535,11.763107,12.667589,0.00077771938,3.8847034,0.0,1.9544662000000004e-18,1.6117236e-15,0.0
1.4988408000000002e-07,2.27036e-15,4.4590176000000007e-10,1.0026968000000001e-16,0.21250014,5.271305e-05,1.1302202e-05,0.005878722,7.280498000000001,0.81594176,0.9423840299999999,2.3268747,0.16253889,0.12891931999999998,1.3938818,0.023830416,7.9585198,5.1188157,7.1749224,4.645931,16.696186,18.621356000000002,13.417238,18.824032,0.30700405999999997,0.09982881,0.37414314,0.35345176,6.7658187000000005,6.21931,7.4513218,7.532617,13.054936,11.103132,12.376287,11.074857,0.2067069,0.054941782999999994,0.32169511,0.81317728,1.2913424,5.1485978999999995,11.733018999999999,8.472862600000001,12.877705,9.6212935,7.2652269,9.535289,15.333146999999999,15.38545,13.637229,12.656170000000001,13.081394999999999,15.43737,0.002678551,4.5707768,0.0,2.5947775e-17,1.4648558e-14,0.0
5.436052e-07,3.5677022999999995e-12,3.1462656e-09,9.567216499999999e-07,0.16941075,0.04829247,0.0045134912,1.3806529,8.0404641,1.0630631,1.6706305000000001,2.3526523,0.075778995,0.33857142,1.4480719000000002,0.06424384400000001,9.601641899999999,6.1251033999999995,8.3506651,5.6435123,18.247791,16.803033,13.864825999999999,22.825602,0.23779387,0.13312366,0.33132933999999997,0.36881953,6.5206126,6.2778195000000006,9.557916500000001,9.592624800000001,15.052208,12.73759,13.349398,12.482728,0.12046675000000001,0.13251742,0.59439577,1.65927,1.2789046,5.560324,13.929684,8.7021071,14.222868,11.137874,8.8533262,9.899894,17.429335,16.804305000000003,15.568859,13.504661,14.561702,15.524574,0.005782003799999999,6.0550209,0.0,3.6556326e-17,7.876114999999999e-14,0.0
9.004300499999999e-07,3.6014304e-08,1.4632764e-08,0.18391981,0.30112772,0.36574952,0.17505455,2.4133484000000003,6.5948151,1.5713035000000002,2.5901744,3.3411950999999998,0.041110598,0.77801536,2.052928,0.10159104,8.312427600000001,7.722776,8.3729537,7.110171599999999,18.039515,16.931669,13.709376,22.819019,0.27658867000000004,0.22841841999999998,0.24438129,0.46112708,8.003594600000001,8.1964643,10.858604000000001,11.198967,16.331087,14.157925,14.668124,13.792403,0.10874475,0.15735315,2.2033186999999996,2.4086982000000003,1.0824373,5.059894600000001,15.058114000000002,7.7233765000000005,16.983508,13.016486,13.315566,10.137655,20.549277,19.465841,18.628283,15.222434999999999,16.032113000000003,16.187875,0.0062533897,8.6950711,0.0,1.2899541000000001e-16,4.8205839e-13,0.0
1.2866435000000001e-06,0.00023634667000000002,8.8493803e-08,1.6469272000000001,1.0903337,1.357294,0.46803929,3.2607768999999998,5.6653766,2.5932946,4.0514748,4.6928575,0.050269393,0.7524527000000001,2.0982103000000003,0.10847342,8.6025574,8.4868135,10.371345,7.5304985,18.326378000000002,18.321930000000002,15.26848,24.967145,0.44481904,0.38235262999999997,0.22631727,0.52821734,9.300412199999998,9.8875309,10.304184,12.503097,17.592195,14.675974,15.906358999999998,14.891812999999999,0.11289386,0.1923242,2.4042353,2.6160783,1.4295083000000002,4.5994168,13.690916,11.034222,18.468529,16.053625999999998,16.836936,11.64885,21.639543,20.37102,21.113753,18.264397,18.868001999999997,16.721425,0.0079052872,10.073487,0.0,1.0739237e-15,4.2055226999999996e-12,0.0
6.8747581e-06,0.0046948654000000005,4.6963193e-05,2.2385118999999998,1.7455132,2.364862,0.7987614900000001,4.5377149,9.494436,3.0285286,4.4630830999999995,5.4018686,0.10092235,1.1318682,1.7076852,0.14050426,11.274871,8.619587600000001,13.660236,8.7539041,18.808492,20.847635999999998,15.62705,21.057224,0.43910931000000003,0.18175843,0.24889399,0.48831659,12.040641,10.144556000000001,10.545490000000001,13.119164,17.603068999999998,14.519924,17.778847,16.539062,0.26050748,0.17786609,2.5493645000000003,1.9685386,2.3285494,5.0648632,12.224476000000001,12.79436,15.533962,10.877452000000002,17.402551000000003,14.442293999999999,23.069585999999997,20.598578999999997,21.92921,19.869919,19.284944,18.156693,0.010081254,11.240169,0.0,2.4852271e-15,4.9980869999999996e-11,0.0
0.0011745495000000002,0.032402792,0.006124196,1.9750718,1.7821368,2.7513601000000003,1.3384676999999998,4.8453488,10.310417000000001,4.406214899999999,4.9694175,5.9091655,0.18252991,1.5580239,1.1404276,0.24089097,11.370754999999999,9.9326179,15.457208999999999,11.764146,22.255457,22.791446,17.45326,24.219682,0.22488795,0.07572659600000001,0.32929142,0.42910812000000004,15.785965,10.990896000000001,11.23442,13.984273,19.543415,17.662482999999998,19.037969,18.040197,0.6064682,0.39576462,2.3721517,2.2051892,2.0836069999999998,4.262767500000001,15.873629999999999,13.331692,12.689521000000001,8.3337102,14.984957,15.545862,23.680998,22.432637,21.814817,21.608288,20.556326,19.749299,0.0038030934,12.884305999999999,0.0,4.123465900000001e-15,4.907050400000001e-10,0.0
0.21445994,0.6108609700000001,0.050210382,1.3324823,2.3702512,3.6684224,1.8746951,5.3992312,13.709940999999999,6.7662781,6.182764000000001,6.1769779,0.27725188,1.4550437999999999,1.1702285000000001,0.43914867,10.242741,11.610503999999999,15.915510000000001,14.015188,23.90635,20.817794,20.873103,28.33051,0.13307575000000002,0.089216065,0.4506282,0.35621747,14.523107000000001,12.934181,13.740958,15.256662,19.273453,19.061943,19.968761,18.705063,1.3035423,1.0810559,2.1366868,2.1587237000000004,1.6375866000000001,1.2361506,18.630779,14.176791999999999,21.074668,9.841412499999999,14.473717,13.981756,26.009224,25.134521,24.157326,21.433659,21.02668,19.947611,0.012424844,11.469729000000001,0.0,1.4602907000000003e-14,8.365849100000001e-10,0.0
1.0481177,1.7890435999999998,0.097362353,1.9628575999999998,3.0532735,4.186622900000001,2.3077437,5.6850357,13.563701,5.780060300000001,6.7578217,7.3681014,1.0706740000000001,1.3996483,1.5424376,0.8041334,10.978048,11.896448,14.905079,13.687264,24.737493999999998,23.24919,22.273263,26.371603,0.22010909,0.38579579999999997,0.36242843,0.29314909,14.049607,14.296729,15.584902,17.216833,21.839496,20.063802000000003,20.779118,19.584803,1.6127771,1.5494103000000001,2.0828701,1.5762626,2.099337,0.5855040899999999,17.743362,14.056985,24.796661999999998,19.559371,16.284753,13.963484000000001,28.896354000000002,27.172615999999998,23.828801000000002,21.582568000000002,21.664666,21.65513,0.12443926999999999,8.6178662,0.0,5.2237921e-13,1.0306263e-09,0.0
1.5929534,2.7872818,0.11922986000000001,3.7854305,4.1948331,5.5477903,3.0126205,6.093343399999999,14.091286,5.882765099999999,7.854375,9.3601328,1.4243333,1.0382897999999998,1.8973875999999998,1.2506835,13.123562,12.858454,17.044011,13.02543,26.007445,27.370079999999998,25.849259,27.530163,0.6576389300000001,1.4345478,0.20313182,0.37043928,14.997057,15.181666,17.230027,18.836985,24.290021,21.932607,22.567681,20.286022,1.4461199999999999,1.3555336,2.8706120999999998,1.3487427,2.9202056,0.55668328,18.438553000000002,15.991451999999999,22.247514000000002,20.198228,19.146915999999997,17.767538,29.5994,28.569245000000002,25.449468,25.202893,24.359232,23.901891000000003,0.65629282,9.716747699999999,0.0,4.475394299999999e-12,2.1355899e-09,0.0
1.6763503000000002,3.505061,0.16939379,3.9651302,5.2340520999999995,6.255780199999999,4.654184600000001,7.1113744,10.529492,6.8523513,10.071455,9.5440045,1.7410714999999999,1.6101519,1.7916424,1.0439748,13.899144000000001,13.988171,20.726633999999997,10.201445999999999,27.385575999999997,26.669074000000002,26.253835,30.256514999999997,1.1526508,2.2443827,0.25457835999999995,0.43617047,18.10234,14.973062,17.787719000000003,19.663434,26.121783,22.452734999999997,24.051524,21.589207,1.7133105,1.4399654,2.4482403,1.4789463,2.9355626000000004,0.5347081100000001,25.075126,13.984943999999999,22.469185,15.692826000000002,20.459193,18.534095999999998,31.946842,31.76516,27.734899000000002,28.001545999999998,25.868962,25.465031999999997,1.172255,16.582759,0.0,5.5457582999999994e-12,3.3527567999999997e-09,0.0
2.0708526,3.618756,0.34973126,3.2221986,6.5172733,6.025856500000001,7.2497662,8.6075552,11.692004,8.445666,9.661464500000001,10.329246,2.3059149,2.8475442,1.3658541,0.75955586,15.164558000000001,12.397987,20.061424,12.301365,30.517367,32.166916,31.417378000000003,32.810429,1.6236537,2.6486221,0.41684439,0.47962988,20.315681,16.172652,18.879925,20.384051,27.387195000000002,23.673937000000002,26.515898999999997,22.987886,1.5560618,1.6312498,1.354916,1.8058145,2.8444489,0.60324287,21.079279999999997,14.474772000000002,24.644813,16.067066,21.849231,20.278714,34.351637,33.404725,30.221622,28.97166,27.213462,30.116217000000002,1.7629468,18.172231,0.0,6.999212299999999e-12,1.0837214e-08,0.0
2.981822,3.5408061,1.073152,3.5331042,6.9334305999999994,5.9909758,8.574038,9.9245143,15.85059,10.903222,10.631490000000001,10.973225000000001,3.3179933,2.3221803000000003,1.2502417,1.1278605,15.943507,14.598852,20.788784999999997,17.883723,30.729608,32.130559,31.13406,39.077038,2.1881687,2.9675835999999998,1.2710265,0.73343644,21.104128,19.318967,20.312932,21.705873,29.443058,27.688918,27.689125,25.394778,1.6659259,1.1790479,1.1396172999999998,1.8316516,2.9718780000000002,0.59084584,15.241959999999999,19.583322,29.004739999999998,17.318253000000002,24.008995,21.718538,34.718388,37.273958,32.513838,30.163493000000003,29.957381,31.005138000000002,2.6970172999999997,14.576129,0.0,1.0270848e-11,9.9559329e-08,0.0
3.3610006,3.6648488,2.2758417,3.7054408,7.402886,6.709472,9.1224398,10.457214,13.811207999999999,11.630667,11.872364,11.345633000000001,2.9475237,1.9016578999999998,1.3090478,1.68081,16.974515,16.60529,20.014657999999997,17.877461999999998,34.954478,34.526051,30.91347,34.704074999999996,3.1138232,3.3167903,2.218999,0.97432589,20.802525000000003,20.941067,22.476095,24.648464,32.370684000000004,29.76811,30.185106,28.609825999999998,1.4285972999999998,2.5713545,1.3661368,2.0907489,3.0109112,0.6549648499999999,29.322668,19.1119,25.307663,22.462694000000003,27.432097,21.118398,36.082150999999996,37.388933,33.022689,31.505153999999997,30.986203,32.264786,3.3825713,11.318387,0.0,3.7679378e-11,2.3995995e-07,0.0
3.7129688,3.8860198000000006,3.0211238000000002,2.8968994,8.461524800000001,8.1042446,10.083687000000001,11.661633,16.838898999999998,11.505495999999999,13.628787,13.389219,4.0022774,3.4359471000000004,1.2649655999999998,1.5072797999999998,18.136473000000002,14.834791,22.919653,15.933147,31.850795,35.698549,31.287169000000002,38.50688,3.6559661,3.6838542999999997,2.7137904,1.1419074,21.100293999999998,19.781454,24.297482,27.689871,35.391164,32.257745,32.705163,30.588466999999998,1.5159229,3.3205492,2.7177256,2.6814077,2.1589875,0.63369362,24.874199,20.103415,30.778850000000002,21.676841,23.652354000000003,24.956907,37.323007999999994,37.476282000000005,33.840248,33.231623,33.723267,37.469376,3.8688458000000003,19.037217000000002,0.0,3.2619747e-09,3.0540499e-07,0.0
4.0607154,3.7074742,3.3122702,4.1527212,9.7909501,9.7061643,10.327917,13.040429000000001,22.095917,12.501882,14.907706,15.748288,3.4423443,3.988393,1.4865678999999998,1.3921412,19.783033,16.707314,24.883668,19.702492000000003,34.231569,41.083074,32.518237,42.349514000000006,4.0656107,4.14302,2.8687211,1.5035508,22.128934,22.057159000000002,22.266927,29.19103,38.596395,33.130892,35.732611,33.480706000000005,1.5984038999999999,2.3821468,2.4754248,3.6438319,1.1604446,0.63788881,19.342026999999998,20.537631,34.299823,29.885722,23.829095000000002,24.738858999999998,39.208438,37.673438000000004,36.942559,33.926663,37.626409,38.698308,4.577148,16.622418,0.0,1.9159583e-08,1.8586203999999999e-07,0.0
4.9315719,3.7714367,3.1681419,7.4047486,11.714958000000001,10.488998,10.733647,14.234307,22.852344,13.865226999999999,14.981991,15.818118,2.5782502000000003,3.8100283,1.5124058999999999,1.3517495,21.339019,18.040671,25.706149,21.920735,33.707651,38.358200999999994,35.297039,44.760749999999994,3.6397532,4.4035104,2.5885569,1.7968954,22.93814,23.162312,23.253624,28.400016,38.831521,34.915744000000004,40.232214,37.058253,2.1295462,3.7172218,1.3893789,4.059908900000001,1.1918978,0.72628419,37.688565999999994,23.216473,30.974431,25.823698999999998,27.605401,25.864292,43.104282,37.934762,38.673785,34.886584,38.255437,40.890944,5.2552961,12.361786,0.0,1.8584089e-08,8.0968974e-08,0.0
5.831489299999999,5.086776899999999,3.6396267,7.3234083,12.326727,11.074734000000001,11.645548,15.384129,20.981479,14.856414000000001,15.011465,17.021987,3.8856253000000005,3.8992736,1.6298848,2.4822512999999997,22.951222,22.351231,26.427525,25.393317,39.815601,41.719798999999995,36.4884,47.002711,3.2944994999999997,4.8153982,2.4902891,2.2244124,24.752026,23.7895,26.193087,29.956346,39.53407,37.534526,39.453190000000006,38.037648999999995,2.1197915000000003,3.7101794,1.5075317,3.4225909,1.2012452,0.9744817299999999,43.294419000000005,29.376619,34.726667,22.455977,28.114737,28.367762,43.614781,39.327169,39.74054,37.386545999999996,40.652259,41.748493,5.4393112,14.305976,0.0,1.5118400000000002e-08,6.0109534e-08,0.0
6.2026542,7.559187199999999,4.5237302,7.2534379,12.846615,12.318015,13.772401,18.124420999999998,24.705998,15.709572,15.521685999999999,17.73149,3.390638,3.7870947999999998,2.044435,2.8079558,22.319108,21.19205,26.685428,26.314381,43.62395,41.024557,38.383469,54.543247,4.0686059000000006,5.2321756,3.0693945,3.0358158,25.196865,22.477664,29.125282000000002,28.83275,44.107329,39.391692,42.22446,39.144314,2.1440311,2.7774568,1.8992857,3.1679015,2.1040926,1.0657508,37.209785000000004,29.102963000000003,37.500732,27.322819,30.63672,29.872005,44.333036,40.184852,42.462111,40.182535,42.786753,40.550996999999995,6.0068641,21.888597,0.0,1.2339575e-08,3.9985101e-08,0.0
6.822272,9.156169100000001,5.4296965,9.8807646,14.701687,15.765892999999998,15.066233,18.678099,25.057038000000002,16.79843,18.132551,19.34582,2.8375145,4.2751146,1.9992015000000003,2.4880783,22.005234,25.074343,26.649721,20.997422999999998,44.229788,42.627826999999996,40.196076999999995,49.334193,5.5590774,6.0691566,3.8071446,3.8386887,25.947185,26.914145,29.31165,31.978016999999998,41.312891,40.538393,44.202676,41.503056,1.924527,2.1203687,1.6501849999999998,2.4730127000000004,2.8743160000000003,1.3370273,42.379946000000004,28.491187,39.178306,27.762108,30.107179000000002,31.640673000000003,45.356582,42.776070000000004,43.123819,42.035676,44.466483,41.984372,7.447998800000001,19.365092999999998,0.0,9.7424535e-09,2.619286e-08,0.0
7.2916153,8.6072885,6.0723023,7.5826596,16.050122,17.644242000000002,16.002458,19.542424999999998,28.409102,17.084338,20.542416,21.638792,2.7485137,4.6222154,2.0940735999999998,2.9920874,27.646753,28.231753,31.774601999999998,27.058642,43.936468999999995,45.112404000000005,43.635471,60.155201,7.1990751,7.3072257,4.9140192,4.4975795,31.118131999999996,32.535664000000004,30.137499000000002,36.235675,42.66554,42.682053,42.463333999999996,41.807448,1.9794684999999999,1.9878730999999998,2.7754816,2.4215812,2.8212929,1.8159209,44.566848,29.144923,41.092908,27.708949,30.424199,34.238968,48.673738,45.816537,44.410727,42.945857000000004,44.032806,44.278619,8.122805099999999,24.665039,0.0,6.920643899999999e-09,1.3304562e-08,0.0
7.7020379000000005,8.7371471,7.115297,6.5407872000000005,16.721246,18.78763,16.768437000000002,21.779187,32.008514000000005,17.95827,21.894664,23.186706,3.0343696,3.9819085,1.9737427,3.5262891,28.196247000000003,30.769767,36.457291999999995,25.507444,44.230466,47.774255,45.590907,53.243750999999996,7.0919242,8.002988199999999,5.7220049,5.3012033,33.317837000000004,31.682346,33.036505,35.667851999999996,46.211391,42.831945999999995,45.149657000000005,42.79304,1.8844439,1.8648839,3.7113367,3.0151964,2.6514,2.0471838,45.655027000000004,28.313733,43.064865,33.237125,33.24355,35.525884999999995,49.317434000000006,47.480686000000006,47.118829,43.431355,47.733033999999996,46.553263,8.638906500000001,26.49319,0.0,5.0819675e-09,8.0791516e-09,0.0
8.5414404,9.044381300000001,8.426980700000001,7.1932195,17.484916,19.511829000000002,19.592823,22.533006,33.087874,20.663066,22.080947,23.357798,2.3223183,4.6471864,2.0032560999999998,2.9294945,30.12887,30.815531999999997,35.990308999999996,28.813609,47.171509,48.535624999999996,44.842962,54.391717,7.073003300000001,8.7074584,6.0799927,6.489396599999999,31.240586999999998,30.716707999999997,33.56003,39.688698,48.02847,42.795067,46.396102,44.303459999999994,2.182909,2.2205540999999998,3.4270395000000002,2.9246864,3.2190309,2.3353606,45.199145,33.267402,45.030941999999996,33.025095,38.975564,34.990611,50.259161999999996,49.59643,49.156819999999996,47.412781,51.635313,46.579442,9.5246482,22.241318,0.0,4.0291979999999995e-09,6.7979258e-09,0.0
8.944083899999999,8.9018111,10.174968000000002,9.2484685,20.034352000000002,19.611648,21.842355,23.610423,35.034998,22.607760000000003,22.791217999999997,25.261357,2.7331859,4.9536462000000006,1.9831894,4.289438199999999,31.037114,35.340727,39.031291,30.069950000000002,51.148353,50.255813,47.964263,60.365381,8.1091868,8.894971199999999,6.882705,6.921531000000001,33.19007,34.295341,35.312928,38.627686,49.599716,44.149453,49.74185,47.117594000000004,2.4560075,3.3877688,2.8264068,2.9657027,3.9578526999999997,2.584034,42.896516999999996,30.114203,48.122535,37.127027,37.974296,36.827765,51.822787,51.970042,53.219846999999994,49.579063,50.994797,47.162363,10.683812,24.729502,0.0,3.9918607e-09,1.100248e-08,0.0
9.2073541,10.046508,11.588858,12.048639999999999,21.551486999999998,20.280262999999998,22.109209999999997,25.71987,31.505089,22.519944000000002,23.830545,27.631346,3.519582,6.086454499999999,1.9438499,4.194433999999999,30.706134,36.658714,39.188059,32.718546999999994,54.422097,53.150411000000005,50.988944000000004,60.667754,8.016526299999999,8.9029901,7.4115367,6.9275911,34.721180999999994,33.997851999999995,35.739625000000004,36.560597,51.396902000000004,48.357131,49.972009,49.292055,2.7741367,4.9466399,3.7131034,2.8590034,3.9783731,2.9436127,46.526144,33.264450000000004,49.265882000000005,43.100454,37.456072,39.574464,54.064434999999996,53.628446000000004,52.671285,51.447702,52.34431,50.610989,10.601516,22.774454000000002,0.0,3.739308e-09,2.5475598e-08,0.0
10.003067,11.692300999999999,12.248288,13.254256000000002,22.54976,20.978359,22.787201,26.194409,31.923703999999997,24.401132999999998,25.725478,28.062522,4.4621317000000005,6.3328923,2.2003555,3.1915847999999998,30.841302,34.891094,38.736829,35.453113,54.834540999999994,54.787777999999996,52.085148,63.377261,8.2214207,8.97749,7.8204364,7.6951366,37.180420000000005,37.108501999999994,38.299149,36.954805,53.821959,49.652689,52.573173,51.848092,3.0944102,5.0487477,4.797124800000001,2.9972758,4.4100276,3.1877305000000002,50.708557,43.002573,48.506752999999996,38.253161,40.170973,41.055635,55.491963999999996,55.262161,54.126384,52.551352,53.307129,55.163741,10.357143,27.343512999999998,0.0,3.4343417e-09,5.1302244e-08,0.0
10.716375,12.842001,12.934598,10.940075,23.860432,22.370643,25.008457,27.013893,36.191629,26.091017,27.778114,29.223273000000002,5.1597831,7.3644832,2.2871926,5.2280834,33.227425000000004,39.498788999999995,41.229879,33.584219999999995,55.321065,56.344468,52.931885,63.21381699999999,8.5443936,9.1194938,8.573294599999999,8.428803499999999,34.530561,35.017195,39.285115000000005,44.790641,60.087354,52.017616,57.664246,52.110291,3.1544594000000004,5.262392999999999,5.154544700000001,4.1309754,4.6106368,2.9130743,57.113885999999994,40.8911,52.55285,44.174532000000006,42.236594,42.714325,61.107600999999995,58.736633,56.223678,53.379476000000004,57.213215,53.771341,12.28426,29.562884,0.0,3.2380586e-09,3.1108504999999995e-08,0.0
11.936255999999998,13.451394,14.138534,12.679507000000001,25.185565,23.476720999999998,24.688207000000002,28.735938,35.196527,27.054199999999998,29.781640999999997,29.871574,5.1430142000000005,7.5707591,2.4325774,5.267945,40.111526000000005,37.443819999999995,41.730621,43.773551000000005,55.397273,59.506094,54.287053,66.448686,8.9071249,9.6520405,8.453194,8.6723977,34.430982,36.358976999999996,38.168513000000004,45.155114999999995,58.354825,51.193894,58.999041999999996,55.396209,3.9047238,4.8735755,5.3202793,4.2487151,6.2686534,3.1544662,57.030246999999996,39.789437,57.703605,53.266087,43.509822,43.920268,63.343917000000005,62.67064500000001,58.573066,56.742050000000006,56.293023999999996,55.514556,13.316246000000001,30.147159,0.0,3.1317564e-09,1.2819165e-08,0.0
12.489535,13.173048999999999,15.451606,13.720335,25.977169,24.703681,26.810141,30.038281,37.612038000000005,28.052649,30.434054,31.785932,5.7657267,7.3255767,2.3849192,6.1228917,41.873371,39.841829000000004,42.506915,40.309574,58.954730000000005,61.335873,55.638354,71.194018,10.028408,10.036515000000001,8.8557172,8.5306327,37.400566999999995,33.698868000000004,42.230123,44.499427,59.370863,53.122076,59.978261,57.031487999999996,6.1300635,5.0912093,4.2050899,3.5401908,8.0034432,4.1426516,60.040475,46.307466,55.594965,51.596632,45.401154999999996,45.88411,64.59689,60.94644,61.736622000000004,60.178611,58.792633,57.711732,13.647677,29.640585,0.0,3.6405621999999996e-09,1.5332736999999998e-08,0.0
12.557989000000001,13.54053,16.203283000000003,13.828577000000001,25.764427,26.411461,27.613889999999998,32.625612000000004,37.438009,29.811059,30.430968999999997,33.613244,6.4216394,8.457005800000001,2.5914585999999997,7.836259900000001,44.472062,42.91375,43.746839,38.351074999999994,60.749258000000005,62.12863,60.875136,68.75469700000001,10.354498999999999,10.195355,10.323793,9.2400947,39.442608,37.605643,44.135878,46.923996,61.194226,57.450921,63.500868999999994,58.67429,7.5407724,6.4732407,4.738042399999999,3.6513493,8.6015407,3.771236,61.937937,52.221812,56.035101,41.313660999999996,45.799907,47.579809,66.364452,63.860921,62.673865,62.35761600000001,61.777716,64.593169,14.566456,30.192489,0.0,2.762212e-09,3.3079938e-08,0.0
12.670195000000001,14.917323,17.002449,12.981072000000001,28.429781000000002,28.328924,27.850643,33.638364,40.333310000000004,31.677085999999996,31.512128000000004,34.506387000000004,5.9523668,7.584768199999999,3.5149629,7.4892555000000005,39.213972,46.432314,46.404365,40.292525999999995,64.020425,64.610844,69.57421500000001,75.82741,11.257985999999999,10.947446000000001,12.38176,11.423332,43.73498,40.000282999999996,46.309909,46.556186000000004,67.180324,61.040162,64.828088,60.038987999999996,8.456555799999999,7.902987499999999,4.4191975,4.860194399999999,9.8293719,3.5300981,66.04754100000001,47.247441,60.006164000000005,46.212779000000005,50.695765,48.481374,67.242412,66.793257,66.093805,64.85889300000001,65.633481,68.198187,15.784133,32.126713,0.0,1.8554959999999998e-09,1.1085029e-07,0.0
13.974117,15.856185000000002,17.775191,12.851035,31.541386,31.081151000000002,30.635878,34.592764,42.712627000000005,32.774257,32.58395,37.836522,6.349603,8.386869800000001,4.1381732,7.799064800000001,41.697662,47.677755000000005,50.073454999999996,39.90095,64.504684,67.57247,66.979562,79.654268,11.93054,10.975756,13.708498,12.73042,47.669117,40.662661,47.118063,49.481964,70.759317,61.664561000000006,69.14794599999999,63.94932,9.8680202,8.586016500000001,4.2280806,6.7637304,9.8991586,4.1415636000000005,61.400594,48.713572,61.459955,51.880694999999996,48.368125,49.686881,70.504362,68.97645,66.657808,66.500433,69.74462899999999,68.90921300000001,16.977121,32.801722999999996,0.0,3.2669759e-09,9.3712369e-07,0.0
15.421419,15.108718000000001,18.626844,14.302294,32.333957999999996,31.019938,31.567534,37.950818,44.812329,35.111953,34.243603,39.825662,6.5475549,8.3978693,4.373511,7.8190269,44.004792,49.550744,47.423625,42.860902,68.14091599999999,65.48155799999999,69.210099,80.233575,12.263841,10.436427,13.298430999999999,13.582253,43.256417,42.404300000000006,47.564237000000006,48.020357000000004,72.705935,66.831817,70.989788,67.48328699999999,9.1160626,9.051256200000001,4.7933044,7.2940507,8.9625609,4.2166578,53.571481,45.894327,66.860309,57.280787,49.325658,50.943402999999996,72.126189,71.107907,71.521196,67.705547,70.33621799999999,72.205873,17.801199,32.675979,0.0,5.1002597e-09,2.9790837e-06,0.0
16.870347,15.024117,19.795262,15.642242,32.643603999999996,31.282809000000004,33.128986999999995,39.358762000000006,46.407443,37.752151,36.575671,39.931582,7.3712816000000005,10.095497,5.3245223,8.7727731,46.231822,48.529211,49.319899,45.925867000000004,70.724303,69.275465,68.408925,81.45926299999999,13.129579,10.323306,14.049634,13.299631999999999,40.141016,41.073691000000004,44.009409,49.05147,74.36971600000001,67.856828,72.745181,71.106619,9.4868472,10.221035,5.2896027000000005,7.0165655,9.909177,4.6087418,67.592894,50.959703,64.799221,58.27476,53.8286,51.478974,77.36408899999999,71.457576,74.047996,71.453558,73.64091499999999,72.912241,17.863042999999998,31.931623000000002,0.0,1.3035229e-07,2.5211832e-06,0.0
17.139805,17.220885,20.410057,15.022632999999999,33.98772,33.272899,35.664015,40.416069,47.380515,39.365128999999996,38.652318,42.64134,8.4333102,10.393268,5.501831699999999,9.9773329,47.037009999999995,50.58874,49.732781,47.63438,71.957944,72.833419,70.96555400000001,78.552249,14.147205,10.736869,15.255018,12.903120999999999,43.08697,41.228937,50.491412000000004,51.639854,73.477626,69.989389,74.66960200000001,71.39949299999999,10.281207,10.504407,6.6327818,7.3198376,12.481302000000001,5.6867792,76.03613299999999,63.152143,69.87872899999999,46.786808,56.174931,53.443102,77.751354,76.30805299999999,77.318253,74.708224,75.41743,73.513716,17.147544,36.004874,0.0,3.9454391000000003e-07,2.965955e-06,0.0
18.644376,18.391162,19.75065,17.167155,35.660978,35.290034999999996,36.370031,41.882026999999994,50.512266000000004,40.850135,41.325005999999995,44.526332000000004,7.9273651,8.753243000000001,6.129725700000001,8.768589400000002,44.453719,49.956733,53.423524,49.807649,73.002907,74.018633,72.651493,86.541837,15.131851,11.653515,15.108048,14.534614,44.93928,43.574239,50.770352,52.019327,76.666864,75.044305,74.283772,70.178627,8.608108699999999,9.8829825,7.998553599999999,8.1594877,13.736779,5.9647539,75.932198,53.999725,75.515681,51.671929999999996,55.729423,57.287819999999996,81.230566,79.069357,76.75209100000001,75.650962,73.187442,73.263883,18.502550000000003,39.11273,0.0,4.6317709000000003e-07,2.7242898999999997e-06,0.0
20.669458000000002,18.658427,19.982248000000002,18.397448,37.56628,37.545646,38.226877,43.913388,52.618722,42.945675,42.005382,45.610235,8.284855700000001,9.5322643,6.6172365,8.932905700000001,52.390377,49.612227,55.363425,51.340206,77.572087,74.47508099999999,76.03196700000001,82.133468,17.450361,12.877453,15.883894,15.769711999999998,44.880311999999996,51.303188,50.485227,52.073887,79.55512300000001,75.75168400000001,78.34761300000001,74.286816,9.6878652,10.205244,8.165905,8.3652462,13.993613999999999,6.6896155,78.631276,62.838482,60.455207,47.956244,62.512930999999995,56.927889,81.20556499999999,77.753491,80.16312,76.36563699999999,77.63823599999999,80.913938,18.989646,40.009296,0.0,9.3504391e-07,1.2086322e-05,0.0
19.422904000000003,20.422914,21.618712,18.109529,38.258184,41.590365,38.512595999999995,45.493546,47.654087,44.521541000000006,43.389475,46.14974,9.0315264,9.3167314,6.9229013,9.863731699999999,61.51557699999999,50.945465,54.540487999999996,52.529033,77.76110399999999,77.761107,75.694564,83.38785299999999,17.041484999999998,15.255737,16.055070999999998,15.675114,50.356088,55.283218000000005,51.646833,56.024853,78.406151,77.281282,79.78956199999999,78.104459,9.567741100000001,11.41145,9.2859868,8.9292789,13.109665,7.2282043,74.6841,56.283493,62.896634999999996,53.612624000000004,62.489465,59.633085,81.002194,77.646917,80.070512,77.07946600000001,81.337458,80.421035,18.757427,44.392715,0.0,1.4331634000000001e-06,1.1151411e-05,0.0
18.565032,17.564301,23.691983,18.982215,40.29546199999999,41.167488000000006,39.860569,46.520517999999996,54.749637,44.94687,45.005507,49.712832,9.3068113,10.783593,8.1843393,10.950777,57.464338999999995,57.881377,57.119979,59.218432,77.887247,79.290867,79.230165,86.550617,14.563082,15.453066999999999,15.965955,16.518770999999997,51.337106000000006,52.615151000000004,53.247583999999996,57.982477,84.06407899999999,79.99528000000001,80.60710499999999,79.00213699999999,12.612708000000001,12.50602,10.432972,10.290855,11.694562,7.970047699999999,81.751458,57.639375,77.104516,66.989065,61.672709999999995,59.765297,84.415408,82.434025,82.251623,79.834185,83.09224499999999,83.253524,19.368149,42.630205,0.0,2.1568996e-06,4.2706793999999994e-06,0.0
20.289092,16.667263000000002,25.292819,20.51315,42.061387,41.438369,41.024068,49.286682,55.386027999999996,46.576738999999996,46.900652,49.479237,10.092740000000001,10.825931,8.0885038,10.799389,59.796216,63.394653000000005,56.532607,63.165839000000005,81.86644100000001,84.65922400000001,78.769419,91.956408,13.854262,13.521281,15.910787000000001,17.362025,47.989765,51.777723,55.614768,57.842074000000004,84.751793,81.742425,84.528121,81.69976,14.553127,12.646068999999999,11.435639,11.112969,11.201738,8.4262447,84.206872,63.260144,77.43471799999999,66.78435499999999,66.213152,58.68946,88.072751,84.15617800000001,84.183631,81.65450200000001,87.75231000000001,83.74399,19.645766000000002,45.740958,0.0,1.7261592e-06,1.4871979e-06,0.0
21.850827000000002,22.361597,23.855109,21.018333,42.2485,43.303195,42.977821,48.22577,55.149003,49.030387999999995,48.509591,49.384612000000004,10.421418000000001,11.533238,8.1981866,10.441461,60.064201000000004,63.49822399999999,57.169095,65.62934,86.371873,83.73299,82.241431,89.799891,14.782843,13.635868,16.71381,15.457141,51.410635,51.435188,58.512549,58.597305000000006,84.671256,81.681491,84.183997,83.447679,14.306481000000002,13.366139,11.726575,10.014762000000001,14.168564,9.220552699999999,87.091906,80.36135800000001,74.50058800000001,61.76237400000001,66.977369,60.115970000000004,88.219313,86.477337,85.887784,84.557369,84.316731,83.59012200000001,19.729624,44.228288,0.0,7.9902365e-07,1.2993178e-06,0.0
22.601792999999997,22.703565,20.435739,21.241633,43.230827,44.30571,42.754168,51.198910999999995,58.410748,48.813326,50.61886,52.470026999999995,10.353987,12.354553,8.4937691,10.08868,60.667889,64.160821,59.665855,62.005786,90.225025,84.908256,83.814232,93.303285,16.885581000000002,15.704166,17.655188,18.104447,56.391724,58.106533,62.57654,64.319423,87.55242,85.872208,85.358629,83.644876,14.737136999999999,13.23374,11.73235,10.804318,13.956883,8.7890795,84.310492,73.61882,73.501658,64.674557,65.670709,62.418240999999995,92.501868,90.25370099999999,87.452014,86.204966,85.665383,81.368686,19.637598,45.311358,0.0,5.0188968e-07,4.2707275e-06,0.0
24.141943,21.608105000000002,20.808616999999998,22.652003,44.246838000000004,44.768237,45.527955,53.122471,61.803203,49.421895,52.557848,53.864076,11.693095,14.592556,9.8183482,10.404503,56.815539,71.972541,62.957190999999995,61.124134,90.059099,84.43300500000001,85.830902,98.897132,17.902048,16.049689,19.119046,19.566821,56.774241,59.259793,67.21831499999999,66.83278,89.231969,87.055376,88.31934600000001,87.013228,14.376746,12.873639,11.876298,11.863716,13.105804000000001,8.8907348,91.155781,75.294709,78.755489,72.670458,71.037341,65.04978100000001,94.323276,91.561655,89.327938,86.98710999999999,88.898905,90.25997199999999,20.83743,47.14348,0.0,6.5367143e-07,1.1149559e-05,0.0
24.800017,23.138341,24.206138,24.04874,45.613685,46.536789999999996,49.078952,54.255517000000005,64.530927,51.266568,54.106083,55.770781,11.377525,13.892749,9.7200066,12.743783,64.906835,74.187426,65.496062,50.590295999999995,89.771473,90.073604,86.6999,101.78466,17.539568,16.483459,18.768542,17.422500000000003,60.473813,58.7624,65.998801,69.502959,91.342499,85.994731,90.566197,87.711462,12.998668,13.505621000000001,12.395166999999999,11.58166,13.109015000000001,9.9828406,83.479624,80.980787,83.235376,74.90420900000001,75.386302,60.708619999999996,95.20856099999999,93.478482,92.6656,89.133258,89.92915699999999,87.80249599999999,22.24466,48.46923,0.0,2.5557926e-06,1.1975601e-05,0.0
26.812138,25.572028,25.382573,23.224017999999997,49.461531,49.927272,50.263619999999996,55.528258,63.466989,52.541006,55.506222,57.709066,11.459042,15.357723,8.8969272,12.729470000000001,62.377111000000006,78.376884,63.24225299999999,54.170829,92.947429,92.584885,89.993392,100.04826000000001,18.271492000000002,16.874327,19.819603,19.717936,61.99030199999999,61.943708,62.616663,70.04173399999999,90.402027,87.104509,92.360038,90.931119,13.186617,14.380999000000001,12.014588,10.673445,13.690819,9.960480800000001,88.918786,68.280302,89.721278,71.884648,75.197683,63.01914800000001,96.671773,96.597806,94.677869,92.516442,92.09671,90.283501,22.970489999999998,51.809338000000004,0.0,4.515058099999999e-06,1.0233594e-05,0.0
28.026760000000003,24.916041,24.916132,26.773574999999997,50.835673,51.48178,49.659047,57.399562,65.462367,53.664224,56.157198,59.818335,12.049918,15.478419999999998,8.9208227,14.888565,67.201759,77.33691499999999,60.524588,74.22351599999999,92.543655,92.723816,92.34063300000001,104.91573000000001,19.297031,16.651815,23.174875999999998,22.574222000000002,60.515035999999995,65.236785,69.835409,72.65116300000001,96.249587,91.465666,92.772429,90.623747,14.740526000000001,16.766454,11.658894,11.362982,14.001163,9.2755834,94.148556,79.79398,83.170686,68.445973,72.1196,71.845992,97.25000700000001,96.269683,97.04431,95.675339,92.10651399999999,92.671062,23.474565000000002,53.486658000000006,0.0,3.5363727000000002e-06,9.7059388e-06,0.0
27.754152,25.720616,25.980339999999998,28.751641,51.889236000000004,52.143243,51.649925,58.70934,69.600344,55.443552999999994,56.953829000000006,60.180681,11.419647999999999,13.482929,10.422871,16.199922,71.580286,67.182307,64.98013900000001,73.550546,95.74692900000001,95.85126199999999,92.188252,107.96821,20.930187,17.717582,24.324859999999997,20.691950000000002,63.077974000000005,66.819715,71.905232,69.935987,99.397311,93.647731,98.070926,93.063116,16.25867,16.070753,12.395003,13.107121,13.29492,9.8089501,96.402292,86.96117699999999,81.48201,74.54632,74.999419,76.075486,99.522489,97.589377,100.03972,96.02441,98.05273500000001,93.711192,22.235076,51.849261,0.0,2.7174904e-06,1.3154958e-05,0.0
28.255212,28.9751,27.71943,25.705999000000002,53.863264,54.088542,55.222300999999995,60.537683,69.55897499999999,56.452593,58.086287,62.10661,13.590107,13.765941,11.152667000000001,15.980502,74.018153,70.20545200000001,66.246553,76.38725600000001,97.99389199999999,96.609278,95.417073,109.00797,22.181113999999997,20.254708,22.631054,20.444909,62.787106,67.126959,69.54937000000001,73.718264,98.775781,95.007879,99.49365999999999,95.398273,15.634447999999999,13.467724,14.03771,14.367624,13.326768,11.773171,100.0718,96.140596,73.050172,71.716813,79.74474500000001,75.231848,102.30059999999999,100.53176,99.710809,97.900074,97.229244,96.548346,23.311236,55.112913999999996,0.0,2.0516976e-06,1.6186589e-05,0.0
30.417179,27.635778000000002,27.37074,26.65358,54.398027,56.151256,52.805149,61.797833,70.695435,58.061819,60.242329,63.565181,15.7113,16.575813,10.412554,15.066293,75.287473,76.115495,73.88180100000001,68.260192,99.418846,100.44496000000001,96.633467,113.51834000000001,21.19909,22.093045,22.490392,22.765141,61.80117799999999,68.893709,71.28164600000001,75.357668,101.18054000000001,98.310228,98.719836,96.960561,13.751397,13.237815,16.702420999999998,15.240373,14.548036999999999,12.368195,103.09687,94.67692699999999,81.086376,73.135091,80.060294,70.419296,103.72706,102.96254,100.52736,97.57051399999999,98.65085599999999,96.256321,25.265222,56.2657,0.0,1.5974056000000001e-06,1.5748011e-05,0.0
30.691416,25.158172999999998,27.409669,28.961415000000002,55.104285,56.691579,55.090377000000004,63.670239,72.10221800000001,59.282323999999996,61.64216499999999,64.26704600000001,18.146027,15.516175,10.797774,15.038497,68.575279,73.959649,79.996232,73.137208,101.70825,103.83393000000001,98.539554,109.27842,22.496802,20.868453,24.639263,24.065508,65.17591800000001,67.584625,74.766359,72.73221699999999,99.37908599999999,97.804123,101.55351,99.85828699999999,12.368699,13.881618,19.191684000000002,14.373008,16.677217,12.495721,103.5476,84.444064,89.161924,77.400942,80.154275,70.795182,104.13136,105.00506,102.58242,97.12799,101.12683,96.110075,26.073981,55.706146,0.0,1.3232447e-06,1.4017783e-05,0.0
29.901282,26.423733,28.961727,24.599365000000002,56.754920000000006,59.057246,58.368328,65.017326,74.27044599999999,60.487972,63.033356000000005,65.851061,19.573422,15.643496999999998,12.405436,14.961635,73.463957,75.562717,78.577493,76.638334,103.99745,102.72679000000001,99.951938,108.68129,24.325117,21.334177999999998,25.428694999999998,23.432570000000002,67.228577,66.95470599999999,75.224447,71.40315700000001,103.43613,98.753186,101.23216,98.198013,13.498949,15.637093,14.3575,16.06735,16.539833,12.3277,103.56193,90.163418,93.546886,82.06652000000001,79.86307400000001,74.101394,106.35983,105.4936,102.93189,98.898326,98.979189,99.742521,25.181133,56.669683,0.0,1.1880610999999998e-06,1.0065053e-05,0.0
31.332371,30.779151,27.961869999999998,27.108494,59.233933,61.335436,58.770831,66.576375,72.996038,63.444939,65.085364,68.974433,21.685254,16.137299,14.271379,15.085764000000001,80.20527200000001,77.552604,73.82247199999999,80.85728999999999,104.18002,104.09615,99.908828,115.20472,23.41441,23.45643,23.896257,27.193394,67.122445,70.644967,75.276192,79.33012500000001,102.56554,100.94213,102.7441,100.44039,17.463138,18.50806,13.437477999999999,17.665827,15.968604999999998,13.021536000000001,106.02318,98.236512,93.147008,81.804421,82.532242,78.181652,108.50519,105.97848,102.77609,100.95577,107.22806,103.66874,26.53302,58.530118,0.0,1.0372886999999999e-06,4.2184226e-06,0.0
30.463972,27.691820999999997,27.536043,31.895084999999998,60.60545,61.484047,60.06001,69.085296,77.240573,66.347222,67.052952,69.901621,21.287533999999997,16.451211999999998,14.485691,15.238418000000001,76.90217799999999,75.379727,75.320028,75.666608,105.72008000000001,104.55414999999999,98.799273,113.30718,23.367539999999998,25.70056,24.364993,28.137366,71.58677300000001,70.106729,82.77298499999999,79.583822,105.53902,101.42111,103.60224000000001,102.73495,19.081825,17.152296,15.212574,19.971924,16.548061,13.295778,107.66073,98.05106599999999,98.344759,82.185611,83.453363,78.87772299999999,109.24785,106.55986,106.46794999999999,103.23851,105.97159,102.01865000000001,29.822906,60.422856,0.0,9.0537004e-07,1.8042194e-06,0.0
29.373154,27.880764,31.929545000000005,29.194864,61.858932,63.81421399999999,62.383347,70.10985,78.265887,68.11205199999999,67.89369,70.03915699999999,19.183806,16.143357,14.202079999999999,15.496222,83.171906,79.861664,80.243385,78.031566,110.08878,106.36593,101.33353,113.26226000000001,24.290468,22.499841999999997,25.653305,26.390523,71.92815300000001,72.501193,76.601592,86.280877,107.23805,102.87859,106.73334000000001,104.36188000000001,20.525501000000002,16.140572,18.389613999999998,18.577609000000002,15.660986,13.262949,108.34582,103.41057,80.776951,73.629475,84.660011,84.855991,110.07215,109.47897,105.19339,105.1219,104.24419,101.19749999999999,27.50208,61.023632,0.0,7.4765732e-07,2.2099096e-06,0.0
33.199403999999994,29.127252,34.501121,29.125666000000002,62.980986,66.201031,66.32366,70.664359,82.831797,68.94475999999999,68.92470300000001,72.232193,16.826158,15.816903,13.582008,16.404569000000002,80.171851,80.82963699999999,84.32488699999999,84.824057,111.89154,109.05316,105.16191,110.96532,24.87745,22.063642,27.880022,26.062152,73.399554,73.69790499999999,79.798272,79.165171,107.33463,104.39658999999999,107.30854,106.14691,19.907435,16.056813000000002,24.751317,19.940381000000002,16.622376,12.686238,110.59053999999999,100.5162,97.663919,82.49125500000001,88.461688,90.012028,110.29558,110.96455,107.47771,104.62376,105.503,102.79517000000001,29.193992,62.264648,0.0,6.398859699999999e-07,2.6240034000000003e-06,0.0
35.108742,32.892317000000006,30.914017,36.285136,66.048315,67.438981,64.479485,73.10305699999999,80.112331,68.912182,70.849433,73.918725,18.813025999999997,16.462557,13.558288000000001,15.27544,80.777873,83.98585800000001,80.776616,85.641552,113.3527,109.54339,105.31394999999999,121.75563000000001,23.082182000000003,26.09573,27.140344,30.217393,71.92760299999999,75.70014,83.387857,86.64488200000001,110.78542,107.71378,110.18094,106.13811,20.211997,20.997461,21.868626,23.765752,18.529844,12.784571999999999,111.29164999999999,100.86894,98.740452,83.772632,86.439352,91.385114,113.73905,113.34069000000001,111.2519,104.80891,109.61519,105.11126,32.092797,64.267189,0.0,6.7723229e-07,2.2434319999999996e-06,0.0
31.620016000000003,32.803432,32.063995999999996,34.336799,66.823365,68.493239,66.017224,73.554755,82.7412,70.93187400000001,72.844952,75.645679,20.025631,17.045407,16.146295000000002,14.598465000000001,82.37754,86.575717,76.36311500000001,81.679188,113.81947,111.92624,105.71817,114.34703,23.107477,25.750736,27.100210999999998,30.961116,75.83792,77.51988800000001,86.013245,84.978298,112.65751,109.12162000000001,112.38726,109.03308,22.449041,22.139261,19.393089,22.004171,19.165786,14.445889,111.56654,101.30921000000001,92.114172,82.33493399999999,94.683115,92.092949,114.10604,116.03505,110.45601,106.62729,109.45550999999999,107.97244,31.451398000000005,65.621604,0.0,8.0130173e-07,1.7611773e-06,0.0
32.443957,34.63777,36.785367,32.606744,67.350888,69.31408900000001,71.544605,74.515947,86.678923,72.11886100000001,74.29666,76.956391,18.447293,18.071823000000002,19.936815,15.01102,82.944319,84.507441,83.26746700000001,85.52426100000001,115.34904,112.47505,103.02792,114.71714,26.258900999999998,22.006708,27.307158,26.891303,77.094737,78.41555799999999,86.088873,85.692009,114.16049,110.30205000000001,112.54744,110.36902,23.996811,21.129732999999998,22.327852,20.184192,19.931365,15.541002,114.44607,108.65227999999999,99.910476,87.73906099999999,91.442511,92.50808599999999,115.387,118.16292999999999,111.3163,109.13996,110.88747000000001,108.86605,28.956883,69.70423,0.0,8.641968300000001e-07,1.3663461e-06,0.0
37.654132,37.809644,33.493624,35.461782,70.52911999999999,71.274337,71.244793,76.27764,86.378286,73.847529,75.468322,78.248483,19.493262,18.735295,20.585273,16.023369000000002,83.942719,80.752799,89.894718,82.452489,117.43848,113.09532,108.70972,115.82977000000001,24.970191999999997,23.471203000000003,26.252464,28.467740000000003,78.815938,82.235385,84.013607,90.164749,116.06949999999999,111.68242,114.82547000000001,110.51071999999999,25.608338,19.332005000000002,22.528678,20.854304,22.869609,16.820089,114.33024,103.23539,95.879953,88.216132,94.546023,92.052286,114.85086000000001,119.45771,111.71789,108.91510000000001,114.28749,112.66578000000001,28.999494,72.516267,0.0,7.3052247e-07,1.0542116999999999e-06,0.0
35.504084999999996,34.86884,32.804348,36.021903,71.09501999999999,72.73586999999999,71.395994,78.70833300000001,90.730779,74.920395,76.625453,79.06102100000001,19.973475,19.354197,19.341205000000002,17.58913,89.453869,92.836693,83.227823,81.819918,116.49468999999999,114.05452,107.1344,116.56349,27.109876,26.423345,27.288345,30.147505,80.531581,85.326634,88.33150900000001,92.138297,115.52343,113.27573,116.16995,114.54526,24.935734,19.057793,20.770845,18.920759,26.936488,20.641188,114.12318,112.91922,94.316029,87.57462600000001,100.10536,93.820616,119.46244999999999,119.36691,113.81084,110.88772999999999,113.93986,108.90625999999999,30.385824,73.20611099999999,0.0,5.6564934e-07,7.9505954e-07,0.0
34.150547,33.396059,37.276166999999994,38.583783000000004,70.80770399999999,74.897516,74.099744,80.50305300000001,91.32759300000001,75.56150500000001,77.76385099999999,81.17647099999999,23.261901,22.339654,18.540611,17.850022,83.303217,97.689198,84.61373999999999,82.296959,115.79911,117.97896,109.1106,113.81889,27.694797,27.379621,28.017389,29.192075,78.67601,87.577117,90.74733900000001,87.977091,116.55292,115.25761,115.95078,114.04101,23.239014,20.981992,20.446761,18.795980999999998,24.109305,23.322013000000002,119.44692,112.60437999999999,96.252077,87.561501,95.174768,98.35236699999999,122.97685,120.64403,116.60249,113.56292,110.01814,108.08292999999999,30.801277000000002,74.079991,0.0,5.5462885e-07,5.313133e-07,0.0
39.264018,34.705941,36.512285,33.557094,73.021175,75.23318900000001,75.084912,81.359465,89.79320799999999,77.112949,80.782538,84.115569,21.893483,21.706437,21.640696,16.426404,81.68943399999999,91.51112400000001,86.160477,91.525727,118.7862,118.34885,114.92842999999999,116.50642,24.579378000000002,27.678266,27.161748,30.282395,79.26383700000001,87.03962299999999,88.39074,93.357312,118.47896,113.33845,118.38878000000001,115.54052,23.150544,22.610563,22.725341999999998,23.610312999999998,24.368854,24.653359000000002,122.40046,111.81394,100.72840000000001,93.774675,98.68778,97.905116,121.59899,122.11326,115.53743,114.19057000000001,115.79038,115.6978,32.91273,74.883471,0.0,6.1279846e-07,4.4709311e-07,0.0
42.282447000000005,35.794568,35.929975,33.293873000000005,75.229066,75.296273,78.84501999999999,84.100026,89.893322,78.529492,82.74969399999999,85.252608,20.350304,22.165978,20.576003,16.795395000000003,91.889719,86.789542,75.889083,91.775223,120.30624,116.8857,117.2411,122.51562,29.596508,27.474644,26.652810000000002,29.301039,85.22679099999999,81.225998,93.85014799999999,91.99645,120.50041,115.9824,120.8423,118.18103,24.920777,22.716124,23.862762,20.423640000000002,25.722323999999997,24.560047,122.28294,109.68545999999999,96.71531,93.762052,103.71811000000001,91.876435,120.49144,124.0638,118.21529,113.59151,119.20039,113.90916,36.439222,75.507507,0.0,4.7182897999999996e-07,7.975707700000001e-07,0.0
38.539626,37.634956,37.889294,33.911626,75.95466400000001,76.193625,79.437129,84.898692,92.60957400000001,79.903457,83.322125,85.872531,20.655889,23.642288,19.103036,18.016679999999997,94.217063,95.784681,85.285543,85.771672,122.16881,119.88544,117.11989,124.49341999999999,31.351598999999997,30.216667,30.299046,31.74768,86.147685,83.26963400000001,93.08345700000001,98.275341,120.37339999999999,116.4729,121.25285000000001,119.06007000000001,22.95561,21.372966,21.542739,20.196414,28.598362,24.27225,122.33120000000001,115.83033,97.479696,95.830195,99.519151,91.257014,124.07797,125.32717999999998,121.34523,115.13096,115.64792,115.18375999999999,33.867123,77.138658,0.0,3.335154e-07,5.2324894e-07,0.0
38.502555,39.200233000000004,37.394121,32.346062,77.176507,76.811136,81.090052,85.813592,92.61213,82.279396,84.027416,88.40216,20.859824,22.127931,19.009998,17.821126999999997,85.17097799999999,98.90596900000001,88.900313,90.779482,122.12613000000002,122.40723,116.62774,124.10055000000001,27.934997000000003,29.614492000000002,31.517108,33.4977,87.89483200000001,86.85705899999999,93.63901,94.601255,121.96455999999999,118.1042,119.84732,119.01901,21.818631,20.736128,22.146816,20.87838,26.157782,25.896131999999998,120.31481000000001,114.42613,107.83977,94.699146,96.626181,97.568984,127.11724000000001,124.98437000000001,122.99197000000001,116.91457,119.29061999999999,117.07858,29.983839999999997,80.27697,0.0,2.4794664000000003e-07,1.9171049e-07,0.0
39.082654,37.467595,35.550332,36.982526,79.66111000000001,77.60049500000001,80.562832,87.089214,93.561769,83.822872,85.467351,90.551233,21.928245,21.618738,19.421952,18.017288,90.78761200000001,91.930473,95.176344,91.970049,124.18474,121.6275,117.69497,125.17277000000001,28.621819,28.658567,28.933736999999997,30.999978000000002,88.55298,86.818563,92.921244,89.900447,122.05964999999999,118.56308,121.68237,118.13917000000001,22.860641,22.976294,23.464183000000002,22.175238,23.977739999999997,24.14496,123.47842999999999,105.47466,112.71679999999999,99.392938,101.57463,92.385892,128.99609999999998,126.88485,125.35767,119.48011,122.11664000000002,119.65265000000001,31.297295000000002,79.40357800000001,0.0,2.0050941e-07,1.0448456e-07,0.0
36.79649,37.323831999999996,38.879101999999996,37.162839000000005,81.267587,79.906509,78.90096199999999,89.69096300000001,94.08446400000001,85.051126,87.139507,91.251482,23.438689,21.878036,20.035469,20.138164,95.63254400000001,93.402338,82.698193,89.415121,124.17805999999999,121.36959,119.8781,129.0102,28.390999,29.727112,27.699852,28.750608,84.828712,86.672967,93.140117,93.579033,122.16121,119.74571999999999,121.69642999999999,121.1424,23.124705,25.812864,23.402627,21.775465999999998,27.700978000000003,22.744699999999998,127.19342999999999,114.19570999999999,112.07887,103.71888000000001,107.49352,98.479135,128.45759999999999,129.20238,124.13571,121.26342,121.15029,116.07805,32.563571,80.507367,0.0,1.7491292e-07,7.213404500000001e-08,0.0
36.902349,35.913204,41.46418,36.768401000000004,81.555156,85.735105,79.341471,90.58999800000001,94.654613,86.741343,87.499232,91.847753,23.620576,23.071472,21.189221,21.381551,95.21761599999999,100.40593,83.884555,90.90379899999999,124.76292000000001,121.48996,119.00927,128.58029,28.358345,28.881453,29.623314999999998,29.856182,86.054244,93.684526,94.95666800000001,99.106199,123.63772,120.25211999999999,122.53318000000002,120.75952,24.18244,24.642314000000002,22.023628,21.772369,26.823498999999998,23.010147,128.25778,112.95602,108.99123,93.982526,105.31214999999999,103.26047,128.21399,127.74109999999999,122.55288000000002,118.76986000000001,121.87376,120.9778,31.178223999999997,83.54290400000001,0.0,1.5531955999999998e-07,5.9634007e-08,0.0
38.700576,35.639531999999996,38.242657,40.078540000000004,82.856783,85.278396,80.435602,91.150316,95.91275,88.631105,88.433925,92.286565,24.058056,23.847471,22.783287,20.984588,91.393219,101.19473,84.18622500000001,95.575644,126.45722,122.80285999999998,116.71593,131.75955000000002,24.454132,26.981303,28.922083999999998,29.435973999999998,87.700738,95.826139,99.533636,99.564653,123.85057,120.87810999999999,124.80809,123.89160000000001,23.609057999999997,23.861242999999998,22.328025,25.018048,24.888631999999998,23.435212,127.74305,121.7934,113.23312,97.32263499999999,95.004218,104.40116,126.8179,129.23805,124.49529,118.35181999999999,122.03792,118.40749,32.207006,85.75213699999999,0.0,1.263779e-07,3.6349758e-07,0.0
37.708356,38.897287000000006,35.188725,34.548770000000005,85.484229,84.528419,83.119325,91.654521,98.501535,89.951893,90.09574400000001,93.797437,25.663556999999997,23.355909999999998,24.130238,19.787902,94.05080099999999,104.12547,90.39535199999999,97.864245,127.38459999999999,123.45914,118.44593,132.43128000000002,23.830975000000002,25.823128999999998,25.845573,26.07615,87.890242,91.318886,96.918481,95.35470000000001,124.58581,123.90518000000002,123.95052000000001,123.29182000000002,23.285837,25.935327,25.150245,25.404117,25.82509,24.364299,117.44292,121.78008,108.53422,95.722174,107.49551,104.38963,127.68746,128.42095,124.33291,121.80884,122.17509,119.07653,28.882033999999997,86.701782,0.0,8.7746763e-08,8.8273922e-07,0.0
35.289927999999996,38.817299999999996,32.604217,37.438241999999995,85.991923,86.066539,85.437924,92.632947,98.07562,90.77916300000001,91.187441,95.042245,25.000617,23.335978,23.115924,18.998064,91.045613,103.94974,91.535876,95.560016,128.23730999999998,124.84205,120.39793,132.3882,21.120325,26.260549,27.921943,29.391818,90.27986499999999,91.384826,90.446593,97.106661,125.45154000000001,123.60991,124.93460999999999,124.1712,26.548292,27.519503,26.679841,26.208085,26.892281,25.824479,126.13226999999999,119.86772,111.12967,99.444233,111.1848,106.27059,128.18501,126.48987,125.10246,122.08569,122.72469000000001,118.01596,29.602348,85.926496,0.0,8.0197406e-08,9.152031199999999e-07,0.0
36.724624999999996,37.031106,33.932208,39.722803,87.010385,89.633541,85.625626,93.012553,100.69666000000001,91.133241,91.676496,96.776362,25.740989,23.181599,23.177412,19.326018,98.81539,94.231726,92.629204,95.492895,128.27038,127.64790999999998,121.15696,132.34167,22.049012,29.241385,30.326214,30.051407,94.159752,91.25517,97.361446,98.190759,126.41019999999999,124.40612000000002,125.98836,125.21937,28.662678999999997,28.507624,28.584135,27.343947,27.841966999999997,24.816689999999998,124.79721,122.28548,108.53435,101.97303,104.85835,105.75486,127.3272,127.08144,127.06722,121.81981999999999,120.74676,118.99896,32.671505999999994,87.564979,0.0,1.7441692e-07,8.0790268e-07,0.0
41.358871,30.756309,37.966394,35.823034,87.51355600000001,92.024479,88.397694,94.686651,97.780091,91.95868800000001,92.590011,96.84354599999999,26.245151,24.863174,24.35538,20.156316,100.83344000000001,92.623043,99.214985,96.890496,130.26943,127.6245,119.46967,131.56386,24.41138,31.922864,29.870749,30.704038,91.732129,94.380933,102.10654,100.5091,125.66039,124.32842,126.36337,125.92929,30.328711,27.567042999999998,29.145536,24.338100999999998,29.453938,25.274811,123.70742,121.44331000000001,109.65686,106.97018,108.03396,100.99933,127.89845999999999,127.79406,125.07027,121.56905,124.50771999999999,121.08812,34.425243,90.790958,0.0,2.5088106e-07,6.5586595e-07,0.0
40.278888,31.016706,38.781658,33.937965,87.65410700000001,91.47079000000001,87.981498,96.179111,101.38333,94.132158,93.34963599999999,96.61983699999999,25.609075999999998,24.836257,23.228682,22.244573,102.30923,98.450814,96.231061,89.924799,130.21192,129.05168999999998,121.82321,134.05666000000002,25.573618,31.017373,29.6147,31.453313,93.32293800000001,94.637082,99.84646699999999,98.908218,127.20331999999999,125.93483,126.49757,125.95259999999999,29.06776,25.71544,25.565317,24.014636,31.490143999999997,25.928319,128.38401000000002,122.683,98.82759999999999,102.99244999999999,106.0492,100.04248,127.23347,127.39753999999999,127.96179,120.91969,122.29862999999999,119.99374,36.948248,90.38674800000001,0.0,2.4507254e-07,7.3009843e-07,0.0
34.757357000000006,38.519641,37.834291,39.147678,89.391518,91.99315299999999,88.59185699999999,96.167798,103.1749,95.279331,93.98722,98.004742,26.718429,24.413868,23.622106,22.361074000000002,102.97492,102.78467,97.181578,87.428694,132.00375,129.75966,121.81566000000001,131.62073999999998,24.322585,30.021842,28.510694,31.480152,96.251119,95.28076999999999,100.35706,96.041821,126.75156,125.08598999999998,128.25442,125.31569,28.432879999999997,28.265425,28.391199,22.669439,29.844997000000003,28.307269,126.75564,125.04945000000001,108.98775,109.25233,106.59864,96.20950500000001,128.19079,129.0941,128.35321,124.95559,123.38447000000001,118.93374,34.379646,88.36301999999999,0.0,2.3187249e-07,1.0134967e-06,0.0
35.195204000000004,41.87931,36.333075,43.40035,89.862499,94.492076,89.366603,97.670423,100.76446,96.68946600000001,96.170354,98.709941,25.864589,24.884782,24.417409,21.353823,107.40970999999999,99.22966600000001,98.975022,89.066069,132.39414,131.63271,125.05059999999999,124.0198,23.770134000000002,30.044165,27.654293000000003,30.884513000000002,95.451254,99.755383,99.396473,96.144987,125.77815,124.57336999999998,126.51386000000001,127.21370999999999,29.527753999999998,30.213257,26.723894,27.264115999999998,28.390696000000002,29.532418,126.54881,128.02192000000002,112.62477,108.76987,109.36426,93.50064,130.29969,130.04523,127.57151999999999,124.51466,123.17639999999999,120.17803,33.940877,89.569979,0.0,2.7757081e-07,1.1504812e-06,0.0
38.360014,41.984846,38.357794,38.758538,91.033893,95.062099,91.255372,98.68131,100.65674,98.515726,96.969,100.02067,26.515532,25.572465,24.518664,22.603872,99.956747,102.44032,96.572238,93.247832,133.32435,127.27465000000001,125.17393000000001,126.90644000000002,23.579743,32.717732999999996,30.364009,33.251594000000004,98.059639,101.54163,104.93294,102.40538000000001,126.51236000000002,123.84582,125.57839000000001,123.86267000000001,27.94212,27.277593,26.956784,28.232976999999998,28.584452,28.442522,129.72961999999998,125.01832999999999,118.25397,111.59953999999999,113.45659,99.382019,131.68041,131.30264,126.52617000000001,124.11436,125.66355999999999,126.09307,38.091738,94.433859,0.0,2.393785e-07,9.7002179e-07,0.0
40.91944,40.369536,43.514631,36.724234,94.20590700000001,96.843656,93.582012,100.05611,104.95425,98.734247,97.736253,101.80645,27.480947,26.113113000000002,23.540687000000002,23.866417,100.75377,111.01943,102.83566,95.346984,132.65685,127.40635999999999,120.85940000000001,128.82566,24.978106,31.146987000000003,33.932885999999996,35.050301999999995,101.85554,103.47036,110.20515,109.49856,130.13364,125.52983,127.84474,122.56887,25.697555,28.176468999999997,27.303964999999998,26.994711000000002,26.607734,30.918847000000003,131.94992,125.71832,128.07676,106.41283,116.47905,103.7861,132.28269,133.83222999999998,127.49611,123.51859999999999,129.69188,126.50041,40.581545999999996,91.499843,0.0,1.8393809e-07,1.4891431e-06,0.0
42.496786,41.683748,43.893501,43.152368,94.270058,96.919964,94.488858,101.34963,106.31606,98.69702,98.359538,101.74104,25.325422,25.819141000000002,24.145039,23.909817999999998,95.951834,107.71578,107.69411,98.943523,132.31132,125.96518,122.74880999999999,127.55311,30.683671,30.037565999999998,31.789584,30.593665,100.54675999999999,102.14739999999999,106.99631,104.07677,130.48229,128.83137,130.24215,126.04160000000002,26.849894,29.903151,26.613163,26.241495,25.766105,31.238017000000003,133.90377,120.72645,112.58819,96.927732,104.92572,109.15916,132.66912000000002,134.71851,127.67236000000001,124.47782000000001,128.11516,127.33231999999998,37.740865,92.596249,0.0,1.8424613e-07,2.9895364999999998e-06,0.0
41.054876,43.211684999999996,41.593527,44.017597,94.730534,97.149268,94.25053100000001,101.05138000000001,107.57934,99.35945600000001,99.265929,102.2675,25.601596,25.157126,24.773735,24.600243,97.76081900000001,111.50183000000001,101.19128,91.86949,132.41716,126.49391,126.16910000000001,128.17657999999997,31.758382,29.889892,31.031045,28.001867,98.76779099999999,101.33973,103.1228,98.983199,128.99414,128.30287,129.65915999999999,129.80205999999998,27.614302,32.326625,30.369916,25.089105,25.651562,28.80736,132.27479,114.84042,108.96463,102.02499,108.63614,99.37359099999999,131.24669,135.29716,128.77245,126.15778,125.20384999999999,122.45838,30.466724,94.25585099999999,0.0,2.0625819e-07,3.8144239999999997e-06,0.0
39.911649,46.579214,41.06716,46.893078,95.93316899999999,98.671424,95.533725,102.384,105.39708,100.04581999999999,100.44223,103.56295,26.343857999999997,25.718974000000003,25.804403,26.583899,94.296942,104.40758000000001,104.90637,96.681694,131.78029,130.18,126.11799999999998,129.36002,29.484296,31.577285,29.923148,30.881867000000003,100.48029,100.42673,97.975656,101.22551,128.48990999999998,127.66203999999999,129.37986999999998,128.87183000000002,28.782394,32.901419000000004,30.716338,24.667673,29.334486000000002,26.320771,130.76436,114.76768,105.84706,96.896401,109.07673,98.927753,132.41811,134.44473000000002,128.97049,127.79041000000001,124.68666000000002,123.96748000000001,32.651652,97.839989,0.0,7.7668937e-07,3.7601641999999997e-06,0.0
44.349187,47.754667999999995,42.042782,43.502685,96.318107,100.37436,98.45973,103.30236000000001,108.37653,101.3785,101.30287999999999,104.30534999999999,27.404182,27.141806000000003,25.755426,26.646936,95.011323,100.62761,105.40138,89.563009,131.55065,129.62756000000002,129.30438999999998,124.97690000000001,33.270463,33.960123,33.045631,32.878530999999995,102.41111,102.42405,103.72831000000001,103.80123999999999,129.80118000000002,128.34425,129.01468,128.86966999999999,29.260766999999998,28.476886,25.581169,29.065749,28.096054000000002,26.912311,133.16366,116.70837999999999,111.26084999999999,107.55836000000001,111.81253000000001,105.09237,133.2191,133.01333,130.52224999999999,125.60804000000002,127.56590000000001,125.49282999999998,37.806799999999996,98.785445,0.0,1.3280492e-06,3.2170192e-06,0.0
46.3042,40.485334,44.945826,40.744545,97.594526,101.52508999999999,99.807278,104.60355,105.28710000000001,102.67893000000001,102.4722,104.07524,27.823468000000002,27.225446,25.470066,25.973924,93.370358,99.725586,100.8006,90.756248,131.6927,132.99277999999998,129.07648999999998,125.37371,36.893401,35.257108,36.827115,36.659486,104.44523,105.4037,107.34461999999999,103.83159,130.60173,128.42608,129.58399,128.86744,28.570128999999998,27.110386,28.220736000000002,33.705458,26.403316,28.781851999999997,134.0869,111.11291,123.92405,110.30696,115.4059,103.43037,134.16137,134.46504000000002,131.53021999999999,128.17109,128.88985,124.02426,36.246204000000006,98.327494,0.0,1.3195484e-06,3.0529391e-06,0.0
41.526385000000005,36.743068,47.058737,40.496525999999996,98.60759,102.66238,98.76559999999999,105.07347,108.90983,103.17743,103.33587,105.56530000000001,28.627807,26.593923,25.618192999999998,26.392454,102.20811,96.150571,101.60987,91.54097800000001,133.50157000000002,129.86388,128.59092,123.81161000000002,35.830598,33.248096,37.15033,38.223017000000006,104.57499999999999,104.32109,107.27562999999999,104.85479,129.82369,127.86549000000001,130.8767,129.71606,27.486704,27.517793,31.401797,29.583982000000002,26.264879,27.215897,133.35517000000002,115.68030999999999,117.43188,110.08351,116.45827,103.77256,134.16486,135.76853,130.97164999999998,128.84464,126.93323999999998,124.81646,34.615120000000005,100.32727,0.0,1.2832587e-06,2.7042797e-06,0.0
41.602303,40.71539,43.641981,47.553214000000004,99.37670200000001,101.45711999999999,95.93998300000001,106.80096999999999,109.45639,104.17340999999999,104.17376,107.63812,29.147001,25.353775,26.339187000000003,26.850323999999997,105.4409,104.10997,95.85159,99.09142999999999,135.1557,129.45786,127.99806,122.41275999999999,33.211632,31.757872,36.456237,35.567343,104.03336999999999,103.84389,107.28433,105.54615000000001,130.65353,129.26164,129.75507,128.77477,27.572951,27.850596,32.422165,28.254919,29.470810999999998,27.595398000000003,135.00499000000002,123.72925,119.2606,111.35772999999999,115.90338,109.61104999999999,136.39876,136.53115,130.55921,127.43642000000001,128.31934,125.18256000000001,32.992088,100.50564,0.0,1.2889475e-06,2.014953e-06,0.0
44.142618000000006,47.47745,42.703037,42.077808999999995,99.55859799999999,101.00799,96.797346,106.97446000000001,109.53296999999999,106.08124000000001,104.91730000000001,107.31006000000001,27.44107,25.467468,26.615252,26.819672999999998,97.481928,104.64874,97.271657,97.82557899999999,132.12156000000002,129.62115,125.66918000000001,127.72093,32.146074000000006,32.947379,34.853097,36.00595,103.4498,104.53321,105.98104000000001,107.50807999999999,130.73709000000002,129.16732,129.39737,128.55645,28.577606,31.166254000000002,30.875189000000002,30.336776,33.922587,28.566347,133.27075,111.98376,115.82259,111.31428000000001,113.78038,117.05767999999999,135.35845,134.35683,130.6644,127.45804999999999,129.21071,125.39276,34.839386,97.61046900000001,0.0,1.3709306000000001e-06,1.7555288e-06,0.0
44.198269,49.888611,47.315448,42.830183000000005,100.01903999999999,104.38105,102.30016,107.60361999999999,110.1491,106.83583999999999,105.40039,108.18538,26.99421,26.16145,27.415537,27.433717,106.60237000000001,103.02055,103.09328000000001,92.70521199999999,133.61912999999998,129.97557999999998,126.10458,128.71446,32.385802999999996,34.686605,30.926209,33.869341999999996,103.43393999999999,102.37462,107.75603000000001,110.17529,130.69899,129.84142,130.59206,130.46776,30.090574,34.069224,29.336126999999998,28.389188,33.612001,29.971408,132.8512,109.38749,118.92813000000001,108.29055000000001,114.57969,114.85503,135.17533,136.06801,129.85486999999998,130.57728,127.06803,123.48388999999999,42.496921,98.54861,0.0,1.4038858e-06,2.844077e-06,0.0
46.476599,45.523956,45.761340000000004,52.272657,100.63154,104.52055999999999,103.41399,108.89095999999999,111.57974999999999,107.27909,106.3377,109.22361,28.020178,26.640271000000002,27.510771000000002,28.647595,106.76689999999999,101.77853,103.33577,90.027837,133.80837,129.6043,126.40942,131.52566000000002,32.375446999999994,33.059197999999995,33.76133,32.283614,102.48817,103.18186999999999,106.42335,107.10232,130.08292,130.2845,129.5518,130.07426,32.211078,32.680483,31.33065,26.852093,30.872454,31.035218,132.11690000000002,125.88355,115.20250999999999,113.2512,114.29648,116.18861,134.98973,135.99938,128.94505,130.72775000000001,125.48837999999999,121.81756,40.237035,102.34544,0.0,1.4694029e-06,2.6583848e-06,0.0
44.406044,47.136029,44.123877,40.803633,102.44586000000001,104.59208,102.19754999999999,109.14249,109.98688,108.3797,108.15495,110.28454,28.392955,27.152869,27.816121,29.056179,104.3813,106.12913999999999,110.98321,83.573177,133.77018999999999,126.74349000000001,128.62563,129.85621,32.131139000000005,31.751943,35.217701000000005,34.444227,103.96225,108.22216,104.44425,105.79137,129.61078999999998,129.00826,129.8536,129.43612000000002,34.964228000000006,30.561236,29.168646,29.688341,30.519315,29.338987999999997,131.30661,126.79276999999999,111.52165,112.72574,116.26988,118.57938,133.3438,134.86621,128.63385,129.24801,122.83371,123.44168,36.601138999999996,102.47163,0.0,1.635706e-06,1.8454485e-06,0.0
38.734302,48.067189000000006,46.698796,38.929909,102.88109,107.51128,105.74274,109.59964,111.26474999999999,109.21000000000001,108.49382,110.60447,28.850904999999997,27.34249,28.368046999999997,29.378068000000003,95.542304,102.66718999999999,104.35857,91.352513,134.06056,130.21375,130.80771,129.39423,29.119401,33.020183,36.497274000000004,35.410288,107.86533,104.51469,107.02929,108.97344000000001,127.65874999999998,129.34607,128.9068,129.82272,35.179176,30.710317999999997,28.855722999999998,27.635476,30.141678,29.270825,134.36856,123.8199,116.46109,115.38257,117.81366,109.79863,134.57774999999998,135.53859,127.5149,126.68390000000001,126.81518,128.99081,39.930881,102.60777,0.0,1.1643949999999999e-06,1.8549869999999999e-06,0.0
41.351205,40.150988999999996,43.407873,50.185687,104.15191999999999,107.52208,104.52526999999999,109.1215,111.23720999999999,109.41076,108.43984,111.06317,30.476098,27.590202,28.142621000000002,28.945863,96.381101,101.80012,108.98288000000001,90.19738000000001,135.57802,125.85906,129.89123,126.88129,30.092606,35.017489,35.963258,35.774339,109.04668000000001,105.71973000000001,113.09363,106.16836,130.74791000000002,128.71522,129.30501999999998,128.12174,32.912763,33.60549,27.685775,26.910059999999998,29.853027,31.489894000000003,128.90228000000002,111.50494,114.69501,113.46028,118.50268,106.51299,135.9822,137.99126,130.48943,124.90464,129.54763,124.96609000000001,40.83348,104.70832,0.0,8.1723607e-07,2.4659532999999998e-06,0.0
42.265631,41.983495999999995,44.341253,44.040022,105.18002999999999,107.34993,105.63552,109.84609999999999,112.44635,109.87559,109.59038,110.84175,30.017684,27.661141,28.399977,30.483298,100.98321,103.56141,111.80793999999999,88.768445,134.9439,129.91110999999998,128.3336,124.31395,34.073738999999996,34.550985999999995,32.542187,34.365875,106.90941000000001,106.49764,105.87902,107.82381000000001,130.26214000000002,128.27357,130.14213,128.73342,28.983537,37.143316,27.79399,28.565347000000003,30.388546,31.75982,133.84047,111.02450999999999,114.55969999999999,114.31571,117.61393,106.00136,136.23593,137.92842,130.71428,126.58152,129.72517,126.97815999999999,37.280262,106.34458,0.0,7.0366621e-07,2.9993029e-06,0.0
42.465216,44.349314,46.249242,42.35292,105.0582,108.24548,104.10444,111.41037,112.15863,110.43444,109.86426999999999,111.16218,31.250627,28.560109,28.089584,32.511939999999996,106.64507,95.285755,108.68508,95.443759,134.24307,132.29339,127.65869,123.96515,34.122921999999996,34.787368,33.477228000000004,32.728739,106.48739,107.25965000000001,112.52683,104.75959,130.29539000000003,128.27015,131.20910999999998,128.45787,30.541281,33.080075,31.902153,31.771125,31.564140999999996,31.16101,135.9739,128.99831,127.02861999999999,114.2262,119.3232,110.65109,137.08556,138.30809000000002,132.03486999999998,127.49836,132.78633000000002,129.07121,38.687142,108.17181,0.0,7.3718299e-07,2.8651892000000003e-06,0.0
46.132002,45.387764999999995,43.877366,43.327656999999995,106.14504,109.07395,103.14108,111.41631,113.15978000000001,110.72596,110.50734,111.38157,32.463699999999996,29.089246,30.675858999999996,31.125245,106.48739,92.890603,108.48032,102.13271,135.09955000000002,131.23356,126.96261,129.09902,34.270919000000006,37.240075999999995,31.310747,36.934124000000004,108.4623,108.88804999999999,113.48344,111.96887000000001,133.32505,130.36982,130.95881,129.10837,31.621741999999998,30.847452,30.840884000000003,31.114890000000003,36.502801000000005,32.877665,137.60074,122.55984000000001,128.22176000000002,117.43114,116.54864,115.20365000000001,138.32674,138.62906999999998,131.75939,130.18331,130.14461,129.97517,40.796746999999996,105.46315,0.0,1.0060774e-06,2.3887202e-06,0.0
44.296592,42.184887,48.903785000000006,48.583083,105.6238,109.29413,103.9937,111.82877,114.63361,111.22724,111.44952,111.62058,31.065597999999998,29.087164,33.04121,31.530430999999997,97.02115,100.80147000000001,109.30589,95.325268,135.56085,133.30895,128.43781,131.62655,33.891318,37.292533,32.444041,35.937804,110.6357,109.97751000000001,108.31899,109.97379,133.53656999999998,131.40824,133.49643999999998,130.95773,30.116936000000003,32.370699,30.830591,28.944947,36.144376,35.153826,135.96653999999998,126.94903,112.39716,103.15082000000001,118.53983,109.69556,138.18188,138.50169,133.08857,131.30474,132.91743,125.77972000000001,45.190239,105.28124,0.0,1.1463896000000001e-06,1.5696142e-06,0.0
45.120146,43.060869999999994,50.046056,44.922561,105.99712000000001,110.61607000000001,103.40397,111.44719,114.84073000000001,111.44529999999999,111.84388,111.98154,28.861508999999998,29.002053,32.950955,31.730987000000002,107.91887,100.57482,109.02726,98.43819699999999,137.63296000000003,133.62851,129.88483,135.49257,39.029475999999995,35.055869,34.891505,32.608977,107.4962,110.33667,111.98134999999999,114.70806,132.70501000000002,132.0998,133.3439,133.38043,29.589185999999998,34.532823,35.313243,27.123621,32.240984999999995,34.431579,137.07504,133.42086,114.91322000000001,102.27163,120.29885,107.3272,139.03125,139.53967999999998,134.85646,131.21132,130.52245000000002,127.26480000000001,44.346774,105.0007,0.0,1.0053169e-06,1.0772297e-06,0.0
50.482428,49.169559,48.202816000000006,44.275617,107.16421,110.59834,104.68160999999999,111.44783,116.4603,113.04602,112.21260000000001,111.90587,28.251866,28.773125999999998,32.028006999999995,33.704065,115.77475000000001,108.10167999999999,109.61211,93.800618,138.16575999999998,136.32959,134.31222,129.74266,35.806205000000006,39.562206,36.379139,36.54405199999999,109.18307999999999,111.42985,109.79043,110.60741,133.14893999999998,133.58541,132.39368000000002,132.31418,31.366623,34.947867,29.592147,28.649313999999997,30.257315,33.036205,137.81812000000002,131.49101000000002,115.4674,113.71606,111.76066,119.35702,140.68627999999998,140.11317,133.30763,129.75311,128.68954000000002,125.70602000000001,45.928642999999994,106.98281,0.0,6.8234901e-07,8.9717818e-07,0.0
49.444455,47.469348000000004,49.661011,48.309608,108.98313,110.64077999999999,107.63593,112.12212000000001,115.57121,113.54658,112.07501,112.73971,30.408611,28.372041,30.696849999999998,34.282964,112.73007,106.25248,106.68351,93.912204,137.19059000000001,136.02832,131.61361,134.36092,32.789239,40.296788,36.756031,43.318549000000004,108.2213,107.46509999999999,108.33843999999999,111.76564,131.48087,132.40609,132.08319,132.30873,31.915687000000002,36.741842999999996,28.86033,31.417495999999996,35.08857,32.029235,140.22807,124.24846000000001,116.51887,117.43329,115.16892,117.59337,139.27945,139.33549,136.11046,132.68156000000002,128.89593,125.19064999999999,44.060974,106.41315,0.0,5.0261021e-07,8.816057800000001e-07,0.0
46.324442999999995,46.468855000000005,49.945465000000006,49.618767000000005,109.22602,110.37356,107.12839,113.97745,117.03473,113.49874,112.25394999999999,114.66355,30.800566,28.117027999999998,29.91161,30.704849,106.07197,101.13412000000001,104.85936000000001,96.497245,137.83752,135.59703000000002,128.31929,133.60134,37.234683,39.154618,37.289296,40.243817,111.40610000000001,109.02628,110.9195,110.30335,131.14088999999998,131.95152000000002,131.91156,131.69532999999998,36.275348,34.304401,32.023726,30.869486000000002,33.513697,32.972037,138.99057,116.69725,121.91255000000001,116.38508999999999,120.1391,120.93027000000001,138.84013,139.41404,135.35904,132.64337,127.78415000000001,127.41687,48.618095999999994,108.36156,0.0,4.0269901999999996e-07,1.0048164e-06,0.0
49.126005,51.967369999999995,52.515779,45.074933,109.92247,110.71182999999999,106.85562,115.02905,116.26338,112.88037,112.75107,115.67187,30.344345999999998,29.312397,31.066011,29.741723,107.44084000000001,103.09331,108.53672,99.593755,138.16068,134.47885,129.26342,132.30197,39.973065999999996,38.808145,38.363355999999996,37.609805,111.61440999999999,110.22654999999999,113.5583,111.6071,131.96588,131.38663,131.08808,131.12673999999998,37.917136,32.338727999999996,31.850512000000002,33.273799,31.216207,33.437025,137.45159,130.85083999999998,123.26536,119.42505999999999,124.55315,121.60978999999999,140.11722999999998,139.64307,131.51212999999998,134.20352,128.90847,128.43878,44.309606,108.92068,0.0,4.2029918e-07,1.0164505000000001e-06,0.0
54.712087,57.283554,52.953291,45.893052,111.38297,113.14784,109.52421000000001,115.13421,118.43257999999999,113.3633,113.16812999999999,116.90303,30.624671,29.468241,31.465284,29.556522,111.18179,107.31542,103.90215,96.94133900000001,138.1807,136.33199000000002,125.69600000000001,133.57953,35.814534,39.824336,40.828714000000005,38.886493,111.05544,111.13491,112.71504999999999,114.08866,131.9955,131.39687,132.0093,130.77181,34.707803,32.372463,31.450573,35.32078,32.983178,35.012977,139.10227999999998,128.98926,125.98652,122.00352,122.14649999999999,121.70193,140.45108,140.48756,131.03936,131.26843,130.28656,128.49144,46.54698,110.14438,0.0,5.6643513e-07,7.9675053e-07,0.0
54.663942,49.636908,55.524449,50.838905,110.69345,113.31526,110.75335,115.97561,117.30413999999999,114.06029,113.85323,116.54617,31.938156,29.342682,32.039348999999994,29.695721,109.52293,113.11068,97.21557100000001,98.615075,137.66589,134.77668,125.84236999999999,130.47102,39.965545,37.952313999999994,39.879557,40.249419,113.34297,114.02852999999999,115.02333,114.44973,132.97323,131.18728,131.76923000000002,131.59395,32.222208,33.701311,31.603551000000003,35.414713,34.179998000000005,36.516824,138.0873,129.71012000000002,122.24531,116.57628,116.40404,120.31604999999999,139.37593,140.52259,130.60572,133.55415,130.45312,127.68843999999999,47.138999999999996,111.09268,0.0,7.9021704e-07,6.339213600000001e-07,0.0
53.908727999999996,44.143774,60.403386,48.409914,111.25636,114.25897,111.59018,115.77702000000001,117.44064,114.90813,114.93097,117.10555,31.960462999999997,29.139267,32.085968,30.615028999999996,105.93614000000001,117.2752,106.67447,100.92514,137.98569,134.87914999999998,127.85699000000001,133.14321,38.529775,35.679215000000006,38.493557,40.31004,109.54867,113.29137999999999,113.95913999999999,113.59798,133.00875000000002,131.37887,132.97922,131.99858,31.526886,32.116645,34.578559000000006,31.639050000000005,34.121451,36.322516,139.52539000000002,135.58069,123.7503,116.46200999999999,119.90814,120.24052999999999,137.70844,141.06357999999997,130.75666999999999,130.3476,130.78,126.5483,44.470993,109.5027,0.0,8.0283506e-07,6.6385489e-07,0.0
56.449256999999996,51.375403,58.796448000000005,46.88693,112.37067,114.91738,112.38923,116.67566,118.01271,115.17296,115.47016,117.98343,32.398077,30.00085,31.261915999999996,32.296502,110.39167,118.48626,113.81969,109.74431999999999,139.29235,134.12733,128.46354,135.96459000000002,35.792632,37.298171,38.177791,38.885477,109.87925,113.28442,113.58098,111.62765,132.08925,132.04039999999998,132.5245,132.5521,31.407495,30.753599,32.223349,33.217392000000004,36.229241,32.864218,137.40721000000002,134.77067,119.48246,116.23508000000001,122.01464,120.27807999999999,135.31409,140.60989,130.32298,128.37096,129.13687000000002,126.66190999999999,45.994868000000004,110.59356,0.0,6.006528e-07,8.7669936e-07,0.0
58.168678,54.528028,53.655527,47.073427,113.46338,115.42999999999999,109.25223999999999,115.63456,117.92772,115.51153,115.68042000000001,117.75976,35.130950999999996,28.931908,31.616024999999997,31.058678999999998,111.52638,117.89429,109.89609,109.31172,138.94333,132.72140000000002,126.03869999999999,132.88817999999998,33.65383799999999,40.076616,39.098162,39.544366999999994,110.67691,113.87531,117.36618,111.73573999999999,131.26195,131.46307000000002,131.81700999999998,132.17804,30.765656999999997,31.295608,35.298567,32.974086,37.952518000000005,32.35060300000001,133.88537,130.45895,123.10302,115.55982,122.13003000000002,117.85627,133.88046,139.55041,129.96055,128.24394,128.78440999999998,126.27725,46.492864,112.75853000000001,0.0,4.7029064e-07,1.1419913e-06,0.0
52.579686,47.191446000000006,54.837041,53.263585,114.84836999999999,115.51492,110.77487,116.8574,117.9345,115.81923,115.89695,118.03471,33.730641,29.650615000000002,33.521625,32.451683,103.63596000000001,118.65144000000001,111.73235000000001,110.08493,139.22116000000003,135.1267,127.65834,134.29963999999998,34.297407,41.210599,39.1884,42.000288,112.1922,114.2717,115.40161,116.72824,132.6251,131.39332,131.96732,131.63819999999998,31.382757,32.581396000000005,34.316593,34.563424999999995,37.944179,33.003978,135.64369,130.49338,125.38060000000002,114.67137,122.64301999999999,113.07603,136.98614,137.33106999999998,128.87418,128.65213,130.04043000000001,127.13272,48.423677,114.03546999999999,0.0,4.997599600000001e-07,1.4506035999999999e-06,0.0
46.498977000000004,48.924583999999996,57.284718,54.591594,113.74963,114.79097,110.43839,117.42758,120.30036,116.03712,116.33973999999999,118.57554,35.717696000000004,30.515188,33.046586,33.24388,106.20245,116.63573,113.39262000000001,98.08967100000001,139.47182,136.30649000000003,130.84088,130.12105000000003,38.437996000000005,41.144735000000004,38.603276,38.646738,112.17446000000001,115.76273,119.09213,114.72323,132.4136,131.75403999999997,132.44084999999998,131.93468,31.216802,34.869453,33.262417,33.91254,41.068052,35.853311,137.19781,128.96318,125.26987999999999,118.30276,121.75758,108.79583,135.09028,134.6821,130.47303,128.73207,127.11649,125.93123,47.996597,114.39444,0.0,7.266797700000001e-07,1.8278627999999998e-06,0.0
52.893389,58.651398,52.323715,52.536333,112.32562,115.3559,109.85909,117.9613,119.48061,116.82391,116.98182,118.45834,36.12142,30.960573000000004,32.857067,32.170311999999996,107.12014,112.31078,116.46956,95.836511,137.04812,136.65371,130.99024,131.2082,39.667004999999996,40.44614,36.798687,37.449449,112.29212,116.68043,117.09760999999999,114.58413999999999,132.34534,131.20442,132.7661,132.08786999999998,32.391951999999996,35.49727,34.920703,33.384131000000004,39.289716999999996,38.475432999999995,136.53604,130.96428,127.03711999999999,121.44237000000001,121.74395,108.99764,136.44589000000002,135.17775,132.34158,129.33150999999998,127.59647,127.54094,44.286715,113.66121,0.0,7.511922e-07,9.9573218e-07,0.0
57.071236999999996,57.589698999999996,50.331448,54.452218,112.36085999999999,116.55615999999999,110.45872,118.0321,119.61305,117.4309,117.89493,118.82693,35.478397,31.170212999999997,35.180558,32.568607,108.08482,98.80465199999999,109.54476000000001,104.55349,134.71115,136.15863,128.4504,132.10178,35.999996,40.577183999999995,35.644985999999996,39.732287,112.63041,116.20662999999999,115.13867,116.39021,132.83169999999998,131.52043,133.9294,132.20084,36.019068000000004,36.871073,33.871934,34.638633,38.397465,37.126609,136.3891,129.93934,120.22165000000001,118.89905,120.01168,117.11784,135.92587999999998,136.38587,132.71402999999998,129.6018,130.52894,129.11783,48.851146,112.47548,0.0,4.863848700000001e-07,4.2544479e-07,0.0
49.829636,50.143038999999995,59.252268,58.791332999999995,112.99177,117.59117,109.58965,118.80839,121.38693,118.3118,118.14814,119.77793,33.071011,30.613505999999997,37.854288999999994,32.923629,114.06351000000001,109.8044,108.11131,106.60355999999999,137.44393,137.55536,132.58252,138.86343,37.30769,42.600422,37.759789,40.608731999999996,115.19064,115.69658,121.13798,118.88737,134.86717,132.64057,134.30714,132.86047,37.8731,34.623892,34.969769,34.272398,36.652963,37.109795,136.66308,129.98776999999998,125.34087000000001,119.23668,122.43017,120.22129000000001,135.9003,139.15033,132.62624,129.16331,130.50118999999998,126.32316,51.235271999999995,112.93898,0.0,3.2880673e-07,2.4460433e-07,0.0
53.001507000000004,51.935589,58.61281,55.753561999999995,115.69417,117.30551,110.2183,119.51894,120.21733,118.70046,118.42928,120.29527,32.044096,30.76236,34.825030999999996,32.803070000000005,110.6843,114.12564,102.58554000000001,103.19171,139.65192000000002,139.41181999999998,133.47552,137.15306,38.105891,46.924416,41.900388,43.586759,116.4197,118.56518,121.53806,123.07634,134.5567,133.86557,134.80942000000002,133.84044,35.546729,33.571456999999995,39.438172,32.605085,33.867227,36.896453,134.64677,136.41576,127.09392000000001,119.72581,122.07445999999999,119.5219,133.62682999999998,138.84090999999998,132.61762000000002,131.61132,130.87013,131.19571,52.466811,114.4474,0.0,3.1901381e-07,1.9801231999999998e-07,0.0
65.570124,64.222186,56.612589,46.257034999999995,116.9773,117.42783,114.81581,120.0854,122.88215,119.22351,118.72628999999999,121.25371,33.583454,30.887526000000005,33.417373999999995,33.660109,108.15936,108.25424,96.29903800000001,95.426269,140.48441,137.3418,130.85101,139.50966,39.898331999999996,46.749652,43.717808,44.792505000000006,116.29820000000001,118.12215,118.60055,118.48241999999999,134.67859,132.72278,133.81995999999998,133.95945,33.95286,33.866295,34.178982000000005,34.204232000000005,35.005212,36.063175,135.04214,136.28007,121.50272,118.10237000000001,122.94338,119.14196,135.92046,138.06124,133.65197,131.97186,133.06673999999998,127.27819000000001,55.69459,113.89054,0.0,3.0689919e-07,1.8056807e-07,0.0
63.089403,64.020744,63.624104,54.307951,117.39044,118.79785,117.55719,120.10244,123.7609,120.29379,119.35553999999999,120.9739,33.51399,31.884029999999996,33.976424,33.348728,113.08042,109.11848,103.41475,98.920728,142.46946,140.37048,131.75703,134.87376,43.863108,40.166426,47.193478,46.484983,116.06212,119.89148,118.49284999999999,117.95624,134.48445999999998,132.06296,134.63329000000002,133.83147,35.111067,34.783254,32.647207,36.918477,35.334624,35.118221999999996,137.38363,134.71395,122.98396,117.08989,123.97387,122.74683000000002,137.10815000000002,138.95448000000002,132.14752000000001,130.57176,128.99312,130.49732999999998,54.959517999999996,114.88498999999999,0.0,2.8183972e-07,1.3738878e-07,0.0
57.677269,53.631037000000006,66.570273,58.054425,117.6472,119.9303,118.22233,120.85743000000001,123.67952,120.53614999999999,119.98616,121.92297,34.903386,31.781656999999996,34.561503,33.472838,106.47202999999999,103.52491,114.61049,103.54860000000001,142.39953,135.52606,131.96524,136.17935,44.32181,39.891200000000005,49.047337999999996,48.461599,117.52834,118.81979,119.27166,119.16769,135.67636,133.96316000000002,134.40052,134.1111,34.313687,35.021412000000005,35.021568,42.85797,34.973602,34.385718999999995,136.27552,128.18808,128.13665,123.02551,123.95555,124.51733,136.50211000000002,141.97025,135.68881000000002,131.72466,130.75492,128.15391,54.807520999999994,115.69892,0.0,2.3812032999999997e-07,9.9280033e-08,0.0
62.221022000000005,54.50818,64.27748799999999,56.855902,118.80686,119.76519,117.11103,121.41210000000001,121.5785,121.14433,120.34954,122.15773,36.807041,31.252957000000002,35.604322999999994,33.294119,104.80881000000001,104.18521,111.76473999999999,105.00822,141.96634,135.99461,131.70175999999998,136.67425,45.593435,42.798842,45.670134999999995,46.34156,117.06731,117.02184,119.31772000000001,121.28772000000001,136.61158,134.21025,136.51829,134.86069,34.168501,37.545049,42.073077,38.308639,35.051517999999994,34.597512,137.71896999999998,136.90488000000002,128.81602,123.46682,124.86493,123.29819,139.91923,141.60972,136.11156,133.49972,130.14098,129.07897,54.146139,116.75363,0.0,1.9976265e-07,7.433237199999999e-08,0.0
69.37629799999999,63.239808000000004,65.916348,53.490348000000004,118.88365,120.10308,112.34798,121.76776,122.91592000000001,121.25648,120.75233999999999,122.13524000000001,35.900552000000005,31.630767,37.766456,33.712944,102.76535,117.42319,116.38251000000001,96.57977699999999,142.99572999999998,135.32202999999998,133.3115,136.6285,49.916619000000004,44.230087,44.544988000000004,45.717265999999995,118.7245,119.36233,118.14189,119.48757,137.22326,133.41598,137.89288000000002,135.26639,36.819495,36.194946,36.40866,35.514503000000005,39.570291,35.518997,138.95075,138.6563,124.55322,115.26520000000001,126.48907,123.32156,141.02533,142.09115,135.79057,133.43591,134.02929,129.70609,55.655318,119.49786,0.0,1.5740597e-07,6.2362084e-08,0.0
70.1404,63.893429,67.286284,55.758345999999996,119.16553,121.22165,114.79946,121.6744,124.42784000000002,121.29125,121.04568,122.23830000000001,36.235186000000006,32.024348,35.929137000000004,33.965812,111.16472,117.87355,118.44453,99.991956,142.46600999999998,135.43685,133.51802,144.78633,48.865913,46.867014999999995,48.235787,51.238662,120.10039,120.17917,121.81792,121.27364999999999,136.11362,134.43434,137.25098,136.05993999999998,34.070202,34.330023000000004,38.940470999999995,40.583285000000004,44.310909,37.022821,139.10618,129.50227,134.15564,122.11911,124.59192,121.12307,140.07460999999998,142.38395,136.20654,132.87455999999997,135.06632000000002,132.18194,60.148092,118.83672999999999,0.0,1.3130748e-07,5.0367158e-08,0.0
66.328032,61.906518000000005,66.878299,69.656885,119.68562999999999,121.14012000000001,116.92785,122.35596,126.08164,121.73413000000001,121.46356,122.56475000000002,35.436712,31.88204,35.067774,33.897221,114.38341,115.84563,120.75322,85.010914,143.00305,140.01618000000002,137.58071,138.74296999999999,46.154905,53.959706999999995,51.091614,57.024241999999994,121.69847,120.81221,124.50359000000002,127.00731,137.51399,136.45062,137.04373999999999,134.89304,34.720029,36.563582000000004,40.005561,42.329304,50.201906,37.792896,140.59158000000002,137.60042,134.41407,122.29074,127.31025,114.30546,142.24495,143.23209,138.77394999999999,134.30422000000002,136.78893,131.4129,55.7595,118.65638,0.0,1.1450896e-07,4.3980798000000004e-08,0.0
65.347026,66.568985,65.85056499999999,74.40787499999999,119.93554,121.48486,115.09461999999999,122.93333,125.40711999999999,122.10121999999998,121.91122999999999,123.36612000000001,34.284272,31.765942000000003,35.189679000000005,34.099531,124.8042,105.98902000000001,123.09145,84.677289,142.63127,139.23395,137.44405,129.96207,46.774618000000004,55.160363,51.933615,52.654495999999995,121.49089,123.25973,123.50726000000002,123.71771999999999,138.25842,136.19874,135.83225,136.45736000000002,36.707254,40.50487,46.069969,40.946789,54.799745,39.912849,144.81682,140.55921,131.95937999999998,123.60782,129.67168,116.80041999999999,144.20914,143.86828,141.16351,134.29178000000002,136.62232999999998,134.82677,55.177686,117.43735000000001,0.0,1.0190761e-07,5.0918478e-08,0.0
72.427758,71.93271,67.268895,64.93381500000001,120.48548,122.06673,116.60633,122.60486000000002,126.32803,122.95871000000001,122.25975000000001,123.71518,34.731632,31.759736,36.700952,34.38686,129.78417,110.8364,120.40492,99.67517,143.19684,139.98805000000002,136.97621,145.8928,46.302116000000005,52.263304999999995,49.811485000000005,51.002592,121.37798000000001,123.28368000000002,124.29355000000001,119.92282,140.43555,135.6955,137.58464,135.04007,36.703455000000005,38.809972,46.046665,40.195465999999996,53.371487,43.406791999999996,142.64287,126.37932999999998,137.71826,124.35677000000001,127.96094,123.25895,143.95963,144.06556,142.55835,137.78067000000001,135.65035999999998,135.81582,61.832052,118.15361999999999,0.0,8.939756300000001e-08,5.3022321e-08,0.0
76.395461,69.727293,71.964822,65.13834,121.10252,122.46208,118.45805,122.43670000000002,126.73044,123.3652,122.50896999999999,124.48729999999999,36.403234,32.80173,40.633533,34.857884,114.41721,115.93906000000001,119.72239,108.79574,144.45808000000002,143.69241,138.68679,145.54425999999998,47.296048,52.719339999999995,50.038898,57.667387,120.31761,122.76581000000002,122.69359,125.10204000000002,140.35467,136.37341,139.41261999999998,138.71364,35.615206,36.70048,39.731873,38.951193,44.776990999999995,43.216983000000006,141.07384,132.08311,137.20995,127.55776000000002,126.29383,126.71361999999999,147.35857,146.1695,142.41147,142.62916,137.0626,136.68708999999998,62.231062,119.9719,0.0,8.4732839e-08,4.3925710999999996e-08,0.0
74.031736,65.93776799999999,75.181718,64.841419,121.51316,123.35714,119.94598,123.71838000000001,127.26006999999998,123.48879000000001,123.06803000000001,124.75719,37.329096,31.354245000000002,40.189655,35.958598,115.97967,109.52088,118.72137000000001,108.65993,144.62881,143.89727000000002,137.3638,145.82837,53.536582,50.331131,54.018057,53.852155,122.714,123.01038,127.09371,128.86836,140.76395,138.6448,140.75553,139.48946,37.88421,37.130340000000004,40.048611,38.856351000000004,39.154293,42.974279,146.40227,142.75780999999998,131.84488,122.41564000000001,129.71812,129.55629,149.7809,148.2364,143.20424,142.96677,138.88289,135.76327,66.457076,120.74849999999999,0.0,8.5114597e-08,3.6336090000000004e-08,0.0
77.635097,72.761408,75.57623799999999,61.915974000000006,122.20899999999999,123.31679000000001,119.07117,124.85211,128.97529,123.70046,123.82472,125.64428,37.585062,31.686874,42.001364,35.700624,113.40408000000001,119.46287,124.88108999999999,99.933747,145.6186,141.41081,140.5181,145.13888,48.31655,49.730156,54.499344,54.643457000000005,124.46194000000001,125.04473,125.99915999999999,130.05349999999999,141.06998000000002,140.22443,141.44659,138.45858,39.486956000000006,40.749294000000006,44.93885,38.55299,43.544548,46.491732999999996,145.10122,129.99668,130.7873,125.26038999999999,131.03293,129.51970999999998,149.79593,148.17378,142.55948,142.69171999999998,138.87426,137.99226,69.804851,122.52433,0.0,6.6948967e-08,3.2589151e-08,0.0
82.431798,81.82282599999999,75.39845700000001,69.510443,122.51226000000001,122.33200000000001,120.18083999999999,125.29545,127.67042000000001,123.96668999999999,124.50948999999999,126.15363,35.842956,32.673389,41.610209999999995,34.963775,112.16969999999999,121.12879,125.2584,112.36814,145.10397,142.77439999999999,142.00987,152.96168,45.633489,52.948276,54.584386,61.051413,125.45623,125.57032,126.89076,126.01343,144.41015000000002,140.28453000000002,142.13359,139.82158,41.295297999999995,43.404693,40.966757,39.011207999999996,45.287605,45.027889,147.34576,132.32452,135.38919,126.34449,132.11981999999998,131.91613,151.22498,148.08496,143.28699,144.39113999999998,142.58154000000002,139.24090999999999,70.315708,123.71189,0.0,3.9578901000000005e-08,3.2213534e-08,0.0
81.420506,78.702645,77.467741,66.35303400000001,123.1126,121.72243,120.41104,125.54906999999999,129.11601,124.58746000000001,125.11103,126.12720999999999,35.771974,33.684334,42.39805,36.41859,117.4573,117.23803,117.91150999999999,114.0921,146.77251,146.36590999999999,143.68794,152.23173,56.138092,54.236669,58.099316,59.715688,125.23166999999998,124.55766000000001,128.66540999999998,127.57417000000001,144.88715000000002,141.30805,145.04136,142.26071,41.167349,42.089269,38.985488000000004,37.271077,46.133832999999996,42.974764,147.3715,127.28804000000001,138.74256,125.4936,128.45287,130.74872,150.11631,147.59216999999998,146.44131000000002,143.17858999999999,143.49773000000002,140.28078,73.27317,123.42373,0.0,3.0465900000000004e-08,3.0750238000000004e-08,0.0
78.59021,73.380118,82.445797,76.117138,122.80833,123.80485999999999,121.74529,126.18346000000001,129.9834,125.39389999999999,125.59026000000001,126.69563,36.594035,37.677965,42.401376,38.879869,113.02418,117.06996,125.81457,120.47886,148.27407,148.96806,144.46968999999999,142.32472,61.463098,53.308440000000004,58.384691,59.010217,127.77323,124.55130999999999,128.50778,128.06421999999998,145.00798,143.61821,144.76271,143.41791,40.026776999999996,43.374497999999996,45.291973,36.758521,41.706607,44.570637,149.45746,128.76583,132.75173,130.63217,129.95826,130.87118999999998,152.50312,150.99021,146.22764,143.53972000000002,143.22390000000001,142.37005,67.883011,121.82965,0.0,2.9573146000000003e-08,2.7839543000000003e-08,0.0
82.746843,73.723614,73.967787,87.935464,123.02778,125.47413999999999,122.2022,127.63902,130.08332,125.64528000000001,126.71127,127.76886,39.725728000000004,35.909697,39.136185,37.912778,114.88535,125.72036999999999,131.47408000000001,109.1846,150.64141,151.53986,143.93346000000003,149.8793,61.219454,56.810126,56.423536,60.753905,127.41707,124.24553000000002,132.30672,129.49688999999998,145.90769,144.15902,146.04273,144.15937,40.431899,41.968441999999996,42.02418,37.780962,41.469077999999996,47.466024000000004,154.40358,132.41325,130.40019,130.74746,134.20775,131.37658000000002,156.47086000000002,154.94751,145.89239,144.34562,144.57474000000002,142.5993,66.658509,122.17156,0.0,2.9661863000000004e-08,2.2627689e-08,0.0
84.055746,76.505312,76.310967,76.598784,124.61686,125.71694000000001,123.68596,128.30894999999998,132.22159,126.2448,127.47421999999999,128.89298000000002,39.08509,36.851674,37.484139,38.718906000000004,116.1229,122.88087000000002,132.94174,102.91811,151.82039,147.81832,142.38651000000002,148.09000999999998,67.007953,64.271086,57.436981,58.536146,129.29532,125.74244999999999,131.77178,132.97162,146.2321,144.47401,146.31735,145.05915000000002,42.50386,44.12886099999999,41.347196,40.28696,44.962546999999994,51.036394,152.66168,130.70333,142.19824,135.75263,135.03844999999998,125.96338000000002,156.7523,155.97582000000003,148.96494,145.28575999999998,145.66880999999998,144.02105,79.828232,123.39909,0.0,2.8780241999999998e-08,1.9931428e-08,0.0
83.14427599999999,79.717423,83.188698,62.257448,125.36195,125.55722,125.91036,128.88027,133.27177,126.96585999999999,128.171,129.55375999999998,39.166737,36.763690000000004,37.264899,37.934605000000005,118.64201,122.04545,128.19689000000002,116.00538,151.73493,151.57872999999998,142.99564,152.94869,66.786632,64.213674,66.002342,59.143384000000005,128.71471,126.73886,129.44123,131.02267,147.62077000000002,144.69526,146.80508,144.70214,41.291526,44.204384000000005,44.499636,40.517569,47.068937,49.413591,150.57691,137.55127000000002,150.49818000000002,140.54525,132.26654000000002,117.78517,154.99884,156.06949,147.53421999999998,149.87955,145.19892000000002,144.11933,84.02703199999999,123.90559,0.0,2.7526589e-08,1.7890082e-08,0.0
88.84237,71.03738899999999,82.11496000000001,73.38869700000001,125.79186,127.61348000000001,126.24328,129.62088,130.28091,128.121,128.73892,131.15115,40.756317,36.065799,37.652215,37.188066,127.44005,116.62516,127.59165000000002,110.12922,150.46866,151.48614,144.80105999999998,151.26863,65.24538700000001,62.192639,69.044312,67.399963,127.69775999999999,128.25077000000002,129.99786999999998,132.24322999999998,147.33952,144.88826,145.55999,146.04418,39.806503,47.924865,43.437186,42.106626,44.955125,46.63358,156.49304,142.56964,145.57278,136.11877,135.46246,129.6646,159.42328999999998,158.45986,147.19804,151.74241999999998,144.51372,143.42891,81.170945,125.39332,0.0,2.1581405e-08,1.5240026e-08,0.0
94.39940899999999,69.72632399999999,83.540155,75.653134,126.52135999999999,128.60414,125.97341,130.64426,135.67997000000003,128.71483,129.54317,131.82064000000003,41.352246,36.522346,40.25105,37.627902,122.80856999999999,120.52698000000001,123.99043999999999,121.26637,153.72632,149.71497000000002,147.66388,151.97554,70.137775,62.208828,71.153349,72.43238799999999,130.14793,128.84918000000002,134.61070999999998,134.43200000000002,150.8227,145.79774,149.74581,145.86414000000002,41.093064000000005,47.979861,40.945256,47.546588,42.396261,46.521558999999996,156.00462,148.09554,140.72657999999998,133.65305999999998,143.70772,134.9693,160.16906,159.62822,149.49185,152.05145,146.53934,145.52068,80.296585,126.03813,0.0,1.4237698e-08,1.2593366e-08,0.0
93.920555,84.480154,88.735945,72.46931500000001,127.84917999999999,128.68166,126.10239,131.26471999999998,137.13824,129.30286999999998,130.58212,131.58036,40.596191,36.614404,44.309267999999996,38.095456,112.05599,121.61321000000001,126.27866,121.84006000000001,155.31015,151.45592,149.83533,153.71629000000001,66.495098,63.446991999999995,73.04334,78.056264,131.90646,132.45671,133.17240999999999,137.05794,152.14991,147.19721,151.44676,149.80403,40.341374,46.608649,45.346399999999996,48.298424,43.22622,45.454280999999995,147.6584,137.09908,143.42547,137.81692,143.70764,132.32338,157.20315,158.86803,150.66908,149.39166,149.10999,147.88975,83.020178,127.80202,0.0,1.1106161e-08,1.0870368e-08,0.0
90.517212,89.173906,89.1793,80.42791899999999,128.78368,128.3542,126.79217,131.32713,135.94788,130.40339,130.94191,132.49648,40.783893,38.42035,42.128961000000004,39.105526,125.40650000000001,130.13240000000002,125.41941999999999,123.48977,155.59004,150.33741,151.38009,157.22889999999998,62.70943499999999,62.251694,73.766027,73.390215,131.76542,131.42227,136.08924000000002,135.65563,153.40542,148.42154,152.56572,151.26251000000002,41.231141,48.09151,47.588499,43.501996,47.580171,43.282847,153.10947000000002,136.62303,145.39419,138.86454999999998,138.74598,136.12487,159.72111,160.86928999999998,153.58357,151.95563,152.83009,149.90447,85.590399,130.27406,0.0,9.9237673e-09,9.8856611e-09,0.0
90.31543599999999,81.73495,90.26750600000001,88.490636,128.67899,128.86417,126.99816999999999,133.02837,135.87279999999998,131.01534,131.07474000000002,133.99692000000002,39.562036,36.0638,41.526224,39.502865,121.68712,138.97536,122.76791,123.56830999999998,157.34968999999998,155.20587,151.91276,161.05119,65.315292,61.029979,64.794096,71.217026,131.84013000000002,133.75046999999998,134.13222000000002,138.05393,157.94597,149.47943,156.65342,151.34725,45.447745,50.457007,52.245773,39.280832,55.325299,43.928398,155.7912,141.14533,137.26,134.69525,137.74048,138.28798999999998,162.69293000000002,162.63093,156.11478,151.85866,156.55292,151.36604,81.28017000000001,130.55373,0.0,8.919541e-09,8.0186947e-09,0.0
95.534537,82.16921599999999,92.461038,88.61354200000001,128.45358000000002,129.55382999999998,126.02402999999998,133.50983,137.47493,131.86934,132.21938,134.32753,40.6422,35.849239000000004,43.000843,38.653067,123.51452,133.79837,127.76796,117.48905,161.31373,155.41159,153.36321999999998,163.61509,65.454538,60.587731999999995,58.948032,68.982952,132.72049,135.45346,136.43137,138.44298,155.43752,151.53688,155.69046999999998,154.26747,45.261142,50.644548,52.676413,40.360723,56.56388,47.839268,162.35461999999998,149.16464,137.56217999999998,136.39914,139.71963000000002,134.31222,164.49622,163.02881,159.19343,153.84946,153.04372999999998,148.12890000000002,76.56976599999999,130.21901,0.0,8.053717100000001e-09,7.4809823e-09,0.0
101.30333,91.045464,86.502568,84.55892999999999,129.29177,132.02099,129.13039,134.12756000000002,137.27991,133.13379,134.07464,134.80022000000002,40.472347,35.859624,43.854011,38.343790000000006,127.05443,124.74717999999999,122.28322000000001,127.35862000000002,163.3771,156.93285,155.80297,172.0118,63.248962000000006,65.174044,61.738167,68.53827700000001,132.2277,135.35962999999998,138.8984,136.31538,153.74329999999998,151.24991,154.65172,154.35679000000002,42.689895,45.935131,49.671169,50.830089,49.272293,49.584491,163.56671,156.262,141.82386,138.07235,140.62889,127.68144,167.1088,165.69481,160.11434,158.30946,152.46688,149.36389,80.281329,127.87884,0.0,7.1599778000000005e-09,7.8507596e-09,0.0
97.609039,92.003145,91.993284,88.772984,130.87855,132.63586,129.80001,135.99212,140.62229,132.73256999999998,135.13551,135.79103999999998,43.349121,35.241898,43.274108,37.598541999999995,124.35159,131.50586,125.27550000000001,113.77421,163.36336,161.53248,157.41608,164.63489,67.038608,72.30718399999999,66.363332,74.748863,134.66951,134.93794,138.85901,142.33863,157.60532,151.70783,152.9405,153.24667000000002,45.815188,42.919534999999996,49.794979999999995,54.635224,47.872087,49.014485,166.97468,162.02356,148.59062,138.36785,143.45041,120.19745,169.38013999999998,166.91311,161.50959,154.33722,153.90643,152.34967,90.898908,129.60463,0.0,6.371827e-09,7.945736199999999e-09,0.0
91.515254,84.077149,100.28559,86.720687,131.34768,132.81995999999998,129.85048,136.67983999999998,139.16858,133.37466999999998,136.26271000000003,137.46488,42.352218,37.918147999999995,43.394459,38.718918,134.08649,131.03543000000002,133.28554,114.67822000000001,164.34462000000002,164.28382,160.37176,167.09353,72.673428,72.33405400000001,69.834106,72.663533,138.56679,134.99129,140.61236,140.89982,157.71479,153.49115,156.25595,153.35737,45.877951,45.6993,50.521836,44.819178,48.330619,51.004473999999995,167.90184000000002,156.88535000000002,150.3577,139.17794,144.42934,127.25352000000001,170.34289,168.53889999999998,164.10495,156.18739,160.23384,159.75373000000002,94.178922,131.7057,0.0,5.55284e-09,7.7819166e-09,0.0
96.642815,84.341511,95.921695,80.202947,131.23879,134.41713000000001,132.96926,137.54587,139.57579,135.14577,136.51502,138.85218999999998,38.880444000000004,37.755653,43.335528000000004,41.072894999999995,132.90367999999998,130.41529,133.22194,114.83727,164.09245,167.32165,159.86612,164.1724,77.41115,68.179566,72.67858,75.55824,137.19645,136.35528,144.73487,143.82505999999998,160.88794000000001,155.00739,161.39481,156.40234,43.787605,49.651069,47.309477,41.646934,55.574221,51.880152,169.86118000000002,159.33128,162.72604,148.1977,146.1276,136.35346,171.29501000000002,171.03072,163.70741,161.61026999999999,162.58502000000001,160.99873,87.8782,131.19707,0.0,5.2348999e-09,7.2486454999999996e-09,0.0
101.56828999999999,83.39635,86.85582699999999,83.94269800000001,133.17843000000002,134.13906,134.63586999999998,138.30091,142.65375,136.82411000000002,136.91201999999998,138.81806,41.507039999999996,36.782302,42.244183,40.529413999999996,140.71674000000002,130.58094,135.49181,114.44556,169.00375,168.86519,160.45399,165.4234,69.610309,72.58980299999999,69.32032199999999,79.777248,138.72509,138.5326,140.85064,146.57432,165.00445,157.96347,165.01771,158.96588,43.178365,53.814416,43.866068000000006,46.187946,56.688092000000005,52.309427,169.78125,149.45046,151.8482,146.16113,147.05527,135.00845999999999,173.69449999999998,173.57564,165.78482,165.38307999999998,160.71465,157.08338999999998,84.495894,131.76719999999997,0.0,5.0343091e-09,6.7322989000000005e-09,0.0
99.014431,90.651466,91.212189,91.24444,135.01268,134.71165000000002,132.97018,138.42617,144.51367000000002,136.86024,137.34011,138.89937,42.686074,35.569693,41.842019,39.449458,128.78015,133.56515000000002,135.6665,131.56535,170.78348,168.17378,152.59217,170.28012,63.66682900000001,70.645432,74.42882300000001,84.342644,139.57913,140.74962,144.11527,143.81495,163.80832999999998,162.00941,164.26314,163.39717,45.571684,55.05345,47.012748,44.948433,53.989459000000004,49.03488,171.62542000000002,151.55831,161.18919,151.44619,148.83885,133.11057,179.30435,175.72533,168.54759,164.84664,162.30651,157.99735,84.57357,134.34126,0.0,4.1737905e-09,5.972095e-09,0.0
95.50012600000001,94.386386,97.76693399999999,95.667359,134.94993000000002,135.95303,133.69944,139.30148,144.88365000000002,137.19096,137.78915,140.44487,46.483015,37.412223,47.796926,40.094652,133.9129,143.48499,130.82919,131.64695,176.20635,172.15806999999998,153.95894,176.23060999999998,59.569818999999995,71.86711700000001,78.321601,81.058823,142.77577,143.73977,150.64113,146.51423,167.08393,167.10231000000002,163.84606,162.67671,47.052131,55.908907,41.171641,40.947,52.262814999999996,49.682882,179.40573,152.93151,162.17501000000001,146.10572,145.78847000000002,142.35745,179.55389,177.22933,167.45377000000002,165.71878999999998,161.44784,157.14409,89.23874500000001,137.22155,0.0,3.896441e-09,5.4657421e-09,0.0
103.87808,92.85531900000001,99.53420200000001,87.914769,135.77173000000002,137.17358,134.88902,140.34024,146.37596000000002,137.88337,138.91013,141.60881,46.235341,38.967546,50.705816,40.388417999999994,130.83147,142.98372999999998,141.47286,128.22338000000002,179.32115,170.4651,158.50417000000002,176.96613,67.877181,75.81813299999999,68.15200999999999,76.062723,147.36479,149.39266,148.82171,149.44995,167.78181999999998,165.43862,166.65351,164.3154,46.71418,44.844209,44.411564,47.274663000000004,52.983014000000004,53.674307999999996,177.32353999999998,154.95839,165.29614,149.51908,150.23335,146.34971,179.85249000000002,179.45820999999998,166.13185,172.36985,165.12908000000002,160.46517,92.408555,138.77445,0.0,3.9429627e-09,5.3672323e-09,0.0
108.30112,98.700515,104.97557,91.396533,136.75932,138.18657,138.09831999999997,141.35152,147.60699,139.26016,140.9466,143.50089000000003,45.158279,39.933423999999995,46.698259,41.098883,130.27222999999998,137.72788,136.58499,137.71882,175.71347,172.02114,162.41311,168.12342,72.191884,81.575385,62.17391799999999,71.40624899999999,144.71584,149.26215,147.94529,155.95552,171.74213,167.78275000000002,171.11496,167.33507,47.12412,44.398596,48.405516,57.330624,57.355713,55.582487,176.80507,160.3844,163.59026,152.17441,154.00171999999998,152.28649000000001,180.52741999999998,182.28952,168.30809000000002,174.70077,167.11733,164.35737,94.74865500000001,139.73113999999998,0.0,3.9172597000000005e-09,6.0920855e-09,0.0
106.39986,105.99595000000001,103.99433,103.49001,137.65185,140.00747,139.43981,143.78736,150.51292,141.0062,142.31952,145.29449,46.583445000000005,41.329571,45.491265,41.748093000000004,132.26094,146.69102,139.42589999999998,130.73634,176.56139000000002,178.90677000000002,166.39075,182.19123000000002,73.613488,76.185803,69.799746,72.37728800000001,145.21090999999998,148.72769,153.45199,153.43471,175.19686,167.06776,173.00101,171.34039,49.659258,50.936175,50.892353,51.432311999999996,62.764441,54.519113,177.12073,161.88683,162.45988,148.25050000000002,155.7083,153.81742,185.78567,187.70534999999998,170.84886,169.99318,168.91212,164.65342,94.29628,142.02646,0.0,3.8824587999999995e-09,5.8044844e-09,0.0
108.4835,108.89454,105.60243,107.39748,139.05636,140.05941,140.1684,145.19262,149.67714999999998,142.95234,143.28716,147.53717,47.113617000000005,40.877174,44.857182,41.410616000000005,136.69596,150.65202000000002,143.69618,135.60075999999998,185.43503,180.03631,168.60068,188.27422,72.23401799999999,71.726675,78.091964,81.378248,150.12447,150.15836000000002,153.78169,157.45455,173.10416,165.43492,174.32987,173.29410000000001,51.224596,52.209402999999995,53.542417,51.48478,59.716642,55.819575,178.42053,157.66844,154.54446000000002,151.02590999999998,157.66008000000002,149.6572,186.22283000000002,188.62151,172.21733,170.30316,170.57401000000002,165.64083000000002,86.775158,139.10468,0.0,4.4150944e-09,8.855856899999999e-09,0.0
113.42576000000001,107.38558,109.8677,93.55621500000001,141.01606,142.00378999999998,142.67658,147.50323,155.97135,143.82667999999998,144.96417,148.90890000000002,47.902379,41.710052999999995,46.825548,41.747961000000004,147.22484,147.4798,144.77777999999998,139.52247,187.19393,181.72034000000002,167.51052,182.0367,70.987136,83.40718,82.367589,84.434484,151.21156000000002,148.03605000000002,154.13153,154.62741,175.82782,171.78857,175.66751,175.00839,51.067344,50.037561,59.004827,51.456883,63.462919,57.398891,183.74019,166.55462,148.05073000000002,152.61124,157.40171,159.14697,185.71658000000002,185.60771,174.66191,171.25732000000002,172.41383,168.72557,99.34031300000001,140.06766000000002,0.0,4.4757338e-09,1.8160192e-08,0.0
114.36623,105.09421999999999,109.69086999999999,89.261659,142.76887,142.98556,143.89785999999998,148.59458,153.52821,145.58991,146.37233,149.54095999999998,47.642680000000006,42.007088,47.943307,43.058963999999996,144.13748,144.27913999999998,139.77388,135.04337,186.41859,190.08342,176.01813,191.60067999999998,79.765277,90.18312999999999,87.961141,84.938958,147.07616000000002,150.63701,158.7137,158.04938,180.43009,176.97182,178.97093999999998,176.91442,52.572618999999996,50.762166,69.213045,47.239332999999995,68.48126,58.270923999999994,185.40517,163.26682,170.72119,159.95216,159.95013,159.00469999999999,190.09566,191.01685,177.74697999999998,174.38017,177.00248,173.17929999999998,105.99861,142.24013,0.0,4.3005403e-09,1.7827536e-08,0.0
110.19841000000001,97.68491300000001,110.98394,95.451784,143.80955999999998,145.20531,144.65655,150.05446999999998,156.83947,147.07809,148.00746999999998,151.50368,49.056579000000006,41.807472,49.759353999999995,44.324399,151.461,140.91981,151.21112,125.63346,191.07219,190.70383,173.56097000000003,186.26111,86.990605,79.226187,94.70799199999999,86.123622,151.31371,152.98625,155.94584,163.47797,186.4555,177.77672,185.22777000000002,180.85407999999998,58.24789,56.092656,59.812363999999995,46.77479700000001,73.498246,58.214507999999995,191.29087,183.24176,173.91663,160.29769000000002,167.35432,157.31103,192.18365,195.36906000000002,179.86543,177.19015,183.02615999999998,178.2067,96.151605,145.59864,0.0,3.692408e-09,1.1094877e-08,0.0
106.58862,103.20781000000001,114.18416,102.26765,145.28665999999998,145.61943,145.29075,151.28088,158.53121000000002,148.28932,149.03044,152.16747,45.910513,41.914826,52.309999000000005,42.85295,146.56038,146.16401,157.30031,143.2824,191.17822999999999,186.06622,172.02973,181.755,86.70707399999999,77.881625,96.466088,90.332618,153.83099,155.89518,154.49993,158.74325000000002,185.46611000000001,178.59448,187.15436,184.32582,57.521032999999996,49.864278999999996,56.847268,52.656759,64.33566400000001,58.442014,198.30791,164.31448,178.39561,170.77400999999998,164.43754,161.33279,192.04199,200.02655000000001,184.65669,181.80441,182.72935999999999,177.21322,95.357616,149.33479,0.0,2.6382058e-09,5.208917e-09,0.0
110.55069999999999,109.15581999999999,112.77762,101.86111,146.96308,145.23285,147.20129,152.78651,157.32985,150.17860000000002,151.16968,154.29633,46.472074,50.237272,56.34384,42.654863000000006,153.81457999999998,164.23819,161.73593,143.81858,196.90288,186.44641000000001,180.67996000000002,192.65672999999998,81.381754,91.51456,92.485372,93.439749,158.7303,155.96174,159.38004,164.2165,184.34047999999999,180.7859,185.49305,183.00544,56.080561,48.506334,58.707919,49.513908,61.793423999999995,59.956542000000006,190.83939999999998,180.54912,176.70650999999998,155.13152000000002,168.12064999999998,154.16194000000002,199.69268,200.43908,187.67952000000002,186.09725,183.16398999999998,180.25403,101.88825,149.62684000000002,0.0,1.6621427999999999e-09,4.7981194e-09,0.0
116.31448,111.90625,114.2278,112.18052,145.56523,146.22678000000002,149.09942999999998,154.18439,161.69179,152.13949,153.73878,156.01296000000002,47.431575,44.686412,58.606222,43.827863,150.02658,154.77526,157.87516000000002,133.48396,197.71461000000002,189.78345,184.88702,205.95667,86.06501,99.553347,93.089615,90.42262500000001,162.70781,161.08639,165.43531,173.48565,189.60082,183.373,188.19473,184.88932,57.639141,53.538963,51.942464,55.895607,59.668913,59.977656,198.88385,185.75113,186.16012999999998,163.31927,171.29334,152.52197,197.05164,205.33104,187.27036,185.66507,189.39944,183.52306000000002,108.75411,149.71588,0.0,1.2546579999999999e-09,6.0869913e-09,0.0
123.65046,112.52667000000001,121.75762,103.84294,148.9811,149.20035000000001,151.37644,155.97863999999998,165.20228999999998,154.18361000000002,155.91094,156.86178999999998,45.831382,43.041771,57.174214,45.354296999999995,155.83869,171.12614,157.20834000000002,137.96775,199.50555,203.8655,187.94242,192.44773,90.714021,94.412377,93.72433,94.404627,164.98973,164.84724,166.74546,179.53234,193.28938,182.46806,191.2463,187.87183000000002,54.809146999999996,58.153616,54.497433,57.726850999999996,63.112695,58.582636,203.15044,172.82990999999998,182.46832,168.03873000000002,173.53866000000002,162.20578,202.78647,204.67548000000002,190.68917,185.24149,189.09287,183.32506,106.20476000000001,156.28252999999998,0.0,1.133258e-09,6.9030351e-09,0.0
126.63132000000002,109.52127,121.21289,114.96775,154.3188,150.77649,152.31024,157.8483,168.61285,155.8964,157.23152000000002,158.86512000000002,45.073176000000004,44.19364,55.722103999999995,45.617551999999996,159.57008,171.37264,150.23942000000002,138.54809,201.92992,201.97887,187.66433,198.87068,89.460616,93.300507,93.19186,99.163113,165.94163,163.74179999999998,169.34571,174.88306,193.58839,184.18296,192.93914,191.60025,68.252813,61.957018999999995,63.486107000000004,56.411552,60.681517,58.693058,202.61562,190.95129999999997,173.69306,170.21241,174.94966,166.59877,206.25478999999999,206.82677999999999,191.63738999999998,191.55877,190.42929,185.75162,112.46441,154.32314,0.0,9.766582300000002e-10,4.0232433e-09,0.0
119.64228,113.85289,119.76313999999999,114.06439,153.22677,151.97107,152.0874,161.21432,168.82095,157.03233,158.63111,161.67277,46.356518,43.485343,56.765123,46.360179,163.38669,163.37226,149.58555,142.12721,204.96884,202.96625,190.76773,199.48592,79.27954100000001,90.555829,93.115503,95.142821,161.27038000000002,161.59937,165.71202,171.86347,198.31903,191.85497,198.93373,191.7449,72.827568,68.436828,74.674848,65.765563,58.789784,59.688926,205.61942000000002,194.41842,189.58046,180.70469,173.25225,167.82752,211.47515,210.50331,192.53379,189.99527,192.38822,186.79431,107.97715,158.32286,0.0,8.4132591e-10,2.2075054999999998e-09,0.0
120.51834,126.98036,122.14587999999999,115.10936,152.92613999999998,156.34213,156.92958,162.16582,168.70782000000003,158.99913,161.26871,163.78082,49.934079000000004,44.74323,59.878777,47.080252,165.70398,161.97031,149.84797,145.99435,210.35148,213.79575,190.16091,209.33624,71.96894999999999,87.007646,89.034048,94.087371,168.88864,162.89207,169.85103,169.55088,196.21827,196.48073,195.92969,196.89926,72.017232,62.363878,77.848328,68.686187,73.083246,62.87802599999999,214.3165,195.31587,186.73503000000002,173.21299000000002,176.47417000000002,167.44998,215.99723999999998,220.54049,195.39817,192.90403,193.37215,188.6006,99.167102,153.42991,0.0,7.231801e-10,1.8124279e-09,0.0
129.02988,114.18628,118.09806,113.82225,156.59133,157.89402,157.98591,163.61627000000001,170.47184000000001,160.09213,164.98327,165.52468,55.793505999999994,46.693039999999996,56.193453,47.588119,176.72696,162.62542000000002,150.37566,151.00539,215.68752999999998,213.29582000000002,190.05966999999998,212.38463000000002,86.925231,96.37983200000001,93.017798,97.586989,167.81521999999998,170.84296999999998,175.44651,179.16479999999999,198.34065,197.47812,198.90651,196.43419,66.098317,59.176536,74.416037,60.816154000000004,85.50184,65.144933,216.71106,194.19762999999998,195.24588,174.85092,176.26358,162.05981,213.10246,221.63923000000003,196.38613,195.53891000000002,190.3277,191.12739,110.45141000000001,157.30574,0.0,6.3757059e-10,1.4804446e-09,0.0
125.05160000000001,111.25411,127.72814999999999,106.02214000000001,160.23319,157.61755,157.27693,165.89696,172.18134999999998,160.32732000000001,166.46635,167.92375,57.94029200000001,48.544337000000006,56.226042,50.396979,171.00152,173.00654999999998,161.67951,151.64305,215.04255,213.47821,194.36375999999998,212.01959,110.41995,99.87344900000001,103.52497,98.587854,168.60363,171.87246,176.89641,178.90062,201.90292,196.59235,201.84702000000001,197.46847,59.973504999999996,61.164317000000004,66.054079,64.065512,81.790982,68.456467,212.76311,201.87232,196.45655,177.36436,181.82338000000001,177.78664,216.54095999999998,222.06426,198.22324,198.52747000000002,198.63266000000002,195.63773,118.41305,162.5965,0.0,5.869148900000001e-10,1.8987579e-09,0.0
121.76926,119.04352,132.27387,111.57554999999999,160.26279,161.08349,162.21609,167.22777,176.98272,164.4341,166.38571,167.87968,66.837208,48.657216999999996,57.83782,48.492993,168.22311,176.30348,152.14376000000001,153.78659,225.07112,221.99954,199.03188,213.92746,107.14519,101.84706999999999,111.28228,110.8662,170.83301,172.63865,180.26985000000002,185.0325,207.49794,199.24955999999997,204.85357000000002,201.24357,68.50846700000001,66.861205,63.477471,69.782275,70.127865,70.78084,208.16276,203.77318,201.58799000000002,181.77469,192.01453,178.21837,217.72374000000002,223.94678,204.48151000000001,202.93867,202.7595,198.70773,122.2106,164.75718,0.0,6.391799800000001e-10,2.6247896e-09,0.0
130.31928,121.36113,127.42822,126.72405,161.18198,162.7569,161.32388,169.02351,179.43464,166.72567999999998,168.77548000000002,170.47049,61.163327,48.443216,60.374309000000004,48.241999,163.27776,172.87963,151.15385,163.82247999999998,225.50427,216.59837,190.65013,211.80525999999998,102.25350999999999,104.63442,109.39815,112.42534,175.84942,173.04386,182.47697,183.94532,211.53563,198.95326,211.11945999999998,208.23723999999999,65.359791,70.53263799999999,65.580416,71.026885,68.718875,71.18562,219.04715,204.04424999999998,195.53935,176.03311,192.30239,175.68451,218.42620000000002,229.70839999999998,204.4828,206.59968,208.7829,199.70529000000002,116.70941,167.67936999999998,0.0,7.904996300000001e-10,2.4059289e-09,0.0
129.18504000000001,121.58298,130.80555999999999,134.45229999999998,163.39041,162.96388,161.27814,172.69356000000002,179.51729,167.25934999999998,170.32383,173.38174,55.581119,48.154163,63.74817,49.569762,174.64100000000002,165.18178999999998,160.51378000000003,171.6636,224.1853,215.48125000000002,195.70463,234.42118,95.115405,103.48909,101.03035,107.27508,174.02134,173.59301,182.22474,187.48826,212.64643,205.28275,212.99579,208.0051,64.098123,69.48446000000001,65.85756900000001,75.06066100000001,77.316913,72.297215,221.46737,198.20063,195.3124,181.51241000000002,189.86437,179.42929,227.50045,231.42458,212.01335,213.1138,209.66606000000002,203.3847,117.9214,162.30299,0.0,8.4062478e-10,3.0407055e-09,0.0
131.17188000000002,133.49674000000002,134.46585,125.43812,166.61592000000002,164.58482,167.53448,174.45812,183.96582,168.75769,171.40733,175.81312,53.511613,49.067477000000004,65.384774,49.964102,174.92918,191.69388,170.15058,161.48382999999998,225.65778,227.31691999999998,197.04295,224.12778,94.587982,109.48507000000001,102.73404,101.99395,178.85947000000002,174.18126,186.20495,188.83697999999998,218.6644,205.69102,217.56322,213.3228,64.75637,68.357167,73.186002,67.325389,92.04642100000001,74.719303,222.73468,213.69672,210.42023,185.04004999999998,193.4918,179.46909,228.94991,231.41926,214.00458,217.55911999999998,215.22486,206.96325000000002,128.64206,166.18159999999997,0.0,9.735559200000001e-10,5.1295009e-09,0.0
137.69645,138.99836000000002,137.78109999999998,124.82145,168.83975,167.53904,170.53323,176.37421,180.84187,171.54131,174.53376,178.97996,57.961036,50.633678,65.95563899999999,50.672399,183.69099999999997,169.41043000000002,165.56994,171.88345,235.28465,229.22164,208.74546,248.55163,102.04951999999999,112.14198999999999,107.50529,112.06436000000001,187.58192,182.42891,187.54743,195.00257,221.01101,208.91771,220.34261999999998,215.00782,69.1254,68.583781,74.057374,66.439365,91.893722,79.712342,231.05048000000002,212.26252,205.68484,186.27108,194.19629999999998,184.01447,231.00888,235.22178,218.67803,220.00190999999998,218.41987,216.26818,122.92296000000002,171.9333,0.0,9.996941900000001e-10,5.8729301e-09,0.0
138.49903,124.83549000000001,139.31699,146.59615,170.37579,170.35047,171.50938,179.6481,189.93221,173.35631,175.96137,181.21894,62.27978,50.636225,68.194764,53.487102,171.6447,166.56449,182.41877,173.51511,240.10288,234.89921999999999,218.17881000000003,234.26554000000002,104.40768,108.46789,107.80364,113.91311,181.27819,184.46366,186.33357,195.18342,229.40895,217.48481,229.04427,221.79684,67.912302,61.669113,73.504267,62.265808,74.95784900000001,78.981056,220.00266,222.5158,209.71854,189.22074999999998,195.0913,190.56472,228.27222999999998,238.4023,220.69386999999998,229.37668,223.69123000000002,217.08317,120.96023,170.79300999999998,0.0,9.238820500000002e-10,8.2172172e-09,0.0
133.31156000000001,132.0768,138.26017,121.17795,173.07474,173.83998,175.06474999999998,182.74122,192.5106,176.58100000000002,177.52523,184.01389,65.65878000000001,51.96034,66.89614300000001,54.573173000000004,174.41479,181.57251000000002,187.77838,188.35503,241.63904000000002,232.25441,226.63649,246.63883,104.85664,110.75216999999999,109.30112,112.01088,181.70153000000002,183.30534,192.29735,196.25144,226.96011000000001,219.54331,224.52377,224.98568,71.283905,65.599125,68.24776200000001,64.20985499999999,77.49417799999999,77.24223400000001,231.11601,199.74148,208.68692000000001,196.71087,199.69607000000002,194.67039,230.81757,244.40722999999997,225.92327,222.96457,227.52132999999998,224.98707,133.40469000000002,172.26561999999998,0.0,7.917982400000001e-10,1.4512902000000001e-08,0.0
134.28493,139.49694,142.28065,122.95555,175.03789999999998,179.14069,178.37174,184.62661,193.16811,180.74141,185.16236,187.09029999999998,70.96658699999999,53.753263,67.106616,55.25107,175.4375,192.96004,189.7516,168.21465,245.69942,233.12993,223.84563,241.8519,100.05293999999999,121.50757,115.00708999999999,116.61280000000001,192.89939,188.53039,197.89961,208.36337,231.13609,222.78651000000002,232.59942999999998,225.24918,71.330311,65.651087,73.12249899999999,71.838305,67.872924,71.177871,234.21786999999998,217.07184999999998,220.83379,197.61182,204.43046,200.46125999999998,244.51703,253.34567,235.57038,224.86157,228.52656000000002,223.79282999999998,138.61917,179.64618000000002,0.0,6.3943865e-10,1.8313235000000002e-08,0.0
145.21265,125.93136,143.66735,127.29346000000001,177.10216,181.53620999999998,179.8339,185.43672,196.43185,184.33733999999998,187.88405,187.11516,63.438145999999996,49.627474,69.97096699999999,56.794388,179.39694999999998,199.95932000000002,195.81546,161.45839,244.04456,232.80773,229.03385,229.69427,94.913205,111.6074,114.27162999999999,119.43072,189.09614,194.61463,196.05991,207.29694999999998,234.27589,224.93637,229.91132000000002,227.64483,69.813177,67.30025,61.486456,72.769824,69.922244,72.985897,240.57617,190.10686,215.95823000000001,195.21082,205.4425,203.27018999999999,252.24988000000002,255.79739,235.91108,231.15621,228.56029999999998,226.6172,128.57699000000002,183.47173,0.0,4.870499000000001e-10,2.1184252e-08,0.0
141.69827999999998,133.62055999999998,146.19017,132.13777000000002,181.03686000000002,183.83709,179.99727,187.94678000000002,200.95346999999998,184.74883,187.15921999999998,189.28057,62.02352400000001,49.470605,76.118879,56.913683,194.12163999999999,185.10917,194.08982,180.12207,244.98131999999998,244.96487000000002,228.21071,238.91913,87.420714,100.84619,108.66693000000001,108.8123,193.02919,191.64175,199.07533,206.72478,238.96707,227.40025,237.12823999999998,230.112,81.59072599999999,71.84774,66.660721,71.09300400000001,79.347172,74.10547799999999,255.81475999999998,234.58039,223.63381,198.53225,212.22402,208.23624,258.16702,258.51629,241.44164,244.43452000000002,236.58465,233.51208,121.93578000000001,186.65581,0.0,3.8584235000000006e-10,1.6962615e-08,0.0
138.7541,143.13089,140.0504,142.92953,182.33702,185.42201,180.18036,191.88413,199.69565,186.69026,187.95587,193.816,61.386770999999996,48.70277299999999,75.916954,57.81938,190.11162000000002,196.24569,198.76523999999998,171.33858999999998,248.52890000000002,247.81511000000003,235.58507,245.56832,83.419442,111.32761,108.11873,119.94722,199.69619,202.40114,208.13272999999998,211.89433,241.48648,233.52285,241.37705,232.27112,84.67041300000001,68.273594,75.046522,76.52644,85.288345,76.56384800000001,260.54996,240.64894999999999,232.95904000000002,207.28422,220.29105,212.34022000000002,265.7536,263.42042,244.79415,240.03049000000001,237.77525,233.59569,135.57956,187.94996,0.0,3.9275341000000006e-10,6.8555954999999996e-09,0.0
148.00341999999998,140.83644999999999,144.94746,129.0242,185.09888999999998,184.92167,185.15023,194.37101,206.02885,191.10344,189.73994000000002,195.14141,61.158615,57.891489,72.88633899999999,56.988434,196.60402,199.84682,199.79414,179.39166,262.00907,261.10922999999997,232.7869,257.13683,100.25635,120.47637,111.10501000000001,124.13956999999999,200.58834,202.56388,212.58596,221.30026999999998,246.29444,237.80938,243.99256,239.56193,80.80288900000001,71.762134,77.13742,65.99119900000001,82.60809,75.653995,254.83382000000003,234.80601,235.78624,215.44274000000001,225.67778,221.65368999999998,267.66698,269.83657999999997,246.96052,252.06532,240.02542,235.02177,144.42506,186.11501,0.0,6.143411600000001e-10,4.0924787e-09,0.0
151.17093,135.08859,147.26514999999998,129.61104,188.08382,190.93447,190.05299,195.56948,209.26585999999998,193.10938000000002,192.62167,197.96825,61.83403700000001,53.693282,75.69592,57.678163,201.45934,188.78512,214.8098,181.82654,266.09301999999997,247.30544,236.21336,260.07896000000005,113.89246,108.72504,118.49613,116.63551000000001,212.75339,201.70405,214.41187000000002,217.15953,248.49231999999998,238.53312,246.5959,241.25602,83.36818199999999,71.443754,69.516807,64.41729699999999,83.00129199999999,73.48056100000001,262.75825000000003,225.80032,249.12899,226.43809,217.62622,220.37596,265.3537,268.71689,246.79889999999997,249.98065000000003,245.34644,241.03893,146.45131,193.14139,0.0,6.857696500000001e-10,3.363738e-09,0.0
145.22482,138.45236,149.39387,140.8866,191.21333,194.64583000000002,189.74652999999998,200.36992999999998,213.10972,193.0551,197.04163,201.62543,64.06629099999999,52.426565000000004,77.707286,59.945392999999996,197.49787999999998,212.32572,216.72492,157.8223,270.98879,255.66904,241.68468000000001,268.14099,104.62027,107.61833,112.88193,124.45199000000001,207.39566,206.62723,212.8599,222.67329999999998,254.4472,243.43023,254.25124,249.51369,82.68793099999999,66.74292799999999,68.063127,75.56322100000001,83.682642,73.820014,269.51202,225.66181,226.52252000000001,225.61981,234.18599,218.54873999999998,272.71688,280.56898,255.24123000000003,253.46408000000002,252.89360000000002,243.98559,139.92419999999998,192.86696,0.0,6.933402200000001e-10,2.8056618999999998e-09,0.0
144.00320000000002,157.19805000000002,151.65588,146.11407,193.59602999999998,194.25738,194.9949,202.96587000000002,217.28849,194.46337,199.45508,204.55073,68.818662,52.948699999999995,80.003991,62.51152,193.715,206.92824000000002,221.43179,177.74155,272.17478,253.87073999999998,253.56785000000002,251.75055,112.48911,119.86466999999999,114.10103,117.38127,210.89916,208.72971,219.65252,220.56792,258.37482,249.35275,255.82623,251.62189,75.525453,68.77933900000001,69.65755300000001,69.796097,80.71919,75.527569,278.69758,240.07621,243.85984,225.8202,236.21151,219.12108,284.16858,285.10562,257.76274,260.67932,259.95038,257.06609,143.91296000000003,196.21631,0.0,6.3885481e-10,2.0572934000000003e-09,0.0
156.15596000000002,156.59520999999998,153.95375,140.94047,195.71555,195.20171,199.35672,205.79197000000002,217.32556,198.39529000000002,201.21089,208.33798,68.97452799999999,54.391282,79.099065,63.457057,205.46573,213.0006,228.91069000000002,184.8689,270.68836000000005,273.74994,258.26969,258.27593,107.74386,129.00509,117.50843,130.10198,215.40188,215.23343,222.80574,229.68886,263.92397,255.82001,263.08702,258.66571999999996,78.309115,76.087991,68.695101,69.211159,75.146607,75.295762,281.33991000000003,258.48922999999996,258.09798,222.66185,240.94163,218.70080000000002,291.56527,286.05267,269.27628,265.54156,266.51899,258.20736,150.29731,201.45521,0.0,5.857207500000001e-10,1.600034e-09,0.0
155.56993,146.84868,163.62873000000002,159.1139,196.71535,198.18766,199.78378,208.82059,222.68929,203.84416,204.91688000000002,212.12322,64.804329,57.501504000000004,80.475289,64.01,210.35564,220.59851,225.51917,178.92457000000002,272.81617,283.03569,270.56942000000004,261.62022,114.80789999999999,132.95175,121.78375,134.67856,219.68445,215.36667,234.05854,236.89236,272.17104,263.85702000000003,267.09872,262.38246,76.642279,72.940204,70.427401,70.333916,76.21461000000001,78.045726,287.61473,250.98903,260.78875,225.91877,243.81312000000003,233.86973999999998,293.1449,285.80969,277.0333,274.32424000000003,267.45254,267.84753,151.18687,202.6313,0.0,5.394581300000001e-10,1.4490874999999998e-09,0.0
158.10328,162.07524,166.94499000000002,162.02018,202.48593,200.28631,202.12153,212.78145,228.76752000000002,206.96827000000002,210.49683,214.72475,65.626533,61.53168800000001,76.331417,64.158165,206.26024,222.9841,223.48924,179.88754,286.44568999999996,283.48080999999996,272.3745,271.89321,120.5838,135.73783,127.85589999999999,126.96347999999999,222.97554,229.47097000000002,236.55671,245.14657000000003,274.46432,259.66841,274.11304,269.02912000000003,79.924005,76.060217,71.496088,70.130959,75.430015,77.55402600000001,274.59123999999997,222.42966,281.92339000000004,256.43918,241.37112,233.54328999999998,299.50433,281.32473999999996,285.58146,278.68696,271.19576,266.76462000000004,153.16527000000002,214.22764,0.0,4.815945300000001e-10,1.3664892999999999e-09,0.0
163.39062,169.76615999999999,166.16091,179.01696,206.11307,204.45599,206.80237,215.09607,235.13384,211.34259,215.05837,220.98789000000002,66.55053099999999,64.398163,75.430914,64.186098,212.24593000000002,234.18582,236.75361999999998,180.46074,287.04544000000004,273.61170000000004,271.49089000000004,286.22531,119.71144,142.30491,137.41309,137.9824,229.65225999999998,226.0317,250.75717999999998,254.05989000000002,279.83469,266.99857000000003,278.05748,270.85061,81.056362,82.038968,89.614954,68.904797,78.143405,76.712259,298.19871,220.54978,285.45221,267.33068000000003,251.52865,239.16682,308.88953000000004,295.98879,291.59253,285.13710000000003,272.73507,268.46031,158.17968000000002,219.97325,0.0,4.3619824e-10,1.4664707e-09,0.0
163.03937000000002,170.4837,172.45560999999998,190.71431,209.76892,207.17792,209.41706,221.70166,239.75023000000002,216.47194,218.2552,224.45510000000002,70.43940400000001,66.605609,77.442804,64.890381,206.76772,230.11729000000003,247.37984,210.48994,296.86692999999997,279.08187000000004,280.2997,284.28706999999997,128.93606,143.87112,134.99875,139.99071,229.19423999999998,227.93170999999998,246.20577,246.65284,282.75095,271.70336000000003,278.29733,276.07157,79.923699,84.45814700000001,85.212824,68.23235899999999,81.762495,79.00796,308.31363999999996,247.73843000000002,283.70727999999997,259.40270000000004,261.41551,248.30594000000002,315.98678,311.23829,292.2933,290.50419,273.22950000000003,270.85539,163.24837,214.42487,0.0,4.1385196000000007e-10,2.1377686999999997e-09,0.0
172.6883,176.89902,181.47230000000002,161.02703,214.60137,209.9397,214.46027999999998,223.74703000000002,248.73617000000002,220.02167,222.95166,227.03238000000002,70.191537,61.85699,77.82058699999999,65.212816,208.29795000000001,215.66529,237.32673,189.76113,303.11241,273.89792,283.91659999999996,298.44489,132.42312,144.42551,136.6908,135.45368,238.78173,239.94890999999998,247.82868000000002,253.63053000000002,284.63005,280.65157,285.27878,279.43454,87.42018900000001,81.757138,80.205133,71.033001,81.104586,79.922467,292.6359,266.01514000000003,277.764,251.36101,258.57849999999996,250.32146999999998,317.7695,312.88034000000005,307.31163,296.06608,281.64817,274.99965000000003,171.45571,223.79808,0.0,6.571763500000001e-10,4.2795112e-09,0.0
175.81947000000002,170.60087,183.79798,180.67374999999998,217.54034000000001,214.90203000000002,219.89135000000002,226.5857,245.28583000000003,222.88291,225.79366000000002,233.26196,77.043136,58.52781,79.795491,69.104525,223.89072,215.47908,239.33298,189.05885,304.59763999999996,297.51833,277.02903000000003,301.05049,133.2284,145.89568,143.56832999999997,146.95789,238.56652,238.13581000000002,258.25255999999996,255.70907,288.9995,279.74249000000003,292.19431000000003,287.84013,90.25217099999999,84.979157,77.791878,71.141967,87.484116,83.583544,286.61135,250.44333000000003,288.43728000000004,259.34508,264.21441999999996,251.98348,320.26742,313.9231,310.20592,300.82367,284.77956,283.13564,177.51133,223.15357,0.0,8.812251200000001e-10,3.0562794000000003e-09,0.0
174.93317,174.14198000000002,181.63756,193.30928,220.58655,217.89490999999998,221.08625,225.88094,248.14293,225.52109000000002,231.07314,236.01198,77.051138,60.78721,82.655734,71.362144,228.84638,237.74727,262.08085,176.6933,299.76234999999997,307.45973000000004,288.98196,283.13007000000005,138.76036,146.98146999999997,148.45439,138.57238,246.03558999999998,240.89182,256.40689000000003,250.05368,293.75783,284.58531000000005,291.10005,288.49097,88.45366299999999,87.480315,82.58102000000001,72.38083,97.728908,86.16546199999999,321.50780000000003,266.40524,291.68581,271.15657,264.73206999999996,246.95069,325.21355,321.21166,306.81228999999996,303.55037000000004,290.5768,285.09327,171.69047,218.56565,0.0,7.0292423e-10,2.2264996e-09,0.0
175.78035,187.78203,176.06244999999998,166.58146,224.44556,224.21598,226.21522000000002,235.2557,249.23673999999997,230.69686,234.51196000000002,239.98543,81.813474,63.390078,83.58614299999999,70.768773,235.75924,241.19310000000002,260.97386,200.47369,315.44662,308.43825,297.49521999999996,304.45619,150.63855999999998,154.05709,148.39055000000002,146.74611000000002,249.78276,249.77769000000004,261.20351999999997,258.7711,296.67679,293.49782,296.0447,290.25607,87.982365,82.597477,89.99061900000001,73.32786300000001,97.651695,87.983407,320.16002000000003,269.88002,307.64135,265.35134,276.22882,256.07495,325.17309,323.48624,301.25570000000005,301.90997000000004,294.60729,290.29976,175.26644,225.75597000000002,0.0,4.959553000000001e-10,1.1398611e-09,0.0
180.84041,176.68465,175.49141,195.46019,226.53889,229.78382000000002,225.79347,238.85072,256.55347,234.46075000000002,237.80628000000002,242.4631,82.621172,67.759243,85.195187,72.38682,228.68434,258.85668,268.14386,191.93033,322.41062,309.70498,301.59433,298.67524,158.1066,157.31517,156.31622,155.74011,256.78294999999997,248.52666000000002,269.63456,276.13827,298.66708,290.84948,297.78938999999997,295.26581999999996,76.83028499999999,92.29988200000001,85.431641,78.17409599999999,100.71615,97.969452,325.17972,274.32935,300.81131,286.23283000000004,280.08215,267.79281,333.72536,327.10729000000003,304.74872999999997,314.16334,304.00147,301.11239,182.47782,242.02545,0.0,3.0037611000000004e-10,9.920305e-10,0.0
183.36594,179.28154999999998,191.99395,200.95257999999998,231.71947,228.88724000000002,232.75092,242.50957,261.48328,238.28082,241.40112000000002,247.99115999999998,84.439932,67.60124400000001,88.76666300000001,72.310624,227.63477,231.25906,260.84718000000004,203.85475,330.91468999999995,317.6562,308.86722,296.57867,145.99234,158.00589000000002,160.40671,158.35617000000002,260.67612,255.02537999999998,267.58698,283.40925999999996,312.66448,289.85177,312.85752,301.08049,79.342734,97.971416,88.72229,88.014813,118.54564,94.244124,333.19872,273.02323,302.65911,286.18205,281.69685000000004,260.18949000000003,338.87381999999997,337.71049,324.31253,308.92266,304.51558,295.85156,186.56485999999998,250.09059,0.0,2.1331323000000003e-10,1.0438262e-09,0.0
185.13865,189.0633,195.1517,193.75134,237.35781,236.97124,238.39501,249.83212999999998,264.793,241.77696,245.29851,253.65339000000003,86.532049,75.891873,88.7345,72.827335,235.22126,238.91832,259.30784,195.9015,328.13082,321.82273,313.86912,333.17238000000003,153.97218,157.93816999999999,155.1045,155.77273,262.9324,257.54682,264.05803,275.99571,309.56274,299.58578,310.40316,307.65277000000003,106.8459,86.30650899999999,103.2819,89.754649,125.55846000000001,89.641684,320.40205,275.14552000000003,316.33676,284.57591,290.46839,262.46274,346.52936,343.42709,331.57361,322.05309,308.3028,308.79653,191.72068000000002,248.19255,0.0,1.6351229000000003e-10,1.6718481e-09,0.0
192.9376,186.71116999999998,200.07765,210.6744,244.23115,237.96292,242.91305,254.44649,269.27939,246.28838,250.74946,258.19061,90.160822,74.54037699999999,83.706049,74.211407,246.11907,222.69709,264.85049,181.23830999999998,329.64396999999997,323.87752,317.35248,322.15785,167.21988000000002,167.1277,161.52935,165.13884000000002,265.56692999999996,257.66227,270.94179,276.93476,324.93984,315.22539,322.6517,313.02773,104.56753,95.351183,117.35485999999999,90.619192,112.37323,92.402255,332.15847,266.27072,316.82638,290.79609,288.53839,270.64910000000003,349.39968999999996,341.63550000000004,327.33654,324.83067,319.55212,317.14378,188.70247999999998,244.22509,0.0,1.4799185e-10,1.7629065999999998e-09,0.0
194.34627,203.0069,208.22358,183.05411999999998,247.28265,243.5378,244.71079999999998,256.22731,273.31646,252.05092,254.62631,260.82873,91.227844,73.88354,84.32496,77.147447,248.06444000000002,247.68654,277.95047999999997,187.23305,343.61062999999996,326.30878,326.97209,315.55127999999996,177.93366,186.7314,168.51677,167.09652,272.51343,259.40079000000003,277.94053,298.29091,327.81918,313.23252,325.41777,317.83738,100.62321,94.90177899999999,111.01650000000001,92.03985,155.15768,99.11699899999999,343.01148,329.54229,324.80958000000004,286.30172,289.98926,275.23766,355.69041999999996,353.39298,340.98181,337.49531,325.02055,316.63869,201.39108,254.15101,0.0,2.9373594e-10,2.3718724e-09,0.0
202.01163,196.17545,212.32352,200.61389,250.60963999999998,255.03452,247.05073000000002,261.69635,279.82303,257.02525,262.68627,263.156,91.59021299999999,75.320289,85.85109,79.00813,251.73522,264.65362999999996,285.71375,186.4029,348.98955,330.63477,335.59875,350.36631,186.37163999999999,190.10142,175.39545999999999,174.41277,281.63532,281.46902,288.94482,306.62354,333.01932999999997,319.42233,332.80567,321.68041,117.08008000000001,95.38933499999999,131.28820000000002,94.63882600000001,154.00086000000002,112.54139,353.91085,316.59758,328.1243,306.40364,293.49323,272.4879,369.59479,367.50263,346.06424,337.87648,332.80096000000003,328.04146000000003,207.93308,256.59153999999995,0.0,4.1232230000000004e-10,3.860336899999999e-09,0.0
207.25843999999998,196.95501,215.40299000000002,234.13538,254.87786,254.21802,252.47315,266.2423,284.73401,261.11690000000004,261.43384,271.59629,86.510302,76.482474,89.03913999999999,79.347684,244.37042,277.52000000000004,292.11420000000004,175.86002,357.71963000000005,351.38775,336.18083,340.16931999999997,192.11665,194.59807999999998,186.83696,179.26773999999997,271.55206999999996,275.80857,297.08453,306.53864999999996,342.83802999999995,333.84636,340.79534,332.39895,130.13313,89.880705,119.74057,87.34754799999999,157.22612,133.54612,341.96694,305.75059,345.14853,317.94077000000004,316.39613,272.47607,372.56928999999997,366.22290000000004,356.06728999999996,344.65986000000004,342.45943,324.29196,207.81287,270.38527,0.0,6.0386705e-10,6.4690686e-09,0.0
206.19428,218.94752,216.89031,214.36955,261.09335,254.88437000000002,259.31563,273.24286,294.61581,264.71957000000003,265.62444999999997,274.51001,90.847797,72.859356,85.646816,80.009761,279.17746999999997,286.01641,282.86670999999996,191.48293999999999,359.08855,339.59229999999997,351.61977,342.88879000000003,197.49561,198.97341,186.63944999999998,174.80578,293.23881,291.11233,308.20335,314.52616,343.51340999999996,330.48995,336.20355,335.04238999999995,106.73584000000001,87.545315,110.29213,87.420344,176.01371,125.67943000000001,364.8261,306.27785,361.49468,350.14865,317.86873,282.42984,385.79648000000003,363.58053,353.14673,344.55197,336.60916,337.22837,218.00081999999998,260.23055,0.0,8.229284900000001e-10,1.0967928e-08,0.0
212.5284,218.76701,215.27868999999998,236.65572999999998,262.92136000000005,264.07219000000003,264.53607,276.8218,291.08222,270.35357999999997,272.8909,284.29677,89.783273,72.011196,85.16633399999999,83.338358,267.75626,271.64481,312.66398000000004,219.76013,366.2726,350.89569,348.87095,331.56208,186.26919999999998,203.18105,193.01291,187.94329,299.84189,289.87422000000004,308.75943,309.10186000000004,349.76016000000004,338.51714000000004,346.79842,339.0948,93.42142600000001,90.424912,97.986064,92.938183,172.90833,128.84684000000001,376.37579,310.64469,351.61596999999995,350.75806,303.51153,284.02662000000004,388.66552,370.13311999999996,370.01684,352.97268,352.18483,346.19568,223.72223000000002,262.69981,0.0,8.898715900000001e-10,1.6285100000000002e-08,0.0
224.53933,218.45854,221.59766,222.11683,265.83876000000004,272.8463,265.35459000000003,281.43455,304.39443,277.94202,277.75977,283.87692,103.4796,75.910618,91.202285,81.74325800000001,249.00762,250.23936,287.6415,234.07365000000001,370.27832,329.26662,354.26638,356.66762,193.10943,206.87725,198.44249,187.29013999999998,295.90304,295.52746,313.78033,324.43448,359.4009,345.54988000000003,357.92813,349.33999,95.867462,92.570713,112.37326999999999,90.737382,177.91758,131.8173,358.11454,302.88471,372.86446,361.64752999999996,318.72236,307.25392,400.21894000000003,376.14723000000004,379.32063999999997,371.62531,349.52444,351.8838,229.65651,271.24568,0.0,8.864538100000001e-10,1.7935986e-08,0.0
228.71311,215.38973000000001,233.09960999999998,222.53978999999998,272.61902999999995,271.90515999999997,275.04753,287.44938,303.09794,281.3292,285.01724,292.16427,100.50347000000001,85.487622,103.40052,83.859428,241.8265,280.59467,306.19644,220.87081999999998,373.8403,363.23769,364.23707,400.89585999999997,197.58819,198.93053,205.35445,187.14881,309.70599999999996,300.71748,305.68878,332.32797999999997,367.76682999999997,356.67264,363.70203000000004,359.15379,102.39707999999999,103.87097999999999,108.73957,89.685423,132.67545,148.90345,382.44499,316.08362,361.02831000000003,328.47623000000004,331.03348,303.70392000000004,405.53932,388.26563,382.47001,380.4856,370.03568,360.91713,227.22540999999998,290.8723,0.0,1.2465962e-09,1.596961e-08,0.0
223.36056,234.55857,235.26341,238.57389,277.32335,273.28845,281.12656999999996,294.41505,309.32798,284.90148,290.03014,296.75253,92.730556,88.72032499999999,115.75534,85.528318,288.57451000000003,253.93227999999996,311.95412,190.80681,373.63299,371.18802999999997,366.15472,352.1833,196.95394,196.52267,206.00183,196.38997,301.88455,309.84513999999996,307.35138,345.61163,372.27207,359.7033,372.01235,368.42265,114.97993,114.14444,137.36431,94.168183,128.86997,150.19723,366.4151,312.95245,379.77539,367.65115,341.76176,320.11796,402.83270999999996,396.16321000000005,386.69847,384.85634,373.5245,364.2382,233.22961999999998,288.87914,0.0,2.3242141e-09,1.4772521e-08,0.0
233.12779,232.05143999999999,235.72064,234.82208,282.85407999999995,279.01621,282.68865,297.70680999999996,317.2958,291.49733,292.87737999999996,303.49809,104.817,77.862814,123.93722999999999,86.894415,274.31301,281.56491,319.13246000000004,244.29634000000001,380.97597,369.59879,365.95253,333.02918000000005,188.64884999999998,208.42443,201.67128,198.02064,311.33966999999996,315.23274,329.79085000000003,341.96705000000003,379.88763,370.35158,379.13591,369.48177999999996,110.97041,115.37151,129.30874,92.272398,141.97233,165.37410000000003,354.62135,332.21686,384.14511,339.53112999999996,352.04674,322.82193,412.69620000000003,402.03698,403.97021,399.93622999999997,369.35562,367.17226,237.24981,308.91609,0.0,2.8429015e-09,1.2569322e-08,0.0
240.95112,249.56186000000002,245.18157000000002,228.90584,290.15711999999996,288.67621,293.91152999999997,304.51563000000004,329.32163,295.62613999999996,298.18914,307.27326,105.47567,95.437231,117.6656,87.66707000000001,273.84711999999996,269.57777999999996,323.34881,225.29323,388.67667,375.66267,377.39435,390.28089,181.30752999999999,224.46661,205.21889000000002,201.49798,323.24268,326.53965,328.63428,355.02892,377.01561000000004,374.75708,377.96108000000004,373.69525,120.29222,110.17329,119.00074000000001,91.963436,192.73483000000002,140.24973,406.6811,359.06399,390.96554000000003,345.11504,346.64551,317.12846,420.59469,415.11312,401.58049,399.56928,369.30645,367.45246,245.24351,295.78275,0.0,2.4262466e-09,1.1712208e-08,0.0
245.06784000000002,239.84576,246.14222,266.88731,294.74507,290.82662999999997,289.07526,309.7487,329.29264,299.70787,301.44775,313.74746000000005,102.98944,92.97494599999999,114.42002,87.55820899999999,279.11618999999996,281.39582,331.74817,198.10014999999999,404.87907,387.40589,379.81712999999996,399.48251999999997,198.59018,229.40901000000002,213.03246,211.159,324.1082,330.60929000000004,345.82547,364.2051,378.37138,364.20164,377.23089999999996,375.96209,124.01698999999999,111.17792,113.28737,108.7713,187.61962,137.24574,404.16227999999995,339.05316999999997,396.57202,378.37104999999997,360.56138000000004,324.30231000000003,423.61263,423.06715,402.29489,410.09419,378.53977000000003,382.66888,248.8798,309.53795,0.0,2.0013432000000002e-09,1.3317449e-08,0.0
247.16085999999999,250.29726000000002,253.51911,270.85103,301.39642,293.93949,301.54017,316.28382000000005,345.70571,305.81898,310.20606999999995,318.55122,110.63272,94.45523899999999,116.39822,89.33303,305.07309000000004,308.61198,327.38247,212.94598,403.24179000000004,386.20959,385.56431,351.15956,217.69151,236.17026,225.79918,221.357,333.22333,344.88502,353.86636999999996,367.88376,395.70152,380.85878,385.57579999999996,378.55118,121.19361,105.70494000000001,115.53771,105.8016,155.36597,139.91383,394.7228,363.26343,401.21535,375.35956,350.99985999999996,330.43001,432.991,413.11292,408.30567,415.60987,392.19651,384.03141,257.51563999999996,334.61088,0.0,1.8160029000000002e-09,1.6926554e-08,0.0
260.15281,266.37782000000004,256.58321,276.97912,307.48713,304.35294999999996,306.78605,322.29159999999996,340.55309,311.35128,319.1416,325.76479,111.84545,89.404019,114.79727,90.853191,282.36069000000003,320.80942000000005,347.24062,220.44249,402.66491,403.13354,387.05388,346.16299000000004,218.70486,241.63200999999998,229.40075000000002,216.31802000000002,333.12363,357.08256,358.09957,378.84148999999996,391.2318,388.0408,390.569,388.50577,129.0366,103.93911,108.47192,106.80342,174.67462,126.82401999999999,402.38409,391.22141999999997,410.95515,368.88761999999997,366.52416,349.26968999999997,433.34841,431.26272,410.87523,422.149,384.85095,379.29106,259.50707,331.42523,0.0,1.4396162999999999e-09,1.255061e-07,0.0
273.15020000000004,286.29287,261.1343,309.24251000000004,312.25176,313.40391,314.94942000000003,329.49355,360.08268,319.4618,326.72646000000003,334.32588999999996,117.83851,95.024553,118.89124,97.264748,293.31589,276.64597,360.47514,227.76747,415.52621000000005,406.66132999999996,400.40103,361.41565,218.83895,236.33439,223.57928,225.4123,343.45208,348.9656,364.86648,387.849,389.88891,381.28702,390.36388999999997,387.98141000000004,118.46219,105.34322,123.08809000000001,139.30533,164.64938,123.42985999999999,435.46473,400.57104000000004,412.68685999999997,405.15955,372.51068,338.97624,450.83344,438.44396,411.86837,424.50391,386.10271,380.42774,264.52365000000003,327.57068,0.0,1.3422230999999999e-09,1.9299103e-07,0.0
272.78247000000005,297.36702,265.19754,290.36974,316.85142,323.58999,320.31959,334.32038,358.45014,324.7119,329.22966,336.12487,114.48161,95.399676,125.23376000000002,98.85515699999999,307.2842,289.69525,357.77978,216.70645000000002,421.04993,387.97796,420.43054,372.3,228.27531,235.9888,227.70779,221.65653,337.71329,349.68649,358.30726,370.39229,388.83799,390.81855,388.85404,388.56839,110.54808,122.46455,138.18919,123.95804,198.94264,153.04908,444.85319,379.52256,421.45178999999996,388.72198000000003,363.84944,343.47999,455.61973,450.07868,435.24928,424.61811,400.03085000000004,410.70952,273.09306,330.16937,0.0,1.4698127e-09,1.3675075e-07,0.0
273.58133,280.91759,271.68387,312.78885,325.14112,332.51376,327.73598,338.63788999999997,349.5712,328.21571,334.43372000000005,342.11772,126.54109,100.86497,126.21913,102.5952,302.58076,280.4237,344.33571,237.00018999999998,444.94891,395.82634,397.58896,374.79613,248.12762999999998,252.67152,246.68501999999998,228.90964,345.40658,351.45251,360.79204999999996,378.05407,403.65148999999997,394.30519999999996,405.5617,396.62710999999996,119.19897,134.26242000000002,129.332,109.21675,199.71537999999998,146.37727,413.92797,334.80033,427.64164000000005,386.04843999999997,376.22299,357.11692,462.60826,454.04861,453.32750999999996,435.18031,424.18993,401.91724000000005,285.96164,346.15968000000004,0.0,7.2308541e-09,1.0215579e-07,0.0
276.94491,283.00428999999997,279.3181,302.04651,329.89522999999997,332.28627,335.70102,341.39441,365.29836,332.79759,339.45824000000005,344.12273,127.70262000000001,100.50342,123.24069,105.39974,314.82262,298.58191999999997,359.20232,216.59390000000002,450.77513999999996,411.62877,408.47126,377.35972999999996,255.42266,260.73523,254.89894999999999,245.62095,362.92186000000004,361.26551,368.49588,389.38912,409.94016,391.97757,405.01809000000003,404.20486,138.77369,142.58787,151.56183,122.71806,216.65306,129.50001,440.34258,383.65399,437.10091,420.61854,409.45524,364.5165,459.36962,459.39476,444.18726000000004,447.66615,408.67134,393.34679,292.22968000000003,361.63793999999996,0.0,1.8347610999999998e-08,9.706086699999999e-08,0.0
287.38759,290.16361,290.05387,292.01703,334.6402,332.45035,338.66061,345.08813,376.94867999999997,339.86447999999996,343.62035000000003,349.98089,140.54107000000002,104.96669,123.09587,105.28123,311.21369999999996,312.03729000000004,363.96742,215.2685,458.7315,421.22038,434.85223,372.16027,252.04872,259.63754,253.75787,257.47425000000004,356.26131,371.41035,386.3206,397.01309000000003,420.71355,408.36493,413.16776,410.18012999999996,131.97737,136.44541999999998,148.31804,128.21137,230.49367,160.84166,465.82435,385.06543,437.31724,408.40761000000003,409.14245999999997,360.46306000000004,473.67132999999995,468.98232,447.29424,446.68292,412.16962,417.49231,299.05764000000005,346.95346,0.0,1.5190467e-08,6.340097499999999e-08,0.0
296.99059,299.41339999999997,290.40608000000003,334.43582,340.58687,336.36854,342.65427999999997,353.1824,372.45815,344.97026,350.62148,357.40096000000005,148.83213,96.083522,118.00594000000001,110.37523,300.30919,318.74962000000005,360.16204999999997,279.97794999999996,470.71722,406.27035,444.35098999999997,414.66144,262.89874,284.33651999999995,256.97703,256.39853,363.60385,388.26106999999996,391.75507999999996,409.19201999999996,424.95141,404.51787,427.15024999999997,423.22517000000005,126.58767,127.70285000000001,129.59786,122.23584999999999,209.87592999999998,169.83326,421.36875999999995,353.79686,443.06547,389.68728000000004,403.70675,348.49575999999996,489.40684,474.32205999999996,462.37545,461.26358,424.71928,432.75077,305.66468000000003,378.45805,0.0,9.7554934e-09,2.7932268e-08,0.0
298.66801,311.13392,294.32786000000004,311.84722999999997,348.86935,352.04481,350.10239,354.70248000000004,366.84830999999997,351.96191000000005,363.21630000000005,363.27983,151.28407,104.04807,116.99467,113.12339999999999,342.81858,296.86893000000003,380.45340999999996,215.75028,464.9969,414.5874,428.01273,426.73207,270.36568,265.74058,264.22925000000004,259.07304000000005,375.63302999999996,371.66134,392.39804999999996,401.18687,440.42414,421.58078,432.44945,427.81527,137.24591999999998,125.37451,158.85687,120.40881,208.39447,177.14961,456.34853000000004,365.87913000000003,466.85145,411.26523999999995,416.43023999999997,378.29095,494.68109000000004,478.63027999999997,470.96885999999995,463.35883,439.83930000000004,430.11030999999997,305.09282,363.83333999999996,0.0,6.9420665e-09,1.6600422e-08,0.0
301.59056,316.43098000000003,302.37120999999996,309.86069000000003,352.56068999999997,351.15758,353.69208000000003,365.31575,384.37658,361.18988,363.80144,366.73944,143.97723,100.96903,126.58815000000001,109.42555,347.04666999999995,333.16143,401.62553,226.45432,451.01518000000004,449.02487,457.18735000000004,394.8383,264.48724,276.86303000000004,267.77505,269.33928000000003,392.92274,383.92036,402.05064,414.97836,439.93713,429.3532,440.36454000000003,433.50801,141.83142999999998,129.95389999999998,179.6012,120.77486999999999,230.92056,168.95084,469.17307999999997,378.41110000000003,481.82689,456.33308,435.68491,399.03589000000005,492.3893,471.24441,473.36057,468.07148,443.55837,429.63025,306.72994,364.05147,0.0,6.4671116e-09,1.2032806999999999e-08,0.0
295.7552,331.6268,307.72281,350.11433,357.49049,359.3981,360.17392,366.2018,402.02769,360.78313,367.72634999999997,373.94183000000004,147.77872,96.695351,136.3742,109.6855,328.03089,336.72716,386.99073,284.65662000000003,460.22602,436.70234,475.41029,430.5167,274.9088,297.46220999999997,268.90321,264.23545,398.02374,392.53117000000003,406.13288,416.40482000000003,434.39213,445.74076,438.79628,436.6438,128.67868,147.67681,149.11905000000002,119.98154,258.23283,160.20117000000002,483.98244,385.09535999999997,472.02117,452.78524,432.81332999999995,409.43212,495.27036,481.22923000000003,486.09612,479.61165,446.83536,452.52752000000004,319.08351999999996,381.69750000000005,0.0,6.1841045999999996e-09,1.0011642e-08,0.0
317.16324,322.62953,304.81514,361.37142,363.59936,365.27321,361.68736,375.80141,412.34413,365.49146,372.00823,381.75683000000004,145.18728000000002,108.44236000000001,151.36153,112.60552000000001,327.8713,355.61557,420.05191,269.73858,469.39838,423.89504,464.62009,457.84367000000003,285.36978000000005,297.08419,282.09888,275.52467,404.71064,400.60859999999997,413.41177,433.61694,461.45139,449.10051,455.14148,445.20171999999997,121.53372,145.61705,140.1675,124.42365999999998,199.08427,158.3601,452.86912,357.22708,486.31694999999996,454.41043,435.79401,395.95133,498.07026,498.03044,488.64712999999995,488.57798999999994,464.20346,451.11996,316.11784,388.77751,0.0,5.025684e-09,6.7829269e-09,0.0
324.94227,319.80721,310.76124000000004,362.26261999999997,364.77323,365.69072,366.93334,379.11352999999997,420.58118,373.11522,377.61145999999997,387.51379000000003,139.95515,108.29985,144.51684,113.75923,337.23055,372.45886,435.6426,256.30188999999996,480.74294000000003,475.65756,444.00609000000003,413.48025,292.72897,308.59945,283.28944,286.17413,395.78578,416.22494,410.66908,443.90398,457.83365,453.24185,458.58853,457.32169,123.10616,137.63823,144.82911000000001,124.82671,223.89033,166.91366,428.02824999999996,392.44011,489.73712,459.23499,439.61519999999996,415.94731,516.88208,508.71471,493.17456000000004,489.2686800000001,463.24186000000003,453.09951,326.46752000000004,381.24784999999997,0.0,3.838350399999999e-09,5.2728462e-09,0.0
319.87687999999997,351.28166999999996,323.07571,355.35859,371.52732,377.9492,378.70728,389.58915,415.92028,379.22267,386.41213,399.63867,141.56346,110.97557,152.99099,120.18094,333.08505,353.81299,418.10772000000003,254.60349,478.20657,469.04765,466.29183,417.66162,307.87620999999996,307.41038,293.61600000000004,296.94594,404.54195,409.3068,425.74705,447.64349,470.74105000000003,464.49462,465.46074,460.81566999999995,134.36696999999998,154.6543,160.60777,125.97096,199.88889,152.04527,498.39242,423.57796,461.47976,449.63045,462.63062,420.70657,525.68687,517.11977,498.06631,500.30835,458.94753000000003,448.49797,332.63812,397.40979,0.0,2.8965851e-09,4.6102782e-09,0.0
335.20087,346.08006,329.92904000000004,360.81293,376.10712,386.51545999999996,383.03412,396.95570000000004,422.46902,385.10501,393.52779,402.41588,156.17410999999998,115.13785,170.88278,127.54404,338.98645,354.85760999999997,426.43032999999997,279.09137000000004,505.42564000000004,461.0446,479.39138,448.63856,292.38361000000003,307.57439999999997,294.97728,300.91121,402.92998,430.76067,414.52607,458.46385000000004,475.61414,455.78439,475.99288,472.09343,141.5023,159.55082000000002,184.61525,143.14667,200.29607,141.88079000000002,506.61895000000004,409.02552000000003,505.45674,468.58207,430.78345,399.42135,528.1006299999999,519.24001,499.58484,504.72466,478.31327999999996,459.53754,339.06064999999995,424.23283000000004,0.0,2.264599e-09,3.9587376e-09,0.0
341.38263,342.25062,341.08556999999996,366.91866,388.53875,385.19701000000003,387.82671,406.29604,426.68787000000003,391.97084,403.27157,409.24579,150.01174,117.70967,170.71815,127.54998,354.32250000000005,348.6087,426.17213000000004,254.61887000000002,517.44629,437.21425,463.76941,440.63985,283.72965,302.87948,296.66707,291.9997,427.67041,411.94406,429.28828000000004,451.8104,478.21792999999997,476.69891,478.57112,472.98175000000003,181.49973,185.85169,187.61816,147.70606,261.76914,161.76936,487.15047000000004,431.8302,507.11722,495.83261000000005,428.90741,403.93949999999995,537.2233,528.76523,526.9072500000001,499.26786,476.35414,469.55697999999995,342.00001,394.52439,0.0,1.7808748e-09,3.0078512e-09,0.0
333.99738,345.97447,343.54915,388.81963,390.78456,390.611,396.18813,410.32849,430.34042,401.66422,408.78238,410.37868,159.29006,127.17577,158.93456,121.06614,381.30273,338.86244000000005,424.04386,305.92113,506.04182000000003,467.61222,488.47704999999996,464.24697,316.67158,330.46263,309.64396999999997,310.70512,447.16283000000004,425.9515,450.35714,461.51874,489.2440700000001,470.11367,487.18573000000004,483.40583,187.88862999999998,196.47002,176.79357000000002,156.80446999999998,208.65331,223.78395,510.46847,426.5828,525.11353,480.24733,460.02543,404.37959,545.13513,531.4662800000001,527.59521,521.16036,477.00973,465.5565,355.64943,418.23123,0.0,1.5603972e-09,2.6253857999999997e-09,0.0
346.51327000000003,367.68495,344.82939999999996,356.09575,400.33955999999995,403.94956,404.00117,413.78675,449.42851,406.64049,414.52903,419.72351999999995,162.58238,126.17975000000001,158.97755999999998,122.08470999999999,365.28426,373.959,444.65462,294.16624,506.00755999999996,472.74726999999996,504.07858,477.15892,335.79809,347.61958,323.81942,317.39586,440.57348,442.58332,454.05957,468.14567,496.70306999999997,478.45878,486.10141,489.92755999999997,171.79653,175.57262,229.41862,156.86149,258.43847,219.71722000000003,528.2412899999999,416.64392000000004,530.14765,479.03898,443.58974,425.97175000000004,576.19436,537.46413,534.13868,520.14874,492.55968000000007,497.28524999999996,358.85057,421.70518999999996,0.0,1.3596074e-09,2.3145354e-09,0.0
356.88847,374.36725,353.00475,381.61652999999995,404.08369999999996,411.37280999999996,410.32558,426.40006,438.00563999999997,413.9092,424.43863,428.2399,168.24812999999997,134.85788,149.02831999999998,123.79606,363.35288,362.72186999999997,423.17830000000004,308.47269,534.3303,478.03667,505.93788,496.89288000000005,350.70636,360.77613,325.50374,329.38291000000004,446.28398,439.14471999999995,465.07865999999996,476.77151,511.41256,501.42506,516.37951,501.29188999999997,176.96313,173.29825000000002,240.78564,147.92922000000002,308.32537,180.7929,538.8774000000001,456.14514,538.5055600000001,500.8357,480.94084999999995,449.92927999999995,575.97411,551.20606,556.42745,528.11167,499.3539099999999,497.16424000000006,362.84549,439.96743,0.0,1.1196424999999998e-09,2.4782222999999996e-09,0.0
366.4883,377.90524,366.8869,410.63895,414.58136,414.15860999999995,421.31694999999996,432.22903,472.26079,420.56324,428.66749999999996,435.71079,183.17419,133.62587,145.8244,129.68328,360.14868,364.17193000000003,461.15609,317.08372,542.01195,484.50453000000005,514.49547,489.21200000000005,362.17892,367.23095,325.76645,326.79836,442.97402,454.2873,462.56808,493.59549,524.10526,507.94318999999996,523.1633400000001,528.4739500000001,167.93035,187.84132,217.43981,150.92168,318.78259,212.79717,524.90863,476.50741000000005,528.0486999999999,502.34599000000003,476.26011,470.35925,577.32753,560.2033299999999,569.25518,555.22356,521.08623,505.90132000000006,371.71351,430.78110000000004,0.0,9.0928428e-10,3.1152544999999997e-09,0.0
370.35881,382.42157,368.18222,404.10339,425.35712,423.70047,425.06807000000003,437.60692,472.76794,428.21846999999997,431.38093,444.58815,199.11685,133.52837000000002,153.82461,134.22468,372.03464,368.35779,482.17615,377.45511,531.70258,478.04631,548.49208,512.33132,361.03066,360.42821999999995,332.12102,340.56034,461.70297,459.02349000000004,474.24162,490.15853000000004,525.54121,521.21779,534.511,523.2729300000001,168.31556999999998,176.52607999999998,279.3271,166.03962,328.40252,294.4038,528.04378,443.39491,559.10244,542.4399500000001,499.60528000000005,464.1451,562.08125,544.01423,573.3061200000001,560.47493,523.63666,512.18974,379.10347,438.46401000000003,0.0,7.350544200000001e-10,5.2626203e-09,0.0
384.45499,394.62077,375.20889,391.24174,433.20453000000003,429.48647,434.81349,447.05312,476.97664,433.44385,433.70624,448.12332,180.16814000000002,145.51378,159.59107,143.57114,365.67087,375.05048,489.08365,390.05345,514.51117,478.94596,549.37893,552.21685,372.56949,370.09409,348.12645000000003,352.4532,475.88617,477.04831,499.46389999999997,517.27297,542.2522,521.99887,536.04024,521.00353,185.36438,209.41283,308.5178,174.85429000000002,342.47598,229.87028,573.63354,515.55902,550.21623,506.29335999999995,515.76903,481.18192999999997,602.00228,572.65075,569.94535,561.98658,537.6142699999999,537.05033,388.44803,456.64140000000003,0.0,6.015999800000001e-10,5.3143307e-09,0.0
389.10953,403.90020999999996,378.50437,441.46215,440.20313,436.94680999999997,437.78322000000003,452.71792,491.04316000000006,441.05094,450.37609000000003,457.53515,183.10287,129.72995999999998,168.89089,152.00977,395.37564,373.15031,480.20909,278.83318,521.97583,466.23056,557.21338,560.1844600000001,373.90857,386.26948,363.07089,368.13435,481.29152,476.8023,503.03193999999996,507.49919,556.89044,534.08459,556.58283,545.3722799999999,193.78509,220.75981,298.57523,241.84541,340.777,197.00862,554.88437,484.39117,579.1114,543.13859,518.1773900000001,493.48715,598.52468,577.4120999999999,608.19399,580.81915,568.1131899999999,556.5692700000001,398.91817,457.80104,0.0,5.1151977e-10,6.272297e-09,0.0
395.30155,414.65851000000004,382.83140000000003,451.67999000000003,444.49709,442.71471,444.49282999999997,458.8179,504.27732000000003,454.76917000000003,463.213,465.57979,204.59419,128.19513,162.0019,153.43816,404.07051,374.99189,498.97952,357.26369,532.17433,486.75492,579.7200499999999,660.07982,362.54852,385.50919999999996,359.35752,358.00425,496.46152,480.41544,491.53043,523.49213,551.9873,538.6409699999999,561.33059,551.7478199999999,188.29899,243.59006,259.01210000000003,247.90975000000003,337.38874000000004,279.06784,521.19502,435.25699000000003,570.04476,563.3010899999999,531.30876,498.75397000000004,599.6526,575.2322999999999,600.9898400000001,591.67266,554.72624,557.66713,396.2966,464.11187,0.0,4.7853167e-10,6.850811e-09,0.0
400.39071,427.25858999999997,395.07774,438.95075,451.13811,450.28299,452.7702,469.44878,499.2725,464.74336999999997,463.24299,473.41726,202.01536,130.43577,203.90896,152.26394,418.2679,434.78374,525.47012,284.52949,554.65101,528.88136,586.4988099999999,539.25519,375.92903,390.88235000000003,359.87171,356.77765,495.82640999999995,491.38093,510.95435,526.3022100000001,573.90815,558.19683,573.47281,551.56733,183.31861,236.62087,276.82335,250.38917999999998,309.51222,268.62825,562.53592,420.04467,582.9079,542.20591,519.38515,493.23677000000004,612.76578,573.93646,604.5194299999999,593.1552899999999,567.03308,568.91963,405.98602999999997,466.50397,0.0,4.3804993000000005e-10,6.8798472999999995e-09,0.0
410.75178000000005,418.01645,405.61143000000004,447.03717,457.18647000000004,460.60778,461.74987,478.51195,511.65265000000005,466.59808,469.40312,481.22741,240.13637,130.60395,230.60508,147.55387,408.44383999999997,406.3537,519.53201,375.45658,549.83761,536.82793,582.26055,531.68929,384.33661,394.69356,373.42426,374.83331,498.06912000000005,489.83725999999996,510.50084,527.0608000000001,595.969,579.59664,586.92664,570.60514,176.92205,225.95891,241.85347000000002,247.21760999999998,257.21449,186.39405000000002,590.14488,531.15455,599.19264,585.09308,561.8494000000001,521.68718,641.27583,576.72147,626.5784199999999,616.8822700000001,585.52508,571.1865799999999,408.73935,481.13613,0.0,3.9557114e-10,6.6250735e-09,0.0
421.25620000000004,415.98286,414.65577,420.79885,468.48701,468.2968,471.18506,486.37649,529.3594,470.50518,483.95858,493.17280999999997,231.99575,136.66593999999998,222.49348,152.31345,406.55703,416.20475000000005,508.5354,420.56451,562.51719,527.23701,596.6335399999999,575.66273,384.81496,407.58107,381.12027,383.66498,510.7842,493.99529,547.39544,558.32744,585.4294100000001,579.66728,588.2005,587.06159,169.49654,231.10741,196.24951000000001,234.42234,301.08978,200.27282000000002,614.20194,529.19996,584.30367,547.26756,557.5095699999999,513.72989,638.73969,621.76588,619.4852,618.14559,575.2762600000001,563.64688,419.38095,485.29801999999995,0.0,4.0165031000000004e-10,2.2262458e-08,0.0
414.40135000000004,435.95432,421.24497,457.68886000000003,470.07146,474.19772,477.76164,499.47035000000005,529.49229,481.82115,491.23647,504.66525,244.60070000000002,149.17248,219.57411,169.75262999999998,406.19345,396.2684,510.23286,337.74757,603.60202,541.2186,588.39417,593.29095,389.10429,410.53675000000004,383.36019,389.04635,516.931,525.15731,541.1191,554.7757,590.9916000000001,584.46303,591.66813,579.64784,185.66615,227.23677999999998,194.46888,245.22755999999998,303.76642000000004,262.91155,582.58051,528.15307,612.635,571.54148,553.5594000000001,521.54475,641.95931,609.33142,641.76676,618.65148,585.72932,570.70398,426.56133,495.26694,0.0,5.086293000000001e-10,8.3795046e-08,0.0
419.57132,449.15854,422.2726,491.91418000000004,478.18058,492.99672000000004,486.55507,505.17002,529.41575,493.17521000000005,501.47809000000007,509.689,239.487,157.36967,229.12115,160.16776000000002,403.89139,413.9727,533.88842,342.07079000000004,623.36626,552.66788,613.03039,620.7481,390.93053,416.53571999999997,396.39731,375.57214,526.8904,511.79258000000004,523.38576,550.03604,594.90894,585.24092,586.5365400000001,581.23553,210.65856,242.10796,238.74658,228.2689,357.85036,297.68901999999997,597.7192,509.79523,623.36895,597.19047,566.8171,527.05241,662.03043,637.9331999999999,641.53558,637.54725,589.08071,586.51502,434.28087,520.5518099999999,0.0,1.7015062e-08,2.9127193e-07,0.0
426.81033,446.81097,431.54437,492.38629,491.36845,502.85266,495.15180000000004,513.7490799999999,529.9668,499.64423,504.0830700000001,516.76049,221.00078,151.57182,217.2084,159.67866,413.59558000000004,408.16544000000005,554.5065099999999,321.12316,610.73424,568.9782399999999,611.43263,558.07972,400.35596,432.71036000000004,395.93685999999997,400.14036000000004,549.1599,539.7846,539.14429,559.8774599999999,609.58719,591.3129,604.14713,595.86799,226.15263000000002,245.8477,254.52740000000003,205.48284,378.84163,317.43419,611.73137,508.9393,603.00901,575.67291,595.09759,530.8387299999999,658.9398,649.75926,630.4979999999999,645.89581,602.2957200000001,601.05998,446.05039,504.68390999999997,0.0,5.6691116e-08,3.62336e-07,0.0
445.5986,450.18469000000005,442.65784,482.66598,504.07111000000003,501.99483000000004,512.16979,517.27711,558.16183,501.75169,509.13015000000007,516.9688299999999,206.95245,168.67303,220.56083999999998,172.42925,422.02287,428.11289,545.6488400000001,332.00433,609.26055,537.5719,613.4855699999999,590.61202,439.08727,459.51987,414.73440999999997,418.065,544.52024,544.41164,558.22062,583.91378,609.8455,596.51811,613.66154,608.8785,226.03553,232.0588,280.14655000000005,233.91377,331.96151,231.67111,637.16528,513.16433,614.5397399999999,613.7084199999999,566.25658,511.5305,679.59756,647.20505,641.01109,644.5213200000001,608.57033,597.6858100000001,455.13043,530.5755,0.0,9.303577200000001e-08,2.14391e-07,0.0
462.78604,471.76374999999996,444.78714,501.71785,506.69302000000005,509.91872,517.37454,525.78481,555.6397800000001,507.12326999999993,515.03163,521.1556800000001,207.48201999999998,188.75157,212.70147,179.11247,453.28812,435.22008,531.3549999999999,382.39518,608.1342800000001,555.4477300000001,624.67521,625.15984,446.58297999999996,465.32713,428.79745,423.82500999999996,524.58401,545.18218,558.6188199999999,583.5836,622.45776,602.1468600000001,617.73377,605.0006900000001,203.76077,231.48448,283.87243,209.48899,353.35368,279.10202999999996,619.0277,517.31775,642.8864,626.89297,586.63705,519.49514,683.30591,655.8580999999999,664.14885,664.38546,627.19585,623.30894,462.48684000000003,566.99526,0.0,8.5498909e-08,9.8044721e-08,0.0
472.43813,495.98359,454.09864,494.7910600000001,511.44181,515.03742,521.5074900000001,532.52847,568.3398099999999,518.93554,523.78375,536.3294099999999,208.53328,159.63655,205.6663,182.22046,510.34472,429.95806,557.38507,300.78359,596.54351,581.44478,623.91041,660.81534,448.89457999999996,461.46495999999996,438.14175,427.45252999999997,564.85043,562.43354,580.1577,595.27139,642.0267,616.16653,636.2323,622.24658,212.61713,213.02337,275.32612,206.22112,425.2101,406.01107,631.28466,546.7098400000001,667.1071800000001,643.5508,608.7757,547.09432,663.12086,637.29876,667.00846,676.1521700000001,614.80738,621.00001,469.42931,555.7044500000001,0.0,6.9054213e-08,6.0492763e-08,0.0
491.20242999999994,513.4743100000001,465.40695,527.79012,523.95473,531.99279,524.0972399999999,543.88516,582.94452,528.3274399999999,530.29815,545.54892,213.62687,170.00904,213.11249,176.06307,459.39308,444.74735000000004,537.21524,310.06338,600.05235,590.43259,660.63255,549.59631,465.53809,479.51215,447.19244,431.45513,568.3246,585.96932,589.54903,612.02071,646.88687,639.25483,645.20197,638.2133299999999,249.12823,206.93543000000003,332.57755,190.86288000000002,436.72225,438.96983,640.7569500000001,566.9592299999999,669.5509900000001,661.0344699999999,605.53381,549.6606400000001,690.9131100000001,662.8133499999999,666.96638,677.1013800000001,630.21727,625.41435,483.38347,551.48806,0.0,5.2537433999999995e-08,4.5208405000000004e-08,0.0
496.68314000000004,517.79874,469.23925,534.3192600000001,532.96879,542.97662,533.71659,551.7742499999999,593.94555,539.38673,545.07484,552.10841,240.88895,157.83961,224.34574,188.84450999999999,508.3173,496.06244999999996,567.59685,339.17434000000003,631.28513,599.7633,666.11206,565.13671,475.68480999999997,492.06013,444.5122,434.41211,558.1632800000001,582.8431999999999,584.11604,605.37289,634.00495,636.58474,638.8351799999999,638.38677,323.30260999999996,238.16532999999998,319.12964999999997,199.52676,436.26233,417.86516,650.1332100000001,583.36843,669.32823,665.84292,588.5380299999999,555.6210199999999,712.19015,662.67362,685.07948,656.36548,639.9425100000001,632.3781899999999,493.4328,574.31021,0.0,3.7813234e-08,3.7761694999999996e-08,0.0
488.69516000000004,523.58394,484.90711999999996,550.07677,536.34949,552.62149,541.70305,564.48749,582.06674,556.01301,559.2082399999999,567.81379,231.67028,163.95198,252.117,201.3757,442.85026,499.24422000000004,569.80094,397.38878,636.33973,585.3665,655.1346500000001,600.6897,479.46362,486.13321,466.81514999999996,451.03804,569.2946000000001,567.2819,578.97445,610.09439,641.41094,632.96669,639.82101,632.44092,266.93751,246.86773999999997,255.25933,206.5929,458.95860000000005,426.94985,656.31297,539.54336,691.90667,645.65258,633.38849,588.31354,725.6991300000001,670.72929,681.0165900000001,663.6782400000001,633.19479,606.92625,498.65961999999996,568.2715000000001,0.0,3.3895163e-08,1.993976e-08,0.0
500.14845999999994,530.70118,490.24962,551.60466,549.0084300000001,559.5749,544.55718,573.37797,593.1391000000001,557.37946,567.00095,575.57764,222.76474,173.69539,259.94864,218.47737999999998,435.20613000000003,452.67005,585.4030600000001,345.36529,666.5187,629.96107,664.6869800000001,612.58744,492.00535,510.35062000000005,481.59211,467.89315,588.68672,587.2675099999999,592.79577,600.13333,644.28072,642.40294,643.124,632.56738,259.56358,239.31224,333.75777999999997,222.40055999999998,462.58633,415.09832,688.91389,622.01162,689.70768,681.38467,634.6416800000001,592.3089500000001,731.08482,697.25563,689.19154,700.57035,622.12917,610.8583699999999,509.05875,561.62519,0.0,2.9317519e-08,1.1217968e-08,0.0
515.07101,536.5332,515.6432199999999,529.53576,558.52566,560.46513,557.7907100000001,575.7184100000001,603.77395,566.42858,572.1790500000001,580.36883,236.36987,187.0402,254.38887000000003,214.12677,476.27497,392.5628,608.16611,388.22773,663.30182,625.9629199999999,682.92066,654.1241,509.01854,527.91587,487.7922,475.3599,592.66797,592.01052,608.51748,620.88033,648.84267,645.9238200000001,644.84402,638.05788,352.75223,240.847,409.68280999999996,277.93333,466.02014,380.58651,675.87386,591.08082,680.88054,676.8048,609.3354499999999,564.35448,733.8144100000001,712.60815,690.72231,723.51242,638.9972300000001,667.67322,525.79379,612.0285700000001,0.0,2.2736683000000002e-08,1.5931234e-08,0.0
522.31638,535.87733,519.7155700000001,547.86686,568.43135,563.88875,566.90159,580.43519,600.77696,575.06433,582.55452,581.1812,220.53886,189.73526999999999,225.65869999999998,230.57584,511.50277,485.48213,607.87574,465.06926000000004,685.51469,621.1314199999999,704.5786400000001,601.95654,524.68892,537.42273,497.40796,482.20766,625.24929,603.71601,623.7056299999999,627.1340200000001,671.47421,648.90968,667.54301,648.95462,298.45657,281.64871,368.65252,262.04143,484.46734,375.03864,683.2582,613.82595,703.4467,673.14063,655.20583,616.73949,739.54236,728.85873,724.20116,712.05036,673.67388,667.69077,538.81666,614.54638,0.0,1.8510182e-08,6.500691899999999e-08,0.0
533.6733800000001,532.69742,512.56242,577.51648,574.72978,571.08155,574.4236099999999,589.22835,621.1674599999999,581.80745,583.2711800000001,590.10106,239.25568,187.72028,230.50003999999998,217.83523,548.9717,495.78638,642.24452,461.56028,667.39594,604.32008,675.9635,666.6001299999999,525.3714100000001,538.70623,507.42499,506.04449,620.7318,622.7406,637.60611,655.59145,678.35461,661.3536300000001,683.16312,670.7151,293.13102,344.65385999999995,379.34569999999997,254.73553,425.44493,343.95105,705.66966,606.0603100000001,706.22541,680.85528,696.82455,660.9924699999999,745.99144,708.45318,737.54068,726.48919,686.66046,667.64753,538.51481,636.36895,0.0,1.5633452999999997e-08,8.2816958e-08,0.0
536.31368,556.80925,514.36481,581.6799100000001,581.57627,576.26684,578.81605,594.15228,628.7242,582.70007,593.09896,598.09614,297.38158,186.18591,295.66225000000003,204.32065,558.24619,506.20622000000003,659.12572,431.60668,683.43668,613.25987,710.04432,686.51835,512.12455,534.64367,507.51935000000003,499.28727,643.9987199999999,639.6891499999999,636.2199,674.90426,693.4776300000001,681.73551,688.77273,674.7550299999999,277.06825,314.93435999999997,363.3526,349.53216000000003,427.06711,284.76586000000003,713.2952,632.67212,741.86646,712.3459300000001,693.4472,655.9691700000001,781.78727,721.1144,744.09147,740.73872,699.9922300000001,701.94892,536.70589,647.28053,0.0,1.3766725e-08,5.3506249999999996e-08,0.0
547.5724,573.84771,529.92459,564.6129,591.73682,591.6673999999999,589.66273,601.6705900000001,641.6183000000001,592.3416,606.6676100000001,605.47442,279.42211,197.76178,306.52776,202.01219999999998,540.5039099999999,533.9326900000001,664.03582,456.11127,695.8923,682.03277,728.77931,673.39752,521.60674,549.60942,508.25469000000004,502.36173,653.10911,651.49109,674.40977,673.52741,713.69052,701.83785,704.65594,687.2443000000001,308.89243000000005,331.17586,348.53404,343.42900000000003,413.95065,299.83518999999995,708.7823099999999,591.5194,759.39336,688.69752,709.40849,665.83245,771.5661699999999,702.4131100000001,769.36509,753.42364,721.7569699999999,713.76549,551.21291,653.96804,0.0,1.1023552e-08,1.7505626e-08,0.0
554.67025,578.5479700000001,545.90756,574.63019,591.88662,598.37311,595.53419,607.71147,664.5087599999999,608.52588,606.70715,618.9209599999999,299.60510999999997,202.57044000000002,301.09136,206.41910000000001,591.18118,472.09628,630.49362,353.32243,697.05079,689.9476099999999,719.42251,638.8468,558.83404,561.3961499999999,527.78211,521.62348,664.71476,668.83708,684.8644,699.90536,731.02261,711.25627,728.9148799999999,717.93044,292.66729000000004,358.14612,384.38633,308.8867,488.77732000000003,359.5113,689.01727,595.8304999999999,762.09691,717.41893,735.34599,668.75696,778.98159,737.18723,775.8119,755.69463,721.9157700000001,711.93272,557.3911,667.06092,0.0,8.314935e-09,1.0636538e-08,0.0
571.47291,570.8514,575.5331199999999,614.3128,598.5808499999999,601.5706,606.8197,624.75787,675.90883,615.57248,619.0839900000001,632.13172,339.81521999999995,181.67893999999998,274.09805,207.1461,560.06025,487.9784,662.0445000000001,404.21018,749.87299,663.74677,731.46724,652.4154299999999,555.7656900000001,566.04849,540.10861,522.84668,677.88753,684.2003199999999,689.11774,711.31214,726.74254,724.2393,725.79256,718.52433,266.3319,334.23845,448.81729,303.24413,540.39037,419.08537,726.67903,636.38729,764.82244,692.36071,697.88289,645.83753,794.5263,790.66989,775.6970200000001,768.42862,732.7795900000001,732.40487,567.7244300000001,669.15896,0.0,6.6068283e-09,7.418117e-09,0.0
581.30567,584.4959799999999,563.2018899999999,616.76469,615.70691,614.88184,611.78504,631.6619800000001,687.48434,623.4872700000001,626.34003,645.08779,332.32747,185.71582,273.08695,204.44555,551.24391,520.84727,662.54636,408.01573,729.89761,624.44998,752.77576,648.2509699999999,561.022,573.44246,547.72186,536.11956,676.24361,684.2628,701.21704,708.53078,721.37839,732.3216600000001,729.34126,726.14646,287.56077,312.18199000000004,435.64867,423.09055,512.45797,403.33771,778.2078,640.54794,784.3065799999999,727.98889,702.60601,646.00987,801.3606100000001,760.66603,774.69493,776.91769,721.4093899999999,710.7461400000001,576.85525,639.15001,0.0,5.7433679999999996e-09,4.3598762e-09,0.0
579.47833,596.70714,586.95224,601.33921,625.27399,625.37084,623.21791,650.32578,678.40896,630.52217,633.6365,651.60307,363.01007999999996,201.59524,331.73163999999997,224.48705,532.81642,440.45879,700.49725,371.39617,718.37835,667.3120700000001,714.8768100000001,654.38287,578.41993,585.24739,551.09776,539.1870700000001,676.60082,697.31368,704.0030999999999,720.28291,721.08723,730.56535,730.1360199999999,731.16624,347.14149000000003,363.33318,450.47995,397.64887,530.8496299999999,371.09015000000005,723.56462,591.83377,785.35064,735.14878,730.5175399999999,654.43065,812.22734,767.7388100000001,805.22469,788.7157100000001,708.28853,686.6363,584.0637800000001,681.95741,0.0,4.9554865e-09,3.6645127000000002e-09,0.0
600.53027,619.38898,582.59902,631.49087,641.03625,636.26624,644.87743,659.54051,690.60561,639.3119999999999,653.01127,661.53622,414.7489,191.95528,329.71387000000004,252.72332000000003,578.92158,473.27407,705.2572299999999,360.80849,752.77099,729.8521900000001,739.18609,572.32355,588.9894400000001,596.69073,553.14045,538.8865400000001,685.9808800000001,696.05641,700.76518,716.2669099999999,725.14889,707.22247,724.14461,721.5440100000001,400.65590999999995,459.29737,438.1739,378.09835,531.60914,364.30148,769.86743,619.12746,793.99577,755.60033,740.33946,658.72047,863.4715199999999,797.93245,803.13955,804.5749000000001,728.22632,728.3357500000001,594.09527,659.24202,0.0,3.6676957e-09,5.77465e-09,0.0
611.6519999999999,627.22405,604.76279,650.52859,648.18055,642.37402,650.61576,668.24266,695.9618700000001,652.95929,666.0364,667.72511,426.45834,189.33010000000002,323.87215,245.16177,562.08997,504.60645000000005,684.6663599999999,411.40913,741.36388,727.3067299999999,789.62854,634.35684,602.2847300000001,608.7533999999999,575.63863,552.42116,689.25788,699.54864,699.03398,714.18065,731.88544,724.26442,736.4119900000001,723.29793,463.89107,465.47944,476.33217,362.34889,535.95646,321.69006,772.11681,637.4978600000001,791.59807,758.10732,746.9806600000001,671.10233,833.43353,830.36901,802.2003599999999,811.90229,742.57415,738.70747,606.5548299999999,669.19338,0.0,2.2733546e-09,1.4715136000000002e-08,0.0
620.31043,641.76473,601.14242,665.23217,654.7819099999999,660.73739,656.56248,670.94705,698.41276,664.00734,674.87092,671.55255,405.0121,187.62159000000003,318.75417,238.19895000000002,583.41961,512.92834,723.5951299999999,478.84141,729.24157,656.7571800000001,791.64265,708.59182,609.0777899999999,620.42602,589.19189,562.72523,712.02143,690.4020800000001,702.1544,721.54031,751.58377,726.7661999999999,745.34297,734.32499,352.4675,373.30872,555.2901400000001,333.18105,564.52575,445.14014,769.03463,617.8951,819.43624,771.6952699999999,752.91949,677.49795,850.67646,778.28524,833.52419,809.47852,787.69008,781.8260399999999,619.0354500000001,701.788,0.0,1.2831532e-09,1.0538876000000001e-08,0.0
634.2185800000001,642.51453,608.9132999999999,661.13016,661.47438,669.90252,670.35909,676.07421,705.07736,673.80143,673.55782,680.05737,339.30465000000004,203.03733,300.53017,240.89582000000001,582.12915,544.26585,738.81488,398.83673999999996,769.03084,667.38065,768.7452,737.4558400000001,625.0506,632.50437,601.6633899999999,568.46565,714.71556,717.79301,719.35882,732.22248,762.17674,743.43721,762.08291,756.9542700000001,342.38815,371.6677,496.81292,321.67289999999997,579.808,530.00369,783.74946,666.37729,828.45325,775.01758,783.54012,749.90695,862.81799,815.19559,849.54655,817.6334800000001,810.35744,754.57274,626.38227,688.54149,0.0,8.973144200000001e-10,4.3000997e-09,0.0
650.5598699999999,644.5995899999999,640.1282199999999,650.73002,668.48125,670.15065,672.8929099999999,683.71833,713.54579,679.30834,684.47832,685.0472599999999,316.32861,219.39138,344.90471,245.03178000000003,627.0806399999999,493.75624000000005,761.66389,388.89293,780.1588300000001,691.06376,768.93229,674.39297,637.00868,646.3171699999999,597.9488399999999,587.87421,707.48375,723.04884,731.00911,752.33389,772.40266,765.83071,765.4803,769.1238400000001,332.45378,417.67111,508.73072,467.85635,617.48909,499.00163,812.02527,683.41742,844.89324,812.2600299999999,787.64112,752.89027,862.11159,826.41566,837.07015,801.9562,794.26388,769.65004,641.1889,735.91066,0.0,7.094146700000001e-10,2.6327239e-09,0.0
649.3531700000001,657.55434,646.83326,672.73577,677.92697,673.52551,674.5747700000001,695.47127,737.53245,684.85204,704.25028,691.9261,416.84101,189.63132,444.65992,238.56798,624.1272200000001,496.88654999999994,760.60541,411.36866,763.07416,717.67913,825.82388,705.21774,638.79929,650.87581,616.9960900000001,610.0773,723.84931,746.1030000000001,756.21611,766.11825,804.9336900000001,787.29491,795.22418,784.22903,366.88939,450.59399,392.14159,432.23261,621.39666,559.34326,804.0880599999999,646.08601,839.89985,784.27058,800.00835,760.3705299999999,875.52271,835.47092,852.74822,823.7839200000001,809.62384,807.59789,651.10315,702.56856,0.0,6.030484700000001e-10,1.8493017e-09,0.0
659.67911,669.21793,655.9470699999999,686.0127100000001,687.509,679.04441,681.41462,703.5016999999999,744.5817800000001,699.1019200000001,712.27113,708.7078899999999,436.81789000000003,221.90447,458.57925,271.68656999999996,627.8897400000001,496.45500000000004,759.69522,481.15563000000003,765.04348,729.74035,816.84779,703.4040699999999,636.2468100000001,653.99293,625.2338000000001,611.49578,750.8457,765.48921,745.31345,792.18978,803.04828,783.958,812.66362,808.26369,325.29442,472.28541,409.38334,492.99662,580.8140199999999,518.8645399999999,807.66741,672.04873,852.26625,817.79896,757.3328,726.53845,870.03354,816.0177100000001,859.75753,852.18601,825.3894799999999,822.4816500000001,656.1604100000001,719.36927,0.0,8.8827302e-10,1.0628781e-09,0.0
665.8182300000001,676.76054,655.15967,703.12508,692.90529,703.3477800000001,692.36824,712.34768,753.76128,702.85057,711.46124,723.5631500000001,409.9025,272.14705,432.38326,305.73166000000003,638.93483,581.19904,767.57234,481.27527,797.1817699999999,709.7653700000001,821.80784,846.23145,636.26831,647.30921,633.85066,612.82363,757.86479,759.00417,765.43919,776.7933800000001,808.5026,807.94259,807.6492,804.3935700000001,428.82025,455.8167,498.42138,486.83446000000004,613.79857,582.4820000000001,836.76765,666.2870399999999,859.61267,813.6416399999999,782.47075,743.76201,878.2819000000001,835.3601900000001,877.7557,832.62674,802.67737,778.57367,665.5008200000001,731.91998,0.0,7.256131200000001e-10,8.3326556e-10,0.0
671.33396,681.48042,661.05692,699.07524,700.78436,710.53054,707.22227,726.00086,770.4534199999999,716.78387,720.5852,728.65102,364.87766999999997,231.35018,413.06887,315.33777000000003,607.41625,656.60969,729.7645,424.97215,795.66126,769.65826,825.81051,734.14697,661.5817900000001,667.80809,650.93591,638.3088,778.41371,770.87716,786.80373,798.7930399999999,813.51345,801.7717,817.29245,813.65868,372.4803,375.22502000000003,404.50957,358.64883,647.9096,648.46567,837.59643,668.8575,856.59829,829.90303,781.59515,757.07881,897.6281600000001,865.18249,866.88383,863.5778799999999,820.86648,824.97436,666.36572,739.73973,0.0,4.59474e-10,7.458479400000001e-10,0.0
679.40328,696.38779,682.1166499999999,725.8661,708.23492,726.79832,714.77478,737.65788,774.72291,725.6944100000001,731.8108500000001,745.82387,390.45256,239.12241,389.91461,274.67926,564.7621800000001,578.8764,755.11323,456.96015,812.91904,768.12486,828.31777,738.4153799999999,682.0686900000001,686.2591100000001,643.8888499999999,646.55756,785.53955,777.05397,789.60073,795.38318,836.78019,824.3435000000001,820.84002,815.38739,370.62559,388.08570000000003,565.11661,340.46876000000003,660.9029400000001,653.96181,789.24659,583.35929,881.91518,854.6649299999999,820.82443,780.09059,897.7776299999999,883.16499,895.14485,875.33019,856.2566899999999,832.06696,681.16586,758.5675200000001,0.0,3.4596446000000003e-10,5.927650900000001e-10,0.0
694.7136399999999,698.61364,689.32627,721.21622,720.07579,728.17008,719.89881,746.6887499999999,787.76203,735.29205,740.6084000000001,752.11784,441.82679,235.16746,418.74138999999997,329.31232,603.8777,577.7705,797.9049,452.67213000000004,824.43032,753.83989,844.78006,770.51095,686.45719,693.88414,651.41578,665.42747,775.26933,792.06641,796.76784,823.7962299999999,846.65651,844.67668,848.0748600000001,843.25496,352.95385,432.40937,585.02633,479.20787,608.70516,557.16505,748.01277,652.3662099999999,898.74451,845.7420500000001,859.88202,805.5002900000001,920.81844,876.70597,904.38674,882.45418,848.8265,832.51411,693.72811,760.6499799999999,0.0,2.6217147e-10,4.3346822000000004e-10,0.0
701.2589499999999,710.22357,695.3100599999999,728.6092199999999,731.4060599999999,733.5117,734.3814699999999,751.0742700000001,778.5980500000001,747.5438700000001,760.66706,756.75699,424.03877,230.86183,339.91296,294.84747,639.57603,654.66841,737.62443,445.28439999999995,821.83655,774.79617,865.35607,706.23045,693.9841600000001,708.04232,673.25336,663.28158,780.85128,800.35655,802.37222,831.3752900000001,857.44895,848.60565,851.8967,842.7495200000001,467.67425,478.23581,555.12061,402.71823,611.88608,548.01815,852.48897,693.80944,890.7118800000001,841.131,855.41315,793.3603,935.61888,924.2918099999999,899.6975199999999,900.64996,859.05841,863.12319,708.25856,803.47508,0.0,2.3878496e-10,3.7737549000000007e-10,0.0
705.18291,724.33344,700.89819,748.14458,748.50924,752.9645899999999,752.9590400000001,769.5944099999999,796.08113,753.4052999999999,769.00745,768.8285099999999,417.0962,224.73352999999997,359.48731,258.67881,647.56275,656.30307,756.4493600000001,494.95965,799.51394,764.48702,859.1241200000001,752.7297299999999,709.11218,717.82945,679.11032,680.27291,787.8272000000001,829.43962,822.8945600000001,841.20776,867.8786299999999,840.93848,862.83186,859.1269299999999,537.8126699999999,489.11400000000003,582.50427,444.11043,648.68207,592.26072,912.4097700000001,819.23287,911.8854,891.53587,865.07554,801.8488600000001,945.9045100000001,903.50261,904.35084,911.96922,872.0797,871.27314,711.63395,779.4246,0.0,2.1878399000000003e-10,5.466714e-10,0.0
726.40199,742.41792,716.49281,744.5516799999999,751.52539,755.02785,762.47861,776.34525,822.01132,762.5433400000001,778.1826599999999,780.00373,411.73535,218.03481,368.20356,281.66235,675.55358,653.1703,811.88603,543.82961,846.96172,758.34268,855.34275,760.9416,713.47978,729.31631,681.9525,671.03556,800.93173,833.31895,828.72168,842.97336,854.82419,853.65588,869.2492100000001,861.94948,466.9194,465.31501000000003,522.6290300000001,372.76798,596.03761,620.11166,910.14338,685.10721,902.32253,865.87864,854.3367900000001,824.69692,948.80729,908.44194,920.29156,913.96308,878.6531200000001,820.6657600000001,716.046,800.55461,0.0,1.8293512000000002e-10,8.776916500000001e-10,0.0
731.61978,759.6778899999999,723.2983300000001,771.17784,757.50983,776.22468,777.9544599999999,786.0935800000001,808.3369799999999,776.47469,782.3636,791.0688799999999,417.53995,251.24307,377.12199000000004,292.84794,695.08934,660.13911,816.44287,500.12943999999993,901.33421,796.4488399999999,846.00075,851.99648,722.79377,727.84091,700.0669399999999,693.13029,824.99316,831.64199,844.73569,855.57167,864.99863,849.0802,862.15815,850.01809,441.78592,494.85605000000004,477.40508,485.01536000000004,688.09287,559.31534,928.29223,713.95189,919.08721,878.938,847.91554,834.8230199999999,944.7108199999999,918.2835600000001,933.73021,919.4816599999999,830.2997600000001,830.28944,729.81205,819.24969,0.0,1.3145283000000001e-10,1.3563028e-09,0.0
743.72345,758.06319,732.01995,771.7818900000001,773.08381,782.68181,791.32392,799.00141,828.31384,789.67164,792.22168,800.5333400000001,410.86977,283.0267,420.91902,289.86103,700.5320200000001,661.64827,805.01597,572.7491500000001,892.6098099999999,806.28601,907.0178099999999,852.60992,725.08474,721.93841,711.2730700000001,696.77863,834.29646,838.10568,851.48261,857.90469,892.65522,871.79925,881.51046,866.7929399999999,420.07477,481.5808,592.97115,545.42827,722.70506,584.15002,910.39181,762.43092,935.75323,916.27457,865.5868300000001,837.66471,961.02848,932.9758,936.1499699999999,917.27608,884.11082,888.74653,735.90941,802.6701499999999,0.0,8.3057108e-11,2.2548382000000003e-09,0.0
750.18421,757.73961,757.19426,775.88145,782.6819800000001,791.1028600000001,800.26421,798.5634,838.97924,797.0361800000001,802.17572,804.4510700000001,449.31329,271.44084000000004,483.14754999999997,286.52176,701.8883,632.14336,845.27548,454.91978,888.54161,846.3091,876.2619699999999,755.21601,741.99167,752.66775,711.1033199999999,700.75844,833.13141,850.5128800000001,851.97838,870.4651200000001,900.12733,883.06546,898.34894,891.63815,460.25073,413.44255,547.31348,448.95268999999996,729.28254,678.27363,898.63485,773.9871899999999,944.8085100000001,919.97755,902.52265,795.26098,986.6512200000001,930.9552900000001,947.57801,934.83981,912.57861,900.38454,749.6953,818.91958,0.0,5.2228885000000006e-11,4.0202883e-09,0.0
764.27764,771.54305,750.9744599999999,801.19351,793.27563,796.18597,802.41446,808.25374,856.12501,802.32438,806.69912,811.36396,468.50373,271.31851,446.3732,291.22884,681.53814,655.47326,833.42618,516.17593,889.21767,830.6035999999999,905.54654,835.6862199999999,753.7481,769.8736200000001,727.92838,712.31156,844.16966,857.42646,870.76313,880.97154,905.62311,890.91499,911.48917,895.8889499999999,492.4803,410.14741999999995,635.16156,479.89689999999996,759.8174,660.81934,939.7198000000001,811.53193,962.08438,946.41769,910.64684,806.51509,985.14679,952.7040900000001,966.5952299999999,936.47582,916.0720299999999,891.5042900000001,762.20411,829.8317499999999,0.0,4.0647617e-11,5.160284000000001e-09,0.0
772.68533,781.03333,753.61669,800.83706,797.07455,803.86911,803.2867200000001,820.77037,871.4947000000001,804.35362,811.3764600000001,822.8534000000001,435.11744,250.0187,464.26448,316.12568,703.0107,636.61226,838.0375799999999,469.15744,905.75905,888.13403,889.95397,812.62892,762.0529300000001,777.8140800000001,734.67306,723.92452,860.62278,861.9116300000001,874.3573700000001,892.75663,904.3235099999999,896.9000100000001,902.5368,899.30327,455.75665,428.99391999999995,725.08052,622.2562999999999,734.32899,589.01755,901.80929,814.30809,951.49044,951.85292,900.66057,812.43398,983.47438,943.06277,964.10661,957.86942,912.27903,884.18503,768.0462600000001,856.22654,0.0,3.6578791e-11,9.430121600000001e-09,0.0
783.93342,793.58994,756.8956499999999,821.73411,806.52289,816.7443599999999,813.56606,832.30947,870.9261899999999,815.82084,821.40778,837.1025,450.22462,273.70093,540.9479699999999,321.28162,745.29297,565.0922400000001,837.0187199999999,623.26606,929.68192,840.62911,880.47189,933.96432,771.75871,781.0913999999999,738.50875,731.20127,872.68161,871.3763,874.8087499999999,895.30356,884.1907,893.2289000000001,893.65206,890.92129,510.17887,518.81092,724.73163,588.1850499999999,619.78092,497.78049,938.59784,837.60678,957.8097300000001,942.60596,914.21922,828.72198,983.6384200000001,967.52611,964.43367,975.58941,891.71101,840.7985299999999,779.50953,864.02471,0.0,3.4051345999999996e-11,2.3807279e-08,0.0
790.9804600000001,802.45464,770.1183299999999,819.75461,815.95578,829.3417300000001,827.2474100000001,842.66706,869.10307,829.33926,829.34182,847.86654,470.77714000000003,255.59444000000002,420.69311999999996,289.30204000000003,831.96788,697.98071,847.28027,543.23654,940.95458,849.93161,893.24941,1053.5491,777.65037,788.40535,749.9471100000001,742.1933,855.97126,884.0206,884.99983,890.84418,913.3149500000001,884.0104,904.0871900000001,885.8429199999999,607.6660599999999,582.54266,631.12423,470.15495000000004,650.80304,398.73161,954.8969400000001,915.18043,946.5253,947.64956,893.4354900000001,859.56405,975.72382,935.8769900000001,934.6045799999999,956.46608,898.47871,897.73852,788.67011,855.1379900000001,0.0,3.2917779e-11,4.3723123e-08,0.0
798.43962,804.51977,803.6313799999999,811.23405,829.78066,831.64247,835.46992,846.8079299999999,847.509,837.1080000000001,838.63585,849.6308499999999,569.5807,281.3635,454.95413,318.07586,827.4677,708.37941,856.4674,477.28249999999997,960.91986,883.19536,898.24602,857.16663,723.37776,672.11761,763.43652,753.48186,842.68889,879.93084,858.05894,893.54403,918.32764,889.33039,915.45549,910.03788,684.0111899999999,584.39517,670.02321,593.16318,670.6082200000001,410.93964,963.4906599999999,918.36931,962.24547,937.45568,878.1009300000001,778.57687,1038.2878,986.7099,974.5551399999999,927.0123199999999,935.5121300000001,915.3873199999999,798.25189,869.5130800000001,0.0,3.6532126e-11,1.5362137e-08,0.0
809.7076599999999,815.7526799999999,809.34803,824.93758,840.56039,839.48991,839.4217199999999,853.3918600000001,879.0830699999999,844.40935,845.58036,851.76245,514.8317099999999,258.01543000000004,454.38069,310.20696,841.5129499999999,750.06103,914.1182600000001,487.38313,937.00768,916.16802,926.57823,944.17869,724.15252,731.89016,771.1060500000001,760.05509,856.4383799999999,881.65996,869.35847,905.0076,923.68809,910.0440000000001,941.43788,935.07409,556.48176,540.36411,681.32516,592.00784,709.81948,546.01402,935.6926599999999,887.68742,992.2589500000001,1000.6848,917.76808,837.7358099999999,1001.4059,972.52291,968.79362,964.69134,906.8895200000001,864.24861,812.1225800000001,860.6530799999999,0.0,2.9963871e-11,1.0623909e-08,0.0
819.73211,829.456,803.30873,832.5691300000001,846.6344700000001,850.2361,841.76028,856.80324,890.95021,852.75072,860.4854,862.3631,504.44346,269.95687,431.19907,306.90458,762.75753,765.55055,908.28332,502.48839999999996,971.39427,936.22553,953.38777,903.4928600000001,801.15177,814.8135699999999,775.13357,777.73693,871.47092,882.8001200000001,866.30941,893.6654,943.91296,910.2386,920.1743,919.4885499999999,555.53052,555.64203,485.85936999999996,475.93473,753.1646499999999,725.20335,983.34242,929.85143,1006.2328,963.72486,892.51464,867.93408,1035.6825,1030.3938,1006.8633000000001,965.98172,940.37658,939.75658,816.49744,866.35282,0.0,1.8182186e-11,1.0224724e-08,0.0
827.58795,839.00285,815.6291,849.97751,851.38165,858.68139,851.5133099999999,866.61697,883.93852,859.33551,864.35437,867.46478,403.80816,357.27892,480.91774,316.14255,728.77797,707.27368,902.1758,526.44566,981.07897,899.5941200000001,942.12401,894.77967,806.13989,825.24698,795.07398,787.73851,884.8835,879.87039,878.49686,911.77234,992.22871,963.79724,983.4582399999999,959.66677,522.3421099999999,521.4434,498.17641999999995,460.87765,820.43997,784.47239,921.7761,782.6463200000001,997.69128,970.65686,969.38653,915.32596,1067.7464,1030.0947999999999,1002.7561999999999,999.2875300000001,965.3181599999999,927.34276,822.35684,889.33912,0.0,1.5029247e-11,1.3300894e-09,0.0
831.7421800000001,836.6848500000001,831.26153,848.45282,858.2283199999999,860.80818,863.3129799999999,872.2935299999999,891.6633899999999,865.2994299999999,875.94473,879.4295099999999,447.45696,294.91387,482.9608,301.43853,722.37596,713.67603,893.98835,587.1592999999999,1005.7218,895.75794,948.96996,868.69871,824.0178599999999,837.90032,799.61626,786.14926,885.59533,919.4397,904.2264700000001,918.64203,989.5805500000001,975.85694,987.52028,983.1073999999999,502.88131,485.7138,609.18957,490.24123000000003,835.5162,691.3367,938.0056,757.9984099999999,1028.4369000000002,995.5542100000001,917.78867,886.7011100000001,1052.1776,1011.1650000000001,1010.3205,1015.4842,968.85754,941.01636,831.19234,898.04672,0.0,1.0860010000000001e-11,6.2987599e-10,0.0
839.0448200000001,840.16132,832.31769,872.00929,865.26035,868.37811,867.1787300000001,883.40263,925.5211800000001,871.0296800000001,876.90881,886.6059,401.18312000000003,285.3061,538.81405,303.32219000000003,775.82301,676.6941400000001,909.9156300000001,580.05099,996.8287099999999,936.81821,888.3670800000001,957.37185,834.62223,844.4762,812.3373,801.44117,897.5613,913.38175,912.5578099999999,951.16352,987.67847,978.7389499999999,991.0108399999999,977.50047,467.15734,502.75953999999996,704.1836000000001,432.11756,817.13485,732.7303700000001,928.11524,774.9769699999999,1038.3731,1024.7193,969.67374,914.8048,1065.9038,1027.7625,1026.4546,1015.3297,974.84554,942.45902,837.63202,924.07927,0.0,6.954068999999999e-12,1.9746944e-09,0.0
848.41742,861.64018,829.18724,876.64608,870.75397,876.6985000000001,870.78487,889.25144,938.62572,884.1844699999999,896.22612,897.6624,456.60353,317.41267999999997,476.747,319.83910000000003,823.48459,525.14648,966.94294,774.5894199999999,985.6538299999999,862.01026,894.74321,1033.0781,838.91565,848.90379,823.38436,813.93801,928.83794,921.0849300000001,936.3307400000001,950.9137599999999,970.12217,980.8500499999999,981.43313,987.3618299999999,464.47243000000003,542.8838000000001,668.51225,481.08241999999996,839.70803,659.0158,967.1248800000001,889.75255,1003.1339999999999,1000.6057,977.5283499999999,947.34586,1018.6932,991.56196,996.5491899999998,1005.6470999999999,946.3644999999999,909.37342,845.29546,931.28353,0.0,3.6178141e-12,4.2597594e-09,0.0
859.5986399999999,876.19146,839.65112,890.34974,878.7986900000001,894.55394,881.46085,905.28087,940.46748,890.54466,907.55233,907.06932,463.38397999999995,311.24197,515.2419699999999,346.79145,954.54587,557.10376,925.97273,863.88617,964.7617100000001,1022.7368,979.36207,927.0381299999999,850.8496299999999,863.98119,826.4857400000001,831.29864,919.99793,948.12533,945.09267,959.67221,962.32284,953.2900599999999,960.50825,954.7302,486.91391,581.73847,816.7629999999999,671.32086,857.35997,619.8765900000001,967.4431800000001,962.2602899999999,987.6639500000001,993.96262,936.3687199999999,909.4342800000001,1012.6607999999999,1008.5378999999999,1027.7140000000002,992.6620399999999,960.61631,953.4799700000001,855.31868,915.34485,0.0,2.0785081e-12,5.8880975e-09,0.0
856.51141,879.3730800000001,854.3766099999999,887.7519599999999,887.3514200000001,894.13815,890.19532,911.25378,920.49923,903.41269,908.07708,915.4116600000001,535.69616,317.85856,457.34589,361.0089,943.94516,520.87678,955.5625500000001,685.5833,982.4693900000001,905.57556,1003.8715000000001,1046.0437,855.9952,865.13696,828.9210499999999,847.7932900000001,919.78619,930.8127,929.55472,947.2046700000001,963.64269,958.6820100000001,971.29976,965.27292,592.02736,593.15278,857.41152,652.30001,811.30367,576.11108,897.02543,844.506,998.4755499999999,1003.7659000000001,930.4151899999999,921.88545,1018.5192,1014.6045,1007.5688,1005.3430999999999,1002.4914,993.71394,860.45898,918.60016,0.0,1.8011016999999996e-12,4.653123e-09,0.0
859.67821,877.0712199999999,871.14794,903.90951,899.82731,906.7719599999999,900.2322,920.28228,924.13353,903.50171,908.09989,917.35551,635.94912,339.03761,467.75428,399.47901,946.792,593.92888,917.7027400000001,843.08721,991.81403,1024.7124000000001,980.5921900000001,1124.4903,860.6125999999999,874.32646,844.38118,837.15181,942.87855,919.96001,937.1384499999999,940.8620400000001,997.4053599999999,968.65074,987.58311,963.3407000000001,699.6926599999999,684.14759,861.66962,633.58511,794.5654800000001,614.79529,943.39667,949.00925,1010.9775000000001,995.3379600000001,971.4199600000001,884.42473,1027.7794000000001,981.9945100000001,1049.8551,1032.5254,1027.6892,1004.8703,867.26639,928.24811,0.0,1.5609334999999999e-12,1.2485429e-09,0.0
878.28287,897.14085,878.27316,908.41219,907.21411,909.3175600000001,909.12972,916.53188,939.0110699999999,913.4595899999999,916.49122,915.61789,679.21397,436.93825,521.18005,406.30884,955.87066,653.7679499999999,866.2192,723.56381,1001.6682999999999,1100.387,1014.2276999999999,1086.1396,868.0423,885.24006,862.64167,860.26625,973.10903,933.6071900000001,959.9454900000001,951.61375,982.6345699999999,978.7770899999999,990.5481199999999,982.4087300000001,864.61189,749.5030099999999,849.41035,749.01792,823.4467000000001,741.30359,1019.7826999999999,987.58175,1037.8995,1028.8094,1025.193,980.3982900000001,1052.9579,1014.7099000000001,1066.1134,1066.2699,972.9841200000001,926.2355500000001,881.77722,944.41412,0.0,1.6094662999999999e-12,1.9468548e-09,0.0
903.276,905.7407900000001,880.79716,917.73177,914.91891,916.11464,918.27009,923.8014900000001,962.39626,917.26249,922.19969,926.8028400000001,655.54964,351.1497,555.4237700000001,399.3238,923.84794,731.77156,971.10813,1024.9110999999998,1078.0439,914.28516,1046.1988,1134.7799,873.31304,905.7812299999999,857.10544,891.5259100000001,959.6571,956.72079,976.11632,980.2794399999999,947.18184,961.12371,963.8300499999999,973.5923200000001,789.34123,722.96603,832.7777100000001,683.04122,898.68867,869.87956,1068.105,1039.1701,1040.2072,997.7179399999999,1007.8285000000001,997.7670499999999,1102.7229,1102.0865,1084.2376,1036.5312999999999,955.07743,899.27437,898.87273,972.83326,0.0,2.8282901999999996e-12,7.9756854e-09,0.0
900.0114,911.05255,886.7792499999999,921.90725,918.81769,921.3111700000001,922.74101,935.68957,956.7512700000001,927.53468,928.21898,935.3882600000001,666.27106,341.91533999999996,557.4508900000001,403.77589,936.64334,770.6530300000001,972.85647,935.77563,1091.9932,1024.3328000000001,1122.2747,1054.6586,890.6154399999999,912.18401,876.37266,907.67942,954.85468,961.14823,951.2162999999999,956.03664,967.61018,955.2955300000001,956.43614,941.39338,791.64715,729.76366,845.16327,639.14175,904.63999,686.33698,1098.2189,1078.1861,1024.7091,966.73728,990.4098399999999,979.1836300000001,1118.1927999999998,1114.2272,1078.8878,1064.3054,1055.1123,1045.2818,898.90943,953.70148,0.0,3.5719264e-12,1.4986443e-07,0.0
899.3191,913.06727,917.65359,925.27881,924.1746999999999,925.99917,935.73901,942.36241,946.88194,928.35703,930.00003,941.37485,656.1249899999999,361.38634,557.83979,396.77042,1005.6030000000001,636.22758,976.08867,941.25441,1091.3238,1028.9768000000001,1093.8735,1048.1811,883.14396,907.86937,881.76126,885.20148,981.2623300000001,950.5096,976.27756,968.86524,995.30309,970.81378,1011.8448999999999,986.68516,846.27371,844.3244100000001,854.78298,764.53387,751.94359,567.70322,1100.3492,1077.8121999999998,1093.9015,1073.4116,984.4144699999999,946.69776,1142.4532,1129.3754000000001,1122.5324,1051.4404,1087.0289,1090.8167999999998,902.4184200000001,937.87146,0.0,2.0345842e-11,1.2718126e-06,0.0
916.40275,918.06191,924.64145,934.35697,933.55894,935.5267200000001,936.65951,941.80511,963.28718,938.49463,936.06448,939.35733,740.3425500000001,366.21916,613.3875999999999,400.11978000000005,983.0734699999999,697.87776,907.4541300000001,899.3789800000001,1103.3705,997.53312,1091.7750999999998,1124.5609,899.77357,912.6354299999999,882.95197,879.50325,965.415,963.20516,966.77747,977.4554,1020.0666,999.9593299999999,1022.5197,1017.2637000000001,854.48855,793.6357999999999,752.5671699999999,667.7381899999999,684.6815799999999,556.46021,1117.4506000000001,1104.8461,1081.2625,1076.8288,977.09176,928.27077,1121.7821000000001,1114.3974,1105.6472,1099.8492,1077.2794,1043.3048,911.48262,961.98167,0.0,1.7802468999999998e-09,1.9392842e-06,0.0
925.73258,927.19568,913.35945,938.6826699999999,940.49355,940.58786,938.22667,948.2677199999999,976.76188,943.53553,943.6379,952.95525,716.11533,369.39022,636.77051,427.71078,1006.9096000000001,864.0796399999999,925.64562,857.13553,1117.3351,984.4446399999999,1047.8919,1260.5824,901.52359,895.96154,887.41207,884.75163,972.03925,966.2053000000001,974.4463099999999,983.8096300000001,1026.823,1022.5423000000001,1023.2564999999998,1021.8303,888.4846699999999,783.9873899999999,688.3318899999999,730.79947,809.392,673.3122,1109.8143,1079.7684,1112.5237,1103.7665,1042.6749,979.1286999999999,1119.5828999999999,1124.0679,1103.4814000000001,1081.9012,1053.3882,1011.591,920.9135600000001,956.4481,0.0,1.2827707e-08,1.8040956000000001e-06,0.0
924.2055300000001,933.14619,911.2067199999999,943.40641,939.0652600000001,949.4799899999999,945.74172,959.2983999999999,988.29949,946.7925799999999,951.59878,957.84144,731.83119,423.48909,619.28766,423.91351999999995,1000.0167999999999,831.97949,1027.6802,806.98262,1134.7296999999999,996.24603,1067.4187,1154.1142,915.78641,924.6355599999999,886.94923,898.00833,964.31998,977.6385799999999,969.89543,993.14262,1078.006,1053.3425,1072.8954,1028.1483,896.5292800000001,755.0141,766.15748,651.42847,801.5642399999999,732.63411,1151.5520999999999,1096.3990000000001,1111.2350999999999,1115.5037,1058.0265000000002,1017.2514,1157.1924999999999,1155.4703,1076.6716999999999,1101.2993,1057.6523,1029.6201,927.88173,979.0046100000001,0.0,4.6104613e-08,2.1999087e-06,0.0
931.45018,934.20488,918.4252,946.8800299999999,945.69223,955.69979,950.1985099999999,961.16694,986.1181500000001,953.04931,962.69337,961.4023599999999,737.1693,424.33637999999996,632.32281,421.28521,959.98793,913.4528899999999,1028.4265,744.51158,1118.1755,1199.2773,1102.4974,1007.7090000000001,908.1955300000001,899.13242,900.80446,897.4815,963.0047900000001,989.01136,984.1326699999998,987.80294,1042.1055999999999,1049.7121,1040.2177,1038.9903,879.27904,749.8162599999999,780.63824,693.05101,864.20245,635.91202,1140.197,1118.2457,1102.3228000000001,1129.3419999999999,1027.0831,995.4710099999999,1131.7694000000001,1122.7832999999998,1088.595,1137.2426,1052.5584000000001,1059.276,929.68699,975.58728,0.0,7.7056702e-08,4.7217662000000005e-06,0.0
933.8081,938.56136,929.09518,960.6479099999999,951.8634900000001,956.90993,953.39428,969.16619,1009.4549,958.71876,971.77951,978.66318,694.11701,416.10343,640.66891,476.97364,918.54218,664.3462,1003.1058,959.49883,1123.191,1256.4551999999999,1145.9397999999999,1069.5638,929.85128,939.13184,926.72352,907.2585499999999,1029.1714000000002,994.88317,1023.644,1028.5611999999999,1072.8979,1052.7730999999999,1067.9753,1057.3150999999998,925.81206,731.7460500000001,902.31864,780.48265,914.42381,820.2175400000001,1182.879,1096.2331000000001,1147.6578,1102.9044,1085.4506,1020.329,1237.8209,1184.8941,1178.1113,1134.5334,1111.3834,1109.8145,938.51488,988.61978,0.0,6.1637686e-08,1.3955392999999999e-06,0.0
950.7911399999999,947.3787199999999,947.4284799999999,962.10489,958.64406,959.65175,960.7789399999999,983.0155199999999,1031.3846,968.04423,974.64821,987.81015,615.80691,347.25142999999997,717.9992100000001,502.92665,941.88801,594.74694,1080.5713,955.55299,1137.6371,993.276,1079.8158999999998,1055.9648,936.8469600000001,955.78467,941.3480900000001,956.27562,1065.0031999999999,1022.9308000000001,1063.6717,1054.9864,1149.1422,1094.8515,1131.6483,1085.7060000000001,839.1668900000001,736.63754,962.13134,809.0950200000001,984.7525200000001,1031.6307,1039.6836,919.8423300000001,1180.7996,1187.6698,1095.6709,1066.4372,1162.6588000000002,1126.3417,1190.0656999999999,1155.5708,1162.3188,1133.7712000000001,946.25445,1035.6854,0.0,4.0306272000000004e-08,4.5642066e-06,0.0
952.38955,958.18225,948.0259,974.69598,970.03247,972.73662,969.52997,992.20171,1059.321,980.7141300000001,991.84779,1000.0231999999999,715.61614,319.67401,772.823,463.89429,978.7966500000001,649.74287,1042.6271,948.8015,1145.8558,956.68187,1098.2439,1144.432,945.36049,968.0377100000001,948.52879,973.03482,1049.7117,1057.9186,1081.0240999999999,1104.0307,1122.7201,1112.0163,1124.8805,1119.5915,853.34788,786.33389,961.08354,834.48502,972.78685,960.9726999999999,1019.4974,974.8360799999999,1083.9799,1083.4128,1097.4616,1098.5514,1135.7733,1147.6865,1148.5325,1166.1001,1150.2058,1108.0496,952.74315,1058.8831,0.0,3.1392424e-08,1.7044271e-05,0.0
962.51738,970.34555,942.3221199999999,992.93975,977.89345,999.512,982.18347,1013.9331000000001,1031.8833,995.1555999999999,1019.6147000000001,1021.4047,709.69459,331.23787,796.72868,430.48211,1064.4284,785.48192,1043.8942,1033.0967999999998,1111.3817000000001,1097.4884,1059.9039,1358.0946,959.7796099999999,963.7341700000001,943.96912,970.54369,1050.8352,1081.4977000000001,1073.6490000000001,1092.2060000000001,1107.6491,1115.7511,1105.5704,1107.6606000000002,909.29116,859.21051,991.4874599999999,907.61158,867.77365,688.01824,1114.9778,1082.2116,1133.0430000000001,1124.9624999999999,1092.1957,1071.7709,1167.1413,1187.0961,1176.6067,1131.9728,1124.2492,1115.0939,954.8476400000001,1043.329,0.0,3.9884517999999995e-08,1.3589171e-05,0.0
965.63224,978.99057,954.24678,994.2463099999999,984.64087,1004.4171000000001,1005.5906,1023.3334000000001,1057.6290000000001,1017.4326,1017.1188000000001,1022.1366999999999,707.4592299999999,536.59612,696.9762999999999,413.52072,1172.5983,824.74425,1024.4834,967.87335,1153.1880999999998,1119.7568,1084.2609,1249.8673000000001,961.85575,959.4459499999999,948.9458500000001,971.16765,1044.2891,1064.2383,1059.7498999999998,1081.9331,1126.1162,1110.7173,1132.9037,1124.4318,1033.9507999999998,882.65035,931.13099,808.18218,823.70085,715.77939,1211.2469999999998,1169.9311,1191.2661,1159.6088,1097.6413,1062.0530999999999,1321.6353,1223.6088,1218.6706,1141.0895,1165.7322,1047.7323000000001,964.37944,1042.1951999999999,0.0,3.0601017e-08,5.3162541e-07,0.0
969.18786,996.2314499999999,979.5228999999999,1027.2945,998.1874200000001,1020.1247999999999,1019.3744999999999,1030.3017,1053.9945,1018.3709000000001,1026.2908,1038.4291,667.33385,504.40412000000003,616.03013,435.90783999999996,974.792,1056.3817,995.71715,967.73936,1169.8577,1126.9366,1173.9307999999999,1157.1196,943.02391,961.05129,962.49177,978.0444499999999,1054.9519,1052.7060000000001,1039.4476,1059.2170999999998,1090.6173,1110.9780999999998,1083.1784,1089.8506,809.8827,777.98104,791.12031,624.14212,961.75986,778.81844,1180.6575,1099.4100999999998,1259.7763,1099.5176,1128.4279999999999,1055.8086,1283.0743,1252.5251,1164.5386999999998,1212.3816,1066.6662000000001,1047.5269,981.06495,1047.7403,0.0,2.3052819e-08,5.479478e-07,0.0
978.88275,1021.3691999999999,976.3535400000001,1031.4653,1008.2289,1031.2073,1025.4309,1037.5451,1048.6245,1028.0362,1027.9702,1041.7939999999999,671.56556,443.62305,617.1335200000001,437.9573,867.2078899999999,903.1930600000001,922.62136,1222.6848,1157.8177,1010.2753,1240.1081,1286.1836,980.84484,986.1304100000001,973.30102,976.6127,1033.4782,1037.6257,1051.8903,1062.6942999999999,1077.538,1085.6981,1077.5472,1075.4854,854.57498,823.6755099999999,746.64177,835.25659,899.66731,668.94709,1180.9750999999999,1093.5617,1145.4723,1140.7081,1072.7194,1027.2745,1225.6464,1223.2024,1178.4587000000001,1202.4379999999999,1069.0966,1102.2466000000002,984.14623,1028.5413999999998,0.0,1.78454e-08,5.2989689e-07,0.0
1001.6895,1015.8362000000001,989.1547800000001,1027.5741,1028.7199,1025.7335,1032.7527,1038.5252,1046.7437,1030.3832,1032.6329,1042.5245,761.63594,523.27834,823.36808,455.27817,1083.3849,832.6635,1066.5394,870.54479,1169.2711,1061.4014,1208.5509,1228.0693999999999,985.1814,989.88678,966.97188,962.3267000000001,1038.2203,1034.0803,1043.6918,1046.8312,1101.2123,1081.0043,1089.9943,1073.0155,1097.1157999999998,987.53866,933.18324,877.27327,963.6039800000001,893.63697,1222.3257,1145.2193,1170.8147000000001,1164.2236,1069.2874000000002,1028.4670999999998,1279.3094999999998,1252.332,1221.6006,1251.4438,1122.0666999999999,1125.9193,995.95598,1030.7173,0.0,1.7779767e-08,5.1544039e-08,0.0
1007.5866,1015.1954,1009.6205000000001,1024.0725,1035.8636,1026.7329,1042.7068000000002,1041.4832000000001,1059.829,1033.6655,1036.9123,1043.9044,688.49284,626.81849,899.08119,557.90954,1032.0519000000002,750.9675699999999,1131.2951999999998,1065.7332,1144.3476,1083.2763,1188.7887999999998,1138.7846000000002,995.10723,1014.5264000000001,990.8338400000001,980.6138500000001,1083.684,1044.0403000000001,1051.0794,1069.5538000000001,1102.0327,1104.7998,1106.9123,1115.7885999999999,1115.6891,785.69496,976.59018,924.42953,1024.9341,1053.6785,1260.9418,1154.408,1256.7758,1237.999,1175.6316000000002,1062.7407,1271.605,1208.0397,1251.4119,1262.1174,1139.0403999999999,1091.3069,1013.4803999999999,1049.8419000000001,0.0,1.5545612999999998e-08,2.5196918999999998e-08,0.0
1007.5416,1019.3608,1000.3272999999999,1036.3979,1037.4303,1036.8652,1042.8562000000002,1043.8659,1081.5756,1038.7964,1044.8025,1047.8837999999998,633.0315899999999,425.68003,884.04962,556.58331,1006.9603,936.47675,1090.9293,1044.4667,1157.5053,1113.2318,1209.5469,1084.1784,1001.7574,1025.3096,1014.1996999999999,1020.5109,1115.8151,1076.762,1093.102,1090.9115,1097.5734,1096.8790000000001,1102.775,1107.7169,902.04329,724.71758,1017.5778,805.19453,1033.2628,1021.3364,1007.9677,984.77176,1186.4422000000002,1113.2039,1145.5040000000001,1091.3184999999999,1228.4827,1199.2755,1229.5794999999998,1230.4805999999999,1182.8036,1161.8755999999998,1013.7805999999999,1067.5944,0.0,1.3775448e-08,3.49461e-08,0.0
1025.9822,1029.5874999999999,1011.9907,1048.2866000000001,1042.854,1046.4347,1045.0666999999999,1060.819,1083.9643,1049.647,1058.0165,1059.4161,702.90617,436.50292,735.8928599999999,694.85828,1055.8341,688.99736,1053.8493,990.76893,1162.483,1296.5671,1159.3292000000001,1081.6273,1009.8928999999999,1023.4510999999999,1003.8714000000001,1003.7705,1107.0581,1081.2996,1085.2018,1087.7169999999999,1141.6424,1121.948,1127.2000999999998,1115.1671000000001,979.00868,815.7434400000001,1040.7277,943.90945,980.77527,810.8439599999999,1131.2562,1027.7654,1207.6128999999999,1182.8801999999998,1113.6435000000001,1070.5634,1245.6479,1193.8641,1230.086,1213.4466,1166.2467,1119.3037,1016.4106999999999,1071.2272,0.0,9.3828737e-09,2.3686712e-08,0.0
1028.4897999999998,1039.6673999999998,1024.4546,1050.1813,1048.8337,1056.3024,1053.3869,1063.4418999999998,1094.1970999999999,1056.0735,1062.1751000000002,1066.9749,767.13369,499.53016999999994,908.58137,795.68043,1155.3916,568.65532,1018.9151,970.8107699999999,1201.8835,1007.4324,1131.69,1081.0607,1020.8677,1030.1987,1009.4715,1013.2005999999999,1111.9243999999999,1083.4556,1120.5487,1119.144,1178.9758,1149.0987,1161.6734,1154.1283,963.0053300000001,905.3172999999999,985.69635,896.0660300000001,998.05827,1035.5393,1049.8898000000002,1088.5799,1173.3332,1200.1364,1217.7096,1146.7247,1217.4325000000001,1192.0721,1238.3448,1173.3805,1195.0992999999999,1145.6680000000001,1027.1291999999999,1103.8138,0.0,4.4872445e-09,5.5441552e-09,0.0
1036.0843,1050.0502,1026.4625,1059.6414,1057.2114000000001,1061.2032,1060.6871,1067.8238999999999,1136.5561,1070.8743,1067.385,1065.3452,812.25992,494.61776000000003,789.66814,568.4686200000001,1100.6879000000001,869.0286900000001,1042.1379,844.60716,1201.2068000000002,1087.0197,1172.0719000000001,1021.0383,1012.6167,1056.4572,1040.036,1082.9850000000001,1122.3845000000001,1135.045,1162.152,1171.091,1255.6096,1232.4623,1265.5042,1233.3994,974.19977,932.44863,1069.1813000000002,853.74919,1061.7176,1108.9723000000001,1123.7388,1086.0469,1224.686,1199.3722,1233.3899,1087.0663,1250.4277,1201.4324,1230.9876,1194.7444,1264.6988,1183.3739,1038.5378,1141.1288,0.0,2.6469097e-09,2.6279536000000002e-08,0.0
1049.5961,1055.1219999999998,1033.2854,1071.5421000000001,1063.7723,1069.0366,1066.6365,1089.9434,1177.9798,1071.6368,1093.3713,1099.3429,929.6573900000001,447.75104,811.8070200000001,648.86255,1151.6833,865.05854,1127.9884,1019.2641,1240.7118,1248.5037,984.1301,1112.3207,1032.2219,1074.2585,1044.9188,1081.7334,1132.5405,1160.1718,1148.4989,1186.3068,1155.4234,1217.8082,1181.6786,1215.7604999999999,1026.8118,1013.1479999999999,1072.1834999999999,962.75287,1065.8616,951.04099,1200.242,1143.5863,1251.8512,1222.7908,1217.1905,1049.3606,1235.7526,1218.653,1211.1633,1172.7449,1190.3029,1015.5477,1045.1446,1137.7657,0.0,2.0092994e-09,2.3822599000000002e-07,0.0
1054.7416999999998,1072.6769,1039.1616000000001,1076.1199000000001,1066.8594,1075.0748999999998,1074.5024999999998,1117.2302,1137.3491,1086.5483,1095.7142000000001,1121.5622,922.28658,471.57461,769.8386399999999,564.5506999999999,1188.7659999999998,935.84378,1081.6197,1098.5936,1226.339,1162.587,1053.8011999999999,1188.075,1049.1445,1058.3020999999999,1056.1891,1069.1949,1127.2705,1182.5532,1159.8748,1172.9416,1084.784,1109.9101,1085.2473,1108.5604999999998,1034.5246,1030.2419,1052.5354,964.42741,942.95361,776.08818,1239.9279999999999,1222.9986000000001,1203.2186,1228.8586,1119.9698,1129.1834999999999,1262.2136999999998,1244.2006,1191.2602,1164.8711,1056.6988000000001,990.6133100000001,1050.8878,1130.9804000000001,0.0,1.9100697e-09,1.1211973e-06,0.0
1063.7061,1081.6438,1064.9555,1113.6945999999998,1086.5636,1090.9958000000001,1094.7248000000002,1137.4764,1102.5977,1096.6863,1101.7633,1128.6755,997.23243,567.4074,805.23528,582.1242699999999,1162.2956,942.97476,1061.6399999999999,1049.2298999999998,1246.9181,1266.2750999999998,1074.4635,1165.2425,1067.0083,1058.7354,1058.5253,1060.4075,1071.781,1118.6499999999999,1081.2112,1094.8287,1063.6599,1083.5782000000002,1074.2622999999999,1072.5666,1131.5034,997.7808799999999,931.4904300000001,896.1916,1014.5203,857.75224,1277.2497,1248.1879999999999,1178.8835000000001,1203.2917,1074.0172,1075.0441,1307.7194000000002,1269.5988,1174.5164,1135.9678,1065.3292999999999,996.1165800000001,1065.7304,1085.3488,0.0,1.9261432e-09,6.747712700000001e-07,0.0
1068.4845,1090.9469000000001,1058.4223,1116.0908,1104.1261,1114.2157,1118.6782,1115.5674,1083.2123,1102.2558999999999,1113.6296,1111.0538,938.1803600000001,500.43314,876.34089,779.69642,1125.7884000000001,811.3076,1040.8278,916.84049,1239.5928,1181.8173,1122.2054,1088.1164,1074.688,1080.1517,1059.8633,1054.8623,1075.2495000000001,1071.1331,1061.5074000000002,1068.8204,1031.4121,1064.4235,1029.7350999999999,1058.1728999999998,1152.2292,1036.9439,1004.3745999999999,925.21951,1056.2973,908.4802400000001,1224.9449,1244.4654,1147.7105000000001,1212.7147,1061.3115,1074.8557,1204.0429000000001,1244.5129,1030.0897,1175.8659,1013.0670999999999,1022.3642000000001,1080.0759,1075.6794,0.0,3.981167700000001e-09,3.5101418e-06,0.0
1074.3461,1101.4075,1068.2775,1107.9003,1112.0341,1109.7094000000002,1120.2236,1097.38,1062.4199,1107.6192,1101.8764,1099.6928,926.22847,495.77480999999995,896.48713,848.50619,1099.9045,816.6000200000001,1058.3217,1035.7089999999998,1171.5179,1012.411,1159.0294999999999,1080.9458000000002,1074.2091,1079.2707,1066.2284,1051.9433999999999,1045.7842,1059.2249,1046.2961,1047.5407,997.0788899999999,1020.2077,992.6014800000002,1011.9230000000001,946.53323,855.6751899999999,793.60421,833.28897,1067.4602,881.12245,1137.3272,1192.9021,1059.4808,1045.5355,1041.7706,982.63927,1122.4100999999998,1179.4413,1097.3851,1118.2937,1060.2602,1060.7102,1087.2468999999999,1066.3124,0.0,8.573136e-09,2.2146148e-05,0.0
1088.6023,1103.8383999999999,1082.2606,1103.4964,1109.755,1108.9563,1109.0774,1091.456,1037.1869,1097.6764,1091.9959,1090.3079,857.83273,460.91623000000004,866.0941,752.3146899999999,896.19594,893.6286699999999,1029.8662,927.08165,1106.9153999999999,1041.4801,975.40396,1022.3965000000001,1075.7593,1093.2691,1066.1968,1055.3821,988.66109,1012.551,1004.0983,1015.8029,968.47815,986.5898699999999,975.3043,989.82565,998.7339799999999,925.64795,927.5688299999999,880.06726,1067.8779,1008.0548,1145.6544,1162.8042,1053.9105000000002,981.7210000000001,1024.7505,988.9656299999999,1148.0028,1168.0035,1040.4476000000002,1072.1603,971.80844,978.1564,1095.7502,1033.767,0.0,1.1924611e-06,4.0387041e-05,0.0
1092.4118,1102.2487999999998,1084.8622,1091.5445,1100.846,1096.8112999999998,1089.4068,1078.7056,1023.3232999999999,1088.5786,1087.2363,1073.1243,907.48174,529.1900800000001,992.33907,825.3819,1049.9207,731.09983,964.42239,848.57142,1077.4686,963.33299,1044.0637000000002,863.21293,1066.2281,1086.4822,1063.2038,1037.3732,979.54484,1008.5395000000001,981.9294900000001,982.59246,966.22017,974.88055,955.9404,963.55145,1105.8679,1100.0562,1033.519,1000.0275999999999,1020.3949999999999,1052.4228,1110.501,1090.852,1042.1615,1118.8935999999999,975.35628,1012.3829,1156.0557000000001,1110.0955,1059.5633,1036.3507,945.77311,970.3271500000001,1098.8555000000001,1018.7917,0.0,1.7825878e-05,4.3179136e-05,0.0
1098.0739,1092.8569,1082.7019,1085.2675,1087.8571,1085.5910999999999,1086.1509,1063.8147,1008.2891999999999,1079.7316,1075.3308,1064.0026,991.96983,473.71031999999997,1032.4278000000002,812.0779399999999,1076.5105999999998,925.65585,1020.7078000000001,967.07179,1070.6522,1093.5894,1080.0314999999998,971.85472,1060.3736999999999,1070.7453,1046.1135,1015.3923000000001,996.17782,981.33608,993.7775999999999,980.7397199999999,972.36817,967.69903,971.82172,966.70104,1078.3508,1015.1349999999999,1109.371,1050.9416,1050.6794,1015.8477999999999,1090.691,1084.3106,1068.3604,1096.8288,976.8020300000001,999.7792599999999,1105.7721999999999,1086.6071000000002,1020.1431000000001,1050.0041,984.2489099999999,996.8528200000001,1093.0574000000001,999.85211,0.0,3.1195438999999996e-05,0.00011226251,0.0
1090.3455999999999,1088.0284,1080.6067,1067.9127999999998,1074.7724,1081.758,1083.797,1056.7639,1011.2149,1074.852,1055.8542,1046.9822,995.4459,751.66119,1005.1788,848.13985,1053.1834,1111.6408,1013.1936,1077.6818999999998,1109.0993,1251.8845999999999,1059.1055000000001,998.0581000000001,1059.8766,1059.5323,1045.4787000000001,1024.2099,986.9728299999999,983.68547,987.2011600000001,984.6731800000001,1020.4425,1006.8825999999999,973.19624,972.07669,1074.6645999999998,1045.0729000000001,1061.05,1034.453,1045.8079,1003.0747000000001,1050.3108000000002,1056.0278,1098.6331,1078.6857,987.74646,991.33606,1161.3404,1105.5726,1144.1811,1092.2377000000001,1011.6610000000001,1042.9723,1087.3425,987.1733200000001,0.0,1.4263135e-05,6.5479239e-05,0.0
1076.727,1080.812,1075.8295,1042.4808,1065.577,1065.4575,1071.4874,1037.112,1013.2606,1038.7164,1047.3869,1039.5292,1026.0647999999999,937.3278700000001,977.4475700000002,881.58933,1043.6405,889.13375,1034.114,976.61579,1123.9633000000001,993.16538,1098.2175,1043.4725999999998,1041.2314000000001,1058.4837,1028.7154,1011.5279,1003.934,990.6111400000001,1001.1929,1020.52,1196.1112,1104.9633,1168.2683,1072.2920000000001,1071.5917,1048.5386999999998,1106.9266,1034.6187,1035.7261999999998,1010.7463,1129.4837,1041.4196,1189.2187999999999,1130.9731,1181.6255999999998,1135.2947000000001,1202.2071,1118.1173,1310.667,1184.6556,1248.7076,1170.2129,1080.6201,1032.7604000000001,0.0,2.2485119e-06,2.3545992e-05,0.0
1070.549,1063.2714,1072.6552,1036.4232,1066.956,1044.7875999999999,1049.6647,1026.3571,1094.4114,1050.5481,1067.4618,1022.3991000000001,1014.6688999999999,723.58264,985.95805,900.84393,1030.941,877.02527,1016.6745,986.8126499999998,1101.7891,924.89018,1183.5484999999999,1065.1864,1053.8731,1080.3036,1043.882,1067.0756,1036.5384999999999,1074.5753,1050.1096,1096.9676,1230.4062999999999,1222.8784999999998,1212.5271,1206.9463,1075.6158,1054.1424,1077.9723000000001,1053.5624,1052.512,1026.2241000000001,1111.2149,1062.2025,1124.8377,1064.2269000000001,1159.0471,1136.5829,1112.8515,1139.7366,1259.0349999999999,1206.6014,1254.7638,1193.8968,1076.0856,1090.4864,0.0,1.7126986e-06,1.8962268e-05,0.0
1044.6408,1057.8138,1038.8687000000002,1042.8826999999999,1047.5343,1043.787,1027.1498000000001,1049.1321,1128.3588,1066.0887,1080.7428,1074.4033,907.42761,535.31657,962.56525,880.74094,1061.496,883.9365,978.4316100000001,905.66259,1116.6189000000002,944.24214,1105.6283999999998,1061.7462,1066.8496,1072.7267,1056.8682999999999,1057.2522,1053.0748,1138.7504,1113.0749,1211.9527,1196.3391000000001,1205.7140000000002,1207.2421,1213.4533000000001,1068.8419,1028.7069,1075.5741,1031.9346,1071.4558000000002,988.6294399999999,1060.036,1061.8272000000002,1096.5522,1054.5891,1088.0324,1042.0123,1092.0814,1143.5887,1215.7015,1139.8753,1226.9869999999999,1170.8638999999998,1067.9624999999999,1149.0731,0.0,2.490812e-06,3.6981808e-05,0.0
1037.5932,1050.4136,1033.5215,1057.5847,1047.4607,1053.7136,1031.5603,1088.5189,1083.8677,1079.4372,1104.5183,1094.1055,975.04572,486.509,875.7778,874.76865,1054.9133000000002,848.9889900000001,1073.5925,936.3543699999999,1036.3278,942.4604800000001,1080.7376,1003.8480999999999,1062.8143,1056.8534000000002,1065.1623,1063.1106,1104.7469,1160.0459,1148.1547,1202.3831,1149.5764,1144.0104999999999,1198.0352,1181.9542000000001,1059.754,959.00352,1027.4429,1008.9422999999999,1057.8446000000001,942.78088,1054.4448,1061.6994,1095.7778999999998,1073.2373,1076.2483,1093.6311,1108.3335,1079.1812,1151.3904,1067.5585999999998,1196.8028,1090.1712,1045.4126999999999,1116.0134,0.0,2.6008574e-06,0.0011147937,0.0
1042.3147999999999,1064.2355,1044.8091000000002,1084.9808,1057.8164,1080.7702000000002,1047.9715999999999,1093.1015,1118.7394,1089.4806,1096.6610999999998,1105.4798,865.89527,826.7043699999999,1001.6847000000001,770.90369,1057.0418,891.57767,1105.2774,1051.8056000000001,1144.7272,1167.8992,1076.9513,1217.2283,1062.3877,1055.1167,1080.5643,1104.9213,1116.3488,1149.0547000000001,1128.0431,1160.1615,1123.0092,1120.0405,1171.6681999999998,1159.8864999999998,1089.3833000000002,1039.9422,1073.9029,1045.8242,1063.166,1068.3933,1207.2751999999998,1093.2212,1170.4898999999998,1114.4785000000002,1125.8057999999999,1115.5827,1313.0764,1214.6030999999998,1318.357,1189.4605,1251.1014,1088.2752,1042.7383,1154.1485,0.0,2.4133848e-06,0.0011850642999999999,0.0
1056.6232,1081.1386,1053.0886,1098.0297,1070.1346999999998,1089.9234999999999,1072.0839,1103.7677999999999,1169.8501999999999,1102.6748,1099.4004,1107.4515,903.29112,823.74947,1058.7776999999999,836.54372,1039.8073,990.9189300000002,1108.9394,834.7386200000001,1343.0266,1193.3579,1369.4435,966.27324,1071.3805,1073.2957,1085.4847,1102.9045,1150.4482,1158.7918,1149.5645,1226.1181000000001,1333.3585,1297.2419,1370.779,1332.7909,1223.156,1086.1484,1088.7246,1069.9507,1090.3586,1101.2713999999999,1341.2123,1229.9589,1436.3215,1133.4291,1126.4135,1132.8772000000001,1444.2489,1434.545,1466.22,1473.6546,1370.6516000000001,1224.9583,1048.8749,1153.9441000000002,0.0,1.5362654e-05,0.00021282196,0.0
1058.7478999999998,1093.5230000000001,1067.4304,1107.4734,1084.1551000000002,1098.4511,1090.4439,1109.8853,1221.5095999999999,1103.479,1115.5962,1121.8980999999999,511.34754,667.92034,983.3141700000001,854.2816,940.297,947.39936,1083.6386,952.1621,1189.0549,1267.3066,1283.7434999999998,1216.1126000000002,1083.6699999999998,1068.9068,1073.0702,1084.1068,1163.7539000000002,1230.6717,1223.4289,1299.0108,1293.3048,1319.993,1315.4143000000001,1301.415,1056.5457999999999,1013.7010000000001,1076.6388,916.84324,1062.1519,1068.8082,1098.9246,1079.8359,1146.9969,1079.4856,1172.5912,1172.2302000000002,1422.4033,1266.7546,1332.5494,1337.8632,1382.0171,1299.6223,1056.9395,1185.8726,0.0,8.8901548e-05,0.00029773082,0.0
1077.2065,1104.5926,1089.1185,1112.5817000000002,1101.7532999999999,1101.2776999999999,1113.5475000000001,1136.3233,1212.7432,1139.4516999999998,1146.9701,1142.1689,733.6221700000001,516.0052099999999,915.22892,839.69692,1053.0188,961.66534,1057.1647,909.9454199999999,1082.4141,1213.0157,1286.9602,1284.3233,1078.1932,1078.0123,1075.4317,1079.7709,1189.5421000000001,1194.9636,1208.7551,1230.4437,1315.9052000000001,1316.8161,1320.3529,1315.9759999999999,1068.0428,1066.446,1029.5527,878.38469,1040.9752,1029.7873,1272.8716000000002,1309.8653,1146.0373,1084.6411,1145.7691,1174.7048,1278.9948,1186.4964,1268.9597,1181.1766,1333.2051000000001,1311.4141,1068.9668,1155.3542,0.0,0.00011746133,0.00020873027,0.0
1100.7789,1103.9189000000001,1096.6453999999999,1144.3032,1117.6987000000001,1149.1066,1121.043,1169.2972,1251.293,1146.8083,1174.825,1178.2518,941.5267799999999,628.0768499999999,1030.4799,849.0230799999999,1083.7144,921.49681,1035.2823,862.66334,1206.2905,1260.9428,1244.6127,1212.6371,1088.873,1100.713,1080.4325000000001,1095.1529,1280.5808,1272.8354000000002,1281.1724000000002,1312.0896,1321.2755,1313.6039,1310.6702,1319.4144000000001,1082.4807,1013.2346,1125.5708,1054.2376,1096.7613000000001,1080.6855,1209.1343,1203.3647,1191.151,1194.2824,1259.452,1223.8395,1230.9085,1206.8879,1269.8908999999999,1230.9376,1298.6082,1319.7758999999999,1090.971,1205.6711,0.0,9.0967948e-05,0.00011609823,0.0
1110.8303,1112.4451,1101.1208,1152.2121,1158.0397,1151.8914,1147.2804,1177.2703999999999,1220.4738,1178.4686,1175.7999,1187.7954000000002,993.1846400000001,889.4568700000001,1164.6096,872.05624,1167.3259,907.23561,1230.2118,856.53648,1266.5436,987.4411099999999,1310.8874,1030.6054,1106.2755,1160.3454000000002,1137.9895,1193.7759999999998,1257.1288,1294.58,1284.2063,1313.5101,1402.5221000000001,1367.5072,1401.4455,1370.7726,1072.1655999999998,1066.8596,1134.5878,1154.9163999999998,1141.6444,1213.2251999999999,1290.2081,1128.2308999999998,1419.5063,1326.8046,1356.8950000000002,1299.2245,1474.6883,1382.6737999999998,1446.2139000000002,1305.8066000000001,1419.9596999999999,1355.7605999999998,1112.4721,1278.6569000000002,0.0,4.677058e-05,8.2155646e-05,0.0
1122.7061,1136.6375,1106.938,1183.8402999999998,1155.268,1158.9727,1169.6267,1204.2302,1271.1426000000001,1188.8457,1202.9390999999998,1203.2760999999998,931.59506,594.64261,1043.1997000000001,832.99226,1075.044,929.39914,1156.9045,946.598,1327.765,1127.2129,1318.6599999999999,1133.6776,1122.9572,1175.1362000000001,1152.4758000000002,1237.6882999999998,1271.0317,1330.3854000000001,1289.3419,1348.1580999999999,1377.3214,1386.0846000000001,1384.8251,1397.8349,1092.1929,1090.1352,1111.2298,1085.5633,1137.3974,1195.8419000000001,1377.7001,1199.7999,1354.575,1176.9166,1330.3626000000002,1307.3268,1445.9903,1377.1272,1430.9825999999998,1380.0904,1395.7345,1373.2275,1129.0447000000001,1313.7473,0.0,7.0484545e-05,6.5725777e-05,0.0
1142.9687000000001,1152.2571,1144.3155000000002,1191.8035,1197.5768,1179.3910999999998,1204.8962000000001,1229.6526,1244.8157,1208.9548,1260.1057999999998,1228.8105,931.0295199999999,522.52179,964.60977,747.08912,1076.908,917.18999,986.9548699999999,1025.1215000000002,1265.25,1154.6838,1274.4913999999999,1205.9899,1139.2359000000001,1143.7943,1129.5999000000002,1174.0279,1234.8481,1313.0473,1321.5862000000002,1373.7656000000002,1368.0313999999998,1328.7401,1371.4817,1386.3675,1035.1206,919.81917,1011.7904,823.37392,1065.066,1014.7215000000001,1222.1898999999999,1080.3627000000001,1158.9698,1037.079,1224.5524,1196.9574,1408.8286,1396.9853,1365.062,1379.4343000000001,1378.4902000000002,1286.2667999999999,1128.9904,1266.1747,0.0,4.9996055e-05,4.82756e-05,0.0
1160.8654,1173.8546,1166.3403,1190.3966,1211.4071999999999,1206.8645,1229.8056000000001,1256.2346,1301.3971999999999,1227.8561,1257.6302999999998,1255.5431,834.07722,460.78098,1004.7655000000001,739.35442,1106.9035,838.8153,1008.0779000000001,899.6569900000001,1035.3311,1159.8545000000001,1080.2709,1134.7861,1154.7718,1148.7992,1145.5313,1135.2071999999998,1260.5476999999998,1281.6071,1329.2028,1326.0058,1353.6067,1348.1969,1365.64,1369.9442,985.07619,807.6576200000001,810.279,841.17761,1073.4239,1063.5518000000002,1265.1861,1000.197,1192.689,946.0338499999999,1237.7564,1213.9144999999999,1345.0769,1321.173,1340.5625,1086.0738,1314.5618,1279.0023,1157.6468,1210.4986,0.0,3.4055124e-05,3.5190342e-05,0.0
1179.7874,1225.6229,1155.8717,1221.4569,1224.2712,1239.6269,1232.2971,1255.5720999999999,1298.4317999999998,1249.9587000000001,1253.6532,1265.6584,833.34413,682.2382399999999,1066.2788,941.55605,1027.9791,813.0114599999999,1017.6234,1132.1727,1226.7433999999998,1348.2742,1047.4219,1189.9141,1170.6241,1191.3148,1170.2501000000002,1208.7469,1302.7011,1327.3785,1353.7871,1362.1899,1189.6669,1220.6816,1235.3504,1326.6626999999999,1177.5967,1114.6126000000002,1054.7041000000002,946.3718600000001,1142.5233,1152.3656,1222.579,1136.3849,1040.7798,989.7322300000001,1295.8128,1155.3577,1123.1749000000002,1080.4171,1273.9899,1171.7062,1183.5991000000001,1150.9224000000002,1189.5484000000001,1322.6865,0.0,2.0444061e-05,3.2313064e-05,0.0
1206.8782,1214.4972,1173.7398,1238.6091,1238.7135,1247.7651,1242.1288,1266.9606999999999,1262.0049000000001,1260.8227,1269.2567999999999,1267.1364,1086.6959,900.05771,1181.4898,1017.4902000000001,1150.9278,844.3896,1061.2881,924.11587,1278.7117,999.48642,1247.5987,1073.9204,1232.4288000000001,1243.1364,1224.4264,1241.7684,1203.4587,1257.9066,1181.5541,1215.9759999999999,1231.9303000000002,1182.4496,1188.5935,1171.5475,1122.836,1130.5608,1178.5416,1139.6743,1186.2274,1264.1721,1355.6791999999998,1110.3511999999998,1385.0351,1269.2139,1287.8456999999999,1160.6546,1448.4705000000001,1395.5719000000001,1444.5707,1222.3849,1316.1078,1243.1555,1192.5739,1241.4937,0.0,1.2513864e-05,2.2347799e-05,0.0
1199.1182,1193.8732,1237.8732,1254.9421,1234.2701,1243.7905,1267.6018,1275.4025000000001,1231.3922,1256.4136,1262.6511999999998,1258.9116,1123.0414,864.0558,1184.5586,1043.6906999999999,1064.0701,843.02643,1142.5057000000002,989.15282,1281.3998,1034.6851000000001,1243.6297,1126.2912000000001,1189.4010999999998,1208.6322,1184.8681,1193.3061,1232.6451,1194.1318,1260.8887,1270.5372,1294.6114,1282.9697999999999,1311.1351,1307.2499,1136.0724,1170.7321000000002,1166.6951999999999,1211.8373,1199.4659,1233.0874000000001,1352.7341,1141.5754000000002,1272.7213,1201.6564,1341.6545,1206.9794000000002,1434.2484000000002,1362.7337,1389.8754,1350.7736,1306.3515,1279.6731,1200.7736,1235.4097000000002,0.0,1.1617396e-05,1.3872035e-05,0.0
1210.9494,1221.3048999999999,1270.1433,1252.4369000000002,1260.0062,1254.3923,1264.5681,1246.3510999999999,1259.4396,1246.9415000000001,1265.6912,1249.6237999999998,934.01416,761.56105,1046.9848,964.53295,1103.239,890.87155,1094.2944,1005.2291999999999,1296.1384,985.6011199999999,1233.0162,1136.6638,1219.2892,1225.6584,1198.9319,1208.1215000000002,1210.3056000000001,1243.7297999999998,1263.7322,1290.0598,1285.5021,1280.9217,1286.4976,1296.6911,1161.4074,1149.1225,1175.1697,962.22509,1196.9770999999998,1135.046,1314.2088999999999,1177.828,1193.9056999999998,1185.0018,1214.4715999999999,1216.1712,1373.5257,1337.861,1324.6761,1369.4486000000002,1322.3514,1286.8182,1218.7273,1284.8865,0.0,1.2159120000000002e-05,9.6160096e-06,0.0
1250.9821,1246.0083,1268.2912000000001,1239.6118,1267.0064,1247.987,1254.1862,1256.4004,1266.8033,1255.0889,1267.3846999999998,1263.9187,890.37651,483.2104,1036.0609,811.1837499999999,1133.9353999999998,776.52365,1022.6527,937.793,1190.4473,1081.7991000000002,1138.6414,1069.0319000000002,1222.5516,1228.8835,1215.4684,1205.2179,1215.8255,1239.9656,1246.8406,1261.1071000000002,1274.5281,1265.3186,1280.7627,1281.0387,1134.0781,1112.0998,937.27072,869.3060800000001,1160.7681,1087.67,1324.6455999999998,1107.6189,1207.8332,1147.4125999999999,1222.2611,1143.6507,1315.1006,1290.091,1324.0937,1220.6659,1297.8836000000001,1205.3047,1243.3429,1245.278,0.0,9.101807399999999e-06,2.2628544e-05,0.0
1252.0763000000002,1251.2392,1260.3765,1253.0105,1252.3351,1256.7679999999998,1252.1374999999998,1261.6445,1256.4711,1263.4135999999999,1262.0318000000002,1264.961,972.6048099999999,427.80575,1056.9521,839.23657,1051.8614,866.19931,956.8063999999999,938.55515,1173.4892,897.97568,1167.5819000000001,931.84089,1227.1784,1246.6494,1217.2627,1213.2228,1212.1761,1216.5387999999998,1246.1653999999999,1272.2602,1230.0526,1229.2466,1265.1462000000001,1254.9596999999999,996.58676,903.57199,1052.0373,985.1405800000001,1199.8524,1108.7113,1269.5781,1042.1921,1160.3117,977.60563,1166.1161,1153.1923,1248.3209,1193.9582,1296.5140999999999,1152.6531,1231.6703,1160.7576999999999,1260.0303,1260.7552,0.0,5.9168568e-06,2.8609955e-05,0.0
1252.471,1255.8056,1251.7025,1260.6680999999999,1250.4686,1260.1705000000002,1253.9932,1264.5254,1250.2794,1260.0953,1259.1655,1263.9814000000001,878.6997,608.16156,1075.9867,885.48683,998.3535499999999,780.69011,1007.2811999999999,925.6111999999999,1048.1760000000002,1007.7122999999999,1030.9314,1040.9232000000002,1226.2802,1250.8706,1221.8566999999998,1232.2205,1204.2154,1226.6318,1248.5192000000002,1263.5648,1170.3362,1190.4509,1185.9044999999999,1201.5259,966.33194,943.23768,1117.6318,1060.3325,1155.2093,1142.6097,1192.5502,1168.9578000000001,1244.9562,996.7527899999999,1189.6179000000002,1115.8671,1192.3386,1132.5014,1262.3519,1127.6048,1172.2711,1155.8132,1253.5516,1258.2037,0.0,2.5362289e-06,1.8967276e-05,0.0
1247.2522,1253.7909,1242.5253,1260.8465999999999,1254.4305,1261.9599,1258.0485,1262.1646,1216.1354000000001,1254.7425,1253.4995000000001,1255.7348,1045.819,860.61297,1079.9481999999998,861.82317,1075.2308,840.92434,1140.9868999999999,915.9216299999999,1162.5309,954.81192,1061.7932,1074.8048000000001,1222.0699,1243.6154,1232.4796000000001,1223.8763999999999,1191.1534000000001,1179.8346000000001,1218.4842,1191.795,1217.6711,1168.7213000000002,1212.4533999999999,1194.3226,1247.8629,1153.909,1199.9425,1149.6156999999998,1188.5137,1166.7175,1430.7495,1297.0881000000002,1358.2852,1180.2348,1228.4264,1183.0412,1474.797,1416.1748,1392.3971999999999,1362.3745999999999,1349.7167,1138.4362999999998,1250.1871999999998,1213.5927,0.0,1.4902662000000002e-06,1.3900880999999999e-05,0.0
1243.6980999999998,1252.1775,1255.7959,1258.0075,1248.1446,1258.5802,1256.7921999999999,1255.0389,1246.9721000000002,1246.0214,1254.7462,1248.1046000000001,1036.6011999999998,775.16564,1092.203,936.49631,998.81363,894.41287,1122.3875,921.2780700000001,1264.152,1255.843,1410.4948,1343.9803,1225.8131999999998,1240.1049,1217.8936,1207.6388000000002,1196.0809000000002,1196.2688,1234.0955999999999,1247.4056,1394.4412,1324.116,1393.2313000000001,1373.5774999999999,1219.449,1210.8236,1221.5741,1150.1143,1218.4832999999999,1157.0743,1380.2815,1170.8917000000001,1255.1638,1182.6702,1191.7895999999998,1189.9199999999998,1419.0353,1359.7923,1452.6929,1420.1568,1449.0492000000002,1406.7824,1249.3396,1241.3113,0.0,1.3051756e-06,2.2463536e-05,0.0
1248.7895999999998,1253.7655,1258.8694,1241.9921,1258.0873000000001,1252.2495999999999,1252.5209,1239.0896,1280.4821,1251.4974,1260.7721000000001,1251.1467,1130.1798999999999,644.8678100000001,1062.7016,876.47384,986.18997,898.55017,1141.5664,952.7417,1209.1829,1277.8028,1387.1197,1408.3528,1231.7342,1248.8079,1235.4011,1227.4178,1219.7566,1264.7424,1288.8291000000002,1354.3016,1396.6301999999998,1368.5439,1400.6217,1394.4524999999999,1210.0977,1193.4195,1211.6175,1165.3795,1235.8945999999999,1162.4366,1306.4228,1244.5638000000001,1214.5276,1131.1691,1198.4323,1216.1784,1385.2049,1274.8552,1423.2447,1392.5471,1407.5418,1405.7396,1250.9464,1291.8147000000001,0.0,5.4112676999999995e-06,1.5052105e-05,0.0
1252.2688,1251.2728,1246.4461000000001,1248.8455999999999,1251.0211,1252.3307,1241.6701,1262.5348999999999,1313.422,1262.5576999999998,1261.1023,1269.39,1086.713,692.89717,1045.8138999999999,883.85204,1010.7842999999999,976.6465199999999,1186.5524,863.5748,1366.8427000000001,1138.8974,1358.2803,1193.3939,1243.6466,1253.2066,1238.064,1229.0221,1298.4607,1285.8932,1326.1521,1360.3705,1413.2376,1398.9521,1411.3222,1380.4335999999998,1225.5496,1211.3886,1228.7753,1169.0809,1237.2737,1200.539,1335.4546,1301.2898,1387.4295000000002,1272.9681,1400.9808,1318.9125,1396.4807999999998,1355.8934000000002,1458.5426,1401.0158999999999,1412.7946,1385.7289,1254.0314,1324.8213,0.0,4.4818809e-06,1.3979276e-05,0.0
1246.5785,1256.9793,1243.7761,1262.4904999999999,1257.6809,1270.0202,1248.4094,1271.47,1350.5085,1275.6879000000001,1265.7926,1280.824,1147.4268,516.35783,1034.7294,885.9669600000001,1154.8790999999999,810.12517,1166.8953999999999,1042.9217,1387.1504000000002,955.06364,1323.7496999999998,1108.6076,1242.4305,1260.9274,1253.1834999999999,1292.4989999999998,1400.1075,1364.1588,1383.7259,1395.7471,1415.4225999999999,1406.5583,1404.4148,1398.5216,1235.5716,1209.6198,1248.0058,1161.2829,1267.3806,1269.9056,1244.7133000000001,1197.7006000000001,1224.8545,1273.4408999999998,1352.5194999999999,1318.328,1398.0657,1384.5469,1427.6315,1387.8268,1432.1569,1395.9378,1249.0447,1383.5595,0.0,3.7242413e-06,1.2505313e-05,0.0
1253.6101,1265.1570000000002,1249.7785,1274.8578,1266.0466000000001,1275.8176,1256.0767999999998,1294.1234,1340.5955999999999,1296.3294,1298.8445,1293.6670000000001,1196.2448,409.0753,970.32391,865.87655,1202.9656,637.56938,1015.5527000000001,908.56577,1364.7935,933.82533,1323.2032000000002,1021.664,1249.715,1267.3245,1260.0795,1306.8998000000001,1344.8424,1382.1977,1390.207,1403.3082000000002,1390.3596,1370.635,1420.8512,1405.3059,1238.9582,1238.8346000000001,1276.8593999999998,1204.1583,1231.7865000000002,1160.5868,1379.5565000000001,1266.5837,1335.8904,1205.3509999999999,1189.6229,1017.7325999999999,1429.1918,1350.8338999999999,1415.2424,1320.601,1356.2819000000002,1354.9138,1248.1525,1387.5064,0.0,8.5187571e-06,2.7990574e-05,0.0
1260.3833,1272.8959000000002,1258.5712,1292.0713,1271.9852,1286.0408,1268.8023,1321.5777,1312.8056,1295.7007999999998,1316.2187000000001,1320.1936,1227.7782,627.76014,978.66061,788.42041,1322.2391,957.43452,1036.7348,1008.9739,1343.3116,1093.5475,1194.0167000000001,1228.1128,1254.1324,1244.6811,1264.1299,1268.7315999999998,1318.6356,1352.3663999999999,1367.6229,1406.7142,1244.2418,1316.719,1323.7511,1396.3778,1246.2358000000002,1254.7147,1208.49,1177.6073000000001,1160.1947,1161.0462,1377.0084,1348.1674,1358.4411,1330.7287000000001,1114.3488,1110.4679,1392.1065999999998,1381.1862,1381.7025,1352.5491,1234.1381,1125.3087,1253.8291,1311.7105999999999,0.0,9.3370743e-06,7.6823551e-05,0.0
1281.1381000000001,1278.3421,1267.401,1298.7168,1283.3686,1299.9441,1285.8284,1327.9314,1329.5865,1307.9992,1318.1687,1318.8639,1226.3427000000001,1136.086,1089.3717,927.76567,1384.5324,1139.7454,1145.0535,1081.624,1454.2737000000002,1192.5714,1372.194,1401.7876,1269.8358,1275.9778000000001,1280.4779,1294.4785,1280.5045,1348.3329999999999,1266.2762,1320.206,1317.8342,1307.1385,1289.9844,1278.9957,1422.1668,1317.1179,1208.0345,1156.3816,1235.2920000000001,1212.4284,1472.8484,1446.8318,1443.7243,1400.3382,1261.1751000000002,1193.6929,1480.2531,1483.0382,1480.4027,1441.4127,1403.1548,1328.1666,1272.3483,1294.7779,0.0,6.6928686e-06,1.0990486e-05,0.0
1279.9326999999998,1293.8364,1273.0647,1322.5623,1294.6238,1316.29,1309.2521,1324.0939,1315.0849,1306.2105000000001,1318.2065,1321.0247000000002,935.53454,825.67302,1098.2617,1010.2272999999999,1272.6039,1122.1021,1139.8812,1207.7337,1437.571,1413.6654,1428.4703,1452.0793,1275.5482,1281.1728,1276.7562,1272.4396,1295.9924,1298.5502999999999,1307.4422000000002,1327.1677,1421.1688000000001,1366.0308,1424.2341,1385.1295,1231.0526,1152.3182,1188.8497,1034.7975000000001,1274.8418,1141.8932,1373.4016,1326.1743999999999,1351.9751999999999,1283.9305,1240.0204,1089.1076,1483.49,1464.8412,1479.9353,1459.2296000000001,1438.4437,1454.213,1286.9885,1315.3317,0.0,5.5138621e-06,3.5040067e-05,0.0
1280.506,1317.0639999999999,1282.0283,1313.7754,1306.4177,1320.1991,1316.4444999999998,1311.0409,1342.1146999999999,1313.2772,1321.9456,1307.2781,728.54333,520.69396,1001.6103999999999,922.15647,1194.7843,837.1817699999999,1165.0689,1126.8636000000001,1437.9675,1439.6522,1320.0492000000002,1371.5988,1258.9822,1265.3519,1275.8820999999998,1270.8677,1282.5097,1311.2392,1324.1215000000002,1347.0137,1368.5257,1367.552,1364.4458,1399.1729,1004.7571,746.46587,789.68137,935.48951,1241.6006,1014.5482,1180.3464,1177.2388,1023.6567,1013.9042,1134.8058,988.03417,1473.0201,1468.5814,1448.0828,1317.6154,1318.1189,1267.6125,1289.4937,1334.2012,0.0,1.6311014000000002e-05,3.0228937000000002e-05,0.0
1297.6988,1314.2218,1293.4873,1306.8446,1312.3392000000001,1316.6791,1311.5798,1318.9041,1341.1857,1317.4989,1322.408,1324.5797,874.88635,494.95766000000003,974.4016799999999,835.05382,1186.162,1033.3177,1054.7468,933.14844,1356.1087,1380.5702999999999,1281.8497,1137.5982999999999,1233.9341,1276.6693,1277.8564000000001,1273.2102,1103.0040000000001,1198.4374,1214.1994,1278.4456,1328.1386,1356.9793,1356.4731,1362.4686,880.23705,813.05674,836.5191699999999,1033.1940000000002,1127.7793000000001,1020.6668,1210.9752,1195.8216,838.7313700000001,929.68251,902.87401,1079.0103,1445.3618000000001,1446.8597,1372.2237,1328.6035,1218.0477999999998,1216.3992,1286.6832,1290.2556,0.0,2.894622e-05,1.5648493999999998e-05,0.0
1305.3099,1317.754,1300.0257000000001,1302.727,1310.8534,1325.9049,1312.5169,1328.8633000000002,1313.7175,1322.6944,1324.0133,1331.0912,702.23732,579.2701000000001,999.02229,856.50908,826.66324,995.2653,1014.3912,928.19023,1377.8659,1237.3072,1240.0783000000001,1040.261,1275.6522,1288.2519,1243.4236,1266.2446,1033.5262,1126.2282,1031.3849,1100.8317,1256.9257,1331.0226,1305.1794,1335.6027,878.08789,861.60199,958.32517,1087.6435000000001,1034.1503,984.6347999999999,1363.5566,1271.7782,1102.8037000000002,933.68887,999.45766,1004.0050999999999,1416.8776,1420.0633,1296.2291,1214.2314,1221.0738000000001,1210.9676000000002,1300.6218999999999,1261.125,0.0,7.464645600000001e-06,1.0109336e-05,0.0
1308.7649999999999,1318.3311999999999,1301.9881,1312.3277999999998,1309.508,1329.1236,1313.4612,1330.4572,1268.3351,1320.6127,1324.1398000000002,1327.5034,733.6463699999999,564.67727,1048.7946,819.90024,875.56602,971.60006,1043.418,838.81502,1290.4589,1154.5709,1106.0797,907.42893,1267.3266,1296.8821,1127.2217,1215.7546,1064.2942,1121.2686999999999,1164.4451999999999,1088.9996,1200.0785,1306.326,1191.9107000000001,1260.5966,944.16628,943.19452,1103.6296,1053.2213,1088.5508,1003.5899999999999,1252.363,1294.7063,1139.3239999999998,937.95653,1147.7256,1062.8464000000001,1070.3926999999999,1292.4438,1037.9158,1143.8077,1118.2114,1154.2867,1308.7119,1145.9411,0.0,5.4413807e-06,6.4368585e-06,0.0
1312.9987999999998,1310.3115,1302.381,1317.9044000000001,1308.4577000000002,1327.8131,1324.1327,1320.4271999999999,1243.2659,1310.0655,1322.9187,1317.8985,974.08155,594.97638,1077.8462,832.82564,977.7392000000001,901.9788100000001,1049.3523,851.50478,1086.1438,955.2136,1016.8249000000001,842.02062,1223.898,1265.5215,1175.8323,1189.9838,1095.4976,1200.6125,1114.0019,1148.9162999999999,1082.6297,1197.0228,1111.0121,1137.0792,1043.9911,1055.5059999999999,1133.8652,1150.5999000000002,1160.3551,1120.9453,1031.5350999999998,1145.0354,1050.3134,1143.8281,1065.6942,1104.6916,1047.1329,1185.4604000000002,1039.8646999999999,1082.1395,1031.4896,1038.7794000000001,1306.7491,1156.0977,0.0,3.9395309e-06,4.131224400000001e-06,0.0
1310.4533,1306.8108000000002,1310.3259,1314.9054,1312.0497,1321.3099,1323.4414,1299.7386,1175.3003999999999,1277.656,1304.0083,1298.8700999999999,1105.7476,795.56557,1090.6706,946.10784,1106.1355,759.73206,1095.4389999999999,951.34588,927.29854,830.30658,935.75632,853.2492,1192.3452000000002,1260.6722,1202.8656,1170.4662,1109.0873,1143.287,1063.0007,1086.5320000000002,1038.4114,1086.4784,1041.3259,1093.6813000000002,1031.532,1069.8776,1109.2133000000001,1172.7331000000001,1179.4868000000001,1137.5140000000001,1013.4725,1048.4433,1042.0631,1064.7517,1018.7988,1118.6375,1009.902,1036.6896,922.4348,959.9833100000001,971.8341200000001,954.14782,1307.5212,1181.2205,0.0,3.4576772e-06,2.3867104e-06,0.0
1308.924,1310.7733,1310.7708,1289.2663,1317.8161,1308.9334000000001,1310.8019,1262.3153,1157.3097,1286.7181,1294.4218,1253.1768,1082.6712,576.60348,1132.7030000000002,955.3883800000001,1045.7583,683.83124,1092.4338,960.4694900000001,973.63607,842.40383,951.26711,966.00083,1206.1871999999998,1236.4727,1153.9392,1133.8377,1046.6691,1092.7459999999999,1041.9949,1040.5083,939.63269,990.4167600000001,940.68394,995.24126,943.84799,997.2569899999999,1111.4171,1160.031,1089.9599,1108.5565000000001,921.97336,960.6031399999999,927.5040399999999,1019.6836,921.94191,1048.6396,876.45013,919.2361,901.6205299999999,956.13272,894.6715800000001,901.5589,1300.1309999999999,1115.5856999999999,0.0,2.849184e-06,1.4788084e-06,0.0
1305.2634,1299.077,1299.7039,1264.9308,1305.089,1277.2313000000001,1291.2768999999998,1237.148,1088.4987,1258.4661,1284.9335,1240.9583,1068.6979000000001,507.87453,1143.0851,964.4666100000001,987.7061600000001,779.90341,1088.5493999999999,979.46764,964.91352,935.4096099999999,1034.8262,968.62734,1199.0321999999999,1188.702,1155.6926,1060.7385,1002.4031000000001,1050.8919,959.45898,986.65136,944.44129,950.7848499999999,942.46638,948.66311,928.51902,1020.4113,922.48583,1118.7192,1178.8292,1081.7183,912.25116,923.68658,888.41513,910.34459,933.1007,999.1451999999999,896.74259,924.50711,891.22546,928.0580799999999,936.7709600000001,990.5024400000001,1295.3334,1064.1958,0.0,2.4091002e-06,1.1847314e-06,0.0
1274.4697,1294.8697,1272.5303999999999,1260.322,1291.2799,1279.7408,1280.1135,1215.4727,1096.9289999999999,1183.6939,1191.9851,1206.7903000000001,1120.0050999999999,404.01344,1082.1190000000001,957.0823,983.75886,840.65042,1012.6718,967.43574,911.6944199999999,946.15911,968.7295499999999,974.9356399999999,1211.9360000000001,1178.8691,1198.7135,1087.4542999999999,1010.9505,1025.3047,954.1822099999999,954.2138500000001,940.08516,941.8082099999999,931.23469,939.3933499999999,1011.2903999999999,1066.1248,1167.532,1100.3447999999999,1179.4874,1083.2164,906.2629099999999,943.45022,921.7586699999999,984.4362600000001,926.03314,989.54238,871.59285,877.4689000000001,902.4367,945.2587100000001,939.17418,968.84265,1295.0371,996.47888,0.0,2.1081901e-06,1.0751573e-06,0.0
1266.1068,1271.9068,1263.9463,1203.9253,1261.9931,1269.7893,1265.4503000000002,1165.9587,1054.4688999999998,1248.4542000000001,1176.8066000000001,1151.6209,1118.6599,468.91784,1039.3165999999999,982.8075,989.33176,780.5728499999999,981.5531399999999,967.07165,904.2438999999999,883.92563,916.3459399999999,948.52505,1204.6869000000002,1221.0840999999998,1202.1965,1125.5546,954.8327099999999,1006.6333999999999,959.9895300000001,953.8163,937.98336,939.53617,936.6960899999999,936.74389,1097.9528,1092.1101999999998,1096.1860000000001,1118.1075,1133.5264,1020.5898,917.37864,1015.0273000000001,884.20621,992.96813,923.69293,945.72153,850.1530700000001,895.2634800000001,900.25663,928.42298,933.28193,948.75173,1275.8043,1056.9588,0.0,9.7564411e-07,1.1186499e-06,0.0
1236.5861,1245.4442999999999,1237.5673000000002,1180.4476,1235.1459,1213.6580000000001,1249.9598,1151.5141,1060.1674,1200.4966000000002,1160.854,1181.2829,1128.5598,740.69569,1064.847,988.9729700000001,1010.2438999999999,788.58384,947.30743,932.83921,901.73383,889.1018300000001,909.6221,926.42628,1123.7113,1214.8019,1103.1624,1064.5625,945.4087800000001,974.29314,937.00215,945.12896,929.8945,937.93619,931.3861899999999,939.5994900000001,995.43586,1091.0295,929.24109,1011.4952999999999,979.07486,1066.3122,873.51715,942.10537,887.3301,899.0768899999999,905.95322,944.65256,874.9213900000001,888.98411,886.92404,906.35026,909.98011,905.8971300000001,1261.0148,1009.6651999999999,0.0,4.5362106e-07,8.611752299999999e-07,0.0
1198.9665,1173.4384,1190.9514,1158.9573,1223.456,1172.6838,1229.7795,1161.9792,1027.2679,1198.7307999999998,1111.5573000000002,1150.5715,1107.0937,804.8132899999999,1058.0545,968.74135,994.72254,760.85099,940.8519699999999,960.3689499999999,906.16614,903.0160900000001,918.05571,953.72233,1073.4162000000001,1147.9897999999998,1063.4444999999998,975.63841,953.22864,955.89243,934.71536,940.42723,922.93055,932.8821499999999,925.18631,930.2327,1004.7156,1114.0753,907.43632,983.9382400000001,940.58414,974.18438,883.8355,884.6772500000001,896.03331,894.26526,914.6324500000001,963.4259000000001,857.73083,872.9598000000001,907.1651499999999,905.7338100000001,912.97537,916.37901,1232.0942,1052.3875,0.0,3.3592852e-07,6.5048963e-07,0.0
1225.2764000000002,1165.41,1180.7494,1153.2967,1210.9202,1187.3259,1220.0216,1134.9831,1055.3589,1126.1108000000002,1149.2622999999999,1122.6128,1082.9355,813.4395,1019.6586000000001,988.5546699999999,934.61298,729.09671,937.3923599999999,969.4356,869.98794,890.20268,916.82783,942.093,1093.8406,1100.574,1074.2810000000002,979.34742,962.32396,962.21449,963.65793,952.98057,918.0831000000001,927.8399900000001,921.47743,924.90191,1159.4596000000001,1136.5483,973.63987,955.22371,1077.4251,1015.1317000000001,876.1688,937.83393,888.31332,908.47401,922.67511,944.14572,853.9286500000001,862.6500900000001,899.03355,915.29264,909.9296499999999,912.1187299999999,1198.9073,997.03166,0.0,2.189076e-07,4.738506e-07,0.0
1211.3633,1168.9164,1164.7814,1136.528,1180.0087,1168.4173,1196.0867999999998,1117.8829,1018.0429999999999,1127.4963,1130.3762000000002,1066.9955,1096.9651,923.99217,1009.3817,1012.0835999999999,966.59208,629.09958,967.91534,944.4842600000001,890.03216,873.64813,929.35731,916.8495800000001,1099.1122,1141.8366,1075.0507,984.4481,918.6798200000001,955.15381,930.7948,940.7639,915.09714,923.01242,912.71146,915.69239,992.64872,1121.0475,1041.2537,1052.8447,1060.7252,995.3674900000001,842.06947,865.81736,881.7243,959.84084,891.7817,920.92605,835.45304,850.3072,861.61915,904.15446,893.23158,910.2881,1195.3896,966.5039800000001,0.0,1.0995915e-07,2.8299999e-07,0.0
1166.881,1143.0392000000002,1147.2538,1106.4759000000001,1170.2033,1130.3361,1106.3784,1077.0099,980.91889,1105.6932,1090.8763000000001,1058.2759,1079.0526,1041.1169,980.02534,986.26225,980.61737,908.3819900000001,946.87237,943.90423,900.50148,891.17328,914.68394,920.57667,1105.9746,1170.3335,1032.1598,967.33644,909.5230799999999,953.5485100000001,922.1364599999999,929.37851,898.95281,911.76168,911.69382,914.24967,1064.7852,1092.9789,935.46998,981.5067899999999,1039.4995000000001,972.51141,845.5973399999999,925.50248,891.52348,933.32055,870.2413899999999,909.60819,873.83544,867.70655,880.95388,913.4006499999999,889.28143,901.72998,1172.4381,974.14402,0.0,9.5633899e-08,1.6035725e-07,0.0
1149.6203,1108.0704,1138.6315,1091.6572,1157.2943,1121.5614,1085.7156,1083.2428,966.0582400000001,1119.0810000000001,1070.1166,1062.1369,1036.3572,970.7668699999999,938.59751,907.1988299999999,969.3829300000001,893.75419,924.59254,946.0386100000001,908.81643,893.19186,906.55866,924.38594,1064.0933,1110.328,1016.7053,945.1866100000001,912.62094,931.69456,905.33217,912.36433,900.65565,906.5873300000001,900.88512,903.2845,1081.1238999999998,1055.4774,1018.3925999999999,993.5101300000001,960.73411,992.86143,878.73512,966.5316300000001,918.8772299999999,936.6234499999999,883.88066,924.57744,875.5728799999999,868.48406,887.6652,891.12744,888.52661,901.1362499999999,1150.6019000000001,966.3960500000001,0.0,1.1022324e-07,8.9216359e-08,0.0
1097.4654,1104.0632,1107.1866,1092.6427,1104.4767000000002,1109.9705,1070.2254,1059.2563,962.65624,1091.412,1009.4413,1079.8106,1047.2930999999999,941.9617,910.40357,942.44692,933.55264,647.4149,930.7779899999999,940.36807,889.44261,866.29427,918.1587400000001,896.96899,1074.3435,1119.6305000000002,1005.4232999999999,941.32753,937.4079700000001,924.7135999999999,940.23686,914.85462,904.05949,903.27323,901.49245,902.16337,1082.7944,1067.7987,1050.4637,994.1626,1031.5022,997.2381700000001,891.89143,967.66878,924.0620399999999,971.34673,918.00476,931.5713900000001,873.64805,875.75902,888.7173399999999,893.68678,902.6538499999999,914.3649300000001,1133.3407,946.60615,0.0,1.0336476e-07,8.0218516e-08,0.0
1084.9448,1099.1777,1079.1785,1052.9642000000001,1098.0594999999998,1096.5843,1050.6823,1045.6314,954.30082,1045.8858,1034.0223,1035.9468000000002,1065.5566000000001,869.8936199999999,917.52674,928.77409,963.51126,497.95961,926.7868500000001,941.903,894.4027,797.6775799999999,914.7564,904.35909,1070.7990000000002,1079.5755000000001,1046.3273,997.9526000000001,930.18739,923.3837599999999,933.4810200000001,911.09816,904.0119699999999,902.35353,901.64486,902.22248,1038.3222,1065.6472999999999,1019.3992999999999,1003.9093,1042.2624,956.78173,880.00721,928.5131100000001,893.26444,922.6453300000001,905.52302,906.10057,871.23676,878.9390000000001,889.7714100000001,895.84575,905.05043,902.37431,1093.11,943.34083,0.0,9.700625299999999e-08,9.3727205e-08,0.0
1095.3967,1095.8642,1067.7196999999999,1036.8674,1107.1915,1066.2874000000002,1042.0774,1010.6954,946.4884000000001,1052.827,1010.6588,1024.0556000000001,1046.8891999999998,1034.0348,949.1516300000001,902.4666900000001,935.34223,689.31532,921.9285100000001,921.67501,902.73839,807.3175799999999,898.43729,916.64318,1039.4282999999998,1057.2905,1050.3023,1015.2203,914.34253,919.1860399999999,907.96929,904.14941,890.07976,894.7887099999999,896.8522800000001,899.50132,1022.3607,1045.336,955.86387,982.6561199999999,1006.5585,971.2606800000001,871.73137,929.0808999999999,877.31669,896.66726,899.10304,921.11982,864.7319,879.97265,877.8975499999999,904.48146,886.2440399999999,899.34453,1079.0484999999999,933.08175,0.0,9.9024638e-08,1.7301030000000001e-07,0.0
1085.5976,1075.7151,1056.258,1060.7617,1055.2022,1025.4111,1037.6046999999999,1000.6119999999999,998.3350399999999,1034.6659,974.4116,1005.5002,1026.921,523.33415,961.8534,950.40999,941.47755,528.1708600000001,926.47988,940.5967499999999,895.87747,822.9529,905.35339,919.82348,1046.6639,1015.962,997.16557,951.5672500000001,936.3131900000001,910.65688,916.7827699999999,906.3009,882.8195199999999,894.32824,881.77197,886.8580000000001,1033.9659000000001,1053.7607,955.92661,949.36366,1019.1389,984.4172100000001,887.63453,936.7799,862.06132,895.5783799999999,884.11717,909.90291,848.83964,869.13392,878.02279,898.8579,883.90112,894.4300099999999,1072.9298000000001,943.86703,0.0,1.0818833000000001e-07,7.541625299999999e-07,0.0
1042.7583,1052.4744,1021.5942999999999,1043.9068000000002,1028.0382,1025.8227,1033.5536,993.6649600000001,949.8104,1015.9064999999999,949.70064,996.13467,1003.8752000000001,844.14953,943.55841,902.37301,934.55039,647.5787,921.5434600000001,929.87133,884.8553800000001,806.99113,898.56198,901.33656,1003.0645999999999,1019.559,996.28129,957.76945,932.57869,926.37084,936.39012,907.62125,887.94724,886.8607400000001,885.28328,886.55194,1027.9562,1006.1931999999999,987.14464,978.6194099999999,1033.2718,987.32695,953.28536,943.95608,869.7748799999999,886.6882899999999,874.14367,913.0283,853.8957300000001,866.86963,857.26292,884.32389,883.55105,893.1932899999999,1064.3686,925.06734,0.0,1.112975e-07,1.4341431e-06,0.0
1029.968,1037.3423,1019.5199000000001,997.90798,1007.9818999999999,1030.2067,1003.7417,977.4458699999999,932.85181,971.04221,961.1726600000001,979.63265,988.18812,1031.5131,933.1060600000001,894.08811,931.1350699999999,896.2547,918.72048,917.42138,875.67151,844.9728700000001,902.42099,893.53895,1005.3802000000001,1026.016,1016.8189,961.83336,904.6073,922.26432,900.9027,898.72475,876.44259,882.65918,883.56673,883.25328,1010.7235,1003.9377999999999,1000.7618,984.61671,995.8269799999999,977.77467,868.38811,903.80615,861.95408,914.0328099999999,892.26219,899.92903,850.23948,858.61231,868.62184,875.1056500000001,873.24535,888.45095,1032.1589,920.98278,0.0,8.8974021e-08,1.9071552000000003e-06,0.0
1038.6472,1022.4776999999999,1030.017,978.74255,993.9555899999999,986.52573,989.8879499999999,978.42516,917.37052,978.6609,982.6830199999999,959.18031,983.0740099999999,1015.2068999999999,939.61347,907.6710599999999,918.21033,963.99212,930.1478999999999,910.4062600000001,863.94933,882.29032,908.15962,897.80651,1006.2434,1011.5285,1000.8162,931.84539,917.9059,909.15666,926.267,895.47119,872.10081,874.229,873.63949,875.49666,976.6533200000001,1016.5984,952.8490599999999,990.1828899999999,1001.5861000000001,957.82843,849.75768,874.8842400000001,848.03462,885.35402,894.64473,913.3666,836.04908,858.3797300000001,847.79002,890.38526,876.4215,879.69561,1024.952,909.12994,0.0,1.4129421000000002e-07,1.6743878e-06,0.0
1027.5978,972.57528,1003.297,971.11724,985.9111300000001,975.67114,980.77923,963.55843,937.6121999999999,970.42707,959.2208,958.5449,995.98738,1002.0878000000001,951.9454499999999,889.10435,898.7595,931.54858,922.30574,922.19203,867.59372,873.7472,899.72036,884.40544,1000.1142,1007.1151999999998,997.6313799999999,975.00664,906.66535,903.08204,893.79405,886.4064599999999,870.5051100000001,874.92328,869.88379,872.75788,1033.6354999999999,1021.0836999999999,965.67594,978.9027600000001,989.93549,942.17399,850.9157600000001,879.79005,854.27129,898.01408,897.27795,892.62779,850.46194,858.53492,868.30586,877.35497,869.16817,883.63921,1027.2446,911.90584,0.0,3.0721874e-07,3.8897974e-06,0.0
1006.3139999999999,970.54994,998.50996,961.5024,992.0737,969.49454,963.6107499999999,958.58916,902.64766,958.35588,935.46254,947.21653,999.3536700000001,971.24322,955.02972,878.38668,917.65889,930.50536,910.6039900000001,918.8171100000001,866.45062,879.31088,892.8206299999999,901.07251,1006.8251,996.16534,1014.9729,977.1734200000001,916.5079599999999,892.27125,887.13032,875.43462,875.96676,880.2038500000001,874.48056,875.93352,1003.5597,1012.5172,986.3634400000001,958.18986,987.8739499999999,941.9751,905.3198299999999,902.89272,885.4210400000001,897.82502,888.71472,892.0130700000001,850.3548499999999,854.43508,857.05984,872.9944800000001,873.79664,882.88243,1014.3463,896.5251800000001,0.0,8.5329305e-07,1.1265939e-05,0.0
983.26063,967.7989600000001,979.37815,962.4433700000001,980.9896,963.07818,948.7258800000001,954.2834,921.03313,961.98555,927.3352699999999,943.05723,987.8443800000001,961.20331,960.6378,860.17825,899.3033,915.97934,917.7148599999999,905.44557,862.86606,874.70194,883.93727,883.0204699999999,998.87924,994.422,979.9605099999999,926.1840500000001,904.16184,888.90651,882.4988999999999,875.47218,878.00752,879.28272,877.71888,877.79721,992.8446100000001,986.6107800000001,982.0935400000001,941.2942800000001,989.05013,964.2719199999999,907.7923199999999,904.87042,872.8437399999999,894.52719,867.81565,889.7636399999999,851.5086600000001,853.00217,859.30244,874.7098100000001,870.21876,872.47811,1001.7886,882.77695,0.0,6.2095919e-06,1.1618236e-05,0.0
968.02014,967.4373800000001,952.69042,960.47534,964.16016,962.9348100000001,948.4884900000001,945.2764500000001,907.42457,942.11492,927.13207,943.68051,964.1609699999999,939.8295300000001,961.72304,858.7811899999999,906.62842,937.00918,910.4988,904.6693700000001,865.65389,874.29779,878.8857499999999,885.4303,979.56915,974.28407,984.0083399999999,926.8553499999999,890.0426,889.70534,884.3909,880.85394,871.03266,875.8139,874.4461399999999,877.14832,992.7665,974.39751,991.3716400000001,944.11468,969.6068,923.01924,871.88143,916.41036,865.92963,892.01004,888.8092399999999,888.64071,856.48228,871.04849,860.91898,876.0871999999999,867.60571,869.9495800000001,982.65749,903.5470700000001,0.0,5.0046186e-06,4.4753213e-05,0.0
960.6076999999999,965.9004600000001,950.11922,943.12441,947.02716,952.61822,941.40639,920.56096,912.08766,935.67525,930.38063,926.0660999999999,955.9160899999999,990.8817399999999,950.48859,882.87601,906.17013,953.5982300000001,906.32507,925.7876799999999,881.20546,860.65437,879.75019,875.67494,965.63917,961.0808300000001,971.51603,956.1878399999999,893.15246,891.23644,884.36488,879.75581,867.79733,869.4812000000001,867.5041,869.81894,997.4658900000001,981.61753,969.7592500000001,947.6498200000001,959.61207,928.74104,876.10809,910.77651,860.33148,885.2551,868.1087799999999,876.63986,856.89976,873.9356300000001,862.7877100000001,876.66557,869.69101,872.07672,969.04151,911.03953,0.0,6.726996400000001e-06,9.0200816e-05,0.0
959.30237,956.80163,959.24204,925.65426,948.8817799999999,931.45816,936.6182200000001,919.83808,892.75935,931.21511,917.81929,916.10812,957.3605699999999,978.75365,887.01806,921.09033,905.19957,944.9932600000001,900.62513,931.02129,887.28278,857.86341,874.56539,879.25059,965.5153200000001,960.03736,960.20329,943.5883299999999,883.26797,879.4923799999999,870.36798,870.6335799999999,869.11573,868.65269,867.44864,868.36675,983.0933999999999,977.0212600000001,956.36785,940.41579,961.28155,922.9030700000001,897.92756,884.7206199999999,864.15228,892.2503,862.9049699999999,889.14685,850.52751,872.85396,861.16656,877.5774,864.5836999999999,869.91692,960.97475,908.7610699999999,0.0,1.9024383e-05,8.5641407e-05,0.0
957.57969,936.02894,954.41149,923.93421,939.13646,920.25142,930.01771,921.67724,907.72661,924.7770099999999,914.90684,914.80787,973.5758099999999,974.6306,884.79324,916.92918,905.1058400000001,932.27978,892.8304599999999,921.28689,867.96668,879.1764099999999,874.3691100000001,874.02544,950.8405799999999,951.8116200000001,972.485,921.6502499999999,908.9235,872.0216,872.51675,867.36874,871.22395,868.02701,867.1191200000001,868.26804,963.59585,942.97195,941.0353700000001,949.0320499999999,949.49154,910.1391600000001,877.40057,912.08684,865.20797,899.5861,882.53105,883.6119600000001,864.16989,871.97428,864.89823,875.54849,869.1247500000001,868.7317700000001,958.2696900000001,882.16693,0.0,2.273665e-05,6.0222535e-05,0.0
940.68199,933.48206,941.62805,925.1020500000001,932.06929,921.40089,926.22203,920.62122,884.5836599999999,922.31325,912.0883200000001,914.34762,948.38179,968.4857900000001,876.50949,857.0451099999999,912.7654100000001,931.3245499999999,893.04568,905.97145,866.7834,864.1054800000001,882.0359,877.83688,946.9618399999999,942.7576700000001,960.99096,947.23369,903.20388,872.1455,889.66565,869.74523,867.0572000000001,867.5446000000001,868.4487899999999,866.65184,952.92022,941.44777,950.52167,942.21497,948.21076,897.46,864.85684,901.06342,860.8335999999999,887.47907,883.48768,878.15052,856.7284,867.3514600000001,865.24613,872.31932,865.2763,867.92052,955.80148,889.37562,0.0,2.7060543e-05,0.00010148944000000001,0.0
935.95182,937.77233,928.87919,924.84937,922.6094300000001,923.22979,914.4386499999999,913.5735199999999,886.5173299999999,914.2414699999999,914.77811,910.00299,942.2444,964.78364,880.74715,895.90776,903.05422,926.15012,904.95615,895.9164400000001,866.15207,860.54514,876.16295,872.17668,951.88043,946.5166,950.44838,956.24512,889.97505,878.42556,878.22271,868.46353,866.40353,866.12788,866.78878,866.18195,947.75971,941.2219,939.2737800000001,916.5611399999999,935.69291,887.96704,882.9945299999999,899.66072,861.6238,882.91048,886.14314,880.9209599999999,855.68428,869.51973,869.38774,875.3768,868.87053,869.72164,946.0754999999999,881.5814200000001,0.0,2.8527074000000002e-05,0.00014272425,0.0
931.68091,930.55018,931.88964,915.11696,918.8279299999999,922.03993,907.78798,905.3234,905.92667,914.91178,905.6987499999999,905.65869,943.74981,966.1898600000001,900.64699,864.11122,901.18103,930.4425,908.16017,887.4018,866.2263,865.02866,872.3566099999999,868.33623,947.4775099999999,938.92341,940.7579499999999,943.74881,877.46143,876.30488,867.13535,866.96299,866.8037899999999,864.39134,867.4298699999999,865.5624,934.83084,939.2645699999999,919.3814,891.3241899999999,922.79545,900.65917,885.34184,907.20757,864.4489199999999,888.83329,883.53489,887.95017,856.30328,872.5978700000001,867.49957,872.92254,864.6510999999999,861.30754,937.71199,892.48297,0.0,2.3288331e-05,0.00013496740999999999,0.0
935.5031299999999,913.25292,930.7609199999999,904.8339100000001,919.23549,911.60192,913.9241999999999,902.9651,895.14285,912.82254,897.92381,898.4195900000001,945.40217,969.64561,901.3516,837.07007,896.82317,918.5811799999999,904.9685,890.66207,873.56389,865.25042,867.11736,862.69021,934.7992,932.56142,944.2653700000001,942.95875,875.81708,881.4926,867.68982,866.54479,862.58752,862.98433,865.18249,863.9451399999999,933.62033,914.23152,926.4205099999999,881.7377799999999,938.32999,917.7824999999999,866.42363,904.95185,860.78248,879.24741,876.9432899999999,881.39901,860.10698,876.96167,859.4933500000001,873.17943,863.22366,863.0096299999999,933.73887,883.3472899999999,0.0,1.8774897e-05,0.00010668334,0.0
926.01416,908.42474,928.05855,905.93727,911.52136,913.3871800000001,914.50378,896.41211,882.06573,905.1152000000001,898.4613800000001,897.1474,925.99261,965.38793,901.7266000000001,813.44135,898.04217,916.7077800000001,895.89337,896.3245499999999,881.3958,873.38635,866.3875099999999,871.5781300000001,932.22146,929.1593300000001,940.3740700000001,935.06467,876.39733,879.77279,866.63449,864.52687,863.3109999999999,864.0056500000001,862.6557799999999,862.47336,935.3591,918.45825,924.0341999999999,890.69442,931.5037400000001,910.8416500000001,875.11807,892.25706,855.82299,873.15215,869.66386,881.7202,856.5291500000001,869.65949,860.74592,865.83373,861.86645,860.70128,930.74176,882.24235,0.0,1.5344591e-05,9.7008462e-05,0.0
917.6791300000001,911.9496899999999,922.28362,900.94795,907.13296,906.36544,908.71881,897.20497,895.8715,894.6498200000001,890.17884,893.0453,912.3764,949.29557,906.46073,891.4671,893.57628,916.4484,882.2694399999999,900.26489,871.0333,870.8362699999999,867.78917,872.83996,925.67266,921.9341999999999,944.89787,937.41927,873.96354,879.58184,864.83265,863.87342,861.6744,861.47307,862.88162,862.2394800000001,929.73823,919.84276,927.2034100000001,898.43543,918.2831699999999,876.0684799999999,872.61047,886.03078,872.23711,887.66822,870.92614,883.6077,856.9924500000001,867.12797,859.23754,861.46522,860.068,860.49156,922.91765,877.59717,0.0,1.2746313e-05,9.2096063e-05,0.0
916.92043,904.72032,916.76825,897.8563800000001,906.06221,897.09005,903.60216,893.5694,880.29879,892.23594,890.65166,889.28673,906.22052,935.62672,906.9842299999999,874.07227,893.91894,918.49285,886.04346,895.8151300000001,867.44989,868.85709,868.28607,870.97109,922.46077,916.82552,943.3620099999999,933.55064,878.46442,868.1698299999999,865.06916,863.86284,860.77635,861.68738,861.06604,860.23514,924.6329499999999,917.0385100000001,913.2681200000001,910.68117,909.83568,870.40908,865.9486,884.48143,871.75612,881.3502599999999,877.8015300000001,877.2674499999999,859.13425,863.63982,859.89981,864.12299,860.90956,862.35997,917.1112800000001,874.8707499999999,0.0,1.1350232e-05,7.9346959e-05,0.0
911.5300500000001,900.57525,915.8782500000001,895.99493,902.55755,895.18279,898.8550799999999,890.83894,876.08703,890.37558,888.65812,889.18376,902.4075799999999,925.19483,902.0742799999999,817.49439,885.6805599999999,909.85594,890.89958,893.683,869.97721,871.66077,865.69687,871.08024,920.01631,913.68056,931.13407,923.18266,889.14783,867.3004500000001,863.6415099999999,861.77662,862.1282600000001,862.60237,861.87121,861.3199999999999,921.38893,921.54071,915.81805,907.6674399999999,921.87344,875.37784,866.6351,883.66635,863.00167,878.7301699999999,875.76162,873.99902,861.76139,867.89291,861.59678,865.07335,862.77877,863.01284,912.03111,879.53941,0.0,1.0279888e-05,5.7852621e-05,0.0
910.35577,903.7332600000001,912.58124,893.39288,899.19383,892.39054,892.63147,887.03963,882.24071,890.94747,879.70681,886.19326,907.67905,917.69065,902.01947,793.81547,886.0294200000001,901.19591,888.08223,889.87735,874.9390199999999,867.54457,864.77156,872.12639,917.9968299999999,908.91987,919.1473500000001,909.92204,883.3306299999999,865.45591,872.71487,862.17936,861.45232,860.99315,862.46264,861.9226299999999,916.59263,908.2026,916.7492,899.35796,915.5713099999999,876.46304,862.0832899999999,874.04022,868.29704,873.94425,874.78113,875.4578200000001,864.00274,869.17242,862.48565,865.46982,860.95425,861.93386,910.34253,871.811,0.0,8.9517109e-06,3.5198263e-05,0.0
908.99616,897.38347,900.71194,887.2121599999999,894.44778,891.31146,892.6224,885.61988,884.99415,887.32443,880.8777200000001,884.00158,906.62999,914.38829,890.41917,828.77078,887.02806,900.4981300000001,885.80635,890.19282,869.5561,861.22223,869.5874699999999,869.35528,910.6717,909.77483,916.65259,922.1259299999999,879.33579,872.2975,868.51947,864.2876699999999,861.41151,860.8919,860.41296,860.6349799999999,913.55468,899.6866,892.77534,895.03217,906.5633700000001,869.04486,870.91214,891.36474,870.0057700000001,875.15139,872.58968,875.01953,862.4208299999999,868.50036,863.1642400000001,866.91606,864.28409,865.56575,909.77562,885.76441,0.0,2.1266771999999998e-05,2.2425573e-05,0.0
901.83033,895.37667,902.7365900000001,886.86581,892.84526,887.4469300000001,890.34136,882.51825,876.36714,884.75732,881.57148,882.06818,899.91572,912.0151,882.1451099999999,830.2788,889.8059,896.1094,884.1795599999999,884.75008,867.3090000000001,864.88039,865.34394,866.9752000000001,907.82984,908.35085,919.6984199999999,924.1012000000001,878.24603,875.41001,868.37063,862.77328,864.32828,861.41231,862.75231,862.22611,902.77375,900.74864,883.2117,890.6151500000001,905.70141,864.7608600000001,872.10249,888.98842,864.58658,873.03967,870.0887700000001,873.9332899999999,861.2237299999999,866.1774200000001,866.55192,871.78693,865.04381,862.2196200000001,905.0513500000001,874.38856,0.0,2.6318054e-05,1.3981265e-05,0.0
896.3896199999999,891.24081,905.6353899999999,886.00186,891.3368399999999,886.25057,885.24696,881.10052,872.4528799999999,884.25884,885.05437,880.6824799999999,898.93648,909.0906299999999,878.0516,791.3565299999999,884.47759,889.83656,886.62687,884.67467,872.24595,861.0769700000001,864.7957,866.48239,906.59881,905.85001,920.66356,926.38694,878.22677,871.79372,873.08198,862.64361,862.41175,861.4048200000001,863.26172,862.81671,887.79294,905.2779099999999,879.03264,884.44439,900.10405,864.47465,874.13517,885.74091,867.84871,874.1199399999999,868.42377,873.23196,864.39882,870.65063,863.47883,866.34488,861.76196,861.05438,902.41876,881.88834,0.0,2.323413e-05,1.1927638e-05,0.0
900.81879,887.2047299999999,903.8954299999999,883.58789,886.70638,885.30386,881.7638400000001,879.1146799999999,878.97164,883.3958899999999,880.22171,877.1953599999999,899.71665,901.0370800000001,870.8704799999999,787.66513,881.3631799999999,890.26294,882.92894,884.67054,871.64356,859.4223599999999,863.74586,865.17124,909.9953200000001,903.44116,914.51695,906.3895699999999,876.8403999999999,872.24456,863.56929,862.88573,859.9960699999999,859.38094,861.55281,861.03205,887.91516,900.43052,865.4569700000001,879.5116800000001,893.82024,865.32529,867.4819200000001,881.9578700000001,874.31601,879.9193300000001,867.38924,871.03708,862.70469,865.99639,863.01559,865.60577,860.38439,859.0142999999999,900.0804499999999,875.3873199999999,0.0,2.2143448e-05,1.1107055999999999e-05,0.0
895.51481,883.14944,901.43268,883.1863400000001,883.72161,881.79129,881.8980700000001,877.1784299999999,880.12287,880.06728,877.09073,877.1583499999999,900.4086,888.46548,871.77449,791.83233,881.73716,890.6435,880.2012699999999,882.61166,868.16146,858.41659,861.3637200000001,859.47883,906.14949,900.66022,913.1881099999999,900.0121,880.08321,865.31481,863.0512799999999,861.7584499999999,859.37059,856.7225199999999,860.2496100000001,858.37192,887.54325,888.71252,861.42699,882.24541,893.8897900000001,863.07778,866.2648,880.5192199999999,875.51706,874.95882,869.87877,868.6656800000001,856.3861899999999,864.47638,859.37691,864.8354,858.45447,857.4993,898.02197,868.9818799999999,0.0,2.0470576999999997e-05,1.0891962999999999e-05,0.0
890.2324799999999,888.78865,897.09472,879.62411,881.1988100000001,882.3740700000001,881.57955,877.13955,870.32845,878.2396699999999,876.9909200000001,876.42281,897.09511,873.32106,872.49121,798.66661,881.4,892.90643,877.6551099999999,883.11851,871.40762,861.44665,858.3563800000001,860.70281,898.4739,897.10784,910.49633,908.36338,879.98585,867.8586,861.3739,860.4440000000001,857.88888,857.96356,858.97797,857.64809,888.26645,883.46123,867.7872199999999,887.69205,889.79579,861.6687999999999,864.29176,875.76229,867.88957,871.40873,871.51694,866.65112,856.51029,862.5601,859.12356,863.3944,857.08262,856.87733,894.22706,874.6758199999999,0.0,1.9195625e-05,1.0427796999999999e-05,0.0
893.80831,888.45771,893.76448,880.32575,880.33198,880.70876,879.34158,875.72114,876.51445,877.94471,874.73673,874.55908,893.91892,864.58271,864.58477,820.4761699999999,876.92139,890.9496800000001,873.89371,876.9021799999999,865.0486,867.20275,858.59978,861.1573,895.56869,895.94264,906.15453,906.34412,867.52964,872.34078,859.3064,861.33957,857.35455,857.36043,857.7649,857.31543,884.80728,878.1481299999999,869.39814,892.62404,890.31152,851.5754,865.07636,876.48587,862.06772,868.93662,866.4860100000001,860.7784899999999,858.26969,862.00036,857.27539,858.27142,856.61362,856.5705,893.35067,874.6407899999999,0.0,1.7926891999999997e-05,1.0709889e-05,0.0
893.41325,884.04388,891.98972,881.4853099999999,878.82387,877.67377,876.0133500000001,873.9731999999999,874.5377,874.3265,875.64982,871.52305,891.50014,863.90495,861.7093,780.8584599999999,876.3319,887.04039,872.7950099999999,877.14805,862.41609,863.4687,861.96499,866.03828,896.35318,894.8085699999999,906.16548,905.27622,867.83204,866.57206,859.64243,858.0859499999999,856.32581,856.64,856.56904,856.97533,879.60595,873.44847,874.3187399999999,891.90206,885.36994,844.88575,866.41075,873.08366,862.9575900000001,870.35925,862.48965,864.95028,857.15995,859.02719,856.36257,858.4918200000001,856.1017599999999,856.65457,891.71203,865.88359,0.0,1.6250076e-05,1.1954023e-05,0.0
888.66947,884.19599,891.6140899999999,876.1234900000001,876.97848,877.08661,876.4968299999999,872.19952,872.20354,873.9903499999999,873.42081,871.44857,883.42431,865.22091,865.3014,777.95989,874.68921,883.1842,869.75049,877.98276,861.78849,852.4254,862.4268900000001,864.8251700000001,893.49397,893.25362,903.11812,904.43923,870.0448,865.61108,857.25418,857.08123,856.50408,858.14009,856.46808,856.5546999999999,877.84991,877.24455,870.86373,890.7951,885.4354400000001,848.78791,862.58515,877.4426900000001,862.87647,867.65442,864.36226,862.63393,856.63325,859.6471700000001,856.59653,860.03266,857.72823,858.6874499999999,888.70309,867.80187,0.0,1.4461341e-05,1.2137858999999999e-05,0.0
883.1353300000001,885.5244700000001,889.26757,880.72544,876.17925,874.91432,875.3188899999999,871.83488,866.1045700000001,872.1103499999999,872.4548599999999,870.81096,876.96059,868.19701,869.08869,786.0384,870.76351,882.705,869.67437,874.76306,863.23684,860.3013100000001,861.59854,861.3352199999999,890.38271,890.2957600000001,899.2604600000001,901.16494,875.31871,859.09492,857.75491,856.91233,858.0001299999999,858.14319,856.64937,856.97067,880.21431,879.71368,871.93606,887.7377200000001,885.05426,845.7305399999999,856.84556,871.2429000000001,858.94966,865.72512,866.28821,863.74699,857.49356,862.58328,855.9545599999999,862.75858,860.29877,859.13435,885.78283,863.97332,0.0,1.288289e-05,9.1568145e-06,0.0
884.6973300000001,885.41399,884.7712700000001,881.7340899999999,875.79228,872.58444,874.23814,871.1992,867.18988,870.5246099999999,870.70337,870.62455,875.99068,866.8956099999999,869.2387,781.32973,870.8778599999999,880.87384,871.40688,873.91327,863.2402500000001,853.2214600000001,859.3764600000001,861.74236,884.06298,886.9679,895.45523,899.60927,871.85382,861.6054,857.29359,857.83426,858.1216900000001,857.09186,858.5526600000001,857.44014,880.08177,878.63325,863.42258,883.4155,871.10939,839.86128,855.95775,870.10577,862.6429999999999,863.9176199999999,868.28282,866.34512,857.49491,860.24599,858.01602,866.41143,859.83372,858.0573400000001,883.6268699999999,868.51763,0.0,1.1587319e-05,5.8501231000000005e-06,0.0
885.84383,884.6631100000001,884.75242,872.22134,875.12116,871.97997,873.24361,870.20682,867.7127099999999,871.47523,870.07918,868.42543,876.62398,856.96254,864.07111,802.7726,871.2368399999999,876.5861900000001,866.14653,870.98386,863.25497,864.46469,860.65605,862.47199,881.02873,883.7506,890.38184,898.58539,869.54488,865.65473,858.32368,858.64519,858.43296,858.66764,857.8267199999999,857.69543,875.87099,875.75947,854.93074,873.94891,870.10126,840.06417,858.60985,869.8198,859.97546,864.09367,865.4137000000001,859.99299,857.06155,859.06072,859.89512,862.08038,858.31172,857.45385,884.37018,868.9436900000001,0.0,1.0655262e-05,3.8992024e-06,0.0
885.9147,882.08547,886.5933,869.82744,873.0556300000001,871.3022100000001,871.8000499999999,868.2921500000001,867.63043,870.32416,868.1401199999999,867.89136,876.11601,843.4085,864.20376,770.83565,867.40075,878.3791699999999,860.11011,868.08721,863.43557,878.74508,860.27109,867.1248899999999,877.82946,882.32121,888.80333,894.41589,866.60256,867.08464,859.29022,859.61253,858.26218,857.79,858.3336300000001,857.76657,874.89756,875.95145,842.30653,858.7081499999999,872.78361,835.24271,862.64495,867.3414399999999,862.2378,866.11746,861.5018699999999,861.09464,859.4254999999999,862.3706,858.67125,860.72616,858.04157,858.3864,884.54976,870.9345000000001,0.0,9.4618287e-06,2.671637e-06,0.0
884.45224,878.70656,885.38936,870.65292,872.24427,871.28675,870.16791,867.28725,867.12815,869.00237,868.43794,867.6125400000001,875.05272,852.4233399999999,863.9743599999999,757.41165,868.2247500000001,874.37369,858.67218,868.41175,863.56036,855.1206500000001,865.93188,869.44301,877.36016,881.04777,886.5240100000001,893.9560399999999,866.1118299999999,866.04064,858.44984,858.8125200000001,858.5922899999999,860.6469000000001,858.49243,858.59701,873.8973,875.22729,837.52128,854.70519,866.33792,839.14392,860.3265700000001,868.75636,861.5204,865.7261100000001,860.83906,864.46972,860.65752,860.12718,859.91127,862.38826,858.86223,863.57187,882.36335,871.37464,0.0,7.572840399999999e-06,1.9196425e-06,0.0
882.6025,874.93105,884.26071,870.77999,870.6480200000001,869.7558899999999,868.9206899999999,867.00495,865.71369,867.0559999999999,867.1770200000001,866.9294600000001,874.3144,855.1758299999999,864.79436,763.53454,865.33941,874.46069,859.23852,868.23415,865.52882,860.07898,864.0455400000001,860.0104600000001,878.31889,881.8113500000001,886.29897,889.54843,860.29169,866.6085,858.5849099999999,860.06655,861.5049399999999,862.79227,860.01611,861.02906,871.21162,869.59173,836.1238400000001,850.64152,863.61192,837.73448,863.8618700000001,866.88273,863.20813,863.67254,862.50982,866.55957,859.5571,859.96858,863.1478999999999,864.42438,866.21014,863.10559,880.62869,870.49597,0.0,4.1608907e-06,1.7408988e-06,0.0
881.49951,872.97446,883.4196,869.18537,868.9411699999999,868.60676,868.50823,866.7606000000001,865.58025,865.93064,865.79977,866.32788,872.1377799999999,852.45357,861.4096999999999,761.18946,866.26336,874.22059,852.91898,866.13247,866.13101,861.97961,861.80311,862.96032,876.2616399999999,879.20586,884.3081500000001,884.5910399999999,864.41866,864.86507,860.33271,860.4839400000001,864.39898,860.5124000000001,862.74239,861.21715,861.98896,864.27046,841.1041299999999,844.72516,855.9411600000001,825.81814,864.4738,868.42037,861.66418,865.2950900000001,862.91126,862.36368,860.15285,866.32445,865.09873,865.2948,863.7573199999999,860.32149,878.6034,868.52863,0.0,2.2703290999999998e-06,1.9749858e-06,0.0
880.97328,880.15319,881.61234,868.41562,868.11422,868.06739,868.20295,866.03133,866.31026,867.28966,866.06897,865.4007,867.06017,842.5727899999999,853.7455,759.50093,867.26027,870.41573,855.45475,864.8708300000001,865.10459,866.6091700000001,861.5805700000001,864.36929,871.2782199999999,875.16894,881.19825,883.7104999999999,870.66958,866.32204,861.8098,861.47776,861.9814700000001,861.58187,862.71089,861.79553,853.9299,861.96636,836.46713,842.51891,853.93869,817.1834399999999,862.95669,869.02702,861.57465,864.7136,864.01835,863.45767,861.9269999999999,866.2271800000001,861.51382,862.47434,861.0223699999999,860.62067,878.24789,868.1953,0.0,2.4864826e-06,2.1002559e-05,0.0
882.95157,880.71879,879.55815,866.27352,867.5160500000001,867.7250799999999,868.11541,865.8256700000001,865.34532,867.15048,865.92273,865.67329,861.1604600000001,839.78117,828.62742,756.85451,865.31011,874.21524,856.54488,865.1827,862.08223,883.38877,863.37305,874.12216,870.5071,875.06267,877.7302000000001,880.8113,866.01885,867.40116,862.1101,862.37509,860.87817,860.9612099999999,860.77197,861.0181200000001,847.97275,853.9127,833.4900200000001,844.10956,847.53625,823.91913,861.89139,867.1214500000001,862.4432800000001,864.2432299999999,863.6168799999999,863.46869,862.73874,863.34557,860.61771,861.62788,861.42249,861.85269,879.0848100000001,866.5282100000001,0.0,1.5677560999999997e-05,3.2631792e-05,0.0
882.69489,875.08837,878.39966,867.76405,866.95725,867.7117400000001,867.28715,865.47726,866.43943,866.04547,865.3000900000001,865.4580100000001,858.32691,839.61932,835.10084,750.8885799999999,866.11047,866.0897,862.1558,860.48296,862.79869,903.6458600000001,868.00378,877.00346,868.78797,876.97227,870.0529,878.0305599999999,865.51403,864.39047,864.16689,861.45447,862.38965,865.48188,860.89551,862.40422,854.8771,843.45755,832.40695,846.76594,841.13318,836.69409,863.33362,865.34827,862.13567,863.30777,863.17921,864.04582,870.45848,863.12996,863.75975,863.2666899999999,863.4162600000001,869.74975,876.89452,867.03584,0.0,1.9876254e-05,2.3824777e-05,0.0
876.74897,869.32334,878.1478,874.22865,866.3911,866.71082,866.1242100000001,865.10938,863.53524,865.91841,864.8931100000001,865.0922400000001,853.12108,834.76399,835.87803,757.6016400000001,864.26941,863.90236,858.81177,857.85111,866.46836,898.92975,878.5117,893.84359,868.51524,877.52595,872.18274,873.00626,865.02058,864.93496,862.60423,861.58203,869.15794,868.62338,865.6530700000001,868.10296,858.2817,846.6786099999999,835.46371,847.38342,849.7471899999999,832.13542,866.90989,865.35762,866.2868,863.30894,863.94676,865.0503,878.52981,866.6838899999999,875.07601,872.52058,872.33632,880.34339,876.22055,864.7952,0.0,1.7848214e-05,1.4298226000000001e-05,0.0
874.66703,871.37341,875.21619,870.1984,866.6833,866.34539,865.33407,865.13803,865.52906,865.20293,864.73306,864.86141,846.38781,832.51619,832.93704,761.79734,866.36533,865.4632,858.91692,859.22145,871.49441,888.89224,886.45122,894.9212100000001,869.14064,876.33396,873.52907,876.15482,865.42488,865.51991,864.43049,865.99626,886.3654700000001,871.74936,879.04164,875.8968,857.1482199999999,843.78962,823.08198,851.75352,847.78768,817.36549,868.8693,866.66773,867.27297,865.98671,866.1093099999999,871.49982,899.14372,875.11473,897.7915300000001,885.46011,892.72502,898.0748100000001,875.24662,864.8501600000001,0.0,1.2107158e-05,1.1214877e-05,0.0
876.0260099999999,873.6548,873.92381,866.98767,866.36616,866.24567,865.46483,864.6096399999999,868.39301,864.90707,865.5576299999999,864.54249,840.05668,839.94633,820.88683,763.55474,866.76227,863.05812,866.31061,861.4803400000001,879.35596,868.8841,900.42917,874.05092,868.3028700000001,876.3339900000001,871.4357600000001,873.38048,869.33566,869.97954,869.8678699999999,873.7389499999999,897.3845,887.0470799999999,896.8503999999999,893.96427,853.75275,840.8743000000001,815.6935,851.70536,846.59468,812.28606,872.33505,868.43866,874.33993,868.8927699999999,868.56092,870.78412,897.5937,895.24898,894.08225,887.74175,900.1467,901.95831,872.54399,869.42112,0.0,9.7859877e-06,2.4920283000000003e-05,0.0
878.5048499999999,872.6783,874.68414,865.67113,866.21659,865.74674,865.30703,864.90358,871.40609,865.9601799999999,866.04426,865.6007000000001,839.55773,836.0021399999999,816.77137,750.86648,869.1298,861.6821199999999,865.7334900000001,860.7894600000001,888.29618,885.34108,882.80978,873.73481,856.29814,869.2461,865.26184,868.0294200000001,872.74997,875.56925,885.08491,889.85171,892.63794,888.26019,896.59034,894.2571800000001,853.96619,845.88223,823.2362,849.46501,826.95636,827.7852,882.8185699999999,872.18952,876.64189,870.0191699999999,870.6989,874.6349299999999,890.5665300000001,889.79452,886.32479,899.22272,897.17273,889.58032,874.54631,871.48805,0.0,1.5644097e-05,5.1638805e-05,0.0
874.76502,867.95039,874.28382,868.1570499999999,865.19651,865.76177,864.99826,865.70959,876.59186,867.09501,868.3787299999999,869.21879,840.92156,828.10964,816.20147,739.02272,873.60174,864.3415299999999,858.21586,861.20174,895.01664,885.96297,878.46949,888.30917,858.68123,865.84782,861.9652900000001,866.73935,880.90634,880.52942,887.0089,893.23026,888.9590900000001,887.94752,892.9656200000001,892.3670199999999,852.84722,844.75759,831.70782,845.45232,844.04461,831.88432,882.25801,874.22742,880.92364,876.64386,879.13792,876.26424,890.8319,892.64198,891.51999,886.5224499999999,889.15185,882.4498000000001,875.9581,871.32463,0.0,2.7583569e-05,7.8192e-05,0.0
870.17637,867.51753,873.7156699999999,871.36175,865.39095,866.15727,865.01562,867.61395,870.8858200000001,870.9142300000001,871.87681,871.3386,838.03175,810.4285199999999,798.76549,746.19255,875.3894700000001,869.0886300000001,857.47833,858.84833,884.89917,888.62271,888.14965,891.7303499999999,869.0597600000001,870.7211500000001,867.21858,867.59164,887.53865,883.76328,891.97429,893.22722,890.4027,889.30138,890.88585,890.4476000000001,851.53119,839.02066,830.94542,843.77599,841.4259,815.07835,873.0151099999999,874.16747,885.60959,878.3569,882.50072,885.22364,896.47675,884.27639,894.1672,881.38328,887.59121,889.91665,870.64996,868.43115,0.0,3.9533927999999994e-05,7.060802500000001e-05,0.0
870.1816,874.56104,872.0042,874.76014,866.43247,866.42378,865.21446,870.4625599999999,879.15385,870.07428,873.25649,873.36127,839.16624,793.76556,796.7762299999999,753.66255,873.74893,863.32755,866.10501,860.43694,880.2185300000001,893.91069,890.36292,895.18165,866.60937,867.67061,864.64845,866.11662,885.95452,889.6743399999999,890.5772400000001,890.78003,895.4786899999999,893.0773300000001,891.64493,892.87414,843.78189,838.67481,823.42122,838.7108900000001,828.71881,813.5790000000001,875.13616,876.14454,877.69627,879.86523,891.40777,884.17847,898.97606,885.89542,897.23434,888.75749,893.2209700000001,899.48452,868.1071999999999,877.37677,0.0,3.0344988999999998e-05,6.9918663e-05,0.0
872.74369,875.7304800000001,870.7675700000001,874.5483,866.34645,867.92993,867.19399,872.7935699999999,872.67603,874.36432,875.19159,874.3561400000001,837.81932,811.8417099999999,807.92,747.87135,879.61139,856.8779099999999,862.87578,858.77169,886.56363,896.14793,891.49149,905.48564,854.01877,856.0312299999999,860.44082,866.1123699999999,879.39274,889.16819,889.88708,891.36614,896.4405800000001,893.93209,898.66311,897.58176,852.26382,837.75485,828.9892,835.77034,820.56565,810.79877,886.5517,873.98103,888.81057,885.0041699999999,890.56862,881.14729,895.236,896.62656,896.03182,893.86469,898.76566,897.63258,868.47407,882.58611,0.0,2.6788486e-05,6.9041834e-05,0.0
871.94436,873.303,871.17881,875.58024,868.10171,872.77311,872.3263900000001,875.6052,879.26672,872.92542,874.11743,876.13304,834.79184,814.19989,813.80769,735.01983,879.03652,868.01926,857.4261,858.77196,889.8687,897.13826,893.73743,908.10385,853.7289499999999,850.56247,851.33566,856.10267,880.9988900000001,884.47763,891.07604,897.9426900000001,896.23327,895.4923200000001,896.97127,897.07075,849.69493,841.58045,828.47157,836.95281,831.86057,817.21018,887.87394,880.01315,894.4670500000001,888.11414,892.6556899999999,885.06141,901.29659,897.29102,904.11981,895.43566,899.1656300000001,898.55827,868.96443,873.0776,0.0,3.1035422e-05,6.1734742e-05,0.0
871.1912,874.1232,872.39676,877.0205,871.59154,873.8652400000001,872.11362,876.84546,884.24217,875.81111,875.8566800000001,876.82011,827.1510199999999,811.86737,812.42967,738.5182500000001,881.0126399999999,869.5680600000001,867.8651699999999,865.84494,894.09454,911.78959,901.27897,910.70746,850.6121400000001,860.78053,860.13919,857.3656599999999,886.21673,889.3516,893.52021,898.44744,904.69327,899.3759299999999,907.6438800000001,904.17283,837.37883,836.5767099999999,821.46443,839.95346,833.3319,813.1656800000001,877.6109,879.09866,893.46573,886.80474,897.31571,888.98342,916.69091,900.07567,914.65584,897.39816,905.0259000000001,909.31877,868.57052,879.51587,0.0,2.6280205e-05,5.3003660999999995e-05,0.0
871.31734,874.7872,872.56576,878.7014099999999,872.75713,876.1679,873.21519,878.12746,881.30349,876.26532,879.40065,878.96687,829.2174299999999,803.95866,812.56458,741.05705,881.31421,867.65032,861.86301,869.36232,900.11134,916.6,904.2729899999999,924.28562,856.1733399999999,861.5201599999999,858.63097,860.41174,889.79413,891.8783699999999,897.73757,905.69672,908.87987,905.21568,907.85433,909.3127000000001,839.5918800000001,837.50682,821.79066,839.4770199999999,828.94616,799.48634,885.5777,881.8879000000001,902.4567499999999,883.58784,897.36604,893.5242400000001,957.43426,903.5554099999999,932.90831,904.78584,910.40687,918.03172,869.4225,883.2232899999999,0.0,2.214146e-05,6.1706765e-05,0.0
872.10049,876.51032,872.79468,878.8901999999999,876.20685,876.56076,875.61792,878.27477,890.23339,877.71911,880.48764,881.12919,831.9966,810.36705,819.11915,739.90324,885.0873899999999,860.46734,873.63483,863.13626,904.0128,918.6098499999999,922.38168,947.299,855.65436,860.08691,857.86578,866.33348,889.7585,900.28597,898.44801,905.76405,918.9344600000001,913.14876,913.7827199999999,914.27755,849.54994,839.2878199999999,820.74951,836.50294,825.0009299999999,780.82953,890.56285,884.75607,910.6604500000001,890.6794600000001,896.12487,893.32602,962.0911,920.15163,935.40918,905.77449,917.5389600000001,922.4646,870.6927400000001,891.4094699999999,0.0,2.3438417999999998e-05,9.0991393e-05,0.0
872.60767,877.45169,873.00263,878.5754900000001,877.93404,876.4022199999999,877.29711,882.7210699999999,889.3524299999999,882.6065199999999,883.39745,884.81951,826.3894700000001,813.96641,816.76414,737.41927,888.28317,866.89313,871.62968,866.4884000000001,909.25054,923.32695,925.01012,927.0787300000001,854.12917,858.00405,853.80041,861.3869599999999,887.03864,897.45651,899.93131,913.3673,926.4934999999999,913.24545,924.0127699999999,923.4901000000001,847.26279,831.0162,818.35163,829.23775,825.48729,780.72009,888.7696900000001,887.65755,914.98965,899.29672,901.35239,899.94398,976.59952,920.2296,948.0476699999999,921.15432,925.7908,939.61677,871.5466,887.83602,0.0,2.6314544e-05,0.00015334038999999998,0.0
873.11038,877.30082,873.53467,880.0913300000001,878.6642400000001,881.7789300000001,878.6470400000001,885.14954,894.2816,882.34538,885.74366,887.86221,818.6270800000001,809.0212700000001,804.81228,741.87716,887.76673,869.7056200000001,880.3725099999999,868.42638,921.1157800000001,929.86547,937.61939,955.41149,855.29821,858.16585,860.2364,856.00012,893.99887,904.4481,908.9766000000001,918.9767599999999,936.8088700000001,925.42167,933.20945,932.72055,848.57488,827.61013,818.88916,822.6347,825.63511,780.79172,894.47376,893.87351,894.76963,898.03225,917.45402,908.95154,983.21647,955.85117,948.99971,933.5519899999999,936.52886,947.52624,872.27105,886.74896,0.0,3.0879804999999996e-05,0.00027386314,0.0
874.2868500000001,879.73668,873.89368,882.06465,881.3534599999999,884.3583,881.67034,888.83006,907.98282,886.15175,888.59244,889.1150200000001,824.83659,801.11422,801.5986300000001,740.80751,899.182,873.54187,883.64786,863.46397,923.45567,937.1338,942.39206,949.7629999999999,857.72865,864.38999,857.35952,858.52288,897.85334,918.2444499999999,919.4245500000001,933.0226,944.49495,932.81349,946.1199399999999,944.74201,843.35241,827.65943,819.60231,813.02656,825.8427800000001,786.41929,901.536,903.12792,913.49301,901.25782,924.06474,911.88314,979.33658,939.3891,960.1367200000001,937.52018,940.5916000000001,949.46827,872.9789499999999,901.39137,0.0,3.8247035e-05,0.00046036086,0.0
874.4683299999999,878.83015,874.4797299999999,884.93417,883.40309,883.0879199999999,885.6677999999999,889.98924,910.7926,889.6773900000001,891.4958399999999,893.60658,832.70028,796.01321,796.12722,727.69787,901.9227,873.9461,880.11575,864.50162,931.61541,955.31701,948.88227,951.61157,856.03199,859.87668,857.0058300000001,858.3303000000001,897.56988,916.87679,924.47732,944.50734,947.07618,941.66954,948.47351,947.79396,831.12447,831.7171400000001,814.04591,807.73185,841.1410099999999,791.9177900000001,915.1572100000001,906.17801,942.20332,912.02834,933.0245699999999,914.96606,972.56611,943.03979,950.84797,943.41715,946.93869,951.28239,875.04532,889.41872,0.0,0.00018223011,0.00056151322,0.0
874.46644,881.29601,876.17212,883.74609,885.32564,885.46418,889.1526,895.17135,916.46173,889.83741,893.5312,900.02666,826.7388400000001,782.87482,784.89833,727.53011,902.41065,877.9389299999999,861.04674,871.61688,940.90671,947.25617,944.6929700000001,962.64619,852.45552,846.97236,860.27739,858.8910900000001,909.87117,925.49815,928.17417,943.13731,947.1244300000001,946.2146200000001,946.87623,948.1097100000001,833.30424,828.16214,811.14866,803.80786,839.15401,795.91237,912.23844,909.34075,944.1901799999999,914.8781799999999,921.60163,924.74013,981.53977,948.9299199999999,961.38721,945.91922,949.0505300000001,957.54623,876.77606,921.3912,0.0,0.00023624912999999998,0.00050415957,0.0
876.91477,883.0376200000001,876.89828,885.96096,891.4626,888.62597,890.2383,900.8332300000001,915.05384,896.04042,903.7254399999999,902.44746,822.7101700000001,775.12323,792.51918,734.13572,909.99913,894.6212800000001,872.69474,888.35495,948.64413,968.66156,962.8915900000001,973.5747299999999,861.1409500000001,857.61424,862.45629,862.1999500000001,918.4991,928.24496,941.25223,945.43576,961.57376,954.47005,956.56317,955.22736,834.96262,829.8684099999999,809.25945,802.8171100000001,830.12714,791.8643,909.0444,912.45411,924.0698100000001,920.2964900000001,926.13395,928.25108,1003.3415,955.19645,972.50796,950.87665,961.37073,977.37618,877.18841,900.57213,0.0,0.00012663428,0.00035949463,0.0
879.25635,885.10421,877.0675200000001,884.18766,896.88242,892.49312,897.24383,903.8386,925.41458,899.46153,906.3852499999999,906.6161500000001,817.57627,779.84168,801.89083,729.31483,915.95175,875.2554,884.43259,883.00387,953.26549,992.3714000000001,971.8971,992.55457,860.29605,866.27117,863.4983900000001,862.81452,916.01206,937.47882,934.95349,957.9540000000001,967.70669,959.47325,969.18598,968.1948,844.79549,824.72821,807.28599,804.26042,836.05894,778.7606,922.72708,915.1381799999999,956.24563,921.53726,925.85213,935.38719,1004.3369999999999,969.5639100000001,975.35881,966.2843,971.89112,976.16141,878.69666,914.08845,0.0,6.722330199999999e-05,0.00018259716,0.0
878.98852,885.88697,880.04825,891.46643,896.14221,898.50827,900.50508,908.8987500000001,931.52909,910.9717999999999,908.17588,909.83241,811.7373100000001,782.9963899999999,800.93955,726.2994600000001,920.25118,873.84904,878.36198,881.9205900000001,961.5156000000001,959.77216,981.04908,987.2357499999999,854.1447900000001,858.55732,861.62207,859.0254000000001,924.17192,927.4885999999999,942.85094,968.4905100000001,985.6448199999999,970.86573,977.91154,976.9876700000001,854.2497599999999,823.8875899999999,814.5180799999999,807.4939800000001,846.49458,771.9255400000001,929.00739,919.73736,950.10102,936.68541,938.42045,917.781,1004.4096,969.15155,1004.3871,971.09892,979.0239200000001,998.46229,881.5503,911.17242,0.0,4.3147266e-05,9.4281272e-05,0.0
879.97741,886.39617,883.2010300000001,899.11257,900.07972,905.1941300000001,904.78261,915.8991599999999,933.20356,910.5628899999999,914.73868,920.2515099999999,810.14692,781.24428,790.23884,724.12512,923.3453,892.1338599999999,882.6469199999999,881.8664799999999,963.66782,967.11279,1009.7529,983.51791,852.1122,858.19201,858.6042299999999,862.79027,925.90967,935.86613,966.49681,975.76851,997.10808,977.6069600000001,996.59279,993.38201,847.37706,832.29145,807.45799,811.1112300000001,824.39341,771.02443,939.04727,919.02661,923.88212,927.08351,950.82687,945.9545899999999,1032.5129000000002,985.08231,1004.8602000000001,988.0839700000001,1000.3892000000001,1011.4646000000001,878.7934300000001,926.00388,0.0,3.8151819e-05,0.00015952681999999998,0.0
882.3970499999999,889.8969099999999,887.64892,891.9227,909.7373299999999,910.03509,909.6068,921.3715400000001,931.32151,915.5528400000001,920.95425,923.61053,808.93522,781.31749,774.92439,733.9950899999999,931.88745,903.36605,894.2284599999999,893.84442,990.8137100000001,971.3307599999999,997.18161,1007.0737,861.4205499999999,864.4825000000001,859.05061,860.8555,941.87715,954.28832,965.82512,992.28996,1000.1307999999999,987.8688000000001,1009.3569,1008.3150999999999,841.3018599999999,829.58885,810.13251,811.70246,817.72588,774.3124200000001,928.71502,938.0769399999999,977.4621800000001,942.96444,954.1399299999999,959.7522299999999,1024.0075,997.4118900000001,1007.144,998.09767,1000.3337,1008.0722,882.04786,921.47879,0.0,0.00010556102999999999,0.00051686898,0.0
884.8854299999999,893.17151,887.70249,893.61691,913.40569,912.61026,913.99999,922.91098,958.1776199999999,921.45732,921.4587300000001,928.4040100000001,806.6806,786.87598,772.27796,735.71137,932.34518,885.21099,891.46454,893.27243,1001.4857,1021.5912,979.33137,1008.6044,859.06407,863.29149,862.8585,859.01157,947.43678,961.3552,988.97609,1008.1719,1004.2263999999999,1003.4389,1008.1941,1008.8678,847.15662,817.1135800000001,814.56028,809.8376,814.3568600000001,776.64801,958.21799,930.9873,995.9626900000001,950.40524,956.03761,962.01116,1042.3876,1009.2,1008.8200999999999,997.5681700000001,1001.6894,997.26635,883.27216,929.5207899999999,0.0,0.00025468995,0.00063426468,0.0
886.06889,892.84966,890.84704,898.26458,914.50292,913.5655,918.47199,931.1965700000001,954.8160499999999,928.98703,927.11194,935.41044,808.29375,788.6109399999999,773.44674,716.54747,949.0581999999999,898.36159,898.12287,896.7562399999999,1008.6279999999999,1019.605,1009.0808,1035.6911,847.83866,861.7575300000001,857.9253199999999,863.31895,955.0134999999999,968.4853999999999,992.1165500000001,1008.0812999999999,1008.4703,1003.6256,1007.5716000000001,1007.7616,841.44786,810.10342,808.74717,807.83724,829.09195,769.98646,946.4477999999999,929.31991,998.90548,958.48523,959.9686300000001,968.92724,1052.8043,1020.7955000000001,1025.273,994.2222200000001,1008.2108000000001,1008.6634,884.54506,922.2293099999999,0.0,0.00029768465,0.00071968098,0.0
888.49738,891.51272,893.97542,912.30722,919.5328499999999,923.92081,923.91621,933.5436400000001,966.25615,929.52107,934.81511,944.76931,807.37485,779.04578,773.30303,712.78756,959.1066199999999,892.09803,908.08049,889.5158299999999,998.56628,1013.7288000000001,1026.5506,1042.776,846.50889,867.5129499999999,854.5297300000001,861.6788899999999,954.0389,963.3288399999999,978.2482,1007.2081,1015.9707999999999,1011.2808999999999,1014.309,1012.4001999999999,848.70277,829.3860400000001,804.99213,805.30486,840.92276,764.91096,931.71376,942.97353,969.38109,964.11939,998.65653,982.2728500000001,1061.8845999999999,1023.7753000000001,1044.4364,1010.1953999999998,1017.9797000000001,1035.7624999999998,888.04303,945.68898,0.0,0.00036123409,0.0006426432,0.0
890.78688,897.23059,891.44732,907.3607400000001,926.25198,928.45553,929.68109,943.4372900000001,959.3524199999999,938.39229,941.38738,946.78234,806.23452,774.4492300000001,773.72632,706.28912,943.58541,898.8215,916.29458,897.8257,1005.1061,958.29965,1029.6487,1007.387,853.98768,868.66114,857.0602799999999,862.7683,962.4044,972.45937,977.20026,1010.0595,1023.6673999999999,1016.0423999999999,1026.8355,1026.8051,865.54392,837.76396,801.58651,802.75175,814.04136,754.36338,952.97712,950.95338,1011.6833999999999,960.4548100000001,995.85939,989.20202,1059.0306,1031.468,1030.8752,1020.0405,1036.6488000000002,1044.0056,892.02378,951.71835,0.0,0.00030882322,0.00037140675,0.0
893.48983,901.34239,898.34648,921.8004400000001,931.60961,931.23646,934.01645,949.4776400000001,984.4341099999999,939.17509,950.36411,952.60582,806.3391,776.0194,763.9892699999999,723.78782,950.41349,904.29648,924.86811,903.62973,1001.9288,990.5156,1002.7746000000001,1004.1895999999999,859.07552,869.09028,861.75263,864.59525,963.50762,983.18743,980.95095,1020.5792,1021.3288,1017.1442000000001,1032.1615,1027.8663,845.27883,812.83918,797.98628,801.0632,811.7615,749.7489800000001,958.64901,940.5344799999999,1016.0553,972.2796999999999,972.05838,987.0828,1028.7439,1029.2108999999998,1028.0734,1029.7096,1032.2019,1013.9661999999998,895.3908700000001,952.0099799999999,0.0,0.0001848167,0.00020741806000000002,0.0
896.37878,903.8767799999999,905.3558099999999,911.70411,937.9734900000001,936.83112,945.8333,955.07804,979.35756,944.13094,954.85207,959.63133,808.5382500000001,779.41413,762.11693,726.9979000000001,955.01526,906.28436,915.93072,911.35051,1029.7428,997.7730199999999,997.3127099999999,1014.2453,861.71743,868.3384,864.61519,860.08674,967.64998,981.41098,988.00552,1022.6253,1010.148,1010.4536999999999,1018.2189000000001,1013.6214000000001,830.38692,798.4277099999999,800.1458,798.96476,841.02777,749.1761700000001,981.75747,945.4328399999999,1009.9315999999999,974.22079,990.85095,990.39809,1030.3557,1029.0821,1021.0401,1014.0259000000001,1014.5706,1006.373,898.5118200000001,949.41183,0.0,0.00011648883000000002,0.00014640619999999998,0.0
904.5807500000001,909.31553,901.84394,919.74267,947.0598699999999,944.01812,949.63242,963.872,964.3614100000001,953.19627,960.2651,969.84105,808.83186,781.44374,772.12611,730.16944,970.77411,902.3061700000001,892.4079700000001,921.44613,1020.7681,977.4294399999999,1005.4148000000001,1028.7214,871.2251,876.60388,876.24148,867.15611,980.00694,978.7749299999999,1015.9172,1019.5695000000001,1013.9184,1015.0421999999999,1013.2501000000001,1013.115,836.78824,807.97754,789.87023,790.0984,836.5435100000001,764.0277199999999,960.65723,950.07642,1002.4221,974.5429899999999,996.4799999999999,992.43696,1033.4632,1015.1683,1013.7728000000001,995.08463,1016.0817000000001,1020.2107,901.9679600000001,951.9609499999999,0.0,7.040065e-05,0.00015525921,0.0
908.4424,921.4172100000001,904.5121300000001,911.75307,949.95149,948.28605,953.83137,972.9059500000001,972.37663,963.6162700000001,966.72871,975.13457,805.4155199999999,783.8549399999999,780.34909,738.30966,963.61723,889.89433,908.4590000000001,935.51029,1005.2050999999999,952.70471,1009.7305999999999,1002.242,870.71104,880.35217,877.99387,865.9915000000001,968.67359,987.0662399999999,1004.2633,1014.3992000000001,1020.5024000000001,1021.0179,1016.2436,1018.9943999999999,839.8417499999999,825.5518900000001,793.3021,774.73459,828.41517,765.20048,955.9138800000001,952.91292,996.07395,979.2534499999999,987.9731499999999,984.29035,1029.4115,1009.3969999999999,1018.0797999999999,1003.5106,1019.5046000000001,1013.9342,905.1664199999999,974.91797,0.0,7.0624484e-05,0.00013427918,0.0
906.84735,925.7935,910.68854,903.52638,957.91629,957.9259,959.55772,973.5908999999999,966.12441,971.6531200000001,974.52533,973.7358499999999,803.97996,786.0043900000001,791.25092,756.29858,970.50089,909.38103,909.59529,928.2527299999999,1007.5925000000001,972.38984,1008.0321000000001,974.28846,873.61563,874.01528,874.69523,874.24513,965.32008,971.0595,1008.3566,1014.0292999999999,1005.2208,1014.3265,1013.8402000000001,1012.3081,851.88843,829.70067,803.28561,774.03886,831.39087,768.2204,957.8154000000001,956.9412199999999,1012.5783,984.56494,992.3127199999999,974.31668,1007.1736999999999,1002.5274,1005.0120000000001,1011.3577999999999,1011.8486,999.36567,906.1546000000001,958.03576,0.0,0.00011031736,0.00014127666,0.0
906.4055,911.31232,915.50313,908.7628900000001,958.38059,970.69993,960.76647,973.5619,976.16924,974.88977,974.3811,974.99347,808.96888,777.1748200000001,784.35993,758.0738,967.1646499999999,910.4582,915.73326,918.9844,1009.2097000000001,946.23463,988.2392800000001,978.4506399999999,884.05226,873.26884,873.71246,868.10003,977.93767,981.7583799999999,993.0797,1009.5046,998.22688,1004.8144000000001,1001.2315,1003.4923,849.64437,799.06496,809.9111700000001,780.2025100000001,822.16545,763.36641,994.40664,961.54491,984.78499,984.10412,998.37454,986.0982300000001,1001.7773,1008.9546,1000.3118000000001,998.3855199999999,995.74011,986.90264,909.93922,958.44617,0.0,0.00010266159,0.00013029081000000002,0.0
915.23859,900.10643,921.09761,901.6276,966.7170299999999,968.83661,969.21888,973.71997,987.32025,975.5394699999999,977.96225,979.2071400000001,811.61652,771.9016799999999,775.2787999999999,763.94148,972.0793199999999,909.7189400000001,918.04984,923.18948,993.56581,966.49847,989.7218100000001,969.1295600000001,872.18109,887.06926,880.3616,864.65278,977.43744,982.8771,988.5533199999999,999.12236,992.7114199999999,995.5034599999999,994.8638200000001,995.02979,850.70046,795.18075,811.1738799999999,777.69957,778.08504,758.8633,989.92569,961.35765,982.7261699999999,984.1081500000001,987.33173,977.5225499999999,993.1888099999999,1002.5703000000001,987.9082000000001,980.60756,986.7836699999999,981.7861599999999,905.28341,964.1697899999999,0.0,8.139082e-05,0.00012438549,0.0
911.95821,921.80106,919.53531,898.6273199999999,969.34737,970.3503000000001,975.15777,979.8226199999999,987.17855,977.61361,980.6751399999999,981.53177,802.4720000000001,769.9501,781.23401,751.16865,978.9919600000001,908.23562,909.5336500000001,908.49768,988.64251,955.9493100000001,978.73708,970.29973,866.168,895.67705,875.7585799999999,879.61642,984.8731,978.28054,989.25672,993.7854,987.60038,992.00555,987.83474,989.53693,833.86448,807.26404,813.58575,784.10324,776.2336,748.82254,990.1879100000001,963.76706,986.4771699999999,982.87577,985.5049,983.0521100000001,982.5658699999999,990.84852,982.4718,979.5140600000001,980.2198999999999,974.75787,920.39795,970.63429,0.0,6.8789657e-05,0.00013592543,0.0
911.34194,923.91992,916.24825,915.25936,969.56547,974.38936,974.9201800000001,982.0762300000001,984.93775,977.0509500000001,981.19454,982.7907100000001,798.60828,771.2612300000001,785.08609,754.47961,971.4682300000001,933.05186,927.04538,899.2116599999999,985.4480499999999,967.07602,974.80934,964.33475,875.9844999999999,885.4248699999999,872.0169,875.05252,973.92323,978.77168,982.86784,989.0497600000001,982.1465999999999,985.69805,984.38683,983.6590900000001,824.2417700000001,817.50598,786.81826,787.10039,818.4805299999999,751.61586,985.2176199999999,960.8607999999999,982.48907,981.0936700000001,985.93105,974.48077,977.3955900000001,983.3937099999999,977.60197,968.31136,977.89037,974.6475700000001,913.87756,978.62384,0.0,5.4902144000000004e-05,0.00014321826000000001,0.0
922.50274,923.42548,927.48239,936.1628400000001,972.18099,975.56046,977.7309399999999,979.7999500000001,979.6539600000001,979.4903899999999,981.73899,983.6154899999999,799.5378900000001,772.40611,782.48811,753.6345799999999,967.73761,939.1394,912.36623,906.09799,974.24296,965.64437,971.80378,972.06439,879.71479,874.2541,873.40511,873.52679,973.0556899999999,971.5602700000001,984.46209,985.23813,979.66602,982.32268,980.85594,980.74249,826.8092399999999,814.19188,772.42236,785.4414999999999,823.69682,750.13296,970.75886,957.93973,975.58931,979.34647,980.4069800000001,977.8749300000001,977.8561100000001,974.47772,977.0613500000001,973.29546,978.9743599999999,972.26711,903.7973000000001,973.75268,0.0,5.0356568e-05,0.00016303977,0.0
915.64781,939.39398,921.67593,938.84418,977.7165699999999,976.6072500000001,981.2984099999999,983.49354,978.1172300000001,980.56004,980.74276,983.42494,804.63777,775.9794,786.6391500000001,743.87231,964.92908,918.41114,908.0975999999999,918.3469,974.95989,960.58728,972.36428,975.5249799999999,878.43224,893.36024,870.33716,879.59165,972.13091,970.46512,981.6906700000001,981.4924900000001,980.30523,983.0504199999999,978.29683,979.2909,837.62688,810.9535999999999,770.80289,790.13707,821.74332,748.88369,977.98528,951.93766,974.04957,976.14253,978.49847,964.6964,989.36465,972.94714,979.27899,966.89968,977.8605799999999,977.57268,923.1243400000001,976.6017200000001,0.0,0.0001129706,0.00069757837,0.0
927.2575400000001,940.4164900000001,925.91748,938.5403799999999,977.16933,979.7647699999999,979.6716700000001,982.80623,978.8429299999999,981.4203200000001,980.4529400000001,982.6138399999999,806.3510600000001,774.7684999999999,791.05384,756.6745,968.86412,909.81224,906.7572700000001,930.58603,967.4192,947.41786,974.17459,973.25869,883.3889,891.73757,880.79899,874.9212500000001,954.99112,976.3371500000001,963.71018,977.81335,983.7963199999999,984.5283900000001,979.63679,982.02855,835.19295,802.38917,785.19623,794.13094,827.5776500000001,756.43889,944.7456,950.23,986.36176,977.0442499999999,979.1146100000001,968.0409900000001,977.97739,973.82969,973.64797,965.60137,981.5587400000001,976.8300399999999,925.88784,975.49118,0.0,0.00031128591,0.0011104583,0.0
934.0799,937.11607,940.14607,944.9215,979.67335,979.94239,980.36951,982.48004,979.8353200000001,980.13356,980.77601,981.1759099999999,800.5277699999999,779.3335,786.68773,745.97157,965.60229,925.1775299999999,914.74674,916.27733,967.82746,941.91405,971.68957,960.05371,893.08555,876.6877800000001,892.07798,871.4880899999999,957.96071,969.0433800000001,968.80732,977.14777,975.60358,973.3422,980.62247,980.1794799999999,860.2910700000001,803.9264599999999,783.8003,795.0241,825.87351,762.3929400000001,956.4757900000001,953.70429,976.16747,973.5848100000001,972.4893500000001,964.0050200000001,968.26941,969.7422600000001,972.63541,968.30306,973.14863,967.2709,932.71416,975.6059,0.0,0.00051917643,0.0007341589200000001,0.0
928.96414,945.30525,936.14971,915.82967,980.6174800000001,980.97458,980.90218,981.7575599999999,979.69264,980.1439900000001,981.3181099999999,980.7579700000001,798.85615,778.46715,781.77698,735.3576499999999,961.76405,907.7422799999999,902.7378,904.20788,971.91278,962.4401799999999,962.2408899999999,959.25169,894.08826,887.56041,900.18024,880.4303199999999,960.16743,971.11159,977.1845899999998,979.0553899999999,966.27826,967.75258,973.1421399999999,968.7235300000001,861.23533,810.05264,787.3097300000001,797.4932299999999,828.15117,760.39151,961.57735,954.07357,967.60514,971.90997,970.64482,960.86337,970.13196,973.09867,973.42894,965.38982,963.99861,963.63332,940.15682,977.8780499999999,0.0,0.00042442177,0.00031316309,0.0
936.73028,931.14798,932.23443,926.09185,981.3981100000001,980.5400699999999,980.8277999999999,981.1327799999999,979.13456,980.20081,980.71919,980.8777,803.58312,778.2233100000001,780.8919,743.55851,962.11293,921.9745300000001,905.37068,914.7212000000001,968.8488299999999,959.1679,960.66219,970.49063,895.51525,894.7746599999999,898.28943,878.34115,964.3355300000001,970.10101,974.96167,973.72282,967.3772,970.66008,967.5922300000001,967.52742,845.19655,805.49113,792.5053899999999,800.08996,837.8929099999999,767.56427,953.05604,950.76529,975.16935,968.8407699999999,966.5633,965.51545,979.42069,969.1636599999999,961.96153,956.21615,962.72596,965.8899,933.9114,977.0466399999999,0.0,0.00017906202000000002,0.0001506447,0.0
931.16791,920.00227,938.3529,931.22572,981.3346100000001,980.6043400000001,979.74619,980.4493299999999,977.4087499999999,979.29099,980.7061199999999,980.37243,805.5805399999999,781.9954899999999,781.8518,727.90076,953.24504,924.02033,927.97158,913.24032,963.32217,965.48934,966.72936,970.48868,899.8214700000001,889.5857199999999,897.3955500000001,883.58839,966.34319,967.70844,969.76271,969.07208,970.81451,970.47838,968.35563,971.82989,842.16787,799.70716,791.07173,790.1768500000001,828.84735,774.49528,966.65292,951.31051,970.71721,970.0150199999999,968.77778,968.80295,973.55088,961.5175899999999,965.6905899999999,957.48064,967.53691,968.4245699999999,926.98348,977.2285899999999,0.0,9.1792662e-05,0.00017005053,0.0
930.33169,932.25584,939.8403900000001,927.49157,980.6672400000001,980.9180600000001,980.53376,979.99716,977.6346400000001,977.25525,980.07725,978.9796699999999,805.0128100000001,784.05583,784.76759,736.42786,952.33046,928.17291,913.36548,909.82804,959.26319,965.67666,971.21104,971.51569,895.6776,900.67366,888.2742999999999,883.1047199999999,959.88126,967.01878,967.19431,968.76768,971.64532,972.13368,969.96272,972.4074800000001,826.3361600000001,797.0211700000001,794.26509,791.19515,827.09207,772.13751,964.09207,944.47516,972.43668,967.92661,969.05167,961.68815,978.6583800000001,963.43537,970.3837,962.21079,969.6361400000001,971.37107,937.75475,974.0752,0.0,0.00010586837,0.00023860859,0.0
943.1959499999999,942.81093,933.28612,930.41093,980.3791400000001,979.97915,980.39176,979.0260199999999,976.44745,977.6910300000001,978.94699,977.6867300000001,799.8560600000001,777.71799,789.20697,753.44761,960.91394,913.94048,912.50554,918.1772,967.11476,984.84081,969.43624,985.44517,897.58386,907.42986,867.15771,865.11927,954.2438,967.7956200000001,968.1414900000001,970.71407,972.61457,971.98927,971.1306000000001,971.43738,844.65683,798.10683,800.58517,791.86005,859.5053899999999,769.26698,950.2198500000001,943.4894400000001,972.56493,970.9004199999999,967.25595,961.36663,994.16365,968.2793,973.94424,964.81867,971.1906399999999,973.15679,933.12441,975.6753,0.0,9.5880784e-05,0.00021828503,0.0
935.6417299999999,938.91831,932.81817,941.07456,980.00923,977.68034,979.68243,977.7392499999999,976.24369,977.2032800000001,978.2554399999999,977.58295,805.45823,785.51547,790.79078,750.03916,961.75741,922.1132,913.7016199999999,923.69787,966.70713,982.3860799999999,978.04724,986.37839,892.52775,892.80434,883.6546400000001,876.9509899999999,962.2098199999999,967.17086,969.74815,970.9919500000001,976.1949599999999,973.8291,974.0685,975.82681,871.92251,816.79347,785.71463,788.44779,840.98566,770.2514699999999,953.2462099999999,952.67233,984.47106,969.18954,968.24711,966.86781,1003.1349,971.06808,986.02024,967.82528,974.74743,980.81162,927.90004,975.5740599999999,0.0,6.6424343e-05,0.00013609527,0.0
938.83252,939.50164,938.97555,940.9145599999999,979.1888799999999,978.362,978.53894,977.1326200000001,976.4820900000001,976.99116,977.15911,977.16187,802.74577,779.3510299999999,793.3902099999999,739.40375,957.85177,927.9194600000001,918.03666,917.24684,966.74805,972.12241,983.9554400000001,982.634,899.22595,909.92919,901.92211,881.43445,961.54849,969.09844,972.72745,973.66679,984.3656899999999,978.2885000000001,979.70008,981.70496,860.6652700000001,818.0897600000001,791.6178199999999,790.93018,820.7127399999999,770.09669,970.5589699999999,954.87023,987.3014400000001,969.4824199999999,971.7925,967.2069799999999,1004.5701,979.6753799999999,981.5614899999999,976.56035,982.28669,989.79667,941.22064,976.28473,0.0,4.7444988e-05,8.574971999999999e-05,0.0
934.60418,947.56882,943.96597,945.97789,978.20083,976.99207,977.5906200000001,976.66544,977.65538,975.89525,977.7873500000001,976.4442899999999,798.69642,779.6658100000001,790.5008300000001,745.17591,962.55609,918.51659,921.94478,914.7408700000001,981.2095099999999,979.6068200000001,981.31544,985.51798,897.014,908.9067699999999,909.02351,891.00234,961.9239,973.75592,976.18058,977.4760499999999,990.5823200000001,983.26904,987.99092,991.80079,853.8358,814.95352,836.6588499999999,795.73513,868.07275,777.95333,967.2262199999999,955.6091700000001,984.88998,972.14517,979.4782799999999,962.1318200000001,995.1064600000001,980.9508199999999,989.1087299999999,980.49598,988.7630599999999,989.32867,944.81935,977.7847,0.0,4.4186246e-05,0.00013926095000000002,0.0
947.29136,944.71469,943.82896,936.79666,977.53935,977.2413499999999,977.1839699999999,976.1632699999999,980.33206,976.7827100000001,977.19065,976.5106499999999,798.96761,784.11501,789.7818,740.3803899999999,970.63027,921.4415399999999,940.21383,905.6967500000001,981.16672,980.1374099999999,985.23328,990.8194100000001,884.58355,894.9682799999999,903.12961,884.59678,966.4022600000001,970.39612,984.60754,983.01779,987.5221799999999,983.80654,990.4691200000001,991.4156,867.08155,831.2980600000001,822.223,793.79758,858.45636,776.70412,967.3603899999999,967.50069,982.9982,975.4906299999999,982.73868,970.77896,1000.3734000000001,985.5222,997.4032100000001,981.5006,988.46126,988.4331900000001,935.6434999999999,977.85649,0.0,4.7600315e-05,0.00025025496,0.0
946.81131,941.50104,942.6993299999999,944.62163,977.3712499999999,976.7120500000001,976.69154,976.7028100000001,981.7711,977.1429499999999,977.7073399999999,977.7743300000001,799.48168,784.91109,786.52045,736.7592,967.0091199999999,921.25708,938.46796,913.28656,981.21814,981.8271299999999,988.73303,988.9057,891.2447000000001,901.55083,889.46016,884.4354900000001,971.72101,979.15365,979.7746500000001,983.6535399999999,987.7203199999999,987.9427499999999,990.7868500000001,991.1608200000001,851.19965,831.8517899999999,816.9054600000001,791.0859499999999,856.38853,782.97617,974.6543,963.78248,993.8580900000001,976.9958500000001,982.1271800000001,976.10924,1009.2842999999999,992.08143,990.13376,984.4406799999999,989.4181900000001,993.72641,937.0835900000001,978.0240299999999,0.0,6.990377e-05,0.00064416228,0.0
937.45105,947.36607,946.49198,941.17903,976.9114700000001,976.87221,976.34132,978.4075499999999,982.9808899999999,978.2567399999999,979.2237300000002,978.75365,797.3305,783.3562599999999,781.39676,759.72837,971.40698,919.81566,927.54498,921.3602800000001,988.0924699999999,1007.3853,990.15399,1006.5236,899.27903,909.17821,893.1249399999999,887.1747300000001,972.12333,982.8671499999999,985.63534,990.7148500000001,993.2792099999999,995.44831,991.96927,992.6795599999999,855.87464,819.36189,830.36308,803.99409,842.70115,769.4521000000001,977.16981,964.46346,991.71435,976.1527500000001,982.3730499999999,980.06299,1027.7974,991.7829700000001,996.56789,986.94999,993.04628,999.07633,947.1651300000001,979.86004,0.0,0.00026607273,0.00090196913,0.0
944.4637200000001,954.74308,948.10869,936.91827,977.2747099999999,978.16202,977.5674600000001,979.64579,985.1424400000001,979.40788,979.0669499999999,980.2729300000001,797.6567,779.48173,785.08378,751.66412,977.3878199999999,926.92454,935.6134599999999,915.5953000000001,995.25787,999.81849,993.62103,1014.3432999999999,909.54373,906.6849199999999,913.71493,889.6256099999999,974.4092999999999,983.9273,990.16871,993.35972,1001.2429999999999,1001.8036000000001,998.93593,1001.7899,883.1722,834.57314,820.3781399999999,807.7571800000001,858.7777199999999,775.93548,965.4611,966.94014,1008.8632999999999,984.1357300000001,989.6408799999999,984.8711000000001,1029.0188,995.07836,1005.4304,987.2320400000001,998.4254200000001,1002.3740999999999,952.34817,980.27351,0.0,0.00041163733999999996,0.0008932412399999999,0.0
945.5953999999999,957.40733,951.16837,949.49996,977.0109199999999,979.1076,978.3998500000001,980.4614999999999,981.8643999999999,979.48711,980.9831800000001,981.64234,800.13931,779.2539,791.8182400000001,746.3344099999999,977.6806500000001,918.68273,942.26615,922.30259,992.9153100000001,994.80053,1000.4911999999999,1005.5280000000001,893.09811,897.03549,901.77623,890.88173,973.66024,989.2775099999999,991.53805,1000.1903000000001,1004.8680999999999,1000.4713,1005.8731,1009.6326000000001,885.68085,858.67374,812.60538,801.67937,857.7138500000001,796.3734099999999,979.0005199999999,973.10769,996.7755400000001,988.61082,988.44329,989.0674500000001,1027.8535,1001.4919000000001,1001.7672,992.7386099999999,1004.7305000000001,1010.3847000000001,949.6389,988.5985199999999,0.0,0.00036535757,0.001182066,0.0
948.14877,959.4874,954.40943,949.73567,979.59246,979.3766600000001,978.7120899999999,982.5226800000002,986.77729,981.59134,980.9700899999999,982.59701,796.85177,788.71265,796.34998,751.67961,979.71059,920.56517,922.0542800000001,934.21019,994.86064,987.66047,1004.6447000000001,1007.2586,900.2941900000001,892.53815,893.01921,890.14246,980.72377,992.16502,1002.0922,1006.7909999999999,1004.4707,998.0543399999999,1007.3366,1007.5165,877.77672,845.75369,821.58392,798.438,842.8314600000001,796.4916400000001,986.3964,971.7036499999999,996.68309,992.54295,994.3930799999999,991.7048699999999,1023.6049999999999,998.4490599999999,1008.9770000000001,1005.4144,1007.3072000000001,1009.692,943.32938,980.74535,0.0,0.0005181088799999999,0.001431489,0.0
942.9417,963.5176100000001,950.7233200000001,929.85651,980.5803999999999,980.00667,980.80525,983.42331,990.9975499999999,983.2412400000001,982.43239,983.9751699999999,794.2942999999999,786.6966699999999,796.0498399999999,751.6859,982.9699,929.3365600000001,924.72267,923.27495,1001.4122,984.03587,1003.0725,1002.4508000000001,906.39495,904.9867700000001,899.15116,894.5741,985.1220700000001,994.0698699999999,994.5065500000001,1005.0568000000001,1005.7501,1001.1728,1005.5368000000001,1005.7372000000001,872.87523,833.28406,811.18577,792.5267200000001,835.26665,782.15472,981.89578,981.51454,1002.8113000000001,988.3993700000001,1000.5851,985.97528,1045.8673,1009.0125,1021.0434,1004.5635,1005.2793999999999,1007.8559000000001,947.71424,984.41178,0.0,0.00067446849,0.001127518,0.0
949.13551,948.38661,956.34743,925.50401,981.52962,981.56939,981.71691,984.41012,994.4695700000001,983.8283299999999,984.73149,986.5702600000001,794.20461,787.23768,790.17374,745.47606,985.43862,944.8467499999999,930.3627,927.19778,1004.8288,992.4288399999999,1005.8858,1002.0353,900.88183,905.9497700000001,905.40867,907.9705299999999,981.9164,996.4774100000001,1002.116,1006.0181,1011.3915999999999,1005.9541999999999,1010.7057,1010.1279000000001,870.66741,837.02074,823.4403000000001,791.62078,854.42281,771.26584,999.49954,984.50352,1019.2020999999999,991.61326,988.1599699999999,995.1554399999999,1028.8814,1010.7028000000001,1023.3270999999999,1005.7588999999999,1007.481,1009.2419,946.5969799999999,985.11933,0.0,0.0006140444799999999,0.0009068895300000001,0.0
951.61761,929.06254,955.94473,944.28102,982.70967,983.74367,980.6595599999999,986.7139199999999,989.8736,986.12587,987.43928,988.33493,797.0339,788.1439,786.20053,746.74884,993.30691,932.85446,950.7454,936.403,1009.4458,1027.1224,1006.4801,1025.4078,895.3678000000001,894.60669,906.23743,910.9009,986.92167,1002.3261,1004.2847,1010.2468000000001,1015.4647,1010.3367999999999,1014.4874,1013.9289,866.94517,830.12883,835.62252,787.9802199999999,864.15734,774.03102,990.59997,980.1017300000001,1009.4325,996.8037800000001,999.8914100000001,997.9319300000001,1028.5035,1014.3266000000001,1022.6427000000001,1005.1341,1011.5974000000001,1013.2794999999999,943.7331,995.05129,0.0,0.00052043376,0.00076101714,0.0
949.4617099999999,938.4620199999999,955.0723300000001,965.95967,983.5056599999999,983.4747899999999,983.3659,989.1564500000001,994.2933800000001,988.17006,990.8692199999999,990.47028,799.07272,783.26502,791.91332,757.5518999999999,986.18102,941.22208,930.86753,945.9206399999999,1012.3200999999999,1007.8984,1009.4285000000001,1028.2066,904.03407,910.94253,899.71541,891.41632,984.51616,995.5589,1008.1306000000001,1015.2451,1019.9127,1016.9676,1018.0756,1018.9894,864.27625,823.6178600000001,831.9642200000001,797.04796,854.15172,779.2856,1009.0504,977.3052799999999,1004.2198000000001,998.9644999999999,1001.4637,988.0377,1041.2607,1019.9970999999999,1029.5558,1004.1374,1014.0948,1019.4415,946.54696,987.43456,0.0,0.00039477421,0.0005756564299999999,0.0
948.93223,950.84954,948.2111799999999,967.8014499999999,984.55822,984.97228,985.79848,990.14816,998.74671,990.7015,990.7735700000001,992.26304,800.35445,784.97447,793.8017,751.64345,990.09763,946.09697,912.17781,933.5250000000001,1016.3056000000001,1011.4187000000001,1025.5751,1026.3594,888.71713,906.0612299999999,901.64718,895.1509699999999,991.5088800000001,996.0549699999999,1009.9913999999999,1017.3424,1026.3869000000002,1018.6772,1022.719,1022.2327999999999,870.19735,834.43742,826.09451,797.95348,832.28881,784.2564500000001,1001.0064,987.2873199999999,1020.9265999999999,996.63344,996.17894,981.1801399999999,1051.0149,1016.5737,1034.1221,1007.3266,1022.6323,1032.1506,940.6097199999999,996.3097700000001,0.0,0.00025851590999999996,0.0005812586300000001,0.0
953.37301,958.2472,951.4045199999999,934.99419,986.6172799999999,987.6709199999999,988.51048,991.84394,992.77023,992.0809499999999,994.0938,996.52063,803.51925,786.40833,791.48499,750.5146299999999,993.0488100000001,949.67138,935.10577,946.94822,1009.5618000000001,1010.6131,1026.1846,1042.5154,893.00819,910.12037,895.28576,892.6143099999999,993.88194,1003.7969,997.68759,1020.097,1029.5029,1022.3840000000001,1026.2063,1027.6265,873.5929600000001,835.78564,809.18294,797.00279,863.36116,805.5495,972.0105,985.38333,1020.2562,1000.0699,1012.1838999999999,1003.7773000000001,1052.2559,1031.3124,1037.4640000000002,1023.3327999999999,1026.9587,1036.8392,949.1554,996.75902,0.0,0.00019815594,0.0014214461,0.0
958.49475,943.75332,960.52428,944.0563,990.4747600000001,990.27101,989.32234,996.7841,1002.9049999999999,995.14929,996.01726,998.92371,809.381,791.69623,791.81276,747.11528,985.5217500000001,932.70844,949.23481,954.0265899999999,1016.875,1008.8682000000001,1033.3593,1036.0757,908.58747,912.93666,917.79456,908.32044,998.0467000000001,1009.6325,1008.3899,1023.8688000000001,1040.1566,1030.0349999999999,1036.2601,1036.981,903.56887,849.21772,813.5241,794.5816699999999,860.2847399999999,799.5297899999999,998.0776199999999,992.4570199999999,1004.7735,995.2138799999999,1006.2598,1009.2167000000001,1054.8849,1031.4324,1036.9156,1027.8337999999999,1041.2834,1042.6922000000002,957.1940599999999,991.8020200000001,0.0,0.00019327036,0.0020969861,0.0
956.38188,939.66904,965.18534,933.90255,992.4783000000001,991.80214,991.6218600000001,997.51197,1007.4235999999999,998.48146,997.5142300000001,999.5854199999999,809.00896,794.30021,791.30869,745.00417,998.69783,935.7716499999999,948.90801,935.4085,1024.6194,1006.4919000000001,1037.3345,1047.2555,893.96056,922.5122700000001,909.7993299999999,912.8052299999999,994.53816,1024.838,1019.3114,1035.7280999999998,1037.4827,1033.9633000000001,1040.3951,1040.1213,879.11599,835.2958199999999,833.92178,826.13751,855.8539800000001,795.5432900000001,991.2816600000001,988.1877699999999,1032.895,1008.2711,1003.7462,1005.4286000000001,1059.4575,1032.2385,1042.8236,1028.9122,1037.1679,1043.9769,962.04072,1006.4036000000001,0.0,0.00029678721,0.0015706781,0.0
947.5793,960.18477,962.5582,944.54413,993.9566299999999,995.44096,995.37695,1001.0043000000001,1010.6341999999999,999.3141600000001,1001.8053,1003.6979000000001,809.9096199999999,799.6449600000001,790.03166,750.80807,999.8064100000001,944.31395,958.80868,940.72192,1037.9606999999999,1017.8082,1036.9652,1039.1764999999998,889.65256,903.94461,895.53457,903.2835699999999,996.0604599999999,1009.8469999999999,1029.5103000000001,1037.2102,1043.6599,1035.3495,1044.1217000000001,1043.2259,852.04344,848.4569200000001,849.8056200000001,836.30869,877.5433800000001,793.60497,1025.6372000000001,1005.7874999999999,1026.4437,1017.8176000000001,1009.3603,1012.5772000000001,1055.1892,1034.3328000000001,1048.4431,1033.8507,1048.1484,1051.644,947.88243,1003.8778000000001,0.0,0.0010005416,0.0014648806,0.0
946.85387,958.62775,952.96718,966.58722,995.33439,997.6364199999999,996.5043800000001,1004.9575000000001,1012.6534,1001.3955,1002.3031,1008.7562,814.06041,798.47438,791.24531,750.81142,1007.3093,943.3127400000001,927.4446999999999,950.3305,1039.6163000000001,1037.0809,1042.0268,1052.4477,886.11628,894.68921,894.68857,904.44781,1011.1460999999999,1014.4265999999999,1038.4225999999999,1043.009,1051.3694,1047.3171,1049.0819,1050.7128,841.38928,836.5607,837.11341,815.51823,853.9588200000001,800.64265,1033.6436,1013.0038,1008.5494,1007.5848,1012.0032000000001,1018.4848999999999,1058.1754999999998,1042.3449,1055.237,1043.9761,1054.0103000000001,1056.0172,936.2931600000001,1004.1487000000001,0.0,0.0010814551,0.0013036099,0.0
955.39094,948.63019,955.20434,948.8369700000001,999.8937300000001,997.23823,999.7326499999999,1007.6077,1013.2832000000001,1004.8577999999999,1005.9737000000001,1010.8934,819.68365,793.2498,791.62608,750.90793,1005.7116000000001,954.3528,935.78655,952.68952,1038.5702,1039.7035,1049.6982,1059.3343,907.23677,914.7109899999999,901.24629,897.9647,1005.7588000000001,1023.0097999999999,1038.4307999999999,1046.0634,1054.8051,1047.9074,1056.1463999999999,1054.036,851.44424,823.84533,842.1496000000001,819.93412,856.57983,782.5980099999999,1033.5597,1004.8706,1035.598,1016.3439999999999,1037.5766999999998,1016.8839,1078.6745999999998,1045.1735,1058.0608,1043.1792,1053.3529999999998,1063.1614000000002,948.18486,1005.5473,0.0,0.00053890459,0.0010729563,0.0
950.25466,962.1594399999999,964.78764,942.27807,1000.0422000000001,1000.5013000000001,1004.0978000000001,1009.2393,1019.3139999999999,1008.8448999999999,1010.0894,1012.4627,823.6023299999999,787.4432300000001,790.95971,744.11077,1010.1441,932.52047,960.6882400000001,948.22144,1035.0466,1051.5999,1059.4904999999999,1056.3704,911.37612,923.5655499999999,918.0707500000001,911.37618,1011.9661,1026.8195,1042.3120999999999,1053.8198,1059.7419,1051.4698,1058.8098,1056.2585,896.16923,830.57713,821.3821,817.1038299999999,843.5708000000001,782.08476,1001.4635,1005.3081999999999,1042.6595,1023.926,1039.3944000000001,1027.3217,1074.6639,1049.9984,1071.3516000000002,1047.6207,1062.5346,1064.7079999999999,955.7079299999999,1017.9468999999999,0.0,0.00031061024,0.00065956912,0.0
954.25717,958.7166100000001,957.77111,944.41187,1004.5037,1002.6551,1007.8412000000001,1013.6278000000001,1025.6383,1017.4069999999999,1013.3242,1015.5743000000001,822.9128999999999,788.84746,788.69234,751.68813,1013.4273000000001,939.0243,950.27664,947.73747,1050.0368999999998,1038.6505,1053.9226,1061.4242,907.21439,917.3282899999999,919.37436,908.97178,1021.9952,1026.6099,1046.0655000000002,1053.7351999999998,1062.1224,1061.7025,1064.1729,1059.764,895.57397,832.70479,830.60907,812.5916,867.6115299999999,779.7738300000001,1007.4769999999999,1003.1261000000001,1032.7585,1026.5210000000002,1050.5327000000002,1037.3662,1089.9506000000001,1067.7294,1066.3192999999999,1053.6053000000002,1066.0164,1067.8494,949.11119,1014.6654,0.0,0.00037178172,0.00080783163,0.0
950.95282,958.55267,958.19817,965.03629,1005.2444999999999,1008.8779,1009.3534999999999,1017.0726,1020.8638,1016.6464000000001,1019.3238,1019.3014999999999,823.59554,791.94064,794.4240100000001,766.44521,1014.4657,940.29595,954.2279900000001,960.9197099999999,1048.3494,1025.8104,1056.5587,1070.2179999999998,904.57615,913.8088300000001,918.45955,908.9019000000001,1029.2172,1036.6302,1048.7538,1062.1189,1068.3377,1069.0828,1068.481,1067.171,895.85698,845.08858,834.7554700000001,809.78892,859.74533,781.80696,1027.9593,1012.6065000000001,1061.8456,1028.1436,1040.6852000000001,1041.9865,1078.0668,1062.4691,1063.7567999999999,1049.6378,1065.7567,1067.3152,949.78332,1027.1743999999999,0.0,0.00033182995,0.00087291731,0.0
956.49403,966.04502,962.4353100000001,956.8683000000001,1010.3855000000001,1012.5139999999999,1014.3692000000001,1018.3907999999999,1034.3354000000002,1017.2451,1023.9273000000001,1023.922,833.6269000000001,793.99393,796.96952,757.2393000000001,1031.0989,973.46806,956.27132,959.21799,1058.249,1041.8013,1062.9649000000002,1060.2875,907.25639,922.11496,920.32443,908.77716,1029.0296,1040.2869,1053.2349,1068.0457,1070.0539999999999,1073.2015999999999,1069.3788,1071.654,858.63653,838.51828,835.4413999999999,807.5533200000001,857.6712699999999,782.60352,1038.6124,1012.7777000000001,1063.2177,1036.9258,1041.4627,1045.2249000000002,1084.1145999999999,1063.282,1063.7247,1051.9463,1069.9117,1075.9335,958.60382,1019.9307999999999,0.0,0.00037884528,0.00083225031,0.0
963.64537,972.17283,964.90296,970.38979,1013.8874,1012.6352999999999,1020.2331,1022.3055,1026.8677,1018.0982999999999,1027.6466,1028.0791,827.85822,794.11251,796.2485,761.41579,1025.9017000000001,948.97875,957.28223,948.76174,1061.5251,1040.4153999999999,1063.307,1059.9346,914.87771,914.2202000000001,926.08356,918.47595,1036.9906,1043.1291,1065.7569,1069.4479,1075.195,1074.26,1075.1843,1075.3204,866.7541200000001,836.30359,844.5897,799.5626100000001,882.12577,787.24121,1068.774,1012.2189,1067.9096,1037.7622000000001,1049.7658000000001,1038.1377,1088.3011000000001,1063.6124,1083.3004,1059.9086,1075.122,1074.5445,960.44533,1034.5872000000002,0.0,0.00038234108,0.0009694584799999999,0.0
960.6286,962.28857,970.81181,957.71794,1014.3563,1018.7219999999999,1021.5331000000001,1030.1818,1030.273,1022.8778,1028.5088,1033.798,824.18692,789.31803,802.10247,762.3059099999999,1030.5659999999998,967.63266,974.28168,953.1371700000001,1051.6063,1039.2581,1061.6551,1061.9367000000002,933.11685,914.4573399999999,928.66541,907.03778,1031.3551,1040.0643,1072.7810000000002,1074.0115999999998,1072.9000999999998,1072.4182,1076.3639,1077.189,874.0848,828.03874,839.91666,796.22429,891.91798,778.5476,1050.1753999999999,1019.628,1063.6005,1049.3344,1046.7992,1043.0995,1082.8766,1065.368,1077.6013,1048.2714,1075.0747999999999,1063.6495,964.33797,1044.3968,0.0,0.00041335741,0.0022001323999999997,0.0
978.8003899999999,966.58249,971.43292,957.51592,1018.6732,1023.6511,1021.1466999999999,1032.558,1043.0845000000002,1031.7061999999999,1037.0226,1036.1033,837.65966,791.23547,812.67885,766.30974,1040.1874,972.25017,976.1992300000001,958.97417,1053.7878999999998,1024.3261,1060.1899,1054.4976,936.45582,928.91725,923.63372,908.2376099999999,1042.2944,1044.4035999999999,1073.5134,1074.8697,1070.6241,1070.0277999999998,1073.8011,1073.8617,893.51163,840.2194800000001,802.05407,799.7729700000001,847.42539,779.65254,1054.2575,1023.5935,1053.3000000000002,1043.0633,1059.3127,1037.1607999999999,1079.7820000000002,1073.0621,1078.8863,1050.2521,1069.8256,1069.0638999999999,965.59223,1023.8674000000001,0.0,0.0011266574,0.0042689115,0.0
967.15612,967.2514,975.06494,957.75707,1023.9044999999999,1025.4832000000001,1026.7,1035.413,1041.9294,1034.4847,1038.8825,1038.6695,843.02184,789.24707,814.54754,773.6023299999999,1043.8652,977.6095600000001,968.82257,968.32207,1057.936,1036.606,1061.632,1058.1651,925.78614,942.4422,927.20491,914.89475,1038.5973,1052.2713999999999,1069.0502000000001,1073.7779,1074.2649,1073.0732,1075.6326,1074.6896,879.85924,849.81984,822.3838999999999,807.0911199999999,822.78837,781.37408,1032.4978999999998,1027.8364,1067.2745,1053.1078,1056.393,1052.2734,1084.9314,1067.399,1071.1526,1061.3854999999999,1070.7101,1067.5158000000001,977.3206799999999,1040.4271,0.0,0.002122939,0.0044532393,0.0
962.0290200000001,960.7337200000001,978.13789,961.08619,1027.8178,1031.8708,1029.7634999999998,1039.3227000000002,1048.6417999999999,1039.7143,1043.3165000000001,1041.2657,826.3870800000001,792.92958,810.5081799999999,774.94362,1033.1616999999999,985.08053,971.2395899999999,960.92094,1069.9602,1035.5764,1060.3471,1069.0394000000001,931.94959,924.69267,942.8267000000001,919.58926,1031.7407,1058.4306,1067.2099,1075.4712,1076.8848,1074.6925999999999,1077.4101,1080.2133,892.03892,866.70272,832.3447100000001,796.1179999999999,879.82188,784.44933,1042.5477,1026.7292,1066.7764000000002,1057.9297,1056.8642,1054.0904,1083.6534000000001,1075.6591999999998,1093.1539,1065.6033,1073.6517999999999,1070.9649000000002,975.2287299999999,1051.0286,0.0,0.002223114,0.0038150729,0.0
976.4337899999999,979.39585,977.62863,964.39867,1029.9316,1033.9321,1036.0123,1041.764,1052.7014,1037.3654999999999,1042.7730000000001,1044.2742,822.15561,800.97747,809.95013,766.26791,1044.0027,973.5350599999999,975.73957,961.8289,1071.1245999999999,1040.9961,1065.0198,1063.6254000000001,918.47331,928.7741100000001,924.27422,924.20675,1038.5962,1059.3037,1064.3556999999998,1078.5471,1076.2471,1075.5631999999998,1082.1961999999999,1081.3041,902.35489,870.33743,816.0902100000001,800.7556599999999,872.57611,789.06181,1047.1600999999998,1029.6164,1062.9859000000001,1051.6295,1050.9112,1050.2097999999999,1081.5018,1077.8255000000001,1073.5245,1061.3288,1075.115,1071.4116,964.42571,1046.8985,0.0,0.001731048,0.0031860654,0.0
978.5583100000001,991.48048,972.48483,989.78609,1031.897,1036.8854,1039.9533000000001,1046.0529000000001,1054.3566,1037.5583,1042.2314,1046.8889,822.91689,798.98325,810.24838,777.9820599999999,1041.1795000000002,976.2423299999999,982.44335,978.04921,1069.3011,1043.9231,1061.9641,1057.3856,907.5737799999999,925.98986,900.4835300000001,912.9561199999999,1041.0017,1053.7627,1061.4531,1082.1467,1072.1162,1070.1626999999999,1075.8076,1072.7915,889.95459,858.95869,841.36595,810.93848,857.20843,792.7582,1063.5305,1034.7127,1072.155,1044.4371999999998,1053.9347,1025.0967,1079.2623,1077.5639,1069.593,1065.2404,1069.5777,1066.1907,963.18554,1038.653,0.0,0.0011961829,0.0031808421,0.0
976.54283,989.73013,970.23938,998.29,1038.6010999999999,1039.3481000000002,1042.856,1048.556,1057.1507,1040.7764,1044.7386999999999,1049.6868,825.01891,809.00455,804.68755,788.0058,1032.0066,983.8421199999999,970.08291,986.24635,1075.0067999999999,1047.3369,1057.6788000000001,1055.5383000000002,914.04655,913.43168,925.75026,920.597,1040.6634,1056.9899,1069.0112,1076.8016,1067.6959000000002,1071.6256999999998,1069.7486999999999,1069.7580999999998,863.7897,855.69201,853.79637,811.99756,893.6035,804.50447,1052.3034,1030.7223000000001,1075.1039999999998,1054.5963,1054.8039999999999,1025.0085,1086.0294,1071.5933,1065.6087,1053.7748,1067.9269,1060.3414,962.94716,1041.8039999999999,0.0,0.00087038091,0.0034942691,0.0
979.1378900000001,989.24645,990.58195,967.60511,1040.7938,1041.0440999999998,1043.1002,1050.5001,1054.0691,1047.2826,1049.0698,1051.7600000000002,831.66707,809.5428300000001,799.98074,793.79279,1035.431,976.9871700000001,951.14552,969.1781100000001,1059.4024,1034.3927,1064.0889,1066.5002,950.69174,940.0666699999999,949.96742,939.00412,1045.5931999999998,1058.1036,1069.4886,1070.8437999999999,1066.9403,1070.0384000000001,1067.2535,1068.924,881.85905,873.4479600000001,830.06958,803.9664799999999,900.2493099999999,806.07925,1042.9324,1028.8458999999998,1064.2841,1054.719,1057.4365,1050.3782999999999,1094.3528000000001,1061.9412,1069.8315,1056.4297000000001,1063.6738,1061.6932,986.33891,1060.2091,0.0,0.0007815916600000001,0.0044482952,0.0
992.68959,978.8407800000001,999.50212,988.1700900000001,1045.5423999999998,1043.6002,1044.9613,1050.7188,1054.3220999999999,1052.5384999999999,1051.8335,1052.8505,820.76023,799.18468,807.45388,767.1085999999999,1042.3118,973.67878,973.99963,978.0809200000001,1058.5524,1039.3546999999999,1065.7233,1055.8729,931.9803099999999,961.49967,951.5393300000001,942.70611,1045.1241,1056.4064999999998,1061.2195,1068.4948,1069.5647999999999,1070.239,1068.9128,1069.7822,918.8755000000001,854.85538,830.0445500000001,804.75972,903.77161,799.61209,1044.1338999999998,1040.3274999999999,1071.5632,1049.4486,1064.7086,1050.817,1085.6979999999999,1062.854,1072.0134,1056.1562,1066.3356,1067.5453,996.8217200000001,1045.463,0.0,0.0014963584,0.0053390377,0.0
986.5001199999999,987.1281600000001,996.19798,1001.8343,1047.3528,1046.1799,1047.6427999999999,1054.2413999999999,1059.1578000000002,1053.2053,1054.6148,1054.6272000000001,826.95424,800.78703,816.80557,773.98721,1039.9634,970.70371,972.4733,969.89762,1059.9112,1040.2705,1061.2645,1062.658,923.76817,936.4422,936.18195,942.13094,1041.4020999999998,1047.0162,1063.9124,1068.017,1069.5311,1069.2655,1070.4612,1070.7248,915.82145,827.42844,827.32997,822.57359,888.0653199999999,798.42331,1073.3851000000002,1037.5862,1069.1490999999999,1056.3732,1062.4612,1050.7425,1078.0554,1061.5211,1068.5732,1055.3778,1066.1223,1069.7524999999998,984.19696,1046.9515999999999,0.0,0.0023691138,0.005332327699999999,0.0
992.4196400000001,997.93361,994.6874700000001,984.3251100000001,1049.0794,1049.7493000000002,1051.8464000000001,1055.3789,1060.6046,1052.9269,1054.5532,1055.439,847.96341,806.98733,812.26034,785.08976,1036.4561999999999,995.43488,976.29947,992.7250399999999,1058.0203,1050.0665000000001,1062.9000999999998,1065.4141,928.02427,928.24683,930.6952,930.22248,1042.516,1046.8283,1063.2445,1069.6843999999999,1072.0866999999998,1070.2238,1071.9313,1071.5613,847.93681,831.36891,837.04783,809.25774,889.98331,801.1255,1044.8022999999998,1021.7862000000001,1060.4402,1056.4636,1063.7864000000002,1050.7073,1075.4802,1058.5975,1065.8233,1056.4475,1072.4995999999999,1069.8794,979.5888699999999,1046.4787000000001,0.0,0.0028604717999999997,0.0051830091,0.0
989.65638,986.95029,993.58857,988.31727,1052.5087,1051.9806,1052.5493999999999,1055.5619000000002,1060.1631,1053.3864,1052.9141000000002,1055.743,837.48671,806.4865599999999,807.5726,782.82062,1043.6666,996.82911,982.0842299999999,1015.9651,1059.0478,1044.4496,1063.3744000000002,1077.5260999999998,942.02633,935.89073,943.8062699999999,927.20296,1043.2515,1056.4768000000001,1053.2894999999999,1072.5743,1069.2017999999998,1069.1868,1071.2897,1071.3331999999998,877.54395,849.9852,841.3023499999999,806.17958,885.1365499999999,798.44267,1034.657,1030.9886000000001,1057.7637,1049.5083000000002,1064.3082,1052.3461,1071.9234,1065.0906,1072.2831,1060.5127,1069.5418000000002,1070.2197999999999,986.62197,1056.0861,0.0,0.0029306728,0.0042734103,0.0
998.2535100000001,987.9506900000001,995.5612600000001,978.7569,1052.9945,1052.5353,1054.4482,1055.5844,1058.1921,1054.8835,1054.4453,1057.468,831.24161,805.3972100000001,815.1404,768.96428,1047.4916,979.8052700000001,961.08396,1000.0777,1060.821,1032.1346,1068.5427,1057.3384,952.05582,933.72613,953.08239,931.45557,1042.9625999999998,1059.3174999999999,1058.0965999999999,1071.3846,1075.2662,1072.2227,1072.1000999999999,1074.3431,916.60018,868.6334400000001,855.5994,823.6810499999999,876.61253,788.99479,1042.2186,1027.3615,1067.8238,1057.1704,1059.3582,1058.7335,1071.5863,1066.9529,1066.2160000000001,1061.2301,1071.4284,1075.7876999999999,988.7038499999999,1059.6634999999999,0.0,0.0024252181,0.0031534675,0.0
998.7546100000001,995.5378900000001,987.80306,982.0080599999999,1052.5298,1052.3354000000002,1055.8453,1057.732,1062.1335,1056.2445,1056.4344999999998,1057.2525,827.0770799999999,801.80417,822.1583,766.8945699999999,1038.043,968.29959,987.1590299999999,988.79473,1059.3480000000002,1047.3569,1061.5091,1055.0106,945.5199200000001,948.18597,944.3020300000001,936.25314,1049.1323,1056.6607000000001,1069.4262999999999,1072.2168,1069.4591,1069.7565,1073.123,1073.9978,908.3365200000001,848.30367,865.8974499999999,819.0938199999999,881.36542,793.8220699999999,1026.8733,1030.8221,1068.0024999999998,1060.305,1059.8287,1053.7125,1073.4888999999998,1068.8877,1073.9827,1069.1145000000001,1072.1699,1066.4657,993.17433,1053.1486,0.0,0.0016555027,0.0024078748000000002,0.0
991.89206,1006.9619000000001,996.00135,1001.4273999999999,1053.8855,1054.3096,1051.9605999999999,1058.7782000000002,1062.4752,1059.157,1058.1754999999998,1059.1956,824.78349,799.26284,820.53789,777.4520299999999,1047.0614,947.40096,997.1478999999999,990.9203600000001,1067.3741,1024.2714999999998,1060.3766,1059.9887,941.2219,952.19288,938.8243,936.0817,1048.5692,1058.7044999999998,1070.4734999999998,1072.9687,1064.7103,1067.6899,1070.0593000000001,1068.4652,897.5560899999999,829.02247,861.6821699999999,807.14756,911.1521600000001,803.93242,1039.6873,1047.6178,1067.8946,1060.3986,1064.2333,1056.136,1081.2443,1072.7995999999998,1077.1376,1069.8097,1061.9397000000001,1060.8245000000002,993.2747499999999,1060.3303,0.0,0.0013843201000000001,0.0018040031,0.0
1001.5715000000001,1010.2345,1001.041,1005.8278,1056.6904,1057.0067999999999,1054.9706999999999,1060.6401,1063.6032,1057.5179999999998,1060.3591,1061.2048,832.66999,810.8096899999999,823.18653,785.4520600000001,1052.0176999999999,965.47554,1006.709,988.36771,1072.5005,1040.1138999999998,1062.454,1062.08,946.65671,943.5892,945.3671,940.9723899999999,1047.4226,1056.921,1068.3319,1070.8846,1067.9577,1067.9864,1067.4582,1068.1592,893.6596400000001,837.7537599999999,857.37861,811.61379,867.7052600000001,808.63086,1047.1132,1044.3673999999999,1074.1017000000002,1059.1441,1064.2258000000002,1046.579,1093.9561999999999,1069.8351,1065.6101,1055.7466,1067.4503,1067.3853,997.57661,1055.1713,0.0,0.0010235524,0.001027109,0.0
999.1097699999999,1013.4212000000001,1000.2769999999999,1014.4011,1058.2247,1058.8314,1057.595,1061.1467,1061.3521,1060.1213,1061.2339,1061.4467,831.11047,820.61098,822.56753,795.0707,1050.6493,992.31969,1002.1499,987.5621199999999,1065.2211,1037.0874000000001,1063.5194000000001,1063.4077,959.94819,956.21745,949.07336,931.29676,1048.9327,1060.7022,1056.5756,1067.7614999999998,1069.9118,1072.0996,1068.0259,1068.6774,885.5260900000001,843.8490999999999,852.6949900000001,814.06673,855.89129,813.75571,1058.4814,1042.7632,1077.4698,1059.3243,1062.0637000000002,1058.0113999999999,1102.224,1066.9548,1069.5047,1059.5449,1067.9804,1068.7928000000002,1012.1731,1061.7076,0.0,0.00063961648,0.0005257186,0.0
996.7575800000001,1014.1066000000001,1007.1129,1018.5306999999999,1058.8614,1059.5429,1059.4713000000002,1061.5343,1062.5828,1060.6355,1061.9414,1062.3212,832.5175200000001,818.58363,818.49797,798.80837,1050.7948,981.3965799999999,989.17792,997.92387,1070.7249,1067.232,1062.2425999999998,1055.8157999999999,963.93799,958.9875,969.3397299999999,959.35693,1049.357,1055.4874,1067.2506,1067.6273999999999,1069.4819,1069.8425,1071.5591,1070.8205,887.35113,845.2052,860.4352600000001,805.68349,890.49325,806.397,1074.1329999999998,1039.5134999999998,1079.3013,1064.7194,1062.3097,1052.5228,1085.1533,1067.4262,1075.3195,1055.9486,1067.7935,1061.9895999999999,1009.5192000000001,1061.6377,0.0,0.00041178667999999997,0.00031820924000000003,0.0
1015.2621000000001,1020.5173,1005.3235,1006.5955,1059.6321,1060.5008,1060.5368,1061.8544,1062.2495000000001,1062.1468,1062.4936,1062.0412,828.2849600000001,817.47703,819.98955,788.76678,1053.0327,964.41959,985.4950500000001,992.6259600000001,1063.7604999999999,1045.4382,1064.3676,1072.8543,959.21482,979.25067,946.58436,950.1291,1049.8759,1064.9284,1058.756,1070.4111,1070.0218,1070.7173,1069.0901,1068.8053,908.48575,856.0425600000001,870.24803,809.46274,942.1528,805.4865100000001,1046.0776,1039.1109000000001,1072.7249,1065.7246,1062.587,1042.4958,1089.5741,1058.2879999999998,1078.8877,1056.9888999999998,1069.1185,1065.577,1009.0584000000001,1064.4187,0.0,0.00026014961,0.00023690106,0.0
1013.5764999999999,1024.2929000000001,1015.9870999999999,1010.4997,1060.9362,1060.9698,1061.4648000000002,1062.5342,1062.8339,1062.1788000000001,1062.7605,1063.012,839.18461,811.6066599999999,826.53817,791.90648,1052.7448,978.4458099999999,991.3798300000001,1002.3245999999999,1063.5632999999998,1032.6468,1069.0909000000001,1056.1747,954.0183499999999,963.18724,946.80007,955.18882,1048.4089,1054.5375999999999,1064.9204,1068.6499,1080.8212,1073.9062,1076.8612,1078.58,920.58568,887.48518,854.5558100000001,819.22576,930.47857,809.76628,1058.5194999999999,1047.0513999999998,1068.7977,1057.5791,1061.3036,1045.5340999999999,1090.7455,1068.8504,1072.6439,1062.2527,1073.9151,1070.6197000000002,1012.1194,1060.296,0.0,0.0001649632,0.00024892503,0.0
1009.499,1016.1347,1024.4034000000001,997.3517,1062.0384000000001,1061.3011,1061.2718,1063.2116999999998,1063.1776,1062.4587000000001,1062.8685,1063.4895000000001,840.4183,812.03883,822.90771,808.2515500000001,1053.429,986.7641899999999,981.18343,990.83522,1078.4979,1057.3079,1060.7139,1065.6584,950.25008,940.03942,962.5526299999999,962.29854,1048.2616,1066.2441000000001,1065.8295,1075.3318,1072.0916,1069.5613,1073.6875,1074.8677,942.9441300000001,892.93844,860.84868,827.3999200000001,902.8037099999999,808.00427,1050.2879,1055.6587,1074.7393,1058.2627,1059.6668,1052.0351,1085.2844,1083.2817,1079.9602000000002,1070.383,1073.2619,1066.949,1000.9859999999999,1068.6086,0.0,0.00016949256,0.0002872279,0.0
1018.4044,1000.9649999999999,1011.6463,1017.6836999999999,1062.5001,1061.9293,1061.7287999999999,1063.6507,1064.3328999999999,1062.7035999999998,1064.5708,1063.9695000000002,827.56154,816.61137,826.7822600000001,810.38962,1054.2372,985.15294,988.78242,980.34392,1081.3871000000001,1034.8047000000001,1067.0925,1073.3795,964.03875,963.81574,943.47072,944.05097,1047.7954,1062.8735,1070.1149,1073.5711,1074.4981,1070.704,1075.7379,1074.178,934.13545,874.29671,908.22166,824.93485,932.6855700000001,802.09697,1073.6972,1052.9948000000002,1079.0003,1063.2858,1064.6375,1055.0525,1093.5001000000002,1077.1425000000002,1082.4133000000002,1056.2571,1072.2836,1073.6525,1002.8294999999999,1067.2721,0.0,0.00022123368,0.00026484889999999996,0.0
1013.8694,1008.3016,1009.6033999999999,993.58071,1062.7314000000001,1062.7764,1062.5412000000001,1063.9128,1066.9837,1063.9105,1064.4909,1064.5832,840.72553,818.78968,832.1768900000001,803.95703,1053.7993,1006.5435000000001,979.42369,986.5247700000001,1058.5769,1047.5662,1067.2442,1064.6843999999999,962.9529299999999,961.08456,960.90766,951.39694,1054.1890999999998,1063.6837,1068.942,1074.4560999999999,1080.0045,1073.7933,1077.6444,1078.1865,920.03743,870.01042,885.60261,820.04067,884.08614,804.36599,1052.236,1048.0662,1082.0094,1064.7902,1067.0810000000001,1061.3055,1094.9287,1062.2532,1072.3614,1064.3529,1079.3027000000002,1074.8113,1009.1794,1062.2686999999999,0.0,0.00018631043,0.00029322635999999997,0.0
1014.7862,1005.2291000000001,1018.2989,1009.9103,1061.4089999999999,1063.3325,1062.6243,1065.2845,1069.0832,1065.8947,1064.6454,1065.5756000000001,846.32552,814.65026,839.05905,805.83132,1057.5155,1006.1263000000001,997.8822499999999,1009.2256999999998,1065.7146,1039.9177,1066.8475,1061.9632000000001,948.59852,954.91166,953.5578899999999,943.4467199999999,1054.462,1070.8236,1071.3121,1078.3739,1075.4183,1075.8969000000002,1077.9488000000001,1079.5430000000001,916.27693,856.6622100000001,879.33968,827.4476999999999,839.21023,804.10442,1064.8568,1050.7126,1078.9112,1059.398,1061.8292000000001,1039.0729,1082.2387999999999,1067.9294,1074.1511,1070.7626,1075.7862,1068.2637000000002,1008.6909999999999,1068.3889000000001,0.0,0.00019456659,0.00028591144,0.0
1023.5121999999999,1011.3487,1025.1187,1007.6646999999999,1062.5278,1063.3213,1063.4907,1065.9333,1071.3724,1065.0620000000001,1065.6261000000002,1066.7351999999998,835.331,819.00207,839.12254,825.0806699999999,1057.0056,1003.2561,990.05265,1002.6053,1074.3617000000002,1053.3256999999999,1062.8016,1062.5642,963.20651,957.4953800000001,954.20196,943.56745,1056.6693,1065.8246,1073.7521,1077.1386,1068.8057,1070.6821,1074.1870999999999,1072.0579,927.2781799999999,869.66711,868.7289099999999,837.6800999999999,852.81931,803.91789,1073.3494,1051.7282,1077.1842,1065.1490000000001,1065.0164,1043.7024,1076.8569,1073.5975,1068.2137,1058.9588999999999,1069.8794,1064.3525,1004.1289,1066.7381,0.0,0.00018797833,0.00034898264999999996,0.0
1018.9474,1020.6671999999999,1018.3731,1030.8624,1064.3018,1063.7757,1064.5421,1066.6933999999999,1066.7486,1065.7434,1065.6095,1067.6787000000002,840.7968000000001,818.38234,833.88514,810.65034,1050.182,1001.2255000000001,993.14054,994.1777800000001,1066.3315,1064.8652,1062.7321000000002,1067.282,975.25374,965.90765,962.9365200000001,954.1131300000001,1060.4491,1067.8546000000001,1073.6399000000001,1073.7253,1068.1200000000001,1070.6643,1069.0113000000001,1069.6582999999998,933.53767,878.99584,842.78898,825.77879,928.2374299999999,817.3117100000001,1072.1952,1052.8123999999998,1067.9582,1063.7509,1068.0462,1067.4947,1084.5367999999999,1065.3887,1062.4631000000002,1055.9403000000002,1064.7431,1061.6365,1018.1772,1062.752,0.0,0.00022738581999999998,0.00049796833,0.0
1023.1523,1023.0933,1012.5297999999999,1022.9042999999999,1065.1843,1064.6629,1065.5941,1067.9731000000002,1066.8742,1066.1882,1066.4221,1068.2325,841.1456300000001,819.48988,835.10553,803.4597,1052.4863,1003.7507,984.566,1007.8362999999999,1060.0214,1067.3880000000001,1066.1893,1076.8048000000001,974.77242,982.60172,965.64836,951.67534,1054.9209,1060.8799,1067.6265,1069.4152000000001,1070.1186,1070.3023999999998,1069.2226999999998,1070.026,920.7539,881.15822,857.42977,833.63227,933.12376,817.05323,1048.4803,1039.8264,1066.0753,1062.9344,1066.5808,1058.2679,1096.3737999999998,1063.1565,1078.5276999999999,1061.4597999999999,1065.8781,1068.8165,1013.3571,1065.8183,0.0,0.00026515887000000003,0.0005680952600000001,0.0
1021.9176,1028.0982,1026.1528,1022.546,1065.7801,1065.9656,1066.5468,1068.0579,1066.8319,1067.3325,1067.5645,1067.279,847.2605500000001,822.19982,832.33219,793.2437199999999,1057.3328000000001,1010.2453,1012.6994000000001,991.9823999999999,1063.3401999999999,1052.222,1072.1543,1075.4409999999998,972.39494,982.06902,962.0717,960.09872,1052.0253,1063.0114999999998,1064.7573,1068.0509,1076.7541999999999,1072.0523999999998,1075.3275,1074.8256999999999,914.40688,902.86368,874.39934,845.24031,917.7557800000001,809.39914,1070.1164,1042.5221,1069.4017000000001,1063.357,1064.9708,1046.8768,1096.7852,1068.3807000000002,1076.6315,1063.0513,1075.1803,1079.0044,1023.7026000000001,1063.8593,0.0,0.00026252398,0.00061196833,0.0
1029.6982,1022.5016,1025.3304,1027.8061,1066.264,1066.7679,1064.406,1067.5974999999999,1069.2626,1066.9913000000001,1068.2265,1067.5759,837.29092,820.0948099999999,827.9972,786.26029,1056.8281,1000.4495,1004.8582,994.8763600000001,1068.6999,1035.7058000000002,1073.8112999999998,1075.6504,974.19762,977.32059,974.19429,956.40174,1054.4943,1057.4793,1070.1281999999999,1071.3158,1078.9485000000002,1076.4781,1077.975,1077.6823,909.1442000000001,894.42156,887.90223,847.2814599999999,902.6993299999999,815.22406,1080.9201,1053.1234,1071.0335,1064.1512,1064.8259,1050.9757,1097.8511,1067.1607,1077.0373,1065.7334,1081.0742,1078.2057,1029.2450000000001,1065.3422,0.0,0.00024865624,0.00073168738,0.0
1023.0473,1019.8869000000001,1032.1119999999999,1014.7922000000001,1067.3458,1067.2435,1067.0836,1067.5898,1072.1752,1067.306,1068.3322,1067.8496,839.7503,812.7806999999999,827.42817,802.15184,1057.1427,986.24297,994.1071400000001,1001.4725,1066.6526,1050.0500000000002,1076.0375,1063.6938,972.1479,987.2630700000001,979.26864,968.7365100000001,1061.5328000000002,1063.706,1072.3705,1077.0418,1079.748,1077.9012,1079.9081999999999,1080.0638999999999,902.03271,876.40805,856.51002,842.8439500000001,899.39066,826.51986,1056.4409,1052.7039,1076.5463,1063.3688,1065.0343,1064.1937,1084.2360999999999,1074.0656999999999,1077.9416,1072.6119,1080.1993,1081.0637,1029.0964000000001,1066.4647,0.0,0.00025345151,0.0018585866,0.0
1019.4691999999999,1021.7335,1028.1219,1020.4433000000001,1067.6383,1067.3345,1067.7886,1067.9567,1072.1348,1067.8579,1068.0494,1068.7442,841.32668,817.1789200000001,825.77327,811.0965199999999,1045.4421,990.2598100000001,991.0190399999999,1021.7253,1078.2234,1050.9931000000001,1064.5778,1063.4915999999998,965.1422,987.6446900000001,973.17738,970.97221,1057.1417,1066.2725,1075.326,1080.3223,1078.3234,1076.8066000000001,1081.0173,1082.8986,902.11409,868.0704099999999,881.16852,835.2861399999999,923.49228,817.19748,1075.8093999999999,1055.598,1076.3375,1065.1143,1068.8238000000001,1062.1519,1082.4922000000001,1082.3211000000001,1079.5325,1079.7601,1078.8248,1068.5444,1028.1867,1066.3135,0.0,0.0005526693800000001,0.0042010783,0.0
1030.2772,1032.1052,1023.8020000000001,1015.5322000000001,1066.781,1067.3879,1067.6778,1069.3426,1072.1034,1068.6161,1068.9607999999998,1070.1211,844.04898,826.88678,823.2039,813.69423,1056.7402000000002,991.40428,1009.0499,1008.1059999999999,1078.6471999999999,1034.8961,1065.9883,1072.5558,963.00946,979.8651,966.42992,957.2754100000001,1055.6206,1068.5001,1076.238,1081.7435,1074.6009000000001,1077.4234000000001,1077.4762,1078.4897,916.5437800000001,872.87614,886.8476300000001,839.99203,900.90697,822.1421399999999,1064.4262999999999,1053.7832,1076.8269,1069.2072,1066.836,1056.9767000000002,1084.3376999999998,1082.6098,1073.6001999999999,1067.4234,1070.3488000000002,1068.9313,1008.6162,1070.6727,0.0,0.0015772825,0.0057431735,0.0
1026.1316,1028.4412,1021.4639000000001,1026.3112,1067.5442,1068.1305,1068.0693999999999,1070.9081,1072.6244,1070.2551,1069.7261,1071.0289,848.47468,823.22501,825.41107,797.58803,1058.4833999999998,988.91325,1014.9481,999.66164,1073.8945999999999,1061.3399,1070.8944999999999,1053.5167000000001,965.51558,968.92973,961.59265,963.2515599999999,1064.4532,1070.0302000000001,1075.5318,1079.0076999999999,1075.5221,1077.1163000000001,1075.1084999999998,1076.5732,933.6510400000001,890.2186800000001,887.6829,835.3348500000001,858.2272899999999,821.88624,1067.1091999999999,1048.5309,1074.8372,1066.8177,1064.7618,1056.2106999999999,1071.1615,1072.2101,1073.2465000000002,1064.0160999999998,1072.9033,1073.8893,1007.6709000000001,1065.025,0.0,0.0020732909999999997,0.0053402115,0.0
1015.1055,1023.1985000000001,1028.7352,1012.111,1068.8906,1068.9981,1069.5535,1071.4941999999999,1072.8324,1070.421,1070.2892,1071.4161,847.87639,813.71294,828.66826,820.53532,1058.0368,961.8788000000001,991.64848,1004.5150000000001,1072.8693,1061.2834,1060.328,1062.4538,963.87361,984.51735,962.3175699999999,965.50919,1062.9384,1065.4737,1074.9498,1076.444,1073.813,1075.7711,1074.3389,1075.3455000000001,930.90686,874.65818,882.8628199999999,845.92115,897.76093,823.78363,1063.7322,1058.8042,1073.9572,1068.2540000000001,1067.9035,1058.0111,1067.9228,1070.0047000000002,1074.7525,1067.0433,1073.5574000000001,1068.8544000000002,1018.6171999999999,1066.6681,0.0,0.0018648652000000001,0.003783703,0.0
1031.2425,1005.4549999999999,1035.7955,1008.4279,1069.7603,1070.7681,1069.4626,1071.724,1072.3121,1070.5366,1070.7816,1072.2751,844.0819299999999,825.94631,830.68608,819.2260699999999,1053.6447,998.6298899999999,995.1085700000001,1006.4879,1067.3575,1039.3148,1063.8001,1063.6106,977.59189,980.8989899999999,971.13419,953.94136,1059.8246,1068.1391999999998,1068.6274,1074.406,1077.8086,1079.6401,1077.4815999999998,1079.3688000000002,937.33996,873.8520000000001,874.48605,836.2569199999999,954.24106,829.55369,1063.5865,1059.9396,1075.1644999999999,1072.914,1068.0031,1059.5479,1092.5796,1066.8009,1073.6675,1057.3478,1071.8469,1075.4969,1023.0032,1070.4585,0.0,0.0015969354,0.00258264,0.0
1027.3189,1006.2464000000001,1035.2166,1039.7581,1070.7132,1070.926,1069.6298,1071.9253999999999,1073.5797,1071.3751000000002,1071.6977,1071.9353,856.37622,838.53691,833.11402,797.5056599999999,1058.7142,1024.7195000000002,995.56014,1013.1662000000001,1058.2438,1049.8042,1073.1848,1066.7994999999999,973.06792,979.0106300000001,991.30991,974.7316000000001,1058.4895000000001,1069.1848,1075.1781,1077.4954,1079.4776,1078.5768,1078.2134999999998,1079.4737,947.1356499999999,880.23186,851.2489499999999,825.66112,904.6811299999999,828.83729,1052.5682000000002,1052.4688,1078.6947,1067.6265999999998,1066.7217999999998,1060.2104,1094.1324,1061.2119,1077.49,1060.4838,1080.8014999999998,1082.4956,1024.7006999999999,1069.5718,0.0,0.0013533116,0.0017344037,0.0
1021.6666,1042.003,1033.8931,1020.4554999999999,1071.3009,1070.9315,1070.9056,1072.0148000000002,1073.5766999999998,1071.9139,1071.9718,1072.3089,852.0633,831.12008,837.77499,802.8173300000001,1049.5573,1010.8508,997.9942599999999,1006.7905,1067.8211000000001,1074.7737,1068.2996,1078.279,956.77621,985.66844,952.8106899999999,967.10394,1059.7,1069.7836,1072.6407,1078.0148,1080.9011,1079.8496,1081.237,1081.7616,932.34365,878.59605,879.12829,826.87435,902.0196100000001,822.95425,1075.8139,1052.5119,1082.8049,1068.238,1067.5461,1068.6271,1095.0689,1066.1482999999998,1078.2238,1067.8845000000001,1078.8455000000001,1070.7294,1025.6531,1071.5544,0.0,0.0011909571000000001,0.0013036429,0.0
1034.1901,1029.2652,1024.5126,1038.0337000000002,1071.3788,1071.4122,1071.3407,1072.3716,1075.3654,1071.87,1072.4923999999999,1072.9518,852.98086,831.86739,839.14434,808.72107,1059.9491,970.64345,1000.7219000000001,1024.4022,1068.9467,1053.5094,1071.5865,1078.5045,960.3276999999999,972.4164900000001,952.2547,961.90011,1064.0104,1071.0995,1077.4524999999999,1080.1599999999999,1077.2269000000001,1077.3122,1080.8183,1080.7821,969.72892,931.23178,874.1118600000001,830.9940499999999,908.50771,815.4326500000001,1073.9404,1064.4198999999999,1090.1108000000002,1073.1903,1070.5228,1058.9511,1087.0511999999999,1068.303,1072.3613,1063.3323,1072.2678,1073.7477999999999,1019.6812,1069.8357999999998,0.0,0.0011201731,0.00091010832,0.0
1030.1707,1022.8706,1023.2272000000002,1020.4952000000001,1072.0989,1071.7755,1071.8628,1073.1729,1073.4492,1073.2669999999998,1073.5691,1073.4942,856.62513,839.13581,841.10878,800.95969,1063.3756,1007.0617000000001,1006.3624,1006.6363999999999,1069.994,1052.6904,1073.6169,1073.4175,975.25278,985.8624299999999,975.5473,967.84058,1063.9158,1070.184,1077.8246,1079.9116,1076.3569,1078.3310999999999,1077.071,1079.1581,946.75172,899.77687,866.47681,844.76857,932.2346200000001,833.23074,1060.0468999999998,1057.795,1085.3112999999998,1076.7476000000001,1071.242,1043.813,1080.9006000000002,1077.2872,1073.5436,1066.7657,1077.2421,1077.9526,1037.1118999999999,1072.5858999999998,0.0,0.00070415705,0.00058151782,0.0
1025.836,1028.2998,1027.0681,1022.7407999999999,1071.5964999999999,1072.8962,1070.7736,1073.7387999999999,1075.1114,1073.0621,1074.3883,1074.298,852.49045,841.32499,849.68839,807.8001499999999,1061.6556,1001.5360999999999,1008.5826000000001,1003.4885,1078.4107999999999,1052.9699,1079.5151999999998,1061.8375,982.1371800000001,979.73603,981.39925,965.98149,1060.0444,1071.135,1061.8493,1077.9008,1078.4634999999998,1078.3723,1077.0426,1078.3213,940.84158,909.25984,872.058,854.11026,943.31458,821.01288,1075.5275,1057.3044,1078.1104,1069.6518999999998,1072.0819,1056.3931,1088.1000000000001,1073.9571,1070.9765,1071.1242,1077.3769,1079.0458,1038.8769,1070.1988999999999,0.0,0.00034192283,0.00064963608,0.0
1030.5711,1025.2767,1029.2798,1011.4922,1072.7084,1073.6071,1070.7196,1074.1918,1075.0627,1074.2343,1074.3853000000001,1074.4225,850.67444,837.6432,845.8592,830.3386,1064.7386,1006.8248,1003.2473,1025.882,1074.7909,1049.4378,1063.6009,1067.3968,982.82411,963.15228,977.67691,978.38751,1058.6707000000001,1068.102,1066.6566,1076.2681,1079.0046,1077.1528999999998,1079.5119000000002,1079.4511,932.92162,911.60527,874.06254,864.75895,892.70573,831.9849,1075.1998,1059.8585,1081.8192,1069.9973,1070.4841000000001,1071.4522,1095.0771000000002,1071.1741000000002,1078.9225999999999,1074.6483,1076.9245999999998,1071.209,1030.7779,1068.2258,0.0,0.00028898678,0.0008504175899999999,0.0
1026.691,1018.6039,1033.618,1024.6578,1073.6269,1073.6963,1071.4629,1074.7243,1075.0082,1074.1722,1074.4153000000001,1075.1674,863.19105,840.13477,840.22495,839.27323,1063.3382,998.3659600000001,1003.4244999999999,1015.3744,1071.4981,1032.5697,1064.6029,1065.0317,987.1448099999999,979.9683300000002,982.11851,957.15004,1061.3483,1067.9836,1064.6013,1076.5394,1073.5647,1074.7612000000001,1076.7115,1076.3777,925.60363,884.06748,877.09722,850.09458,930.5686099999999,833.46199,1066.6198,1055.2781,1084.8709000000001,1072.8387,1068.5044,1060.8874999999998,1085.7760999999998,1071.6395,1070.8402,1061.0954000000002,1069.9367,1065.5556,1030.9458,1072.6583999999998,0.0,0.00027639448,0.0011650358,0.0
1031.4491,1025.6391999999998,1037.3511,1009.1258999999999,1073.4134,1074.4007,1073.7955,1074.8334,1074.8184999999999,1074.3024,1074.1680999999999,1075.0661,856.88906,840.3734599999999,835.84025,831.3566099999999,1059.4264,1009.1906999999999,1013.9630000000001,1010.854,1066.9274,1059.7084,1066.7828,1066.1346,998.6302400000001,984.9515700000001,991.58563,979.44691,1067.2223,1070.108,1074.0155,1076.2509,1071.094,1073.6973999999998,1071.655,1072.7402,950.3599700000001,890.8654300000001,886.3638100000001,846.712,917.06948,826.0862999999999,1078.0078,1057.7471,1081.4817,1074.1258,1070.9441,1063.3819,1085.9441,1069.3561,1069.3071,1058.1381,1068.9812,1065.0383,1028.0458,1074.8165999999999,0.0,0.00033090419000000003,0.0016589038999999999,0.0
1031.7491,1027.5893,1034.4991,1021.8441999999999,1074.156,1074.4508,1072.6614,1074.8413,1074.0436,1074.6354,1073.8627000000001,1074.8796,858.1354699999999,836.85108,844.00514,795.37912,1058.1768,1000.7845,1010.9096,995.99454,1068.518,1049.3432,1063.4823000000001,1075.381,993.6524599999999,993.0104400000001,995.8822500000001,990.79219,1065.6591999999998,1067.0377999999998,1072.7365,1073.4491,1070.2375000000002,1072.9676,1071.1474,1072.1691,929.013,908.22829,880.98398,845.17996,924.18029,836.4964,1070.1065999999998,1048.6396,1081.1391,1075.2201,1072.4467,1066.2169,1079.1104,1066.4601,1068.0027,1058.0883000000001,1068.0293,1063.3479,1027.3037,1070.9783,0.0,0.00042012055000000003,0.0032558511,0.0
1028.363,1035.6336,1036.4397,1023.5470000000001,1073.8001,1074.2656,1073.1111999999998,1074.7947,1073.4789,1074.4322,1074.0800000000002,1074.5937,863.00223,836.73968,851.8526499999999,800.99746,1055.9602,1005.2787999999999,1017.9035999999999,997.3762699999999,1070.7968,1047.4032,1073.3975,1079.4458,981.73438,985.1442599999999,984.15572,981.29322,1064.8258,1064.7702000000002,1070.5797,1071.2767,1073.2745,1072.9307,1071.2943,1073.6587,933.06385,906.2687199999999,891.4883100000001,843.89344,949.8035,830.25099,1070.8806,1047.6528,1076.4153,1073.1382,1070.7990000000002,1060.4906999999998,1080.7592,1062.9507,1075.5890000000002,1062.7620000000002,1071.0095999999999,1076.7868,1027.9005,1070.184,0.0,0.0014591679,0.003892482,0.0
1034.3005,1023.5245,1029.9799,1054.3786,1074.1167,1074.7392,1073.9239,1074.4085,1073.5657,1074.4246,1073.9088,1074.0035,861.39365,836.6793299999999,846.93423,814.26583,1058.2396,1003.8692,1022.0834,1014.0613,1071.273,1055.2443,1072.5152999999998,1072.0236,978.17257,984.2909099999999,986.38417,978.10243,1059.4538,1066.2810000000002,1069.7274,1072.1677,1078.8410000000001,1076.981,1074.312,1075.3120999999999,943.35153,888.11874,887.72433,847.1580700000001,930.58497,826.20412,1062.2203000000002,1053.8087,1074.8987,1069.6522,1070.0743,1062.8123,1083.0442999999998,1068.2154,1074.179,1070.4287,1077.8935999999999,1074.7378999999999,1027.5055,1070.0191,0.0,0.0014606826,0.0035459643,0.0
1025.7545,1036.7431,1043.1863,1026.7979,1074.4587999999999,1074.248,1074.5562,1073.9505,1073.8003,1073.8996,1073.8738,1073.6528999999998,859.0647399999999,844.70614,849.52426,821.38306,1057.4403,1005.9368000000001,1023.4357999999999,1018.7834,1078.5171,1048.6598000000001,1071.3711,1073.5896,983.2710699999999,972.87957,986.7002200000001,965.47389,1058.0225,1067.419,1069.0706,1074.8762000000002,1075.0561,1076.0991000000001,1077.4656,1075.82,941.01853,893.14114,899.59628,847.22924,924.74806,828.45933,1067.2899,1056.5617,1075.4431,1062.2578999999998,1067.7847,1048.0385,1085.2057,1073.2249000000002,1080.6000999999999,1070.2343,1072.2032,1072.3128,1033.1268,1072.1665,0.0,0.001259021,0.002579032,0.0
1033.4107000000001,1029.8521,1038.2677999999999,1019.9517000000001,1074.3763000000001,1074.3847999999998,1074.0109,1073.6107,1073.8828,1073.6091999999999,1073.9434,1073.7084,866.05997,850.03764,845.29746,819.4620600000001,1055.1866,1002.8606,1012.7818,1015.5616999999999,1073.7424,1042.2184,1070.1383999999998,1062.0697,994.1118299999999,984.22791,1005.7906000000002,979.20113,1060.0315,1068.4606,1072.6422,1076.3865,1075.7378,1075.9614,1076.9353999999998,1077.8687,947.39215,916.12791,893.45723,856.8587299999999,915.12114,832.80786,1067.7229,1055.1033,1077.1247,1064.7747,1067.6338,1067.6322,1085.6963,1073.3094999999998,1073.3761,1066.2188999999998,1073.8355,1073.0601000000001,1038.5944,1072.8979,0.0,0.0013495849,0.001620591,0.0
1036.8397,1024.1278,1037.736,1024.9815,1074.2174,1074.5554,1072.2112,1073.7399999999998,1074.5137,1073.899,1073.9723,1073.9785,854.8954100000001,861.51202,854.45235,809.71299,1049.7078000000001,1004.7717,1009.2529000000001,1025.6317999999999,1069.754,1056.2207,1068.8751,1066.1818,989.55275,1000.1974999999999,1002.6600000000001,989.94786,1069.0672,1069.3886,1074.2776,1074.3659,1072.7179,1074.6944999999998,1074.2339,1074.9563,945.29355,879.30123,888.43736,848.6098000000001,913.99506,847.94825,1062.0504,1054.5769,1079.0968,1069.1915999999999,1070.5788,1064.4793,1080.7351,1068.234,1072.3821,1067.6172,1071.406,1067.5095999999999,1032.2331000000001,1072.4768,0.0,0.00094655928,0.0014346736,0.0
1035.1198,1029.5167000000001,1039.7185,1013.4495,1074.2066,1074.0344,1072.5582,1073.909,1074.2698,1074.2086000000002,1074.1678000000002,1074.1811,868.03808,854.31178,869.06765,821.4529,1058.5113999999999,1005.8268,1004.2759000000001,1009.8519000000001,1071.5878,1054.8954,1064.0612999999998,1076.1679,970.03962,997.71378,975.11657,971.6909599999999,1062.2531,1070.4427,1069.1341,1075.0243,1072.6953999999998,1073.0752,1073.0367999999999,1072.8755,936.19697,876.79866,895.36888,854.1704000000001,936.79938,849.73692,1066.0413,1058.1424,1076.5537000000002,1071.9747,1070.4570999999999,1057.6096,1093.6901,1071.64,1089.4838,1061.5497,1067.1997000000001,1065.8495,1029.1598000000001,1071.8736000000001,0.0,0.00060954025,0.0012331229,0.0
1032.1963,1035.0526,1036.8694,1030.5109,1073.8936,1074.1744999999999,1072.4608,1074.3311,1073.5943,1074.2656,1074.0148,1074.4656,868.91822,858.0853900000001,857.7235900000001,812.04378,1059.2088999999999,1017.8004000000001,1004.6657999999999,1000.3549,1065.0662,1056.3732,1074.8643,1071.6782,981.40134,983.4223300000001,987.94421,979.55431,1062.736,1068.2043,1071.6282,1073.0162,1075.0122000000001,1073.0767999999998,1074.1433,1074.7423,944.20442,910.32262,886.33185,844.96502,922.4654499999999,838.98418,1063.1025,1060.3382,1077.5185,1069.1751,1080.0484000000001,1061.5050999999999,1086.5708000000002,1066.4511,1071.6918,1064.8552,1072.5095000000001,1076.3600999999999,1028.0609,1072.4954,0.0,0.00050362931,0.0009601630000000001,0.0
1033.4344,1032.3775,1043.0249999999999,1032.1695,1073.7888,1074.4459,1072.6015,1074.346,1073.8205,1073.9947,1074.1529,1074.1062000000002,868.68981,856.6476299999999,858.74618,828.97047,1061.3273,1020.6649,1013.9059,1008.2852999999999,1067.6998999999998,1058.6561000000002,1072.2533999999998,1065.3163,975.54217,995.1206,980.28473,971.42686,1060.9234,1068.6244,1069.541,1073.6659,1074.9813,1074.6391,1076.382,1076.0429,936.67649,899.95593,882.25625,846.76413,896.31363,839.57298,1075.2352,1055.5473000000002,1078.4947,1071.2273,1075.0416,1068.6866,1079.1484,1070.3526000000002,1074.8054,1075.4997,1075.0817000000002,1075.9493,1032.8325,1072.6689000000001,0.0,0.00045088094,0.00088555833,0.0
1040.1245999999999,1042.2516,1038.3175999999999,1022.8299999999999,1074.1868,1074.1725999999999,1073.042,1074.0722,1074.2334999999998,1073.8051,1074.0959,1073.8387,882.10245,844.8548400000001,858.00364,846.24191,1062.6881,1016.7883999999999,1046.3128,1011.3204,1081.1728999999998,1060.0773000000002,1070.1041,1067.9,979.6396799999999,992.21105,965.98495,965.26612,1063.0114999999998,1068.5128,1069.9992,1075.5393,1073.7384,1075.1606,1074.632,1075.1973,942.9042000000001,888.32765,888.05902,848.74293,921.72587,850.56143,1060.0171,1055.0276000000001,1078.5421999999999,1069.8423,1072.5202000000002,1062.8091000000002,1075.1994,1075.3120999999999,1073.8169,1075.117,1073.9731,1070.5857,1037.5327000000002,1072.7193,0.0,0.00042678287,0.00073671769,0.0
1026.7583,1044.8693,1034.8437,1033.0472,1073.9813,1073.8639,1073.7278000000001,1073.8039,1074.3822,1073.9573,1074.1501999999998,1073.9329,875.27011,855.54612,855.33298,848.74796,1067.7281,1022.0098,1017.4729000000001,1018.5369000000001,1078.2122,1048.6657,1066.4854,1071.5071,990.89112,977.31449,982.7981799999999,983.2638600000001,1065.1504,1070.6937,1069.3861,1074.7092,1072.5865,1074.0194,1072.8696,1073.9065999999998,949.9281,886.16575,880.07211,841.35708,923.70042,860.50918,1065.0946,1058.9087,1074.2037,1064.9858,1070.4906,1066.0669,1068.2991,1074.1415,1071.01,1067.5316,1071.4997,1068.2126,1029.6331,1073.6855,0.0,0.00042705356,0.00069372111,0.0
1037.1371000000001,1038.7161999999998,1037.0139,1031.5162,1073.8238000000001,1074.0223,1073.8549,1073.9606,1073.9007000000001,1074.0204,1074.0349,1074.0969,884.76338,863.30485,861.18092,824.19,1063.5205,1021.8348,999.67478,1007.3567,1074.3006,1052.1202,1067.8595,1069.0020000000002,997.46333,993.2466100000001,986.9848299999999,983.4543,1066.2542,1069.799,1071.7095000000002,1073.6308999999999,1070.9522000000002,1071.9577,1072.2422,1072.3627999999999,957.31984,907.85583,875.81466,847.4831399999999,922.23646,852.82266,1056.6658,1047.4682,1070.0703,1067.8208,1070.7639000000001,1064.6725,1071.3981999999999,1070.9231,1073.4524000000001,1063.4829,1071.3168,1065.7214999999999,1033.4636,1072.6405000000002,0.0,0.00036919365000000003,0.0014319666,0.0
1043.0749,1034.5765,1035.8165,1034.4118999999998,1073.958,1074.1119,1073.6551,1074.1428,1072.7847,1073.9480999999998,1073.8658999999998,1074.1291,882.6230800000001,845.20456,857.9466199999999,818.7134699999999,1056.8007,1011.6899999999999,1022.0495000000001,1016.8245999999999,1066.7334,1061.2199,1066.8349999999998,1068.7190999999998,993.38007,1003.0733,999.9525999999998,982.6978000000001,1066.1122,1068.4073,1069.7784000000001,1072.1680999999999,1072.0416,1070.7133,1073.7531000000001,1072.9134999999999,953.29404,919.4652,898.89756,853.19873,950.94488,843.7271099999999,1064.4133000000002,1053.0063,1073.921,1066.7113,1069.8977,1065.9238,1077.5611,1068.9797,1072.4234,1065.9355,1070.0181,1068.8835,1043.7157,1072.1593,0.0,0.00048150371,0.002361408,0.0
1038.0013999999999,1038.4724,1042.2165,1024.3925,1073.9484,1074.2383,1072.9793,1074.0338,1073.4656,1073.7692000000002,1073.7427,1073.7522999999999,881.1522699999999,850.09262,852.17777,831.74167,1060.1707000000001,1013.9914,1031.5768,1011.4297999999999,1067.3944000000001,1064.9477,1067.7749999999999,1072.6977000000002,986.41566,996.29397,992.6687599999999,983.6308200000001,1060.8527,1070.0032,1070.3793,1073.1229,1071.2639,1071.3142,1071.1118000000001,1071.5479,931.82541,911.04202,925.43589,858.24355,953.87457,844.16668,1060.2224999999999,1053.4481,1078.289,1068.6806,1070.1879999999999,1063.1272999999999,1078.5568,1068.0967,1067.3406,1067.7305,1068.7641999999998,1068.2407,1043.1062000000002,1072.3003,0.0,0.00091520195,0.0022095056,0.0
1041.9761,1043.705,1041.9856,1039.3358,1073.8738,1074.2069999999999,1073.7968,1073.7051,1072.4009999999998,1073.7324999999998,1073.7809,1073.2792,877.0898500000001,861.89536,857.66399,836.84735,1057.6565,1025.3498000000002,1014.4902999999999,1009.8122,1072.3682000000001,1053.2358000000002,1067.4370000000001,1061.9905,987.3219999999999,992.8866000000002,988.0317200000001,982.35171,1063.3097,1070.5661,1069.1031,1071.9690999999998,1071.9692,1072.0003,1072.3085,1073.0068999999999,913.82539,891.3413999999999,908.43855,851.68409,960.5684200000001,841.2645,1063.5949,1051.7721999999999,1083.0023999999999,1069.045,1065.7734,1058.8403,1080.9532,1069.4057,1066.1484,1064.0619,1070.2652,1074.2102,1045.652,1071.422,0.0,0.0011162569,0.0016998629,0.0
1043.1075,1048.2839,1042.5377999999998,1034.0091,1073.8767,1074.0535,1073.7911,1073.4356,1072.7936,1073.1415000000002,1073.5102,1073.3042,875.8870099999999,854.4193399999999,848.45077,848.25648,1062.3767,1014.4698999999999,1011.5088,1011.9509,1072.9248,1064.1384,1065.6674,1077.5559999999998,993.8388699999999,993.2900300000001,992.9670800000001,990.7249800000001,1061.9895999999999,1067.7875999999999,1069.2264,1072.2827,1070.6755,1071.1607000000001,1071.7439000000002,1071.4813000000001,956.26936,895.9889,889.7100499999999,849.2901400000001,943.92724,858.6843600000001,1063.2356,1055.3449,1077.7564,1070.6346,1068.3556,1067.1907,1078.8247,1065.1082,1073.1016,1064.6027,1070.8937,1066.6585,1041.4696999999999,1072.1974,0.0,0.00092719646,0.0010282617,0.0
1043.5797,1039.4367,1046.6281,1043.9144999999999,1073.4080000000001,1073.8597,1073.4029,1073.0285,1073.0919000000001,1073.3419000000001,1073.2413000000001,1072.9864,878.78625,854.16268,852.1983299999999,844.50778,1065.5127,1016.3656,1003.4393,1016.6075000000001,1068.3716,1070.853,1072.2800000000002,1080.6354000000001,996.53232,1010.5583,1004.1557000000001,994.12365,1062.8177,1067.2667,1070.8029999999999,1071.5201000000002,1073.4293,1072.7644,1071.9587000000001,1074.5537,976.6935699999999,928.30851,879.27068,852.4505899999999,959.76022,846.99984,1055.2444,1061.6393,1077.2897,1070.0555,1069.1899,1064.4288999999999,1086.2135999999998,1069.6887000000002,1076.9264,1065.9027999999998,1070.594,1071.8654999999999,1044.8412,1072.4389,0.0,0.00058001829,0.00071297658,0.0
1044.8854000000001,1047.5485,1045.1548,1034.3369,1073.2859,1073.3763,1073.1917,1072.8547,1073.1092999999998,1073.0408,1073.0344,1072.8942000000002,883.2727,859.39066,853.93193,824.9703300000001,1060.8056,1013.3167,1037.6042,1022.2289,1066.833,1065.2198999999998,1082.5602000000001,1074.9856,1002.9253000000001,1018.8736,1002.5837,1010.9253999999999,1063.715,1065.0832,1071.5811,1073.7592,1077.9219,1075.0847,1078.088,1077.4351000000001,996.09554,922.53804,887.7992300000001,864.84802,947.96778,848.98596,1059.4344,1063.3635000000002,1079.2323999999999,1068.0315,1071.624,1066.593,1087.3383000000001,1076.8,1075.8724,1070.2308,1075.3397,1082.02,1048.6689999999999,1070.1042,0.0,0.00037118907,0.00057145132,0.0
1049.1995,1058.4896999999999,1042.1525,1033.4697,1073.3754000000001,1073.0354000000002,1072.5974999999999,1072.8075000000001,1074.0753,1073.0572,1073.0487999999998,1072.7811,885.94064,860.9972399999999,854.12278,841.63177,1056.7447000000002,1016.0858,1017.4729000000001,1017.6214,1071.277,1046.7767,1075.9357,1065.488,993.7069600000001,999.31613,993.89167,981.98384,1062.6468,1067.2151999999999,1069.3929,1073.1273,1078.873,1075.3617,1081.3374000000001,1080.2469,985.6034599999999,903.41193,899.73104,867.0104,922.33418,852.5104,1072.7993000000001,1061.6703,1083.0544,1069.3588,1069.6595000000002,1053.7589,1087.8013999999998,1075.1874,1078.5283,1078.0255,1078.0887,1080.5419000000002,1037.891,1071.6303,0.0,0.00028279123,0.00045173795,0.0
1041.7941,1042.3898,1046.2466,1040.5139,1073.1372,1073.0053,1071.1576,1072.8254,1075.8362,1073.1012,1072.8865,1073.1953,885.66009,864.3858399999999,861.05333,824.86598,1059.2465,1018.5758999999999,1015.3464,1016.4236,1080.9217999999998,1051.2392000000002,1070.1294,1060.777,993.55838,970.51674,985.6792,980.86529,1063.5203,1066.5249,1066.4515,1073.9693,1080.6504,1077.9642,1081.2955000000002,1082.3527,961.73476,912.20466,924.06963,867.1616799999999,929.346,843.05522,1063.3685,1060.4475,1081.2377999999999,1065.3329999999999,1069.3130999999998,1070.9574,1093.8053,1078.9051,1078.4351,1075.2937,1077.1956,1072.542,1031.1638,1072.2413999999999,0.0,0.00022351237999999998,0.00032868154,0.0
1041.1422,1032.1451,1041.702,1040.6092999999998,1073.2398,1073.1354999999999,1072.4809,1073.289,1076.2699,1073.1791,1073.1861999999999,1073.9291,886.1161,870.1527199999999,858.46807,834.81941,1062.1653,1011.3635000000002,1008.8802000000001,1021.1834999999999,1074.3824,1043.585,1069.4991,1074.7821000000001,1015.5355999999999,1000.4131,1014.3775,1004.0473,1070.0158,1073.209,1077.376,1080.7108,1077.4075,1077.1928,1079.8304999999998,1079.4682,968.0693399999999,935.9505399999999,892.15767,856.76643,913.69738,844.9009,1070.7265,1065.5408,1081.162,1072.0512999999999,1074.4667000000002,1065.5984,1099.5152,1079.011,1076.1559,1068.0867,1074.3,1071.1974,1041.9714,1073.2056,0.0,0.00018478735,0.00025997541999999997,0.0
1053.7063,1039.0086999999999,1047.6856,1011.4142,1072.7291,1073.2807,1072.4650000000001,1073.5211000000002,1076.1803,1073.5692,1073.6715,1074.3793,889.17485,863.14964,858.42996,859.4717,1059.5537,994.7576699999998,999.66779,1027.1686,1071.0786,1050.3734,1076.2396,1067.1519,1013.8739999999999,1020.7541000000001,1017.1932,1011.6711,1073.3905,1075.8916,1079.5202,1080.159,1076.8875,1079.4204,1076.7286000000001,1077.9693,971.81783,945.24806,907.01881,867.9664,946.72835,846.99271,1077.2139,1068.5173,1079.228,1074.8652,1076.2116999999998,1058.4833999999998,1090.4683,1073.1838,1070.7989,1061.1526000000001,1075.3014,1077.3776,1049.4329,1073.6812,0.0,0.00015526315000000002,0.00033966736999999997,0.0
1052.1811,1043.0217,1041.0538,1034.1715,1072.2072,1073.7914,1072.6423,1074.9017999999999,1074.4923,1074.7415,1074.4294,1074.9506000000001,881.39637,866.88792,868.27748,852.90269,1065.7335,1000.0235,1011.6759999999999,1019.0849000000001,1077.2994,1057.3884,1073.4247,1068.7339,996.5225500000001,1002.4233,999.36389,997.4447600000001,1069.0503999999999,1075.199,1076.8437999999999,1076.9793,1074.9242,1076.2740999999999,1074.6659,1075.3796,959.46713,927.13085,900.96461,876.90784,949.65467,845.62468,1074.4593,1063.5176999999999,1077.8053,1072.0825,1073.0849,1060.03,1082.5991999999999,1070.2145,1074.949,1068.5015999999998,1073.0452,1071.0145,1048.2051,1072.3785,0.0,0.00013152113,0.00085007011,0.0
1041.3457,1043.0907,1044.147,1052.7497,1072.9051,1074.2576000000001,1073.4238,1075.1715,1074.4931,1075.0922,1074.4654,1075.1887,893.32483,877.22925,867.27627,841.89816,1061.3147000000001,1023.7090000000001,1008.77,1016.1732000000001,1073.4759000000001,1057.5198,1070.2999,1074.1995,980.81573,954.99788,980.9079999999999,992.1306999999999,1068.4693,1068.209,1075.2371,1075.4683,1076.4405000000002,1076.3637999999999,1076.5436000000002,1076.9645999999998,955.3024399999999,911.8530099999999,927.85676,886.4089799999999,952.13829,843.49779,1076.3805,1062.982,1080.772,1073.5066000000002,1073.8205,1062.5353,1083.1092999999998,1071.2303,1074.0807,1066.3901,1070.8852,1068.7397,1028.1963,1072.0575,0.0,0.00019134408,0.0016097295,0.0
1039.9313,1047.2612,1050.6587,1039.5598,1074.1583,1074.2022000000002,1074.2493000000002,1075.5783000000001,1074.7243,1074.9551000000001,1074.7954,1075.5029,897.3398,884.30192,868.15736,852.54592,1063.6568,1026.9031,1013.3360000000001,1030.0540999999998,1070.4487,1057.9632,1072.8762,1065.8044,1004.6270999999999,974.42856,981.43893,992.76826,1067.7891,1071.1986,1073.3036,1075.0234,1076.2523999999999,1077.8090000000002,1075.8600999999999,1079.1680999999999,959.2227,924.30876,887.30536,873.41231,928.0047599999999,840.52681,1074.9727,1066.0257,1078.1017,1071.0507,1074.0634,1060.6163,1075.7156,1071.3233,1071.2204,1066.6199000000001,1070.9649000000002,1071.193,1042.8778,1073.6523,0.0,0.0005595576999999999,0.0025656325999999998,0.0
1047.3116,1037.2238,1050.3914,1026.0302,1074.9157,1074.7088,1075.0864,1075.5495,1075.6426999999999,1074.7097,1075.5647,1075.1344000000001,893.93347,862.99594,867.45125,865.79219,1066.5975,1018.4073,1007.0276,1031.0225,1072.6355999999998,1064.7781,1068.8998,1066.9084,1015.3647,999.0496600000001,1010.0243,986.80951,1064.8159,1071.5397,1075.4689999999998,1076.3679,1070.2803,1071.6227,1074.5095,1073.6239,961.4042599999999,915.76976,870.3618299999999,883.74719,911.3661,834.79284,1065.2129,1058.7362,1073.7662,1070.6415,1070.0567,1058.4579999999999,1068.3444000000002,1071.1203,1066.1348,1066.5506,1067.7495999999999,1068.1358,1044.6812,1074.966,0.0,0.00082076025,0.002965197,0.0
1041.1946,1043.8247000000001,1045.7693000000002,1027.7698,1075.0781,1075.0712,1074.9995000000001,1075.0118,1074.7186000000002,1075.0547,1075.1367,1075.216,880.67125,861.54494,862.27715,865.85486,1062.997,1013.0517999999998,1021.9605999999999,1015.4254000000001,1072.0420000000001,1050.0613,1071.7649999999999,1069.9832,1011.9311,986.6144099999999,1008.4281000000001,996.5908300000001,1069.6378,1072.6111,1073.5095000000001,1075.1256999999998,1068.7934,1071.6527,1069.1165999999998,1068.6636,967.0197400000001,943.09886,880.35771,885.59274,935.0245299999999,842.84688,1068.4443,1063.1171,1068.5908,1067.4222,1069.5215,1058.049,1071.2865,1068.8275,1066.9174,1064.8996,1066.6648,1071.1268,1030.2639000000001,1074.6022,0.0,0.0013046832000000001,0.0028325496,0.0
1044.8823,1046.3446000000001,1041.8923000000002,1045.0057,1075.3945,1075.1682999999998,1074.0331999999999,1075.1770000000001,1073.2663,1075.1086,1074.9713,1075.304,886.62877,880.5927,866.81146,855.78999,1058.9306,1018.1025000000001,1004.1498,1018.4083,1067.9814000000001,1053.6460000000002,1074.203,1064.2278999999999,1009.1966,996.52984,1000.9236999999999,990.1119699999999,1067.3915,1069.4,1070.9776000000002,1070.4887999999999,1072.6643,1073.7707,1071.6129,1073.0918,957.6751099999999,936.82645,885.58148,857.5656,945.9024000000001,866.56182,1069.0481,1060.6100000000001,1075.4613000000002,1069.2478,1070.7432999999999,1054.1096,1085.3958,1067.4847,1081.4568,1067.39,1072.424,1076.0132999999998,1026.8689000000002,1073.1454999999999,0.0,0.0014162646,0.0018723476,0.0
1049.4385,1048.7861,1048.4106,1039.9351,1075.2667000000001,1075.1577,1074.9138,1075.1733,1073.5892999999999,1074.6542,1074.9914,1074.5842,894.85942,873.82006,872.74321,864.43808,1058.7703,1016.8435999999999,1009.8039,1013.8447000000001,1066.5544,1060.586,1067.498,1073.8205,992.44173,1011.5434000000001,985.49441,984.22337,1063.4385,1067.6426999999999,1070.294,1071.4209,1074.6487,1074.0942,1073.5832,1074.415,926.50019,904.7289099999999,888.3887900000001,860.80166,928.5372600000001,848.80516,1073.9205000000002,1052.615,1077.8781000000001,1066.6939,1069.7765000000002,1048.952,1086.2321,1069.9147,1073.6324,1066.1529,1075.3136,1075.3316000000002,1034.7251,1073.362,0.0,0.0009809934399999999,0.0011044788,0.0
1052.2750999999998,1042.2084,1047.4394,1039.2892,1075.1441,1074.8519000000001,1074.5459,1074.2906,1073.9651,1074.8713,1074.8811,1073.8875,895.26121,876.77463,874.04574,848.08078,1062.5647000000001,1021.6157000000001,995.27325,1021.3886,1066.3862,1057.5062,1070.6154999999999,1076.3781000000001,999.75112,1008.1563,999.5380700000001,996.7699899999999,1065.9288,1069.4093,1073.2175,1073.7548,1076.8017,1074.4191999999998,1076.9793,1077.3203,945.07588,901.38846,890.91208,862.22596,947.81408,833.0734600000001,1074.1067,1060.1888999999999,1081.7359,1070.3855,1069.4684,1063.4372,1079.0448,1067.0105999999998,1072.7259999999999,1066.1521,1075.759,1075.2177000000001,1047.7626,1073.3848,0.0,0.00060641406,0.0010056756000000001,0.0
1048.5183,1047.5334,1047.1722,1044.7257,1074.8412,1074.8091,1074.001,1074.1253000000002,1074.8671,1074.2053,1074.626,1074.0122999999999,900.9822,873.8849,885.3925899999999,855.36634,1067.2412000000002,1017.3293999999999,1016.5833,1017.4470999999999,1066.1748,1049.4267,1067.2305,1062.2286,1003.7805000000001,1006.8427,1007.8014,1006.7137,1065.4071000000001,1070.4948,1076.6901,1077.1451000000002,1076.7708,1075.9196,1077.9289,1078.4619,967.6387900000001,895.59364,875.7469,856.27492,932.58551,835.31182,1070.1162,1059.6634999999999,1080.8033999999998,1072.2779,1070.8782,1064.607,1076.9331,1067.2253,1074.5696,1067.4204,1074.4716,1071.9716999999998,1049.4243999999999,1072.8979,0.0,0.00042491453,0.0010275377,0.0
1046.4796000000001,1053.1772,1048.8074000000001,1036.9917,1074.3205,1074.5469,1073.5403000000001,1074.0262,1075.2819000000002,1074.3065000000001,1074.5625,1074.1811,890.7871399999999,872.55308,891.2322,864.8901199999999,1066.6867000000002,1021.7287,1021.3818000000001,1027.7496,1072.2434,1051.8636999999999,1067.6384,1064.7947,991.0909499999999,989.76914,990.6974099999999,997.05922,1066.0845000000002,1071.5604,1074.4174,1078.1040999999998,1068.243,1071.8621,1072.9488000000001,1073.6726999999998,958.11326,911.5454900000001,912.6827900000001,851.37389,935.06041,838.91182,1061.8067,1063.4450000000002,1077.1671,1072.4008999999999,1070.1288000000002,1055.5482,1073.0344,1073.7502,1073.3467,1069.6212,1069.8917,1063.6281999999999,1045.4642999999999,1075.0359999999998,0.0,0.00044752607,0.0012604336,0.0
1049.888,1041.1462000000001,1044.6858,1039.0427,1074.1829,1074.2509,1071.9034000000001,1074.2582,1074.5394999999999,1074.4850000000001,1074.5221000000001,1074.6105,898.8287700000001,878.26144,892.1123200000001,863.99379,1066.341,1027.1671000000001,1014.8666000000001,1018.6507000000001,1074.0409,1052.3162,1064.7528,1073.5135,991.6493800000001,968.689,1000.8662,990.98341,1063.45,1070.1591,1072.4574,1074.9174,1068.8834,1070.1331,1069.8262,1069.6162000000002,967.22821,956.83452,896.73861,854.8978500000001,912.37521,852.88917,1068.2051000000001,1060.5024,1074.8978,1072.3743,1070.9356,1062.3074000000001,1075.2284,1073.658,1071.583,1062.0319,1064.6543000000001,1066.3392,1035.347,1073.6128,0.0,0.00081091575,0.0013112236,0.0
1046.0935000000002,1039.5345,1045.859,1038.0202,1074.2278999999999,1074.2654,1073.6825000000001,1074.7768,1073.6549,1074.5189,1074.154,1074.7211,900.66723,880.39671,880.13651,860.58424,1066.0241,1030.0398,1017.0489999999999,1018.2298999999999,1072.1583,1056.4241000000002,1069.8000000000002,1070.8808,995.3476200000001,994.39569,1014.1690000000001,997.0473999999999,1068.7839000000001,1068.189,1071.1392999999998,1070.8373,1071.8343,1071.6605,1071.6180000000002,1072.2338,955.29238,929.25269,902.46457,861.37009,905.2732699999999,849.76027,1072.7485000000001,1061.815,1075.6326,1070.0095,1069.6646,1053.158,1080.8269,1068.9326,1070.1315,1063.0226,1069.2992,1070.6849,1045.2905,1071.4823,0.0,0.00086434133,0.00091871734,0.0
1051.1478,1047.7288,1049.0815,1032.9454999999998,1074.3020000000001,1074.3795,1073.8030999999999,1074.7274,1072.9843,1074.2328,1073.8755999999998,1074.4292999999998,896.49553,893.07633,872.6532400000001,860.48618,1059.6602,1021.0938000000001,1020.9061,1015.5739,1068.7292,1058.4011,1071.4851999999998,1067.983,1002.8979999999999,1021.5331000000001,1011.6058999999999,1007.1798,1066.4278000000002,1069.9312,1068.4447,1072.0937999999999,1072.6329,1072.1528999999998,1072.8308,1073.7536,938.57549,899.28399,920.41971,873.33942,929.21655,858.3932500000001,1076.4716,1062.0234,1076.2377000000001,1072.1176,1070.6788999999999,1063.2727,1078.716,1066.8372,1072.9515,1065.4264,1071.9774,1071.6273,1050.8859,1072.5472,0.0,0.00065493862,0.00067082462,0.0
1049.3873,1044.5881,1050.5039,1040.2915,1074.1363,1074.4468,1074.1649,1074.4782,1072.948,1073.4113,1073.8751,1073.7655,892.70088,890.32849,871.7969400000001,850.0927800000001,1059.6973,1030.4623000000001,1015.698,1019.0901999999999,1067.4117999999999,1045.4632,1073.5632,1070.8234,997.46521,1000.6703,1006.0101999999999,993.6660400000001,1066.8288,1070.8606,1070.7547,1073.3086,1072.7724,1074.6207,1072.4895,1074.5807,940.4947900000001,903.19361,893.27378,873.74643,957.60095,862.28117,1075.9375,1055.4486,1080.9051000000002,1071.6625000000001,1069.6010999999999,1051.5215999999998,1092.5256,1066.4080000000001,1073.2372,1062.0781,1074.0865999999999,1076.2964,1047.1977,1073.1219,0.0,0.0005143294200000001,0.0005631150699999999,0.0
1048.4201,1043.5814,1043.6648,1054.1037000000001,1074.208,1074.1074,1073.9037,1073.6749,1073.4403,1073.8634,1073.5294000000001,1073.4504,895.14364,884.2033799999999,873.91498,853.70516,1065.7058,1036.3644,1011.7149000000001,1032.4747,1068.7973,1052.2119,1068.6984,1063.0583000000001,993.36005,988.24604,986.4657800000001,998.1500599999999,1065.6494,1067.1426999999999,1071.2832,1073.2466,1076.0773000000002,1074.8207,1076.126,1076.2262,954.83275,924.67802,883.67308,874.42462,936.62414,874.56084,1068.4223,1058.1627999999998,1080.8727999999999,1070.1363000000001,1069.6999,1063.9369,1088.1102,1068.6628,1073.4897,1068.3872999999999,1076.4398,1074.6559,1048.4989,1071.4850000000001,0.0,0.00040844325999999997,0.00060836966,0.0
1048.6358,1045.3377,1048.8149,1053.7323000000001,1074.2422000000001,1074.0519,1074.1009,1073.4636,1074.1589000000001,1073.8905,1073.6023,1073.4759000000001,895.26229,884.2947899999999,876.2562999999999,841.5443300000001,1063.2426,1022.3889,1018.3897,1026.897,1075.9744,1069.4473,1066.3999999999999,1077.672,995.66544,1007.6891,980.9455099999999,988.22359,1065.08,1070.8865,1069.6999,1075.7868,1072.3086999999998,1073.7485,1075.2932,1075.7096,955.08919,927.02826,911.23091,870.33128,958.41857,859.28455,1067.8645999999999,1063.7129,1079.369,1070.7203,1070.3425,1059.5966999999998,1083.8228,1072.564,1075.2750999999998,1066.0217,1071.9644,1067.4273,1049.3544000000002,1072.6947,0.0,0.00031800181999999997,0.0006133935699999999,0.0
1048.7179999999998,1049.615,1048.6823000000002,1051.8901,1073.9929,1073.7079,1073.6455,1073.5594,1074.2256,1073.8589000000002,1073.7656,1073.6422,906.19667,877.2622,881.4243399999999,815.51589,1059.5614,1015.4636,1012.7157,1013.7506999999999,1069.7320000000002,1057.6714,1074.5081,1073.5602999999999,1002.7337,1005.6977,1003.0588999999999,990.48134,1066.9966,1070.5575,1074.0029,1075.5096,1074.6333,1074.9495,1073.9267,1073.8538999999998,955.6152,941.42745,929.82384,879.7856899999999,964.07757,848.11269,1070.5789,1063.8299,1084.0463,1069.5301,1072.1566,1056.2848000000001,1084.7078999999999,1067.9081,1070.5623,1064.9677,1071.9202,1074.7964,1048.6537,1073.9302,0.0,0.00026306407,0.00065951278,0.0
1051.6047,1047.3602,1050.2516999999998,1036.9189000000001,1073.5663000000002,1073.8811999999998,1073.2069000000001,1073.7456,1074.0092,1073.9209,1073.7978999999998,1073.8745,896.27578,882.58344,876.1796,832.72408,1060.0223,1020.1917,1021.4092999999999,1024.7679,1065.9853,1060.6659,1069.7075,1062.8021999999999,1008.1045,1002.3535,1015.7774,1004.0244,1068.1148,1072.1061,1070.8853000000001,1074.2303,1075.3879,1073.6114,1074.7359,1074.7767,952.27493,907.5556,923.57391,888.31717,929.44418,848.3414,1069.3724,1065.127,1079.3706,1068.3171,1072.4422,1071.0957,1075.7486000000001,1071.0213,1072.8758,1071.4496,1074.1818,1074.9920000000002,1048.5176000000001,1073.4064,0.0,0.00025635557,0.001042228,0.0
1053.2898,1057.9654,1050.5822,1049.9558,1073.2675000000002,1073.8754000000001,1073.4465,1073.8938,1073.9865,1073.8404,1073.812,1074.0266000000001,893.59182,875.9014999999999,861.56533,861.84645,1065.1157,1014.1766999999999,1030.6725,1016.0502,1078.512,1054.1405,1068.5515,1069.6487000000002,994.34423,1004.2728999999999,1014.7327,998.53334,1065.3429,1069.7945,1071.1397,1074.4717,1073.6761,1071.8333,1073.4062999999999,1072.8166,931.1037,899.8640899999999,930.7475,891.8876799999999,925.4149199999999,854.06075,1068.3183000000001,1068.9491,1073.7727,1071.6023,1070.6591,1062.3865,1075.9615000000001,1075.335,1076.196,1073.3722,1074.7121,1073.8326,1046.2118,1072.8372,0.0,0.00041155681,0.0018595753000000001,0.0
1053.6019000000001,1046.78,1049.5384999999999,1051.5734,1073.7117,1073.8641,1072.686,1073.9756,1073.3748,1073.8789,1073.5806,1074.0082,892.9816500000001,880.4952499999999,862.96646,863.9776,1067.5955,1018.3161,1012.3910000000001,1020.9419999999999,1075.7201,1064.6975,1066.8222,1078.2238,1010.9836,993.6525800000001,1002.6572,990.6141700000001,1063.1853,1068.6143,1069.8019000000002,1073.2318,1072.1833000000001,1072.9936,1074.9231,1074.3783,958.8148199999999,923.66679,924.95599,882.2046300000001,1002.2696000000001,864.05228,1073.3147,1064.5891,1076.4644,1069.9952999999998,1073.9627,1061.5276000000001,1081.7446,1074.3262,1073.7686999999999,1068.3538,1072.8375,1064.5542,1040.4147,1072.7844,0.0,0.00067492478,0.0016382794,0.0
1051.6979,1042.2699,1054.7527,1042.8881999999999,1073.9741,1073.6185,1073.5426,1074.038,1073.264,1073.7301,1073.7468000000001,1073.8863,893.61791,890.4672,873.08235,862.83518,1066.661,1021.7834,1012.2639000000001,1021.0349,1071.7041,1061.869,1071.7611000000002,1076.7277,1013.9115000000002,1008.2429,1007.9271000000001,989.30452,1065.917,1071.5363,1071.0056000000002,1074.4085,1071.7013000000002,1072.1856,1071.7771,1072.4554,973.00214,933.49599,907.51224,875.63894,950.66859,866.1157000000001,1073.2341,1066.7652,1077.9297000000001,1070.2395999999999,1070.5058000000001,1067.3649,1081.0618,1071.032,1070.2679,1064.4908,1066.3342,1073.1986,1045.6956,1073.4732,0.0,0.00067689958,0.0013466700000000001,0.0
1056.0728,1047.2579,1050.5348,1036.9942999999998,1073.8355,1073.8497,1073.7411,1073.821,1072.9843,1073.4633000000001,1073.8196,1073.5883,900.6609000000001,897.11771,883.06426,864.9487300000001,1059.0475,1022.9685999999999,1010.7168999999999,1034.9874,1068.2182,1060.0001,1070.119,1069.8084999999999,1002.0729,1007.7930999999999,1007.6278,1003.7565,1065.5110000000002,1071.0509,1071.8941,1072.9714999999999,1076.9693,1075.1043,1074.1264,1075.3859,968.69245,923.1859400000001,914.17779,889.62971,910.86858,857.22176,1068.4206,1055.8683,1080.0766999999998,1069.1112,1068.8176,1067.4821,1076.4491,1068.2475,1076.8664,1068.5888,1074.7592,1073.0991999999999,1050.2093,1073.1794,0.0,0.00068047689,0.0014065783,0.0
1057.8233,1036.9185,1050.0436,1051.5579,1073.5716,1073.736,1071.7284,1073.5739,1073.8755999999998,1073.2991,1073.6807000000001,1073.2942,899.7479400000001,885.58585,875.61314,864.09287,1063.6555999999998,1021.3848,1019.6709,1029.0477,1074.5391,1054.8748,1069.5825,1066.7817,1000.7563000000001,1001.1745000000001,1003.1504000000001,996.0655499999999,1065.8246,1068.4651000000001,1071.9598,1073.1168,1069.5805,1073.219,1076.3420999999998,1074.8295,967.41365,907.5418800000001,936.00709,886.0881599999999,937.39711,853.45715,1070.3635,1058.9195,1076.8233,1071.788,1070.4631,1061.2221,1072.5188,1072.6075999999998,1074.1803,1074.6565,1064.6915,1065.1163999999999,1040.0812,1072.5419000000002,0.0,0.0007803202,0.0017017412,0.0
1043.0448,1043.1405,1052.1293,1054.3065000000001,1073.6997000000001,1073.5559,1072.8129,1073.2467,1073.6759,1073.6559,1073.5362,1073.2966000000001,908.83572,895.51261,874.29385,858.81973,1068.3633,1023.7141,1013.2754,1025.5954,1074.0361,1060.0649,1068.4462999999998,1064.0502000000001,1007.2862999999999,1002.3961,983.52778,996.2852,1066.3469,1070.8592,1071.1238,1076.4988,1068.0957,1070.5041999999999,1070.3354000000002,1070.0152,966.33825,928.7898,921.31864,872.10457,961.5103799999999,853.60178,1067.7109,1061.6664,1075.7709,1073.366,1069.9672999999998,1061.4373,1080.0824,1074.452,1072.1836,1065.6443,1065.2356,1066.2651999999998,1044.1678,1071.6506,0.0,0.0007927620199999999,0.0022501169,0.0
1047.3404,1049.8413,1046.6601,1037.9258,1073.6738,1073.5518,1073.0605,1073.4203,1072.5237,1073.5801,1073.2042,1073.602,898.53644,894.30557,877.1570300000001,849.31776,1066.5403000000001,1023.4515,1021.5271,1024.4541,1066.2578,1060.3481000000002,1064.6289000000002,1067.3065,1013.8428000000001,1011.5711,1003.2709,998.82496,1068.1344,1069.0239,1071.4997999999998,1071.884,1068.9486000000002,1069.7803999999999,1069.0892,1069.7343,977.60524,935.32082,910.3975,869.60947,951.70078,847.90068,1058.8259999999998,1061.2307,1075.7927,1068.7006000000001,1070.1233,1061.1172,1080.462,1067.9769999999999,1070.4219,1064.1625,1068.1454999999999,1065.2700000000002,1045.0083,1072.559,0.0,0.0008834467699999999,0.0029023741999999997,0.0
1050.3147999999999,1044.4667,1051.0453,1032.8849,1073.2719000000002,1073.6154999999999,1072.5503999999999,1073.5374,1072.3048000000001,1073.4099,1072.9336,1073.2477000000001,903.12155,899.89788,881.63138,835.57201,1064.5622999999998,1017.4533000000001,1021.8874999999999,1020.0219999999999,1067.5039,1054.9471999999998,1066.4264,1071.1405,1017.7716,1019.9849999999999,1013.3917,1005.1833999999999,1066.9325,1069.1737,1068.5351,1068.7562,1067.7505999999998,1069.3897,1068.9867000000002,1069.4811,982.3159400000001,950.53706,900.94804,872.1411,903.50383,844.60015,1060.4087,1064.8449,1077.4334,1069.1015,1071.7231,1064.3447999999999,1072.4561,1066.7350000000001,1068.7287,1065.5528000000002,1067.6278,1064.7071,1048.5301,1071.7232,0.0,0.0010134317,0.0031389468,0.0
1047.4306,1035.1432,1051.7145,1039.9956,1073.4592,1073.5372,1072.4225999999999,1073.2047,1070.7409,1073.2545,1072.88,1072.8357,908.97573,900.17324,886.24924,827.03146,1066.8545000000001,1013.6179999999999,1023.9379,1016.3762999999999,1069.8756,1057.3098,1069.5878,1076.9497000000001,1002.1063000000001,1003.8256,1008.7973,1006.7824,1064.3373,1066.7168,1068.9301,1069.5399,1069.4303,1069.5011000000002,1067.6538,1069.0520000000001,982.4722399999999,964.02673,914.71177,872.1976500000001,924.13987,846.24095,1058.8284999999998,1065.4815,1073.9665,1071.1917,1069.7339000000002,1064.742,1073.7641999999998,1067.6571999999999,1066.5422,1062.6953,1068.2277,1067.6157999999998,1051.5592,1071.2547,0.0,0.0013016869,0.0033083332,0.0
1049.7138,1055.9045,1049.6208000000001,1042.9653,1073.5791000000002,1073.1953,1071.5823,1072.7289,1071.7319,1072.6868,1072.7483,1072.4440000000002,911.43086,905.18868,883.4696200000001,837.97492,1061.5806,1011.6132,1026.8135,1020.1285000000001,1063.2924,1047.8546,1074.3304,1063.2033000000001,994.2044099999999,1009.7133000000001,999.5866599999999,1001.9008000000001,1065.0938,1066.2535,1067.6258,1068.4048,1070.5903,1070.9939,1069.5615,1070.3084,975.2903299999999,941.88085,887.28264,872.4272699999999,933.05417,855.72538,1063.5097,1061.2830000000001,1073.3463000000002,1068.8858,1068.0708,1066.4559000000002,1071.8721,1068.5516,1067.7866000000001,1067.1043,1069.8140999999998,1075.4005,1047.8908999999999,1070.3717000000001,0.0,0.0015446747,0.0030341026,0.0
1049.8357,1049.3668,1049.8141999999998,1051.0724,1073.0801999999999,1073.1381,1071.5027,1072.3605,1070.9596,1072.5926,1072.2503,1071.9166,910.96603,901.90606,878.11932,843.05115,1059.0816,1018.5719999999999,1039.3139999999999,1017.9471,1069.4681,1051.0047,1069.6743,1065.676,995.05183,1016.231,991.15932,999.6593899999999,1063.0023,1066.7471999999998,1067.3579,1069.4002,1072.9998,1073.0738,1071.356,1072.3247,942.39282,925.36653,902.16379,873.46684,957.618,856.4414,1060.8465,1058.4282,1069.6128,1065.4741999999999,1066.5583000000001,1063.5401,1072.9994,1070.5491000000002,1072.7724,1070.9687000000001,1072.578,1074.1456,1049.3597,1070.5923,0.0,0.0013884376000000002,0.0019719863,0.0
1045.9423,1046.7264,1050.7603000000001,1046.2816,1072.6589000000001,1072.9912,1071.7044,1071.9135,1071.97,1072.3534,1071.8812,1071.8535,905.5030899999999,903.8205899999999,874.8184,860.64699,1060.5910000000001,1027.926,1020.8112,1019.4767,1070.4162999999999,1045.0194000000001,1065.3982,1061.6462999999999,1008.9496999999999,1011.2547999999999,1009.6255000000001,1003.9426000000001,1063.5094,1068.7832999999998,1068.8791,1071.1298,1073.6757,1073.5148000000002,1074.8305,1075.3802,944.55279,922.18672,913.24859,873.72001,966.4549999999999,860.15854,1054.5937,1054.8572000000001,1076.3947,1066.2061999999999,1066.1148,1061.1879,1073.701,1072.8502,1066.5079,1068.1655,1070.0608,1065.9907,1050.0269,1071.6532,0.0,0.0009724176900000001,0.0010880907,0.0
1050.6916,1046.6517000000001,1048.6994,1045.7803999999999,1072.5006,1072.9029,1071.3364,1071.5534,1072.5509,1072.2323999999999,1072.1433,1071.8494,907.53797,903.49408,878.7269,826.08099,1055.7719,1027.8933000000002,1011.9211999999999,1028.1204,1071.943,1036.0305,1064.1901,1062.2750999999998,1012.4540000000001,1012.1443,1001.8468,1000.7967,1063.6258,1070.8053,1071.2828,1074.3683999999998,1064.7716,1068.7174,1070.4479000000001,1071.3499,963.48561,919.7978999999999,914.01847,892.92677,984.70955,875.74118,1062.8779,1055.3147999999999,1069.8394,1067.2059,1067.6753,1048.7393,1070.5758,1068.6816,1069.6304,1060.9055,1066.7381,1061.3689,1048.0149,1071.7066,0.0,0.00060222874,0.00051906296,0.0
1050.874,1049.7622999999999,1047.1958,1058.6263,1072.3119,1072.5714,1071.1828,1071.7271,1071.9659,1072.1746,1072.2679,1072.1678,909.26217,892.07163,895.49311,839.20344,1057.627,1017.299,1015.0084999999999,1033.4253,1064.2506999999998,1043.7229,1064.2958,1059.4485,1008.2455,1012.7053,1012.9756,995.47381,1067.9071,1071.1888999999999,1070.9754,1072.3908999999999,1067.5879,1067.9489999999998,1069.2747000000002,1068.4829,949.84501,921.45399,907.77049,881.19106,944.3764199999999,870.09751,1052.6724000000002,1054.8129999999999,1073.8274,1064.4807,1071.2886,1065.7837000000002,1073.1574,1065.7196,1066.8776,1061.2207999999998,1067.5892999999999,1063.6673,1046.8958,1069.883,0.0,0.00035157114,0.00023816240000000002,0.0
1050.8441,1050.1332,1051.1927999999998,1055.7432999999999,1072.084,1072.4127,1071.191,1072.194,1071.3192999999999,1072.1292999999998,1071.5163,1072.2571,912.3683100000001,900.99838,893.50556,857.21719,1055.6744,1021.9801000000001,1017.8246,1026.1627,1067.8696,1042.793,1060.6665,1060.9239,1004.0713,1012.5806000000001,1011.7704000000001,1009.7047,1065.982,1067.2803,1069.1583,1069.819,1062.4867000000002,1066.0335,1065.1404,1066.1310999999998,982.08492,914.28879,920.85542,882.6271899999999,932.5287400000001,853.98991,1054.8946,1062.1090000000002,1073.1594,1069.8344,1070.4647,1057.7652,1067.6982,1069.9628,1067.6418,1066.1531,1065.2856,1057.9968,1051.5888,1069.3216,0.0,0.00017529766,0.00013905774999999998,0.0
1049.0656000000001,1052.7529,1053.5239000000001,1040.5967,1071.9051,1072.2268,1071.7654,1072.1322,1070.14,1071.6016,1071.5016999999998,1071.7049,901.26573,908.77727,882.4773,863.40641,1057.1499,1006.6138,1015.3309999999999,1014.5143999999999,1069.4765,1044.962,1060.6924,1059.5707,1008.2701999999999,1013.6635000000001,1013.1023,1000.4514,1064.566,1065.9228,1066.7579,1067.0636,1063.5141,1065.4532,1063.0563,1063.908,993.8402199999999,920.0536,931.8810900000001,881.03309,961.97779,860.27281,1059.6152,1062.3292,1071.6973,1069.7774,1069.1743999999999,1060.1207,1073.0971000000002,1070.1934,1069.8490000000002,1062.4287,1062.9107000000001,1058.8872,1050.8771,1068.8893,0.0,0.00011227913,0.0001026827,0.0
1047.5966,1046.0382,1051.2418,1043.0806,1071.9383,1072.0131,1071.7113,1071.4231,1069.8251,1071.1675,1070.5809000000002,1070.9457,904.4673300000001,907.15939,878.88831,849.83324,1058.5575000000001,1012.0913,1023.9701,1010.1063,1066.0165000000002,1049.6452,1059.9611,1066.8409,1016.9269999999999,1008.8095,1017.6080999999999,1009.2362,1063.9073999999998,1064.6681,1064.1314,1063.888,1062.4689,1065.3023,1063.4955,1063.9053999999999,958.58067,930.36932,902.3644800000001,873.8933199999999,953.07939,859.34554,1065.8812,1058.1118000000001,1069.7295,1067.9848,1069.9218,1059.8896,1082.1396,1065.5339000000001,1061.8052,1058.7521000000002,1063.1489,1058.5019,1050.7358,1069.6944999999998,0.0,9.508451600000001e-05,9.0533901e-05,0.0
1049.8765999999998,1044.6154999999999,1051.7801,1047.6941000000002,1071.7032000000002,1071.5782,1071.0654000000002,1070.7361999999998,1069.8223,1070.7411000000002,1070.7137,1070.1813,908.5351900000001,898.11613,877.74548,834.39865,1058.6331,1020.9099000000001,1020.471,1026.2543,1064.5153,1049.7417,1063.0022000000001,1067.7060000000001,1017.2438,1020.0147999999999,1024.6223,1016.4881999999999,1061.462,1063.1752000000001,1063.8262,1063.4718,1064.9152,1064.9813000000001,1064.6646,1064.7933,959.8070200000001,928.40971,918.67105,878.01925,944.5418900000001,855.04953,1075.4407,1058.3203,1071.4894,1067.2211,1068.2006000000001,1056.156,1083.0689,1065.8213,1067.0682000000002,1059.4089000000001,1062.3546,1061.7619,1049.1711,1066.2993000000001,0.0,8.7939352e-05,0.00017897210000000001,0.0
1048.3729,1048.0453,1054.4079,1037.8653,1071.1414,1071.5745,1070.8155000000002,1070.4537,1067.3251,1070.558,1070.4419,1069.8379,912.3285,899.3572800000001,883.67877,851.43099,1066.5924,1021.6222999999999,1025.5916,1019.0587,1067.9953,1049.0088,1064.938,1064.7396,1005.3548000000001,1018.6806000000001,998.9716200000001,1006.4744,1059.5002,1064.2921999999999,1063.7043,1065.3682,1067.9702,1066.0988,1065.6793,1065.994,944.97593,934.05186,928.3568,881.43107,950.31926,857.42169,1058.0103,1056.1857,1076.9073999999998,1067.6064999999999,1066.0371,1057.4243000000001,1081.936,1064.3562000000002,1070.0994,1059.8984,1068.4987,1072.2335,1052.7207,1068.7143,0.0,9.939940599999999e-05,0.00031563213,0.0
1050.7190999999998,1049.5355,1050.6288,1048.3884,1070.6375,1071.2095,1070.0694,1069.5379,1068.3165999999999,1070.2328,1069.8662,1069.1717,914.13387,898.99824,885.13481,854.8472399999999,1060.2183,1041.2787,1021.7761999999999,1020.0744000000001,1062.0597,1054.9264,1063.6465,1066.902,1005.8390999999999,1004.1864999999999,1007.413,1004.9665000000001,1061.0785,1063.5051,1064.3476,1065.4711,1069.5969,1068.1317999999999,1069.3641,1068.6528,983.5051799999999,935.51873,891.89836,870.08817,964.3099599999999,858.5318,1059.1927,1059.749,1071.343,1068.821,1068.6419,1061.8654999999999,1074.0344,1067.0594999999998,1067.4212,1061.2894999999999,1069.5859,1065.2496999999998,1041.326,1069.2577999999999,0.0,0.00017140557999999998,0.0003394936,0.0
1050.1697,1045.4399999999998,1049.3736,1045.393,1070.456,1070.2736,1069.7372,1068.7322000000001,1069.7097,1070.0119,1069.7229,1068.8652000000002,916.22256,892.34041,887.34101,870.4570600000001,1058.7428,1033.9794,1010.1022,1021.729,1066.5633,1055.2017,1064.9841,1065.2898,1002.3516000000001,1008.772,1010.8953,1008.2665000000001,1061.0366,1064.5796,1066.8949,1068.045,1066.4379000000001,1067.961,1067.0125,1067.0841999999998,989.5645400000001,949.12082,903.4789499999999,878.7297,937.15256,854.5667599999999,1063.7995,1065.8467,1068.9964,1063.9575,1068.1472,1063.4042000000002,1074.2583,1066.9963,1069.3189,1062.7612,1066.0091,1066.6525,1043.3343,1068.7193,0.0,0.00021217158,0.00025366452,0.0
1052.7544,1050.4612,1050.9223,1038.3641,1070.2709,1069.3266,1069.2306,1068.7305,1069.2855,1069.5462,1069.5654000000002,1069.1069,912.12683,903.13573,888.7566599999999,863.0534,1047.3626,1010.7059,1024.5337,1026.2868,1068.7223999999999,1063.7036,1066.0809,1066.1220999999998,1006.495,1022.6619000000001,1007.9793999999999,999.8929999999999,1062.5836,1065.945,1065.2191,1067.7429000000002,1069.4838,1069.1262,1069.0329,1071.3015,985.98954,925.21653,925.842,883.2434999999999,943.85542,850.1121899999999,1061.7389,1062.2349000000002,1072.5073,1065.4181,1068.6663999999998,1060.7366,1077.3877,1065.4936,1070.0025,1066.2552,1068.502,1065.6813,1050.2713999999999,1068.3925,0.0,0.00017611536,0.00014942103,0.0
1054.4197000000001,1052.5093,1048.6029999999998,1041.7324,1069.6275,1069.492,1068.6764,1069.1078,1069.427,1069.1548,1068.9973,1069.1631,917.32495,904.59726,886.86293,850.3890399999999,1056.2865,1014.7337000000001,1039.9447,1024.6462,1069.6391999999998,1048.3898000000002,1065.9643,1077.4821000000002,1010.6354000000001,1020.3158,1009.7833,997.9670900000001,1061.4802,1064.2086000000002,1067.1697,1068.6278,1068.6051,1068.6198000000002,1068.4874,1068.7453,960.3021,926.68572,936.95246,881.61018,955.34062,850.91478,1058.9884,1057.306,1073.3967,1069.7886,1067.0725,1049.0859,1083.1845,1069.9584,1074.9696000000001,1066.7383,1067.6036000000001,1068.5049999999999,1052.3082,1068.2674,0.0,0.00012024516999999998,0.00010528015,0.0
1045.3099,1043.9695,1049.8753,1051.0588,1069.0704,1069.5095,1068.2703,1069.0884,1069.1114,1069.0199,1068.8762,1068.9827,914.31128,908.97282,889.12857,853.2552099999999,1061.0383,1023.9622,1011.8555,1023.8435,1068.3607,1055.2118,1070.7836,1066.2145,1015.7342,1009.0386000000001,1016.2516999999999,1005.4301999999999,1064.2046,1064.8676,1067.8603,1068.9202,1073.8276,1072.8139,1070.3915,1071.4393,965.1071000000001,923.54279,927.45156,875.71716,967.9340800000001,846.56738,1061.0436,1059.3662,1077.2206,1068.6102,1065.1681,1059.099,1089.8266,1070.1038,1071.5745,1065.0505,1071.9156,1075.3207,1047.6337,1068.0733,0.0,8.6551456e-05,0.00011831983000000001,0.0
1053.5313,1053.1704,1051.4077000000002,1056.839,1069.165,1069.2685999999999,1068.7709,1068.9129999999998,1069.3415,1069.0713,1068.7982,1069.0234,913.9493799999999,903.1065600000001,888.1311499999999,863.33714,1053.7653,1023.0267,1035.8499,1023.3529,1068.3755,1054.1005,1065.3604,1067.056,1017.8604999999999,1017.2514,1017.7326999999999,1006.254,1062.0333,1067.3545,1068.4395,1069.9366,1073.3864,1071.9846,1072.6358,1073.7626,974.20807,905.16495,914.96928,884.38818,960.38193,849.46962,1065.0965999999999,1056.5092,1073.5606,1064.1549,1067.2378,1063.3846999999998,1090.5929999999998,1069.4804,1074.8417,1068.29,1076.2084,1069.3905000000002,1051.9759,1068.0295,0.0,7.040256600000001e-05,0.00017132539000000002,0.0
1057.153,1055.3568,1048.3133,1047.1336,1069.0651,1069.1866,1068.7236,1068.9846,1070.0451,1069.1108,1068.7640000000001,1069.0229000000002,918.83316,896.1230599999999,888.59715,854.1927300000001,1061.4101,1021.2444,1021.0547,1023.5569,1073.4738,1045.8791,1064.5465,1062.7169999999999,1016.1292,1027.4237,1007.4665,1006.8227999999999,1063.036,1069.0732,1068.0419,1072.0223,1070.6279000000002,1068.0476999999998,1072.3728,1071.3943,959.29773,916.32448,924.42958,885.95407,982.98208,853.15797,1064.8107,1060.3156000000001,1079.8426,1069.6944,1066.0973999999999,1062.9998999999998,1086.8854000000001,1070.29,1070.9227,1068.5735,1065.9361,1062.74,1052.224,1068.7086,0.0,6.6818585e-05,0.00015069721,0.0
1051.7042,1058.3203,1053.94,1053.0389,1069.1499000000001,1069.1101999999998,1068.6075,1069.0608,1069.8491999999999,1069.3228,1069.156,1069.4058,915.80003,905.81717,892.6037100000001,866.78528,1062.444,1025.1234000000002,1023.7925000000001,1018.6734,1071.9736,1053.0983,1067.742,1071.671,1011.5013,1019.1352999999999,1014.4437999999999,1015.872,1063.7701,1067.7505,1071.4126999999999,1071.8999,1063.4965000000002,1066.1480000000001,1067.7246,1067.0053,966.23663,933.05989,910.08574,877.9413099999999,962.66376,860.2995900000001,1069.7392,1062.9606999999999,1074.1059,1064.0907,1065.1712,1046.0465000000002,1079.0779,1070.3115,1074.4215000000002,1063.1053,1060.6349,1061.8302,1049.2634,1069.5951,0.0,7.3433871e-05,9.852281399999999e-05,0.0
1055.8752,1053.4673,1053.3129999999999,1044.2169000000001,1069.1260000000002,1069.2569,1068.5229,1069.4519,1069.1031,1069.3921,1068.7581,1069.5663,914.31047,912.97172,894.44582,869.9970900000001,1060.5271,1035.1655,1004.3303,1028.8674,1067.784,1050.4976000000001,1067.6174,1066.2205000000001,1016.3876999999999,1023.3618,1011.9792,1012.2313,1064.5208,1066.6687,1068.3566999999998,1068.8339,1068.7809,1070.7288,1068.889,1069.7281,967.09147,933.1503299999999,917.01693,875.7530499999999,981.2941,868.50653,1060.1944999999998,1062.0295,1073.5874,1063.7294,1066.702,1060.7069,1077.5738,1064.6035000000002,1064.1705000000002,1057.8302999999999,1066.6009000000001,1069.8018,1052.7867,1068.6525,0.0,6.9235121e-05,6.745894200000001e-05,0.0
1054.9943,1054.9365,1049.9157,1047.0591,1069.0808000000002,1069.3825,1068.8388,1069.7202,1068.9154,1069.342,1068.9694,1069.4565,913.59047,901.69732,895.58376,868.9754300000001,1061.4978,1022.7339999999999,1009.4734,1024.8796,1062.5395999999998,1061.1619,1071.0611,1062.8166,1010.2761999999999,1019.1035,1006.0729999999999,1008.6665,1063.451,1065.0988,1067.8713,1069.1393,1071.9623,1071.7928000000002,1071.1077,1072.5695,979.9874300000001,954.13122,905.52883,877.23235,956.7999,863.20441,1071.8036,1064.3333,1072.5348000000001,1067.7227,1068.7855,1046.4674,1085.3277,1067.494,1069.9106000000002,1063.7267000000002,1069.3948,1070.0649,1048.7548000000002,1067.3361,0.0,4.5941809e-05,5.9104773e-05,0.0
1050.3556,1056.6313,1053.0259,1049.7981,1069.1606,1069.4612,1069.5461,1069.289,1069.5711999999999,1069.1251,1069.1467,1069.0379,917.70003,901.52174,896.1393899999999,860.92626,1065.807,1022.3908,1011.7239000000001,1026.1341,1068.6521,1054.8267,1064.0408,1073.8354,1009.9752000000001,1012.7433000000001,1003.3584999999999,1002.3562000000001,1062.3911,1067.7881000000002,1069.3191,1070.9961999999998,1071.1992,1071.0893,1072.2464,1073.6834,961.94348,941.5880199999999,928.3756199999999,882.06083,948.54463,855.0123000000001,1069.0798,1065.0566,1075.5754,1059.8916000000002,1065.837,1050.3643,1078.5102,1070.4340000000002,1071.7932,1065.3668,1068.7424,1067.1356,1048.7083,1068.1124000000002,0.0,3.1880711e-05,5.3389447e-05,0.0
1055.3063000000002,1048.6188,1054.502,1041.4218999999998,1069.55,1069.3008,1068.6869,1069.1426999999999,1070.3473000000001,1069.0814,1069.068,1069.1096,919.0495599999999,898.78452,897.4256799999999,863.86892,1058.5429000000001,1019.6727999999999,1018.9236,1019.6567000000001,1074.6886,1063.3332,1069.6473,1069.3439,1015.9551,1009.1034000000001,1000.9921,1008.5926,1063.3172000000002,1067.3241,1069.4714999999999,1071.9355,1070.7993,1070.607,1072.0003,1072.8037,978.26431,947.7896499999999,932.60822,882.7009,954.53724,853.9842900000001,1074.0992999999999,1067.8059999999998,1079.6423,1069.3847,1066.7788,1046.8312,1086.006,1072.1966,1071.0403,1062.5346,1067.5146,1067.2327,1046.8674,1068.4752,0.0,2.5812843e-05,4.3390474e-05,0.0
1055.3773,1043.6842000000001,1053.9728,1040.7024000000001,1069.4827,1069.1511,1068.9048,1069.2534,1070.5306999999998,1069.2219,1069.5934,1069.5582,918.18748,906.5977,899.56233,871.32768,1066.4344999999998,1022.708,1019.3286999999999,1023.6486,1068.6147999999998,1068.5067999999999,1072.4889,1072.8383999999999,1023.1495000000001,1020.8967999999999,1008.9128999999999,1004.5384,1064.7571,1069.1421,1066.2133,1071.9516,1072.229,1070.9852,1072.4784,1072.0871,976.19911,961.65677,917.36342,880.079,945.94926,848.65221,1069.7063,1068.4514,1082.2215999999999,1072.5296,1070.1806,1064.3106,1085.7281,1064.8694,1075.4095,1068.7132000000001,1073.0848,1074.1178,1055.9139,1068.6773,0.0,1.9641469e-05,2.8006346e-05,0.0
1054.1284,1047.4865,1049.4409,1040.5917,1069.2417,1069.2997,1068.2611000000002,1069.6026,1070.4911,1069.5662,1069.5746,1069.7675000000002,911.10216,908.47269,903.50694,876.838,1058.8364,1022.2022,1029.2216,1024.3557,1068.5698,1059.0828999999999,1075.1749,1072.2335,1010.9011,1023.9866999999999,1018.7366000000001,1018.0534,1066.1143,1068.7909000000002,1069.7808,1072.3085,1075.7979,1073.3684,1073.4907,1074.3873,974.03778,929.93677,901.87118,883.0591400000001,956.44662,856.4404,1067.5278,1059.6402,1082.2297999999998,1075.7458,1070.3074000000001,1065.4801,1081.1858,1070.7198,1075.3990000000001,1067.4771,1073.2068,1079.3756,1051.9956,1069.5385,0.0,1.4558358999999999e-05,1.8338177e-05,0.0
1051.5230999999999,1054.7423000000001,1052.9164,1042.3031,1069.0268999999998,1069.5445,1068.5299,1069.9111,1071.3042,1069.7738,1069.4333,1070.0842,920.49771,910.20719,902.48241,880.88747,1058.6394,1026.0813,1028.2361999999998,1030.367,1070.4969999999998,1051.4485,1070.0442,1069.317,995.72251,1020.3427,1005.0027000000001,1013.3503,1064.2260999999999,1070.4488999999999,1070.8836,1073.1498000000001,1078.2684,1076.6453999999999,1077.4873,1079.9244,974.82264,937.38136,910.7778000000001,882.9326400000001,979.4596,867.70017,1073.0707,1065.6005,1078.6262,1072.5482,1070.0573,1065.7669,1083.7818,1070.5472000000002,1077.2835,1066.2441999999999,1078.4726,1076.7825,1048.5284000000001,1069.2977999999998,0.0,1.0438219e-05,1.8030576e-05,0.0
1052.9952,1052.1716,1050.2068,1059.6476,1069.2648,1069.2150000000001,1068.9902,1070.1005,1071.1176,1069.7312,1070.3990999999999,1070.2033,924.1055700000001,912.94086,899.0663099999999,877.3701900000001,1066.2172,1022.0716,1019.4346,1037.932,1066.5476999999998,1065.7379,1068.0571,1069.1904,1010.2123,1021.2329000000001,1007.7192000000001,1003.0505,1064.3753000000002,1069.2975000000001,1074.3833,1076.8172,1076.8509,1075.6379,1079.9036999999998,1078.9395000000002,953.96358,941.17867,930.50601,882.73762,973.19828,876.3087999999999,1073.058,1061.4542,1081.1185,1070.7640000000001,1071.2547,1065.516,1085.6312,1073.0449999999998,1077.7771,1066.8105,1074.0576,1070.8391,1047.9117999999999,1070.9817,0.0,1.2549541e-05,6.9432309e-05,0.0
1050.7386000000001,1053.2205000000001,1048.476,1054.0167000000001,1069.918,1069.239,1069.4829,1070.3243,1070.6337999999998,1070.6463,1070.5582,1070.8825,916.93227,920.90407,895.6591,872.4220799999999,1058.7134999999998,1017.4686,1015.7458,1030.2009,1067.8510999999999,1061.0081,1067.9474,1070.7099,1016.3506000000001,1017.2842,1009.5586000000001,1005.1413999999999,1068.4113,1072.4545,1077.1788999999999,1079.456,1073.508,1074.2619,1075.6829,1074.9055,961.08107,951.2248999999999,942.92828,890.3294,996.0513299999999,876.64435,1073.0443,1061.2995,1080.627,1071.5741,1070.4748,1066.5245,1084.6712,1069.6899,1081.4085,1065.201,1070.5482,1071.0478,1045.7037,1069.2663,0.0,3.1957129000000005e-05,0.00017858977,0.0
1052.3834,1051.5452,1053.7579999999998,1046.4964,1070.1797,1070.0022000000001,1069.7621,1071.1423,1072.4571,1070.925,1071.9105000000002,1071.3076,917.53183,913.71314,894.01908,866.96099,1066.6985,1021.4881999999999,1005.0135000000001,1028.1471,1066.8872,1063.7464,1069.8484999999998,1067.9725,1020.3956999999999,1027.7956,1012.3965,1002.736,1069.9347,1072.1815,1076.0050999999999,1076.4716,1074.4205,1074.4687000000001,1075.5776,1075.0687,990.7859599999999,941.0123600000001,936.73131,895.25351,985.0766500000001,866.6450100000001,1067.8926,1065.593,1080.7911000000001,1075.2431000000001,1075.7222,1064.1262,1089.1397,1067.1004,1076.7126,1063.3217,1071.3522,1070.7184,1055.7182,1069.8386,0.0,6.8347917e-05,0.00021266128,0.0
1055.7271,1047.4449,1053.6671,1046.7455,1070.1622,1070.8763,1070.7069999999999,1071.4806999999998,1071.6666,1071.8475,1071.8282,1071.7676,920.72186,913.2436100000001,890.5492099999999,868.92515,1063.2097999999999,1016.7761,1017.1231,1027.9497000000001,1062.91,1047.7715,1071.1411,1074.1177,1018.9819000000001,1026.0886,1020.6953,1018.1255000000001,1067.1488,1071.484,1075.1524,1075.4976,1073.3425000000002,1074.7859,1073.7712,1075.2816,980.6812199999999,925.0302300000001,934.00009,900.36677,968.53803,865.3734499999999,1072.999,1067.7408,1085.6608,1074.8798,1074.0167999999999,1056.8002,1079.3771000000002,1070.1860000000001,1075.8692,1070.5664,1071.6129,1070.655,1054.968,1071.1384,0.0,7.9323811e-05,0.00023118021,0.0
1050.0165,1052.8622,1054.0095000000001,1055.858,1070.8897,1070.9288,1070.864,1071.8838,1072.4787,1071.7972,1072.075,1072.1136,914.04476,924.97719,890.3663799999999,876.9464,1066.1573,1017.8474,1010.9474,1022.3923000000001,1074.4148,1064.6317,1069.5921999999998,1065.0261,1020.1642999999999,1022.6682000000001,1025.4843,1005.5782999999999,1069.235,1069.3298,1073.4432,1074.5596,1076.4875,1075.0661,1073.9239,1075.6363,981.9622899999999,925.4055900000001,933.11942,898.72047,983.97536,869.74175,1077.1572999999999,1066.4084,1082.9982,1072.8402999999998,1071.8336000000002,1068.4271999999999,1082.6017,1075.1509,1084.564,1072.3929,1072.3592,1069.6402,1053.9053000000001,1070.7041000000002,0.0,8.8194216e-05,0.00029973295000000004,0.0
1050.6798,1056.4423,1052.5808,1053.6628,1071.4960999999998,1071.8496,1071.0512,1072.2783,1072.5308,1071.9454,1072.2258000000002,1072.3095,912.92945,922.41319,889.9705799999999,878.75935,1066.6924999999999,1024.3062,1015.6931000000001,1015.5423000000001,1080.3211000000001,1067.8738,1066.7758,1072.5759,1011.3310999999999,1008.1434999999999,1020.4297,1014.8914000000001,1067.4382,1068.9652999999998,1072.5654000000002,1073.5871,1074.0654,1074.1976,1075.1522,1074.8469,974.67905,941.33816,930.1226399999999,895.98515,970.56407,867.6221899999999,1077.8941,1070.0796,1082.8554,1073.1117000000002,1071.0088999999998,1058.8091,1085.7122,1075.3436000000002,1074.3201999999999,1074.9686,1070.5843,1068.7625,1044.8507,1070.8822,0.0,8.7389626e-05,0.00043522142,0.0
1055.6328,1049.8324,1053.2553,1056.5008,1071.4903,1071.8143,1071.7149,1072.5226,1072.1972,1071.8314,1071.9258000000002,1072.4631000000002,920.32469,920.46623,887.4972600000001,857.73446,1071.9234,1029.8519999999999,1011.1846,1020.8844,1080.0879,1059.1483999999998,1070.8352,1073.8927999999999,1007.1151000000001,1019.3992999999999,1013.688,1017.8978000000001,1070.0051,1068.9878,1074.5894,1074.609,1072.9753,1074.0674000000001,1072.3446000000001,1072.5265,949.93296,941.46885,933.69015,900.9883500000001,973.48778,858.5083,1071.6196,1068.4133,1080.0394000000001,1072.1752999999999,1073.5492000000002,1068.8343,1083.2616,1074.8191,1073.599,1065.7289,1072.4446,1074.877,1046.9748,1070.6553999999999,0.0,0.00022882356,0.00069840749,0.0
1056.2159,1051.3754999999999,1054.5301,1048.6419,1071.7694,1071.3766,1072.112,1072.5403,1072.8357,1072.2959999999998,1072.1339,1072.4693,918.83632,917.03449,890.96191,846.6520300000001,1063.7005000000001,1030.5123,1021.3437000000001,1026.7521,1066.1932000000002,1050.8257,1072.9015,1070.2786,1014.3305000000001,1029.8857,1004.4027,1011.0996999999999,1068.1734000000001,1069.7968999999998,1073.0586,1072.2547,1074.5507,1074.4744,1072.7053,1072.9298999999999,973.34699,936.8652699999999,917.4353,893.20402,967.2479000000001,861.25899,1069.8367,1062.2147,1076.9361999999999,1073.1307000000002,1071.4878999999999,1066.191,1080.2079,1069.3212,1074.6592,1065.93,1073.1514,1071.6619999999998,1054.4964,1071.1112999999998,0.0,0.00034261816,0.00060175526,0.0
1055.4345,1055.2301,1052.3533,1045.2903000000001,1072.1113,1072.1938,1072.0089,1072.6204,1072.5825,1072.4768,1072.3588000000002,1072.5795,919.3121,913.0327100000001,895.75328,851.17025,1065.8354,1034.166,1017.394,1039.5418,1068.0489,1068.4653999999998,1073.2885,1068.8341,1014.9002,1000.9911999999999,1011.5823999999999,1014.2357000000001,1064.7247,1069.3274000000001,1069.9224,1071.9842,1072.6963,1072.2115,1073.5533,1072.4741,993.5089,946.57971,934.40552,893.93321,981.66437,863.90973,1071.8348,1060.6458,1075.6508999999999,1070.4213000000002,1069.3424,1065.0726,1079.7250999999999,1070.4007,1075.2202,1069.1596000000002,1072.2231,1070.6061,1048.5042,1070.4168000000002,0.0,0.00020923318,0.00045841947,0.0
1050.0073,1052.58,1052.5532,1055.02,1072.3142,1072.4517999999998,1071.8255,1072.5771,1072.3966,1072.5476,1072.5102,1072.6597,918.62759,910.49104,899.85432,840.84979,1063.5230000000001,1021.1159,1006.8195,1030.1899,1069.7987999999998,1065.5865000000001,1071.0158000000001,1074.9738,1012.5323999999999,991.10683,1019.9746000000001,1016.5092999999999,1063.9255,1068.3292000000001,1070.4665,1073.7952,1075.3591999999999,1073.1351,1076.7805,1074.9457,993.65766,968.6635299999999,948.12673,898.4152300000001,964.70488,864.0385299999999,1071.6973,1065.8056,1075.8682999999999,1069.404,1070.8586,1068.3095,1081.1174,1069.1498,1074.4561999999999,1068.6734,1074.1803,1071.5274,1048.3336,1071.1713,0.0,0.00016850083,0.00036666517,0.0
1049.6698999999999,1052.7185,1051.2740000000001,1056.3898000000002,1072.4745,1072.7228,1071.5489,1072.6208000000001,1073.1234,1072.4930000000002,1072.5658,1072.6336999999999,926.22586,910.08156,902.20704,834.0881899999999,1062.2424,1031.2657,1015.6659000000001,1017.2906999999999,1067.1343000000002,1050.4652,1071.3198000000002,1070.5529999999999,1014.3475000000001,1005.4502,1009.9382,1012.869,1062.4775,1070.4397999999999,1070.5219,1076.4466,1075.9255,1074.8147999999999,1076.1087,1076.8978,976.1640199999999,974.90321,934.53577,891.96362,959.047,869.98706,1067.9692,1065.8028000000002,1079.907,1071.9643,1075.4930000000002,1069.0853000000002,1086.0561,1067.8839,1079.0629999999999,1071.2661,1074.6611,1073.4924,1048.6743,1071.6224,0.0,0.00018389906,0.00041882891,0.0
1054.266,1055.028,1052.901,1046.9759,1072.5454,1072.7967,1072.3796,1072.6359,1074.0778,1072.605,1072.6463999999999,1072.5421,921.14435,910.47271,891.74233,841.86643,1057.3216,1017.2053999999999,1032.7936,1029.7933,1068.5652,1050.7954,1072.4969999999998,1065.8463,1018.7935,1010.6380999999999,1011.0201999999999,1005.3695,1065.1416,1071.9642,1073.2499,1076.7567,1075.2393000000002,1075.8035,1077.0319000000002,1077.6771,983.7394899999999,961.74065,945.2826,887.7758299999999,946.13987,874.46431,1076.7257,1065.7567,1083.3348999999998,1071.1073000000001,1069.9483,1065.3933000000002,1078.6012,1072.6583,1078.1188,1072.6453,1075.1278,1071.5918000000001,1049.2069000000001,1071.8047,0.0,0.00021046465,0.00043849634,0.0
1053.7088,1056.8312999999998,1053.1279,1043.7813,1072.6024,1072.5387,1072.3841,1072.5872,1074.4542999999999,1072.8618999999999,1072.7754,1073.0659,922.6636599999999,910.49609,890.08684,841.36046,1065.3475,1021.6532000000001,1018.7292,1024.6671,1077.8196,1044.461,1067.8491999999999,1064.0732999999998,1023.0111999999999,1014.6253,1016.4326000000001,1010.0975999999999,1068.2665,1073.3695,1074.4232,1076.8022,1072.4965,1075.2051,1073.8409000000001,1074.2678999999998,971.4809300000001,939.3661,936.67899,890.46475,967.56901,876.51051,1076.1373999999998,1063.9268,1082.3688,1068.1760000000002,1071.9197,1049.8387,1085.046,1075.0692,1079.656,1074.1028000000001,1071.503,1069.8478,1049.5925,1073.3527000000001,0.0,0.00020321709000000002,0.00037870658,0.0
1053.1521,1054.0731,1053.0269,1051.3059999999998,1072.6768,1072.6865,1072.3361,1073.2517,1073.6005,1072.8734,1072.7677,1073.4989,918.75737,908.69291,894.22839,844.9142499999999,1065.9088,1035.8997000000002,1012.5618,1019.3069,1078.1433,1048.259,1067.118,1065.9389999999999,1032.2192,1024.6387,1023.943,1014.8162000000001,1069.3899000000001,1072.2892,1071.4384,1074.0089,1073.0271,1073.7823,1073.3899,1073.6433000000002,975.43183,950.9710200000001,936.32221,887.22629,975.2673500000001,876.96081,1068.7726,1060.3298000000002,1077.3762,1071.241,1076.9173,1056.6332,1087.9914999999999,1074.7024,1072.5907,1068.3590000000002,1072.0638999999999,1069.9783,1050.5937999999999,1071.9194,0.0,0.00016373045999999998,0.0003679259,0.0
1053.9019,1051.5341,1054.3033,1049.6044,1072.7265,1072.8319000000001,1072.8823,1073.4923,1073.3168,1073.3047,1073.0231,1073.5054,917.4056,911.3824599999999,890.88392,844.9743,1049.2514999999999,1027.4608,1022.3319999999999,1028.7527,1067.9981,1069.4825,1068.5754,1074.9608999999998,1022.8396,1027.629,1022.3756000000001,1021.7694,1069.8832,1069.4203,1073.3154,1073.6796,1071.7081,1073.3498,1072.6611,1072.8103999999998,989.15896,960.72373,928.79657,890.09726,953.1640600000001,871.36177,1062.9621,1066.1161,1080.6165999999998,1063.7753,1072.662,1066.4311,1088.4034000000001,1070.6793,1072.4317,1062.6601,1070.1202,1068.7877999999998,1050.8228,1071.2994999999999,0.0,0.00013450803999999998,0.00038404260999999997,0.0
1052.1441,1051.2562,1055.5739,1039.1795,1072.9352,1072.9743,1072.9166,1073.597,1072.9279999999999,1073.2531,1073.2953,1073.386,928.8316299999999,909.41282,895.00015,839.52359,1059.2237,1020.7231000000002,1009.8511,1033.1268,1069.2085,1055.8491,1071.4461000000001,1074.8658,1016.2451000000001,1026.7314000000001,1010.0795,1016.6572999999999,1069.0091,1071.1261,1072.9344999999998,1072.9832999999999,1073.2621,1072.5375000000001,1071.6144,1072.3422,977.8263000000001,947.38707,932.37901,907.31893,977.78901,881.1983,1061.2733,1061.8637999999999,1080.0566000000001,1070.8615,1073.698,1070.0023999999999,1090.4777000000001,1069.3859,1073.0235,1067.186,1071.3771,1077.2551,1056.9274,1072.057,0.0,0.00017083191,0.00030009146999999996,0.0
1050.5508,1047.4834,1058.3843,1054.9766,1073.1880999999998,1073.2189,1073.1327,1073.4839,1072.7162999999998,1073.1541,1073.2768,1073.2653,924.00052,910.7617,897.30616,822.01598,1061.7973,1019.2574999999999,1036.7092,1017.7331999999999,1068.261,1059.8745000000001,1074.6212,1069.5397,1012.0125,1014.1245000000001,1018.5840999999999,1009.9862999999999,1066.7191,1070.6485,1071.3093,1071.9969,1080.2569,1078.1126,1076.8382,1078.7911,978.5554,941.49854,946.55078,896.5544199999999,975.98976,869.43011,1080.5066,1064.8632,1084.6409,1072.6712,1074.4267,1072.2448,1090.8308,1071.8396,1075.006,1070.4647,1076.7585000000001,1077.6899,1052.5014999999999,1072.0847,0.0,0.00017937705,0.00021479072,0.0
1057.038,1052.8149,1056.2041000000002,1047.8474,1073.0198,1073.2805,1073.2564,1073.2647,1073.529,1072.9878999999999,1073.2728,1073.0045,922.25946,912.92244,891.29095,837.08743,1069.9062000000001,1036.51,1046.6346,1018.4193999999999,1074.9326,1061.9646,1073.8854000000001,1068.9974,1016.6184999999999,1015.5609999999999,1024.7339,1018.4014000000001,1067.7222,1071.6854999999998,1074.2191,1075.9000999999998,1076.6573,1078.2419,1079.7796,1080.3369,972.4647799999999,930.49698,927.417,900.14177,965.5698000000001,868.36209,1074.8763999999999,1068.6338,1080.9996,1074.6981,1072.6336999999999,1070.6887,1082.8835,1072.8836999999999,1079.4611,1075.2948999999999,1075.1825,1074.4878999999999,1050.0132999999998,1072.2831999999999,0.0,0.00013110231,0.00018507074,0.0
1056.2654,1053.9391999999998,1053.1643,1064.4234000000001,1073.3158999999998,1073.0918,1072.7921,1073.0913999999998,1075.1216,1073.1156999999998,1073.9936,1073.2095000000002,923.88243,909.73092,891.45968,831.91457,1070.3212,1029.8898,1047.597,1028.1606,1077.1956,1066.3169,1072.2959999999998,1071.9854,1015.7961,1022.4789999999999,1002.2462000000002,1014.4798000000001,1070.2851,1073.1344000000001,1078.4518999999998,1079.5399,1076.5307,1075.8403999999998,1076.4767000000002,1077.9732,973.93727,937.26207,921.97899,902.06093,977.1849699999999,865.00973,1078.4570999999999,1067.5357999999999,1077.5124,1075.1629,1072.1361,1070.5316,1085.0631999999998,1077.0328,1078.779,1075.1056,1077.6804,1077.3358,1056.7721999999999,1074.0165000000002,0.0,9.4448097e-05,0.00016292735,0.0
1058.0086000000001,1052.1308,1059.3455,1053.7607,1073.4614000000001,1073.1648,1072.5742,1073.1981,1074.7630000000001,1073.4719,1074.1822,1073.9289999999999,930.1065799999999,910.30994,895.38931,846.95262,1072.1088,1026.1084,1048.4568,1030.6425,1076.2964,1056.9371,1069.7223000000001,1071.5197,1013.9724000000001,1018.7713,1013.8142999999999,1007.7162999999999,1069.1752,1073.87,1073.4369,1076.9983,1077.8934000000002,1077.6145999999999,1078.0371,1078.2388999999998,988.0213000000001,958.83714,919.72639,895.6705499999999,956.3632299999999,870.26946,1078.7025999999998,1069.987,1079.8694,1074.7306,1077.6963,1069.3243,1083.498,1076.2828000000002,1081.866,1072.8738,1077.4718,1073.3917999999999,1056.0027,1072.5255,0.0,6.8478907e-05,0.00013854129,0.0
1057.7609,1050.7752,1057.8072000000002,1051.8623,1073.0264,1073.1053000000002,1072.5688,1073.8197,1075.4707,1073.8784,1074.2447,1074.4922000000001,921.873,910.1978200000001,897.49679,848.37247,1071.565,1034.5745000000002,1036.5819000000001,1033.413,1077.702,1053.5105999999998,1071.3774,1069.5124,1017.1223,1027.0708,1028.633,1008.365,1068.6575,1075.1403,1074.7769,1077.4321,1075.8697,1076.6123,1077.9077,1077.5113000000001,987.13274,945.93197,928.74419,899.3228,951.23904,884.5921000000001,1064.9962,1065.1064000000001,1085.0201,1072.3039,1074.7899,1067.0131999999999,1079.1299999999999,1078.686,1072.9718,1067.5204999999999,1073.7875000000001,1073.4554,1057.5462,1073.7103,0.0,6.731144e-05,0.00011210108,0.0
1054.8066999999999,1054.4259,1056.4995,1052.5165,1073.1982,1073.4701,1072.4389,1074.3716,1074.5639,1074.3165000000001,1074.6154000000001,1074.4232,924.0932300000001,911.90649,898.43364,844.44489,1070.2377,1043.7578,1025.4337,1040.1091000000001,1073.8935,1059.2263,1070.6001999999999,1070.5894,1014.2241,1018.7544999999999,1021.4302999999999,1025.8308,1069.9672999999998,1075.9,1075.5719000000001,1078.2214,1073.9995,1074.4333,1074.6759,1074.6569000000002,985.05171,952.95901,930.3786699999999,903.43711,953.41286,880.28915,1068.9849,1068.3381000000002,1077.3402,1074.3769,1073.6580999999999,1072.4508,1072.1905,1074.6017,1076.5198,1069.9788999999998,1073.8277999999998,1073.6368,1057.5297,1073.2861,0.0,0.00010396164,9.8477432e-05,0.0
1056.8629999999998,1057.5899,1059.5201,1049.9265,1073.7548,1074.195,1072.8264,1074.3846,1074.4987999999998,1074.2349,1074.6816000000001,1074.7459999999999,931.94745,902.8491,896.98423,848.4584,1069.4134999999999,1041.6261,1019.8265999999999,1040.2811,1067.6811,1068.2526,1070.9862,1073.1817999999998,1006.7153999999999,1013.5463000000001,1008.2031000000001,1011.5350000000001,1070.584,1073.1884,1073.7092,1075.3154,1075.153,1074.5709,1075.6064,1074.8990000000001,975.71578,976.89555,927.2508799999999,895.76584,972.49675,902.64829,1065.3761000000002,1068.8148,1074.9723000000001,1076.046,1074.0177,1072.1822,1071.692,1072.3679,1068.9615,1067.3403,1072.3123,1069.57,1055.1132,1071.8412,0.0,0.00012501329,0.00019013584,0.0
1056.7992000000002,1054.1299000000001,1057.1733,1058.9364,1074.0392,1074.437,1073.8009,1074.8397,1074.4451000000001,1074.6407,1074.6025,1074.8341,928.1409699999999,908.8460600000001,895.21587,858.33635,1060.1021999999998,1025.4605999999999,1032.6681999999998,1041.5396,1068.6168,1063.5344,1074.4464,1075.9449,1013.0874000000001,1023.0114,1016.7755999999999,1012.2903,1069.8428999999999,1071.9004,1074.2772,1074.6829,1071.2238,1075.1936999999998,1072.7884,1071.8558999999998,985.1266799999999,944.6604299999999,947.81957,886.0463699999999,1005.4084999999999,919.0366300000001,1066.1182000000001,1065.7374,1068.4163,1074.0874,1072.9785,1064.3250999999998,1075.3355,1068.6787,1073.2174,1067.6322,1069.7914,1074.2046,1059.2172,1072.8632,0.0,9.8436659e-05,0.00025236056,0.0
1056.1899,1053.9122,1056.843,1056.4916999999998,1074.3311,1074.5430000000001,1074.1365,1074.8951,1073.8657,1074.5666,1074.1355999999998,1074.6066,925.33147,917.4450800000001,897.78395,862.8385900000001,1062.9786,1009.5812,1022.6211000000001,1034.8971999999999,1070.3581,1049.7426,1076.6567,1072.3531,1022.0539000000001,1024.9549000000002,1028.5704,1020.0799,1070.0017,1072.3762,1073.4582999999998,1073.4368,1075.9051000000002,1078.3457,1071.7412,1076.2841999999998,974.74649,936.3602599999999,949.4885800000001,906.8525800000001,1005.0635,932.55551,1065.1261,1062.5143,1078.4539,1072.7613000000001,1071.4845,1065.729,1079.5629999999999,1070.0575999999999,1071.7967999999998,1071.4969,1075.0862,1078.5031,1055.8985,1073.5910000000001,0.0,0.0001145373,0.00019577976,0.0
1059.344,1059.4678,1060.5372,1042.6412,1074.5401,1074.5109,1074.6174,1074.6272999999999,1074.5977,1074.0973000000001,1074.3727999999999,1074.3316,921.94824,911.90027,907.2978899999999,870.01434,1064.6103,1023.4304,1025.7729,1020.3549999999999,1073.5221,1056.9802,1074.6384999999998,1064.8191000000002,1024.1854999999998,1020.3303999999999,1024.7531000000001,1020.1177000000001,1068.5619000000002,1070.1732000000002,1071.9588999999999,1073.2933,1078.5765000000001,1077.4840000000002,1077.6677,1078.4568000000002,962.10039,929.00771,933.57178,930.6783700000001,986.58014,907.33292,1075.7936,1062.1842,1077.6975,1071.9309,1071.4183999999998,1065.3173,1075.1886,1071.2616,1075.8231,1072.9975,1076.2273,1075.5654,1058.2443,1073.8662,0.0,0.00013514408,0.00013815397,0.0
1057.5948,1055.1091000000001,1055.3387,1056.7598,1074.6147,1074.5254,1074.3019,1074.1361000000002,1074.5764,1074.2754000000002,1074.6596,1074.2228,927.45863,929.4476500000001,910.1238999999999,881.89183,1069.0248000000001,1034.3288,1026.6399000000001,1032.6486,1073.8654,1046.6702,1069.1033,1062.0597,1025.3358999999998,1023.8020000000001,1021.5075,1014.1374999999999,1067.3048999999999,1070.8775,1073.9496,1073.3488,1076.1515,1075.9821000000002,1077.5659,1077.4304,965.2745299999999,929.33586,939.1510499999999,916.07867,995.8592299999999,888.1704,1068.6718,1065.8643,1077.7435,1072.3619,1071.7287999999999,1063.595,1074.6495,1071.3108,1071.5348999999999,1066.7521000000002,1073.3124,1069.4377,1049.5842,1074.5348999999999,0.0,9.6762879e-05,0.00010079644999999999,0.0
1054.6455,1057.7083,1059.8387,1045.9701,1074.484,1074.5214999999998,1073.7599,1074.2511,1074.9307000000001,1074.6238999999998,1075.0277999999998,1074.5805,926.90909,929.25872,911.79843,891.6021900000001,1068.4100999999998,1035.0890000000002,1014.3253000000001,1042.9711,1070.1975,1048.4996,1065.1398,1049.9626,1031.3703,1014.28,1029.9446,1013.1208,1070.9836,1072.6677,1076.4660000000001,1074.3341,1069.5738,1074.5523,1074.5947999999999,1074.3061,994.92572,935.77292,941.62565,909.07642,974.18599,860.77493,1070.6206,1067.9697,1075.4376,1071.8002,1072.0326,1063.8472,1073.5154,1070.2324999999998,1072.8436,1065.2742,1069.6115,1064.3116,1037.2042,1074.3854000000001,0.0,7.383283499999999e-05,6.5969061e-05,0.0
1058.1309,1058.2098999999998,1051.3134,1044.5937999999999,1074.2696999999998,1074.4619,1073.4522,1074.5138000000002,1075.0792999999999,1075.0130000000001,1074.6843999999999,1074.7194,927.36985,921.3890700000001,911.7971,890.10353,1064.6098,1033.1301,1022.432,1037.2267000000002,1068.2196,1050.4695,1063.9277,1053.1931,1023.3823999999998,1031.5513,1020.9449000000001,1009.3470000000001,1071.0959,1071.126,1075.3290000000002,1074.4164,1066.5278999999998,1071.5192,1068.8327000000002,1068.3859,1001.7368000000001,962.1295299999999,940.01225,903.37122,943.10559,858.1870600000001,1070.9718,1063.231,1074.7353,1072.9206,1072.7815,1064.0107,1068.8102,1070.4535,1067.2038,1065.3807,1066.2423,1060.7906,1046.9609,1074.3997,0.0,6.1880069e-05,4.2898043999999995e-05,0.0
1059.8,1051.2671,1053.5519000000002,1051.2134,1073.8053,1074.5642,1073.8555000000001,1074.9144999999999,1073.951,1074.792,1074.2912000000001,1074.9591,930.27854,923.5677900000001,909.1001799999999,878.95371,1066.6027000000001,1025.5753,1024.5943,1033.0091,1067.8526,1059.7527,1056.0223,1069.7363,1015.4691,1020.2808,1023.2597999999999,1011.8320000000001,1068.961,1069.245,1071.6379,1070.3734,1062.1587,1068.6239,1065.8568,1065.8474999999999,1007.0874,981.35803,940.0297,897.40435,942.08811,860.91255,1070.4867000000002,1063.4474,1067.1311,1073.8364,1072.9481,1063.173,1067.9994,1070.4496,1061.3644000000002,1056.1956,1063.5413,1056.5569,1045.9025,1072.6622,0.0,5.2126316999999996e-05,3.9184198e-05,0.0
1058.2242,1053.2645,1057.6431,1049.9944,1073.9265,1074.7399,1074.4482,1075.0652,1071.8499,1074.3076,1074.6776,1074.6682,936.6684399999999,923.04103,907.9856699999999,877.2878900000001,1067.2632,1030.429,1031.5648,1027.4362999999998,1065.1087,1052.0122000000001,1068.1063,1066.361,1012.1555,1022.1392000000001,1025.9016000000001,1018.2174,1067.3372000000002,1066.2682,1067.1736,1065.8809,1063.8702,1067.2399,1063.5482,1063.7653,1002.9611,983.9849399999999,900.51195,895.39196,953.65148,870.90832,1070.6496,1063.3038999999999,1072.5285000000001,1072.598,1069.2373,1064.7214,1075.7517,1063.3925,1064.0803999999998,1054.6947,1063.3553000000002,1068.0349999999999,1054.5845000000002,1069.1951000000001,0.0,4.2779317e-05,4.5032746e-05,0.0
1061.3335,1057.6371,1053.2303,1051.948,1074.3667,1074.5572,1074.7838,1074.6187,1071.2838,1073.9179000000001,1073.7693,1073.7663,950.38112,914.58879,907.5620700000001,855.61256,1062.7538000000002,1036.9034,1030.7184,1028.2689,1061.2515,1055.949,1067.9826999999998,1063.1607999999999,1017.9484,1028.4608,1023.3044,1016.5468,1063.8559,1064.5611,1064.8304,1063.9969999999998,1069.2059,1068.3626,1066.1468,1066.0672,988.13543,972.83248,905.65156,896.65392,951.8322499999999,867.76027,1062.635,1060.1574999999998,1074.4178000000002,1070.0591,1069.6114,1063.8141,1070.0556000000001,1059.0032,1066.5366999999999,1063.4872,1068.1708,1068.3801999999998,1052.7358,1069.2527,0.0,6.3459914e-05,4.6610093000000004e-05,0.0
1061.3163,1056.3741,1057.6127,1059.4461,1074.4586,1074.4645,1074.8328,1073.6254000000001,1071.1317999999999,1073.2325,1073.3292999999999,1072.7151999999999,957.25275,911.53678,907.24778,866.80359,1062.7327,1033.7004,1025.9877,1028.0173000000002,1067.1425000000002,1053.4993,1063.7413999999999,1069.1216,1005.6272000000001,1017.9251,1016.3520000000001,1022.4947999999999,1063.4719,1063.9364,1064.6424,1065.5682000000002,1070.1215,1068.9484,1069.9986,1070.3169,994.86937,959.8765400000001,924.11217,903.9508599999999,973.503,869.44848,1070.2719,1061.2086000000002,1068.9379,1065.556,1066.8552000000002,1062.0457,1068.7916,1066.1644000000001,1066.2356,1065.8224,1066.912,1065.8256000000001,1055.2299,1071.3055,0.0,6.9160116e-05,8.0489616e-05,0.0
1061.7799,1053.336,1058.0730999999998,1054.8496,1074.3269,1074.3313999999998,1073.5354,1072.6637,1073.5181,1072.6173,1073.0576,1071.6595,948.06175,918.3402900000001,913.00196,878.03287,1064.2583000000002,1029.4594,1033.9024000000002,1036.1980999999998,1069.6451,1052.7812000000001,1065.7627,1062.8914,1015.0142999999999,1006.4164999999999,1018.0345999999998,1015.242,1061.9031,1067.479,1065.8698,1069.2878,1065.1435999999999,1068.0696,1067.483,1068.369,982.82521,960.89164,945.35042,901.37274,990.2893300000001,866.56156,1064.3294,1063.6724,1068.5523,1065.0811999999999,1066.9358,1060.1559,1075.0228,1068.0782,1071.1807999999999,1062.4939,1066.3821,1068.2533,1059.9164,1072.6562000000001,0.0,8.1498719e-05,0.00018528203,0.0
1059.4252,1056.3244,1057.9714,1057.4487,1073.8605,1073.4776,1072.2545,1071.4178,1071.5847,1072.1145000000001,1073.2007,1071.2502,931.81624,926.4642,912.28212,887.09578,1048.7094,1029.7352,1025.3166,1042.3348,1065.8463,1061.9512,1064.1139999999998,1063.3405,1033.0732,1026.4007000000001,1025.5498,1010.4742,1064.1979999999999,1067.7308,1064.1938,1068.0756,1067.7433,1068.1829,1066.9156999999998,1067.8402,993.74854,974.23213,944.95788,895.67555,982.52168,874.5285200000001,1067.8615,1058.6496,1074.5012,1066.7609,1068.8913,1060.4779999999998,1075.0982000000001,1068.7467,1065.6251,1064.1984,1067.5176000000001,1067.4403,1059.7842999999998,1070.6562,0.0,0.00010650044,0.00034430054000000003,0.0
1061.6238999999998,1058.2163,1062.204,1054.4175,1072.9204,1072.8652,1071.6929,1071.4755,1069.8355000000001,1071.5332,1072.9347,1071.6516000000001,931.95425,930.9266899999999,905.1766500000001,891.17003,1061.5056,1023.3504,1024.2283,1032.9969,1065.7448,1050.7038,1067.1584,1066.5732,1027.3022,1033.4354,1024.377,1021.5674,1064.4535999999998,1065.4237,1065.2496999999998,1067.098,1068.1931000000002,1068.5256000000002,1068.8951000000002,1069.0167999999999,998.3890200000001,970.8848800000001,944.57156,898.5642,960.2270699999999,870.38652,1063.9661,1064.1814,1069.9602,1068.6326999999999,1068.1404,1063.0388,1077.7513,1068.4219,1074.2698,1061.9279999999999,1068.0816,1066.1813,1059.8507,1070.2922,0.0,0.00019612848,0.00065934806,0.0
1060.9374,1057.9490999999998,1060.6933000000001,1056.8156,1072.0756000000001,1071.8303,1071.1932000000002,1071.7584,1070.4570999999999,1071.6344000000001,1072.0192000000002,1071.3805,930.36915,922.5494100000001,903.31897,897.53307,1063.0563,1028.9046,1023.2651,1026.8541,1063.386,1064.0675999999999,1067.0854000000002,1062.7955,1015.7200999999999,1033.0032,1012.1874,1023.9233,1064.7929000000001,1066.9151,1067.9624999999999,1068.8574,1068.7555,1068.2066,1069.1165999999998,1070.1987000000001,985.06505,958.96974,948.3666900000001,898.87283,988.95258,871.1055200000001,1064.7053999999998,1057.3799999999999,1075.1838,1067.4498999999998,1071.6492,1064.7036,1073.2414,1064.2005,1064.4622,1060.2829,1068.7599,1067.4378,1058.9454999999998,1070.3372,0.0,0.00041120193,0.0012999778,0.0
1060.571,1052.0198,1059.1146,1068.3709,1072.2083,1071.8953,1071.3808000000001,1071.2529,1071.2939999999999,1071.4461000000001,1071.0402,1070.8634,927.52094,930.44592,895.5305500000001,891.7856400000001,1050.4238,1015.8905,1019.6418,1026.8544,1064.6538,1049.3807,1065.8476,1071.2159,1016.9977,1030.5003000000002,1018.0406,1009.263,1065.127,1067.7685,1068.6843,1069.5129,1068.5747999999999,1068.5613,1068.6951999999999,1069.521,999.1244900000002,961.4001400000001,938.08508,899.11729,986.42518,874.81029,1071.5928,1062.7736,1074.752,1070.9241,1072.1136,1064.9724,1070.0951,1065.327,1067.2595000000001,1063.8741,1067.2061,1068.3319,1056.9891,1070.2538,0.0,0.0007155683099999999,0.0014676137,0.0
1057.6699999999998,1059.6749,1056.205,1064.421,1071.7701,1071.4816,1070.9579,1070.8238000000001,1070.2629000000002,1070.6434,1070.8519999999999,1070.8077,928.83944,933.35766,892.87302,889.40666,1063.3695,1011.2948999999999,1029.4669000000001,1027.6395,1066.757,1063.7118,1068.0358,1065.2996,1023.1661,1023.9979000000001,1015.5798,1014.8194000000001,1065.9485,1068.5702999999999,1068.1645999999998,1069.1055000000001,1069.9007,1070.0074,1069.1374,1070.2623999999998,1001.0614,970.3576999999999,932.5712100000001,900.25733,972.52845,875.2777199999999,1064.5168,1060.014,1071.4159,1072.2634,1068.7823,1064.6737,1073.8119,1068.8988,1069.7458000000001,1062.9566,1068.4850999999999,1069.1258,1055.0058,1071.0121,0.0,0.00066749385,0.0011032071,0.0
1060.6259,1059.3772000000001,1061.4529,1050.3819,1071.5383,1071.6784,1070.5226,1070.5831,1070.0428,1070.7956,1070.7839,1070.6403,925.05872,930.32042,892.66846,895.8386200000001,1057.6295,1022.7656999999999,1032.5335,1026.5383,1068.4952999999998,1062.3594,1066.7407,1069.1341,1017.6976999999999,1019.7394999999999,1019.4628999999999,1012.8521999999999,1065.5949999999998,1067.0855,1068.1452,1069.2179,1069.0618,1069.2996,1069.4891,1069.6264999999999,974.7685,984.33006,940.70893,907.84856,982.3944299999999,871.9894800000001,1067.5922999999998,1064.791,1072.184,1071.0363,1068.5747999999999,1058.7280999999998,1074.9377,1066.7005,1068.9173,1064.2259999999999,1068.4341000000002,1069.1717,1058.5325,1070.1278,0.0,0.00049454616,0.0006665042,0.0
1061.055,1050.2944,1058.0688,1055.5903,1071.1698999999999,1070.9578000000001,1070.5376,1070.4824999999998,1070.4205,1070.8239999999998,1070.5615,1070.5211000000002,925.40673,935.2881,896.10579,897.50552,1058.9906999999998,1025.0502999999999,1020.3557,1029.2817,1066.5182,1060.9707,1066.0812,1072.9729,1028.6135,1033.7806,1022.0615,1022.0631,1065.7940999999998,1067.1582,1068.2413000000001,1069.251,1072.3700000000001,1071.3622,1069.9746,1070.6892,976.66749,968.74218,946.3303599999999,902.6155,998.9061599999999,866.94927,1072.4978,1062.4681,1071.9294,1070.5975999999998,1068.2629,1062.7459000000001,1075.8504,1065.5293000000001,1072.1815,1063.6867,1071.0037,1071.2568,1061.5049000000001,1070.0204,0.0,0.00032405504,0.00056691965,0.0
1061.3462,1053.6741,1058.4321,1054.6785,1070.9805,1070.8669,1070.3421,1070.5659,1070.5139,1070.6086,1070.3290000000002,1070.5056,934.0553199999999,922.4962300000001,905.0456,878.60304,1060.5937000000001,1020.4377999999999,1028.8741,1036.8693,1064.0459,1056.7692,1071.4589,1071.0493000000001,1020.5632,1027.4112,1029.8826,1017.8448,1064.3978,1068.466,1066.6686,1069.6141,1073.5573,1072.1958,1072.4934,1073.3696,976.10759,952.47524,924.9552199999999,900.15908,978.83834,862.4318000000001,1065.1211,1062.4428,1075.7816,1069.2760999999998,1068.0608,1060.7816,1085.4134000000001,1069.2648,1076.7799,1064.2354,1072.6521,1074.2878,1055.3654999999999,1069.9655,0.0,0.00024220045999999998,0.00062195628,0.0
1058.8577,1060.1612,1058.2964,1048.2299,1070.33,1070.6906,1070.0783000000001,1070.5064,1071.1922,1070.3798000000002,1070.4115,1070.3627000000001,955.17117,921.32556,912.65022,875.3370699999999,1062.0218,1027.6785,1025.1168,1036.8628,1067.9286000000002,1057.0804,1070.5615,1067.7165,1009.7762,1027.2785,1017.5676,1021.6469000000001,1065.0327,1067.5157,1070.3355,1072.5955,1077.2503,1075.5901,1075.9628,1076.6234,990.23719,958.2685,929.784,898.6642800000001,977.1310500000001,858.03674,1064.253,1062.5533,1077.5724,1069.7733999999998,1067.9917,1066.1577000000002,1085.8815000000002,1076.002,1076.0069999999998,1068.61,1075.1705,1072.7698,1054.1991,1070.5101,0.0,0.00020211194,0.00071885862,0.0
1056.698,1058.0553,1057.8968,1065.0615,1069.8154,1070.5874999999999,1070.2877999999998,1070.2978,1071.41,1070.5243,1070.6951,1070.5675999999999,944.68359,923.0629700000001,915.49524,885.3876300000001,1061.9337,1021.8886000000001,1026.8113,1027.3264,1067.2166,1043.8984,1066.7758999999999,1063.8049,1012.5688,1023.2407999999999,1017.6344,1020.3306,1067.7757,1068.516,1073.738,1073.73,1074.5216,1073.8924,1076.1398000000002,1076.9431,1013.2302,973.23102,937.3273300000001,893.6353,992.40331,865.49825,1076.3148999999999,1064.9496,1079.9691,1072.8385,1074.7437,1064.7814,1076.8679000000002,1075.5899,1071.3543,1068.3245,1073.3227000000002,1068.5699,1053.3020999999999,1070.2584000000002,0.0,0.00029371116,0.00084544956,0.0
1060.8836999999999,1060.9561999999999,1057.1961000000001,1054.6488000000002,1070.5937,1070.5406,1070.114,1070.6196,1071.9849000000002,1070.8892,1070.606,1070.8437999999999,934.55285,919.58051,915.57151,891.66802,1062.3186,1026.0983999999999,1033.8929,1025.8411,1070.7974,1043.0285000000001,1065.247,1046.7109,1018.6437000000001,1034.4612,1019.3634000000001,1023.5445000000001,1071.0939,1072.2551,1071.6865,1076.1932000000002,1069.8484999999998,1070.6267,1073.1555,1073.0007,986.7900699999999,951.74848,963.10614,892.88117,994.15644,876.34277,1074.4026999999999,1061.5687,1074.9924,1072.1605,1072.3326,1059.0151,1073.6300999999999,1070.18,1068.6490000000001,1064.8875,1068.9632000000001,1065.6100000000001,1056.6272,1071.8108,0.0,0.00040916309,0.0008312115500000001,0.0
1060.6015,1060.5981000000002,1059.3757,1050.4275,1070.596,1070.6788999999999,1070.1477,1070.8152,1072.2632,1070.8431,1071.1336999999999,1071.367,930.0682700000001,924.37608,912.4458999999999,896.0669800000001,1063.703,1026.288,1025.6615,1038.1224,1069.0212999999999,1046.7183,1060.5383000000002,1063.07,1021.5084999999999,1023.7880000000001,1029.0864,1013.9280000000001,1069.457,1072.7284,1073.9921,1074.2155,1068.0181,1069.0574,1068.8144000000002,1068.5242,962.6424000000001,929.48162,953.5294299999999,895.5581599999999,991.90629,892.77187,1069.1407,1059.1559,1075.5166000000002,1068.6672,1071.7631999999999,1063.0491,1080.8103,1067.3388,1067.8056,1061.6516000000001,1067.9896999999999,1065.7262,1058.7087000000001,1071.3621,0.0,0.00040901763,0.0007674241600000001,0.0
1058.352,1056.1501999999998,1058.3458999999998,1052.831,1070.5833,1071.1731,1070.2734,1071.4724999999999,1071.5402,1071.4621,1071.2797999999998,1071.979,925.21304,926.25595,913.10177,878.41877,1057.4125,1019.954,1016.6524,1038.1585,1061.7759999999998,1049.2195000000002,1061.7579,1056.9109,1027.4103,1033.7216,1033.3226,1031.2608,1068.9711,1069.3199000000002,1070.5193,1069.4165,1070.6527,1072.176,1069.8777,1070.4564,977.93717,941.53727,933.98782,904.62884,1003.1275999999999,880.6020100000001,1073.024,1062.8020000000001,1074.2961,1070.4032,1070.9748,1069.5898,1077.3379,1067.1127000000001,1065.9189,1056.2567,1065.2115000000001,1059.7685999999999,1060.3812,1070.0199,0.0,0.00041109797,0.00063072634,0.0
1060.0885,1052.5189,1058.1272,1055.5443,1070.6927,1071.205,1070.4234,1071.9222,1070.2379,1071.4392,1071.3972,1071.7528,921.82416,926.30837,915.17576,882.22897,1061.9488,1017.165,1036.6888999999999,1030.5489,1059.035,1059.566,1063.9939,1075.2201,1024.9043,1034.5762,1031.8264,1026.0244,1065.9513,1066.3148999999999,1068.7418,1069.162,1068.0375,1069.8724,1069.0788,1068.7843,988.7902499999999,965.71483,943.76571,901.60098,990.3345199999999,879.40414,1069.9677,1067.3953,1075.4816,1071.6355,1071.2193000000002,1065.1644000000001,1071.3115,1059.4065,1076.952,1053.359,1067.1073,1061.1969,1052.9941000000001,1068.4551999999999,0.0,0.0004211249,0.0008238380199999999,0.0
1061.2489,1059.2592,1060.2492,1049.7805999999998,1071.0138,1071.6958,1071.3665,1071.5518,1070.0830999999998,1071.3192,1071.2905999999998,1071.1604,924.01482,924.55119,916.60178,880.31217,1065.1182,1016.8128,1032.8337999999999,1037.1603,1062.5625,1053.5657,1075.584,1070.9579999999999,1018.3129,1031.2539000000002,1027.6886,1021.0635,1065.8063,1067.8451,1068.5549,1069.6692,1073.1874,1072.8235,1069.9660000000001,1072.3058,1000.9703,971.89144,947.4016,897.14356,1000.2633000000001,868.51171,1068.4439,1070.2946,1076.5644,1068.5955000000001,1070.2498,1061.3507,1081.9069,1058.5016,1076.4991,1058.9104,1071.0225,1076.9596,1055.041,1069.887,0.0,0.00039155815,0.0011058449999999998,0.0
1061.375,1053.0393000000001,1059.2034,1062.0093,1071.2213,1071.8168,1071.3272,1071.2807,1070.5864000000001,1071.0819999999999,1071.0697,1070.9021,930.0828,928.59678,910.36174,889.57222,1052.4821,1022.9328999999999,1036.9249,1025.8982,1065.9814000000001,1051.683,1073.9631000000002,1063.8739,1010.4609,1030.3559,1025.5039,1017.6139,1065.9653,1067.6477,1069.4452,1070.5716,1081.6152,1077.7705,1079.5352,1079.3579,997.47307,967.35333,949.89514,895.47374,986.2698300000001,867.7977099999999,1075.4234,1066.1431,1079.1787000000002,1068.0373000000002,1071.5519000000002,1063.7386000000001,1078.3482000000001,1066.0659,1073.832,1071.4732,1079.4923999999999,1080.1316,1055.2705,1070.1562,0.0,0.00048395873,0.0013645239,0.0
1055.7095,1057.7546,1060.1678,1056.7033999999999,1071.4442000000001,1071.6341,1070.841,1070.8888,1072.5014999999999,1071.0826000000002,1070.8933,1070.6329,933.31543,927.8379500000001,896.2713,898.10545,1061.0439999999999,1018.1561999999999,1032.296,1026.3368,1075.5565000000001,1060.6846,1066.0515,1065.6946,1020.3142000000001,1021.6865999999999,1016.4766000000001,1017.6574,1067.8237000000001,1070.3666999999998,1072.2305,1077.0963,1074.3714,1076.8665,1078.8448999999998,1079.0912,976.8258299999999,949.26499,959.24309,899.63815,978.8708299999998,871.54395,1073.0352,1067.3244,1075.9337999999998,1068.7842,1070.2406,1065.8337,1080.3399,1074.9359,1078.6487,1075.3029999999999,1073.9583,1069.9851999999998,1051.7699,1071.2309,0.0,0.00061795469,0.0014646435,0.0
1060.0173,1061.9972,1057.9879999999998,1052.7983000000002,1070.9738,1070.8245,1070.6135,1070.6471,1073.024,1071.0597,1071.2507,1071.0936,932.65876,923.51296,907.3796,891.68862,1061.1964,1023.7628,1024.0194000000001,1030.5863000000002,1076.9381,1047.0633,1065.6284,1067.0809000000002,1032.3185999999998,1027.3218,1029.606,1016.3818000000001,1067.7724,1074.7247,1076.7941,1079.1535,1071.2137,1073.6808999999998,1072.5502000000001,1073.5338000000002,979.87209,946.2023,949.2491,895.12312,941.2359899999999,881.46083,1067.1521,1065.4039,1080.03,1070.6703,1073.4047,1058.0513,1093.3255,1075.7485,1080.6018000000001,1066.4313,1067.6263,1067.0041999999999,1055.5898,1071.9374,0.0,0.0006840108200000001,0.0012172056,0.0
1059.8755,1058.8578,1058.5557999999999,1055.9661,1071.0959,1070.8437,1070.5752,1071.7654,1073.1227999999999,1071.495,1071.4536,1072.4962,932.64642,913.97364,923.8879499999999,877.57961,1057.8661,1036.1336000000001,1020.7556,1040.3747,1068.0739,1064.4168,1068.0415,1065.3478,1033.7354,1036.5444,1036.6631,1023.9368000000001,1069.9168,1073.9233,1074.8833000000002,1074.7847000000002,1071.6797000000001,1073.2006000000001,1072.0362,1072.4795000000001,997.4327200000001,973.14734,911.53168,893.4600399999999,988.62768,894.0081899999999,1067.8413,1066.2186000000002,1081.939,1073.7839,1074.9062000000001,1063.4395,1090.2196,1071.6933,1086.2413000000001,1065.2184,1069.7327,1067.4535,1060.8194999999998,1071.9433,0.0,0.00069885329,0.0010418858999999999,0.0
1056.681,1056.6777,1062.2694999999999,1056.4688999999998,1071.1468,1071.4202,1070.6286,1072.25,1072.0241,1072.7381,1071.8780000000002,1072.4018,931.91447,908.64184,934.77544,886.73244,1063.1698,1024.8394,1028.1871999999998,1048.4685,1066.7837,1089.5733,1069.7733999999998,1083.5948,1033.4043,1027.7521000000002,1040.0465,1037.1348,1071.3955999999998,1070.9154999999998,1072.0996,1072.4401,1073.2564,1073.7056,1073.0257000000001,1072.9813000000001,992.3306299999999,964.10905,901.5844500000001,896.82693,982.01426,907.2558899999999,1073.7853,1057.0925000000002,1080.8414,1075.3305,1072.4795000000001,1063.3883,1091.6146,1080.1857,1071.8598,1062.5906,1072.1870000000001,1070.5443,1061.0442,1071.5602,0.0,0.00072059986,0.0009570948099999999,0.0
1062.454,1056.5364,1062.786,1056.0687,1071.4451,1072.636,1071.7501,1072.5661,1072.0151,1072.4234,1072.2778,1072.3631,935.81705,922.92211,921.77198,895.23093,1066.4441,1013.0139,1023.7613000000001,1031.2735,1067.6354000000001,1062.5233,1074.6196,1082.2250000000001,1030.7506,1039.3292999999999,1039.3131999999998,1038.6312,1069.1869000000002,1071.0921999999998,1072.5141999999998,1073.0222999999999,1078.4946,1076.4433999999999,1075.9593,1076.0854,982.98192,961.85484,924.6297,905.0842299999999,993.03551,937.42346,1072.8704,1066.3888,1083.4725,1072.6123,1074.7157,1065.9251,1082.9261,1076.4667,1074.5611,1067.9766,1074.0762,1074.7673,1061.5301,1071.2651,0.0,0.00076619611,0.00099068727,0.0
1062.2571,1057.6087,1061.9289,1064.6418999999999,1071.9106,1072.7283,1071.6454999999999,1072.5279,1072.7561,1072.1716,1072.5243,1072.3258999999998,940.4860199999999,926.66602,905.2322999999999,907.62841,1070.4695000000002,1009.9083,1027.7628,1027.3573,1074.8262,1060.51,1080.041,1072.3701,1022.6976999999999,1033.5869,1022.9653,1028.6045,1068.1465,1072.7029,1073.3118,1075.4915,1083.8518000000001,1078.0409,1081.474,1081.6714,972.11136,963.41135,956.6072899999999,924.64417,990.95509,927.49129,1075.8110000000001,1073.8726,1086.0018,1077.0181,1078.4562,1070.9888,1081.9859000000001,1074.9319,1078.3912,1076.7419,1082.0981,1083.8519999999999,1057.7453,1072.6589999999999,0.0,0.00078087671,0.0013313093,0.0
1052.3867,1060.4412,1062.5793,1061.3759,1072.3815,1072.6035,1072.1957,1072.2313,1074.6421,1072.2858999999999,1072.9024000000002,1072.4328,938.16764,934.48118,901.63118,897.3861499999999,1073.8485,1015.881,1033.9814,1018.9342,1080.5246,1059.4115000000002,1074.2962,1062.5604,1025.3226,1026.3811,1026.389,1023.1858000000001,1069.7766,1075.6734,1074.168,1080.19,1080.8300000000002,1080.0833,1082.4016,1082.9664,966.25614,951.05449,972.84521,942.48661,1002.8199,904.4863399999999,1084.1905,1073.3095999999998,1083.8597,1074.855,1075.3464999999999,1072.4296,1083.5005,1078.8997,1083.4296000000002,1078.5855,1080.556,1076.4089,1057.1639,1072.8767,0.0,0.00081595353,0.0023567754,0.0
1058.6339,1058.1178,1058.8974,1061.9451999999999,1072.0735,1072.5394000000001,1072.2061,1072.4437,1076.1261,1072.4846,1073.0536,1073.0435,930.68368,932.81038,895.9192599999999,874.15511,1071.7859,1020.3565,1023.6116,1031.208,1077.5527000000002,1051.5653,1067.715,1065.3127,1024.3177,1024.9491,1025.8434,1025.9096,1072.2249,1078.6445999999999,1078.8011,1081.7190999999998,1078.5919999999999,1079.9438,1081.4657,1081.2956,982.1178100000001,930.6701,968.60787,954.2912299999999,998.60638,891.1386600000001,1081.6229,1071.4915,1085.6823,1079.0835,1074.5068,1060.8626000000002,1088.1298,1081.3756,1083.9823999999999,1075.1604,1077.0179999999998,1074.5643,1061.3008000000002,1073.354,0.0,0.0014664498,0.0027222884,0.0
1062.2450000000001,1055.5649,1057.7603,1054.9577000000002,1072.3636,1072.511,1072.2139,1073.0466000000001,1076.7195,1073.1346999999998,1073.5073,1073.9953,935.94972,938.01538,895.91822,876.54091,1068.4605,1031.1878000000002,1022.3951,1041.5481,1076.5986,1064.2114,1066.6865,1067.8003999999999,1020.8337999999999,1022.3387,1029.0444,1030.5052,1072.4112,1076.117,1080.3926999999999,1081.9028999999998,1076.3988,1075.8093,1079.8071,1079.2045,991.6681600000001,936.40982,956.18466,935.80024,984.8347800000001,882.9928500000001,1076.373,1070.2399,1079.4559000000002,1073.2057,1074.5615,1065.2134999999998,1083.2921000000001,1076.8489,1078.0996,1066.4703,1072.7767999999999,1068.3265000000001,1053.6637,1074.3205,0.0,0.0018548383,0.0031933685,0.0
1058.7059,1057.3289,1061.0012000000002,1057.6141,1072.4862,1073.4841000000001,1072.0813,1074.3262,1074.0268999999998,1073.944,1073.7749000000001,1074.8028,939.8119899999999,932.93632,898.67091,899.33896,1064.7844,1041.3437999999999,1011.6899999999999,1045.3585999999998,1069.3591,1055.3763,1072.8223,1075.9808,1020.1084,1017.8761000000001,1030.775,1030.4317999999998,1074.0063,1076.5181,1079.1965,1080.2393000000002,1072.4104,1075.7817,1074.6451,1074.6789,993.7106500000001,967.12641,954.7841099999999,921.4535,983.5824499999999,877.2352999999999,1079.2949,1069.4447,1079.2445,1073.0222999999999,1075.6527999999998,1066.8126,1081.5457,1076.0172,1072.0358,1060.9517999999998,1066.011,1072.5775999999998,1052.4604,1076.0431,0.0,0.0020537982,0.0029291785,0.0
1060.3238000000001,1062.3023,1060.6618999999998,1056.4044000000001,1072.7429000000002,1074.3909,1073.1274,1075.2477999999999,1074.5416,1074.3580000000002,1074.2296000000001,1074.7732,934.82825,925.64001,896.00443,894.669,1064.2569,1028.5881,1021.6071,1044.7477,1066.1952999999999,1060.0557999999999,1073.2445,1073.8189,1015.8636999999999,1032.9542000000001,1026.9083,1036.6252000000002,1072.3443,1073.8423,1076.0843,1075.1271,1077.787,1079.7658,1077.5525,1079.6282,1004.9743,987.12695,962.81469,912.00855,986.4448300000001,875.5649599999999,1076.844,1070.5692,1083.2855,1075.0288,1074.6111999999998,1071.9751,1075.5184000000002,1075.7389,1069.583,1062.7223,1073.9026000000001,1073.7722,1057.5751,1071.5706,0.0,0.0018175599000000001,0.0022617188,0.0
1062.0361,1062.606,1060.1192,1060.3807,1073.7843,1074.4363999999998,1074.3196,1075.0496,1075.4593,1074.5132,1074.6003,1074.539,935.16286,927.6228,895.0153799999999,863.5459000000001,1065.0764,1018.9694,1032.7702,1032.4265,1072.5279,1047.6985,1069.6375,1066.6958,1021.3486,1032.9691,1016.3645,1025.4507,1071.077,1073.7754,1076.0905,1078.5784,1074.403,1077.3306,1076.9353999999998,1077.57,1000.8628,977.9994599999999,971.23276,904.37186,1005.9538,882.1058300000001,1076.9268,1066.1424000000002,1078.3723,1075.4719,1072.5526,1053.2756,1073.0064,1069.0443,1076.8355,1066.3365999999999,1070.4866,1068.5121,1056.9396,1073.4563999999998,0.0,0.0015895356,0.001664707,0.0
1057.2821,1062.9939,1058.5361,1056.9639,1074.4003,1074.345,1074.3098,1074.8201,1075.4746,1074.3226,1074.7373,1074.6439,938.8359399999999,923.33625,894.04535,884.6753699999999,1069.8769,1016.1793,1032.2148000000002,1034.7196999999999,1069.4941000000001,1049.9838,1068.2525,1058.4056,1022.9311,1021.8556000000001,1016.7397000000001,1027.6972,1070.1182,1073.0018,1076.7424,1078.6887,1073.08,1074.9528,1073.9173,1074.8743000000002,1010.3651999999998,968.71752,973.5260999999999,900.9932799999999,1002.8557,877.3445399999999,1073.3991,1069.029,1077.4132,1075.6359,1071.6629,1058.9543,1075.5574,1068.5937000000001,1068.5502,1066.5874000000001,1067.6052,1065.1434000000002,1051.4075,1073.98,0.0,0.0010766864,0.0014588602999999999,0.0
1059.3431,1062.3712,1059.4193,1061.8154,1074.634,1074.5894,1074.7997,1074.7997,1074.8452,1074.5557000000001,1074.7429,1074.9354,941.9922799999999,927.80246,900.52785,893.59202,1071.3288,1034.857,1030.3305,1028.0099,1069.8107,1067.8707000000002,1065.2871,1067.0340999999999,1033.7799,1029.1129,1026.0493999999999,1028.9769999999999,1073.1458,1073.4521,1074.2821,1075.4021,1068.3176,1071.3335,1071.9355,1071.2957,988.99591,963.24483,950.8730400000001,898.06765,1002.7437,886.77763,1072.2138,1069.3545,1072.1198,1074.8629999999998,1071.5809,1067.8016,1078.2515,1068.0596,1066.4143,1062.8905000000002,1065.5047,1065.4765,1051.9062999999999,1074.1004,0.0,0.00076218491,0.0012117561999999999,0.0
1060.9456,1065.2779,1059.9138,1050.0988,1074.7126,1074.6262,1074.8872,1074.9253999999999,1073.727,1074.7956,1074.6371000000001,1074.9275,938.8020799999999,935.97609,903.58312,896.8938099999999,1069.6601999999998,1038.1292999999998,1025.9454,1031.8362,1066.2246,1061.0852,1066.5774,1076.1525000000001,1042.6031,1044.7402,1043.1517,1033.3193,1071.5213,1072.405,1071.3627,1072.1717,1070.5243,1071.4009,1070.1793,1069.9174,989.60327,972.16224,942.61452,894.11276,1008.0156999999999,887.50504,1076.4658,1066.9917,1077.598,1074.0496999999998,1071.6811,1066.4783,1087.9657,1066.2023,1074.9173,1059.3936,1066.5078,1069.8646,1062.0568,1073.4737,0.0,0.00058682108,0.00094512707,0.0
1062.063,1061.2457,1061.211,1062.2785,1074.661,1074.5838,1074.8975,1074.8823,1073.3892,1074.7418,1073.9371,1074.833,936.13182,927.56581,911.20329,899.83093,1066.3427000000001,1037.6243,1025.1527999999998,1026.8825,1064.5394,1062.2832999999998,1073.6027,1071.3135,1032.4698,1042.6786,1034.6805,1034.9406000000001,1069.6659,1070.4424,1070.2070999999999,1070.6983,1076.5544000000002,1073.7562,1073.4359000000002,1073.0728000000001,1004.0903999999999,977.49931,957.64467,895.05061,1022.959,880.3842,1071.3277,1065.4038,1083.0372,1075.3914,1076.6991,1067.755,1090.6917,1075.0245,1074.9814,1069.3671,1074.1942999999999,1078.9157,1062.8025,1072.5822,0.0,0.00045508426,0.00095273168,0.0
1062.5653,1061.9458,1063.2473,1065.8298,1074.5068,1074.6319,1074.8669,1074.6012,1073.6771999999999,1074.1243,1074.0261,1073.9688,942.90651,925.5462,920.60075,894.3828000000001,1065.0224,1031.3677,1023.6500000000001,1035.971,1071.8029000000001,1062.4382,1068.8583999999998,1073.1753999999999,1019.4596999999999,1017.0422,1024.3692999999998,1026.3825,1067.163,1071.3192999999999,1070.9425,1072.7476,1078.2894,1075.7828,1079.1647,1078.0640999999998,1003.6293,978.65501,968.30765,905.77586,1008.4172,870.39852,1089.2727,1062.2265,1085.3697,1073.4959,1072.2031,1063.494,1087.9928,1078.2977,1079.0382,1068.6605000000002,1078.6274999999998,1073.528,1056.4451000000001,1073.3841,0.0,0.00041416886,0.0019058420999999999,0.0
1064.6523,1066.0305999999998,1058.3367,1061.1913,1074.7484000000002,1074.2037,1074.4697,1073.9605000000001,1074.4280999999999,1074.0986,1074.1218,1073.5104999999999,955.18774,926.96113,919.14067,888.56611,1071.794,1027.9975000000002,1024.5489,1039.2645,1074.2517,1052.9980999999998,1067.4342,1059.2773,1015.6398000000002,1005.7200999999999,1024.8366999999998,1023.5248999999999,1068.9334999999999,1073.2067,1077.3754,1077.7069,1073.9039,1072.7637,1077.2892,1075.5772,1005.0955000000001,996.5383400000001,961.35603,905.19788,1010.0454,873.22201,1078.7380999999998,1067.7613000000001,1078.8213999999998,1068.5176999999999,1073.5909,1065.7999,1078.1814,1070.1071000000002,1070.3852,1069.2423000000001,1074.4548,1069.1557,1048.6907999999999,1074.0070999999998,0.0,0.0008645090000000001,0.0019935954,0.0
1063.9725,1066.7526,1061.4908,1057.7805,1074.5177999999999,1073.7156,1074.3440999999998,1073.8289,1075.118,1074.1466,1074.254,1073.7730999999999,945.7615599999999,931.14252,918.64112,895.4728700000001,1068.9072999999999,1027.9569999999999,1029.4866,1030.9429,1071.5086999999999,1061.0353,1066.1751,1058.2952,1032.9903,1028.4371999999998,1034.3572,1022.0750999999999,1073.2074,1074.8494,1077.317,1077.6334000000002,1064.6979,1065.8667,1072.5222999999999,1068.7974,998.32609,991.29051,966.42237,896.02019,1003.919,884.70125,1078.1834000000001,1068.5057,1073.6716,1071.192,1074.6522,1068.365,1071.7338,1072.3408,1070.5741,1068.9167,1063.3028,1062.0145,1061.0209,1074.7619,0.0,0.0011009897000000002,0.0017814852,0.0
1063.9057,1061.0087,1064.9991,1061.6805,1074.2225,1073.9162,1073.6221,1073.9745,1074.0259,1074.5086000000001,1073.4175,1074.1498,936.82336,934.1142100000001,920.83067,900.05886,1060.8069,1029.6919,1047.4838,1030.5365,1071.5866,1070.1962999999998,1063.9868999999999,1075.2358,1036.7760999999998,1041.0638999999999,1045.4938,1041.8443,1071.3388,1072.0972,1073.3661,1070.9568,1068.087,1071.1392999999998,1066.1865,1067.3146,993.01903,984.9676300000001,972.88729,901.53184,1010.3682,887.37332,1074.1882999999998,1072.4541000000002,1078.0975,1073.2112,1072.2794999999999,1061.0746,1077.5463,1069.5888,1073.3857,1064.2511,1064.7584,1067.7999,1063.338,1073.0869,0.0,0.0010268628,0.0018772817,0.0
1064.4702,1062.9874,1064.2218,1052.5739999999998,1074.1844,1074.1155,1073.2036,1074.4107000000001,1072.0921,1074.2239000000002,1073.9361,1074.4407999999999,938.1874799999999,934.95913,920.8729900000001,905.71396,1069.9983,1031.0434,1035.5447,1027.1646,1065.6359,1057.3310999999999,1070.5923,1071.8587,1028.1118,1042.2151000000001,1034.8299,1034.3825000000002,1069.068,1068.4196,1068.8432,1066.9981,1074.1684,1074.1145000000001,1071.1461000000002,1072.4815,1000.6683,978.5578099999999,949.20565,901.41061,1004.5754999999999,886.43945,1070.9549,1069.6069,1080.0635,1075.3433,1072.6181000000001,1064.2189999999998,1077.4558,1069.1021,1078.6481,1063.8188,1068.5081,1072.7314999999999,1063.0102,1069.8658,0.0,0.00091321183,0.0016156739,0.0
1062.5514,1062.7193,1061.2389,1062.5146,1074.0561,1074.0993999999998,1073.5833,1074.2359000000001,1072.4984,1073.4366,1073.471,1073.2007,941.30985,939.4614799999999,919.2771600000001,912.6262899999999,1066.3573999999999,1031.8145,1024.6697,1034.261,1069.2141,1048.1683,1074.2548,1058.8784,1018.4834000000001,1023.3769,1025.9862,1027.1727,1068.421,1068.4856,1071.0051999999998,1070.2939000000001,1075.6043,1073.9154,1076.0151,1077.4650000000001,1003.556,960.78079,950.46444,897.4745300000001,973.89554,890.10688,1078.4468000000002,1068.9143,1080.9448,1072.2257,1071.3478,1067.2538,1082.5457999999999,1068.5486999999998,1076.9416999999999,1069.0636000000002,1074.6951999999999,1074.6272999999999,1052.3288,1072.3067999999998,0.0,0.00085079672,0.0013914905000000002,0.0
1059.8375,1060.9769000000001,1061.4162,1062.6217,1074.2005,1073.8763,1073.7938,1073.2673,1074.0976,1073.0314,1073.2713,1072.8389000000002,945.8977600000001,947.0529600000001,914.88658,907.2480999999999,1069.8179,1033.4646,1031.435,1041.8155,1071.2332000000001,1045.4515999999999,1065.2474,1061.2877,1023.3912,1026.7295000000001,1023.0299,1024.4322000000002,1069.7477000000001,1069.8795,1074.3002999999999,1075.074,1073.0807,1073.7322000000001,1074.8348,1075.2298999999998,987.0617199999999,966.7415900000001,950.66595,901.13579,956.41704,875.5232599999999,1075.7268,1068.5146,1079.6237,1072.5959,1072.4348,1066.2649000000001,1082.8529999999998,1070.0966,1073.6019000000001,1071.7617,1074.1859,1069.0366,1050.6019000000001,1073.1383,0.0,0.0007422405,0.0011685060000000001,0.0
1061.1568,1061.805,1061.8668,1056.2883,1074.2572,1073.5152,1073.6233,1072.859,1074.2105000000001,1073.4951999999998,1073.5358,1072.817,949.30016,945.29141,917.61096,893.93488,1069.9450000000002,1025.1093,1034.8594,1048.0511,1071.5042999999998,1050.7973,1062.071,1057.5249000000001,1028.8064000000002,1031.2205,1029.5549,1024.6081,1071.9203,1073.1821,1074.4388999999999,1074.9989,1069.5434,1067.0891000000001,1072.1234,1071.518,994.8485900000001,984.0827,935.18859,903.10397,965.9361799999999,870.9190100000001,1069.9824,1066.9615999999999,1077.1281,1074.1658,1071.7638,1063.8138000000001,1076.1549,1073.0468,1066.1310999999998,1064.474,1068.4615999999999,1059.2607,1059.7923,1074.0562,0.0,0.00080900443,0.00081446495,0.0
1064.8372,1062.0979,1059.3119,1054.9557,1073.8906000000002,1073.3297,1073.0979,1073.1446,1072.8753,1073.4615999999999,1073.4696000000001,1073.6439,949.20829,945.86327,919.76519,875.86973,1064.5438000000001,1025.0776,1037.6694,1040.6268,1067.0348,1060.9214,1059.1788999999999,1067.1616000000001,1031.3023999999998,1038.8198,1035.3716,1034.5699,1071.1194,1072.4198000000001,1073.6801,1073.0925,1060.8115,1065.2675,1064.4857,1063.8347,998.9518100000001,988.5220200000001,927.02067,906.3303500000001,1001.8856999999999,880.10375,1073.6127000000001,1069.1572999999999,1067.3887,1068.1937,1070.0884,1058.6607999999999,1073.7507,1063.6495,1064.5275,1055.55,1062.3751,1058.3726,1063.0114999999998,1073.4526999999998,0.0,0.00046380106,0.00063739369,0.0
1060.5255,1062.0672,1061.7514,1063.8397,1073.0937000000001,1073.4363,1072.2167,1073.7830000000001,1071.7452,1073.4244,1072.195,1073.4089,946.41894,936.54579,922.69951,864.1471499999999,1065.4353999999998,1027.4468000000002,1038.3210000000001,1036.6804,1060.4116000000001,1055.402,1065.2272,1064.1317000000001,1023.0273,1035.457,1032.5546,1031.1368,1068.8778,1069.4305000000002,1069.1129,1066.7338000000002,1065.7299,1067.5420000000001,1063.4196,1064.0515,990.58528,981.37446,948.47265,893.7375499999999,1006.1665999999999,892.55806,1062.6969,1065.4292,1074.7028,1069.9914,1067.0766999999998,1067.4088,1072.0784,1058.0817,1064.7052,1055.4533,1061.3608,1064.0701,1057.8823,1072.0559,0.0,0.00028887469,0.00055666675,0.0
1059.6870999999999,1065.3621,1061.9008000000001,1060.6678,1073.344,1073.5040999999999,1072.9973,1073.1860000000001,1070.4369,1072.9732,1072.7307,1072.445,943.95741,936.2929800000001,919.1355699999999,898.81357,1062.4221,1031.1090000000002,1043.2779,1036.4141000000002,1060.4027,1064.8703,1066.3709,1065.0810000000001,1020.2013,1027.0502999999999,1028.1278,1025.464,1064.5003,1063.8383,1066.1874,1064.7954,1067.3340999999998,1067.6849,1066.6244000000002,1067.8440999999998,997.99767,959.20451,969.2887800000001,908.14973,991.39759,900.1315800000001,1064.5835,1063.2508,1076.6701,1071.5753,1068.1227999999999,1059.7919,1068.9621,1060.3588,1065.8941,1061.013,1065.6037000000001,1067.2595000000001,1059.3905,1066.8805,0.0,0.00023039931,0.00051518321,0.0
1067.2514999999999,1068.3056000000001,1060.7222,1059.6786000000002,1073.3368,1073.1244000000002,1073.1212,1072.7429000000002,1071.245,1072.5135,1071.568,1071.4542,938.16648,935.48787,915.31115,901.26561,1063.9849,1031.9506,1028.1829,1030.9742999999999,1065.3164000000002,1058.5727,1067.0025,1066.0807,1021.6310000000001,1033.0682,1035.3334,1017.0152999999999,1061.8234,1066.0024,1065.709,1066.3933,1068.7364,1068.4822,1067.24,1068.0991,991.90281,954.63777,985.29654,935.60649,998.3220600000001,901.95479,1068.9557,1063.3737999999998,1071.4096,1071.0489,1067.0993,1061.3809,1071.3884999999998,1064.0158000000001,1069.5752,1061.0286999999998,1066.1321,1070.6743999999999,1061.808,1071.0048,0.0,0.00032893258,0.00055561464,0.0
1065.1335,1066.4665,1063.379,1062.7596999999998,1073.3991999999998,1071.9802,1072.9807999999998,1071.7075,1070.2613,1070.993,1071.6860000000001,1070.8144,940.44477,933.18546,914.0985599999999,896.92034,1062.3779000000002,1039.8678,1017.9684000000001,1035.1567,1063.8736000000001,1063.6979000000001,1067.5981,1063.8595,1020.5150000000001,1017.7299999999999,1033.1024,1028.4365,1062.6697000000001,1067.2981,1066.8999,1067.2943,1069.0724,1069.0562,1069.5859,1069.6064,989.8183899999999,959.39633,958.4328399999999,932.48244,1001.8608999999999,908.13123,1068.0298,1067.1337999999998,1072.7807,1070.6631,1066.0634,1060.5222,1071.4583,1062.4341,1066.1877,1064.5288,1068.4986,1068.4909,1061.1422,1071.5536,0.0,0.00030799296,0.00054156379,0.0
1062.3652000000002,1063.6623,1065.5618000000002,1064.6688,1072.4281999999998,1072.4385,1072.5814,1070.8326,1071.2096000000001,1070.6191999999999,1071.2566,1070.5683999999999,937.5897,934.9018599999999,912.33444,894.13229,1063.1672999999998,1031.7992,1027.2826,1040.4802,1064.1399000000001,1062.1787,1064.43,1069.2429,1034.7891,1032.3264,1027.6896,1022.3593,1064.3738,1068.0151999999998,1067.1601,1068.9269000000002,1066.7223000000001,1067.8643,1068.0571,1068.2921000000001,992.1283599999999,974.0499199999999,947.7972299999999,919.83387,1002.5627000000001,908.27208,1065.1366,1064.4884000000002,1070.7341000000001,1066.6873,1064.9981,1056.4107000000001,1076.7792,1065.3192,1070.1834999999999,1067.3138,1067.4704,1066.1195,1063.0999,1071.8437999999999,0.0,0.00028727034,0.0005146262099999999,0.0
1061.97,1064.4419,1064.4318,1060.9785,1071.8507000000002,1071.3185999999998,1071.4068,1070.3943,1070.0964,1070.9624000000001,1070.7008,1070.5883000000001,935.6676699999999,929.8385999999999,914.89946,892.8759299999999,1066.6954,1022.951,1019.5862,1040.6372999999999,1065.5683999999999,1062.2917,1063.2048,1066.5048000000002,1034.55,1039.6011,1031.4760999999999,1031.0399,1065.8265999999999,1068.8318,1067.6441,1068.582,1066.9775,1067.1192999999998,1067.7086000000002,1067.1895,1003.2801000000001,989.4404300000001,940.37767,926.20034,961.65952,890.84695,1073.1498000000001,1064.4164,1074.4102,1066.7571,1066.1407,1052.9833,1071.5208,1067.2457000000002,1069.2093000000002,1065.1232,1067.3579,1063.7489,1063.1746,1072.0686,0.0,0.00023285567,0.0005509013,0.0
1064.9567,1059.9973,1061.2147,1060.9756,1071.6136999999999,1070.5503999999999,1070.8206,1070.625,1069.392,1070.2407999999998,1070.4303,1070.7211,941.01414,922.54448,925.29162,888.4098,1063.4015,1028.4535,1021.9174999999999,1036.3672,1068.2131,1057.5425,1065.1898999999999,1061.4174,1028.9946,1034.0393,1034.4626999999998,1028.0701999999999,1066.64,1067.1608,1067.9709,1068.7106,1065.8926,1065.9876,1066.8934000000002,1066.683,1006.8096,994.7110600000001,938.28264,927.25194,984.4866999999999,898.34892,1069.6629,1059.0321,1074.5605,1067.8627999999999,1068.0695,1047.5835000000002,1068.047,1070.0046,1065.8395,1064.6897,1064.2499,1064.3854999999999,1063.5585,1070.9985000000001,0.0,0.00023124032,0.00064466323,0.0
1064.1734,1057.3987,1063.7856,1059.5921,1070.9249000000002,1070.9580999999998,1070.4345,1070.5495,1068.9975000000002,1070.3466,1070.2459,1070.1832,946.8838400000001,924.67998,921.8107500000001,899.48176,1064.863,1016.1519999999999,1029.6822,1034.693,1071.9527,1061.8243,1062.3964999999998,1066.3799,1029.4991,1032.9413,1028.8158,1026.6339,1066.9845,1067.936,1067.6003,1067.8578,1064.1083999999998,1065.4419,1064.6595,1065.2015999999999,990.23303,979.0956600000001,951.70081,919.96186,1027.5848,929.84487,1067.7401,1058.0054,1069.1717999999998,1068.1252,1066.3606,1060.3315,1071.7219,1068.4756,1064.2299,1064.1844,1064.5865,1064.6795,1062.3647999999998,1070.7135,0.0,0.00022849125,0.00064779111,0.0
1064.1264,1060.7315,1064.2332,1058.7652,1070.4541,1070.9300999999998,1070.2772,1070.0556000000001,1068.1316,1070.5566000000001,1070.0313,1069.8742,947.95097,932.19164,924.38832,907.71391,1064.8497,1015.7127,1028.4886,1025.1358,1068.5436,1047.5479,1065.829,1071.4069000000002,1041.8972,1038.2994,1037.6757,1029.3654000000001,1066.2013,1066.3210000000001,1065.9587999999999,1065.3659,1067.7821,1067.7096,1065.6969,1066.1982,973.4441,979.78623,958.36506,911.91869,1017.8842,912.48992,1068.308,1066.242,1071.2072,1070.381,1066.4972,1058.5287,1079.3079,1065.3977,1065.6477000000002,1062.2296000000001,1067.4438,1068.3932,1064.9728,1069.5735,0.0,0.00023308213,0.0005876222200000001,0.0
1066.6619,1062.4232,1061.2459000000001,1058.8216,1070.4234,1070.4324,1070.0079999999998,1069.7314999999999,1067.9393,1070.0454,1069.7414,1069.836,955.31126,941.7850500000001,933.72964,890.3352100000001,1066.6462999999999,1028.8261,1023.2011000000001,1021.6809999999999,1063.6878000000002,1064.5094000000001,1069.7411,1072.0059999999999,1029.2952,1039.8787,1028.1598999999999,1038.8832,1064.6121,1064.5564000000002,1065.7192,1066.6711,1069.5977,1069.4784,1067.7781,1069.1503,969.44236,969.39258,950.292,917.69473,1005.8396999999999,882.45383,1070.1341,1062.0520999999999,1074.3863,1069.9975,1066.411,1057.0854000000002,1087.641,1069.0713999999998,1072.8588,1065.4497000000001,1070.7087000000001,1072.0925,1064.3849,1068.1695,0.0,0.00024753043,0.00072448214,0.0
1062.723,1063.7972,1063.5,1062.1079,1070.1802,1070.2070999999999,1070.0186,1069.1991,1069.5102,1070.0468999999998,1069.5182,1069.0851,951.9588200000001,942.47092,937.8230199999999,885.89893,1066.088,1037.0812,1024.0724,1029.0384000000001,1066.0992,1051.3028000000002,1072.9036,1071.6571,1026.0661,1025.5069999999998,1032.752,1028.9849,1064.0857,1067.0384999999999,1067.0127,1068.8075,1076.863,1074.6166,1072.4785,1073.3831,995.71043,972.95533,946.00735,931.4044,1022.1271,879.40118,1073.9701,1065.3618,1075.3226,1066.0133,1068.8056,1065.8521,1091.985,1068.8062,1085.5381,1069.4032000000002,1076.4895999999999,1076.8266999999998,1059.6870999999999,1069.428,0.0,0.00023088543999999999,0.00092875051,0.0
1062.1556,1064.9016,1061.3035,1064.9698,1069.8917,1069.6472,1069.4982,1068.9246,1069.8016,1069.3928,1069.8464999999999,1069.0383,952.8685899999999,944.23265,939.16032,897.3104000000001,1058.1191,1033.5683,1024.2601,1027.447,1068.862,1057.777,1070.9455,1065.6066,1034.6351,1035.7639,1038.7225999999998,1032.8247999999999,1067.4931,1068.2832,1070.6461,1072.5611999999999,1074.7116,1074.4584,1080.2593,1079.6587000000002,1012.4502000000001,974.56839,949.79948,926.90099,1005.5996,879.65364,1079.7031,1067.158,1074.8582,1071.4546,1074.6462999999999,1056.5539999999999,1092.2659999999998,1072.3883,1080.9553999999998,1071.7534999999998,1074.6534,1071.9023,1059.9669,1070.0849999999998,0.0,0.00035589263,0.0007862169799999999,0.0
1064.1905,1065.3837,1063.3553000000002,1059.2522,1069.5572,1069.5887,1069.3138,1068.9435999999998,1072.0033999999998,1069.2521,1069.7501,1069.3790000000001,951.0985,938.9182999999999,940.23334,905.83848,1059.6383,1027.3319999999999,1029.1663,1023.7579000000001,1074.2128,1048.0223999999998,1065.2168,1071.2527,1035.7525,1040.2919,1026.7984,1030.2836000000002,1068.015,1073.5566000000001,1078.0157,1079.7028,1075.087,1074.7139,1077.51,1077.4553,1009.1252999999999,971.32633,956.83331,905.8273899999999,1015.0368000000001,882.89889,1072.2558999999999,1065.1979000000001,1085.5769,1073.2973000000002,1071.4567,1061.5214,1088.6266999999998,1074.8420999999998,1085.295,1072.7249,1074.1798000000001,1069.9756,1062.9941999999999,1072.9838,0.0,0.00043726282,0.00037048298,0.0
1063.3434,1065.394,1063.4289,1059.2378,1069.3805,1069.3129999999999,1069.027,1069.1032,1072.4412,1070.1124,1069.9278000000002,1070.3813,947.37973,936.74626,931.6723199999999,908.91797,1061.5927,1039.6017,1023.1801999999999,1029.9064,1076.6512,1051.6312,1068.2681,1065.7689,1026.7426,1029.3838,1023.0761,1025.5543,1070.3404,1072.0678,1077.4461,1078.4087,1074.2581,1074.3006,1075.7433,1077.0223,1007.4644999999999,988.64366,956.96515,902.9712599999999,1002.7573000000001,891.1368200000001,1078.6187,1067.6545999999998,1085.0040999999999,1074.0739999999998,1076.8523,1065.5732,1087.1253000000002,1074.8657,1074.5177999999999,1069.0533,1075.2998,1068.5391,1061.8688,1072.5498,0.0,0.00027325098,0.00019182769999999999,0.0
1063.5721999999998,1062.5654,1062.0876,1062.4229,1069.2994,1069.9402,1069.1035,1070.2329,1071.9881,1071.173,1070.1965,1071.3591000000001,948.19585,938.85825,927.46403,908.41705,1069.7976999999998,1032.3979000000002,1027.8199,1039.6223,1072.0606,1051.8716,1066.4671,1067.9261999999999,1031.9584,1029.9255,1036.5192,1030.9106000000002,1073.6842,1071.5410000000002,1076.9034000000001,1077.289,1071.1885,1074.2338,1074.0265,1074.7209,1020.9592,984.95613,955.22532,906.51505,971.49445,890.70372,1082.3947,1072.5568,1075.9003,1073.3184,1075.838,1069.0215,1076.4078,1076.1797000000001,1073.1197,1072.471,1067.8201999999999,1065.6026,1058.78,1072.1779,0.0,0.00014733409,0.00011777003000000001,0.0
1061.2694000000001,1063.5461,1062.2454,1061.4470999999999,1069.6678,1070.4797,1068.9199,1071.0475000000001,1072.1933000000001,1071.3061,1070.7376,1071.8885,950.3928199999999,940.54021,928.79146,907.94826,1070.8283999999999,1034.9622,1033.6022,1039.3,1080.6466,1055.3894,1067.6957,1065.8843,1038.2319,1036.3912,1040.3478,1030.2311,1072.4616,1073.97,1075.1284,1074.7572,1068.2235,1067.511,1069.5438,1069.1418,1011.5695000000001,963.2121,970.76886,910.02679,975.62612,878.40552,1072.1622,1068.9643,1073.8982,1072.1684,1073.566,1068.4454,1074.3249,1074.1008,1066.598,1066.3715,1066.3147999999999,1064.8889000000001,1059.8124,1070.4033,0.0,8.3405107e-05,9.9247298e-05,0.0
1063.8908999999999,1064.461,1062.5383,1056.1296,1069.9451999999999,1070.5182,1070.0439,1071.779,1070.6257,1071.1283,1070.7951,1072.1167,946.9654,942.2610699999999,932.6365,912.84916,1067.2839999999999,1014.7090999999999,1034.5371,1030.3796,1073.5904,1045.8172,1067.1998,1070.8115,1024.7361999999998,1032.9912000000002,1032.7863,1034.0121,1070.5268,1071.3255000000001,1071.4552,1070.4364,1065.0527,1068.1941,1066.2167000000002,1066.3836,1009.2086999999999,971.0926400000001,958.385,910.01921,1002.7345000000001,876.8605299999999,1069.1299,1064.4676,1069.3263000000002,1071.7697,1071.9461999999999,1065.0238000000002,1073.7446,1068.8798000000002,1068.2703999999999,1065.7445,1064.824,1064.0802999999999,1062.2903999999999,1070.1671,0.0,5.6930634e-05,8.3123898e-05,0.0
1063.4416,1059.0971,1062.2875000000001,1066.0013,1070.2881,1071.2281,1071.2763,1072.0882,1070.1499,1071.1201,1071.3089,1071.7,948.38652,935.6573500000001,934.2238199999999,912.14453,1061.6416000000002,1030.0551,1025.6282,1032.6187,1068.6254000000001,1052.7144999999998,1071.0042,1065.7629,1029.3814,1029.1784,1020.593,1030.3033,1067.2406,1067.7884,1067.2531000000001,1067.3395,1067.3585,1068.9773,1066.4563,1067.9497999999999,999.4747199999999,1001.0966,951.65816,911.11667,1006.1206000000001,876.56768,1066.4877999999999,1062.4414,1071.0954,1069.5232,1068.3319,1065.4414,1072.3648,1067.7393,1068.5044,1061.3526,1067.8189,1070.8959,1055.2594,1069.0483000000002,0.0,4.0251589e-05,7.6173157e-05,0.0
1061.254,1059.0726000000002,1061.9846,1063.8301000000001,1070.6979999999999,1071.651,1071.6860000000001,1071.5964999999999,1069.0326,1070.396,1071.3994,1070.8499,950.38283,939.2207,929.69063,907.5011999999999,1057.3012999999999,1022.4344,1037.9997,1039.8457,1063.2195,1047.2185000000002,1068.1335,1069.3003999999999,1028.1447,1026.3826,1022.9715999999999,1029.6382999999998,1066.516,1066.5831,1066.9080999999999,1067.116,1071.64,1071.8744,1069.0274000000002,1071.989,1002.7126,991.1949000000001,948.8631,910.94989,996.6223500000001,881.66467,1071.2462,1063.5004,1073.7636,1073.5339999999999,1068.4739,1063.7381,1071.241,1064.2799,1069.8642,1067.2288,1071.9005,1067.5138,1056.8323,1069.5867,0.0,3.6531932e-05,9.8027042e-05,0.0
1060.8583999999998,1063.5423999999998,1062.7117,1056.8748,1071.1985,1071.1425,1071.7604000000001,1070.7546,1070.7123,1070.3271,1071.048,1070.1437,951.84343,942.11788,920.65853,912.41755,1058.0656,1025.5463,1039.2013,1042.7863,1065.2015,1037.2283,1068.3902,1059.0062,1026.2068000000002,1036.7431,1021.9631999999999,1029.7182,1065.554,1065.6242,1069.4892,1069.0398,1067.9841999999999,1068.3517,1070.1183,1070.3112,1007.0383999999999,965.98251,944.47705,914.5417199999999,990.1336400000001,894.70253,1064.1668,1062.5439999999999,1072.3868,1071.2917,1067.0110000000002,1057.3509999999999,1071.4548,1068.0775999999998,1071.1827,1065.7603,1065.9721,1066.5977,1061.0604999999998,1069.8052,0.0,4.8795189999999996e-05,0.00033283908,0.0
1061.9021,1060.7035,1063.4964,1057.6974,1071.4134999999999,1070.0423999999998,1071.0794999999998,1070.3562,1071.0057,1070.3805,1070.8099,1070.1442,947.06037,941.19344,921.28795,917.77272,1062.3949,1038.8053,1028.3389,1031.259,1067.0922,1047.2336,1064.2692,1057.9749,1028.0907,1035.6679,1021.1838,1016.8441,1066.7090999999998,1067.7711,1070.2377,1070.2915,1066.979,1066.4993,1067.2245,1065.9377,987.4886600000001,973.0187599999999,937.4944899999999,917.0406800000001,996.16516,900.81656,1063.9301999999998,1062.2051999999999,1070.3863000000001,1066.8519000000001,1066.7789,1062.0601,1074.4484,1068.9829000000002,1067.5808000000002,1066.741,1067.03,1066.5393,1061.1094,1070.5829999999999,0.0,5.4691252e-05,0.00048255422999999995,0.0
1062.2649,1057.6066,1063.2964,1060.0598,1071.0917,1070.0383,1070.6086,1070.3195999999998,1070.5862,1070.4746,1070.8265,1070.5118,950.90213,938.88931,920.42985,915.34726,1060.4205,1026.5751,1029.6067,1031.2779,1066.862,1049.2873,1062.1094,1060.877,1034.7798,1030.9171999999999,1037.0803,1023.6759000000001,1067.6882999999998,1068.0345,1067.7568,1067.5513,1066.3524,1067.8334,1067.1312,1067.3865,986.02848,983.48384,943.79746,917.7822299999999,998.59828,907.27225,1074.4403,1062.2871,1072.25,1067.3906000000002,1067.6011999999998,1056.9687999999999,1079.5031999999999,1066.749,1069.2456,1060.7633,1063.4229,1063.8467,1059.0566000000001,1069.869,0.0,7.7575547e-05,0.00041754182,0.0
1059.5828,1064.7978,1061.5103,1060.1796000000002,1070.492,1070.2797,1070.248,1070.48,1069.5966999999998,1070.3127,1070.2837,1070.43,942.81171,938.81181,920.21363,881.2688099999999,1062.4101,1026.0998,1039.9767,1032.9536,1064.6705,1054.136,1062.8036,1063.1344,1037.9473,1048.3472000000002,1038.888,1039.0763,1066.1,1066.215,1067.0447000000001,1066.9830000000002,1066.5656,1067.2394,1067.683,1068.0927000000001,977.9134600000001,966.42748,948.7942,919.95426,1018.3194000000001,901.12,1069.9534999999998,1061.3451,1077.0721999999998,1071.907,1068.3951,1064.0517,1076.5130000000001,1061.9119,1064.1292,1055.8291,1063.57,1063.614,1061.7568999999999,1069.3193,0.0,0.00013224071,0.00056334543,0.0
1061.9201999999998,1067.1228,1063.6397,1062.5761,1070.2735,1070.3344,1070.2163,1070.4385,1069.0229000000002,1070.0243,1069.8891999999998,1069.9612,949.3569,934.6540699999999,929.01271,899.76917,1065.8310999999999,1017.5640999999999,1027.0526,1029.0917,1063.5923,1055.1835,1062.6654,1065.5447000000001,1029.2233,1047.0487,1022.8157000000001,1029.7525,1065.0116,1066.4766,1067.5131,1067.7613000000001,1065.805,1066.9371,1066.0286999999998,1067.133,978.52858,968.47619,936.16769,928.77021,996.3276599999999,918.81414,1067.4379,1063.8302,1074.1724,1071.6411,1066.4355,1060.7836,1074.6175,1064.2544,1073.1034000000002,1060.8366,1064.0179,1063.8558,1063.2098999999998,1069.3841,0.0,0.00021456349,0.0006377616,0.0
1065.0735000000002,1060.5824,1064.9681,1059.6475,1070.2865000000002,1070.0818,1070.4321,1069.9158,1069.0743,1069.0962,1069.7476,1069.5303000000001,957.0441500000001,938.7688999999999,928.2609299999999,904.50206,1064.5232,1018.4973,1025.2561,1029.9168,1067.9353,1051.7911000000001,1065.8346000000001,1067.0105999999998,1027.246,1029.7806999999998,1031.1959,1026.4943999999998,1065.0647999999999,1065.2197,1066.7548,1067.1335,1067.8775,1067.7817,1067.3165,1068.8143,998.01606,978.9222599999999,961.09854,928.00712,1004.7719000000001,908.3121699999999,1071.7464,1067.9443,1072.5693999999999,1066.144,1066.7092,1061.0913,1070.8142,1065.5028,1065.7689,1062.4415999999999,1063.9052000000001,1066.8618999999999,1061.4115,1068.3692,0.0,0.00023614208999999997,0.00048355178999999997,0.0
1062.2666000000002,1056.9567,1063.5545,1062.3609999999999,1070.2477000000001,1069.8853,1070.2899,1069.4903000000002,1069.4327,1069.1970000000001,1069.5328,1069.0988,951.88696,943.11186,927.4194,915.9506299999999,1064.8468,1034.1314,1020.4916999999999,1026.053,1064.0004,1048.2206,1067.9784,1064.4070000000002,1036.9948,1018.6329999999999,1032.1231,1029.7984999999999,1064.8645999999999,1066.9224,1067.0528,1067.6182000000001,1068.4357,1068.0838999999999,1068.0738,1068.762,1005.5868,983.70661,964.88165,923.99121,1019.1409000000001,892.36901,1073.7905,1065.4839,1074.2123000000001,1069.5127,1067.483,1062.6654,1068.7708,1064.8864,1066.9180000000001,1063.8735000000001,1067.5675999999999,1067.1903,1058.0524,1069.9578,0.0,0.00019119881,0.00029422439,0.0
1057.728,1060.6506,1060.5516,1058.9372,1070.1911,1069.6457,1069.8597,1069.1002,1069.2622,1069.1826,1069.42,1069.0379,951.04345,942.29141,923.47908,921.58448,1065.0059,1035.7757000000001,1040.5729,1037.4198,1066.6306,1049.9063999999998,1065.3692,1063.5918000000001,1040.1351,1035.2595999999999,1043.3592,1019.7164999999999,1064.9567,1067.8334,1066.766,1068.0499,1068.1365999999998,1068.6477,1068.5979,1069.1109,995.6854900000001,977.5667199999999,974.5379800000001,926.3905,1011.3978999999999,891.37139,1073.6659,1061.4587999999999,1073.2096000000001,1065.353,1066.1222,1061.0846000000001,1075.8085,1067.5571,1067.7465,1065.0747000000001,1066.0211,1066.0088,1058.9635,1069.8462,0.0,0.00012913643,0.00014146913,0.0
1062.366,1062.6752,1060.2929000000001,1059.829,1069.8595,1069.6614000000002,1069.365,1069.1759,1068.9593,1069.0756000000001,1069.2835,1069.0889,950.85771,942.5853500000001,919.28465,920.34625,1065.3852,1032.7549,1030.0513,1043.6516,1069.3900999999998,1048.548,1064.3314,1060.9614,1025.6555,1033.9757,1032.7917,1026.3442,1064.9441,1066.8744,1066.4934999999998,1068.2093,1067.9986,1068.0625,1068.3980999999999,1068.7763,983.06489,979.24805,987.60498,948.43461,982.8367900000001,900.91363,1069.8273000000002,1057.6925,1071.3083000000001,1069.0516,1066.137,1062.0181,1075.716,1066.6472,1067.139,1062.0686,1067.363,1065.6225,1058.5562,1069.1317999999999,0.0,8.2485613e-05,7.939368400000001e-05,0.0
1061.0771,1059.3985,1063.1281000000001,1060.1911,1069.4088000000002,1069.485,1069.0977,1069.0374,1069.2662,1069.1505,1069.1355999999998,1069.1965,959.41696,942.7173399999999,919.5237500000001,916.0241599999999,1063.3356999999999,1028.9597999999999,1013.6732999999999,1040.1071,1067.1573999999998,1065.2426,1061.3376,1066.3171,1023.7843999999999,1029.1146,1022.4546000000001,1026.1605000000002,1065.0375,1066.7128,1067.9841999999999,1068.8185,1068.1295,1067.6969,1068.9778000000001,1069.6279,992.55122,1001.8384000000001,974.84383,956.90623,1010.4549,912.871,1068.2373,1060.2187999999999,1074.1522,1067.7969,1067.376,1062.4074,1075.8384,1063.1439,1068.6906,1061.4023,1065.7069999999999,1061.3046000000002,1058.845,1069.0814,0.0,5.6661735e-05,7.9034092e-05,0.0
1061.9665,1062.9246,1063.0347000000002,1061.4445,1069.0299,1069.2243,1069.0137,1069.082,1069.0403,1069.1752,1068.9897,1069.0547000000001,960.35027,942.24316,921.95852,910.04676,1056.2079,1020.0706000000001,1021.3923,1043.6478,1063.0418000000002,1056.0696,1064.5584999999999,1074.8785,1034.2033999999999,1039.8651,1016.0521,1024.6396,1065.2141,1066.5176999999999,1064.8699000000001,1067.988,1065.5711,1066.5519000000002,1066.8337,1066.8901,1010.1333,997.37533,954.7205,939.08054,997.60433,896.97521,1057.3845999999999,1063.3062,1072.5551,1069.7180999999998,1068.2669999999998,1061.7424,1075.8132,1063.7332999999999,1066.138,1057.513,1064.5831,1061.9061000000002,1061.0293,1068.3744,0.0,4.9864323e-05,8.8997912e-05,0.0
1063.771,1066.3465,1061.8877,1059.8458,1069.0059999999999,1069.2312,1069.0876,1069.0257,1068.3846999999998,1069.0776,1068.8932,1069.0865999999999,949.7021,935.76253,926.8100800000001,901.85296,1060.1892,1024.5691,1035.7753,1034.8463,1061.9735999999998,1053.6354,1070.7287,1061.0133999999998,1036.799,1045.4560999999999,1027.9913999999999,1036.9262999999999,1064.8274000000001,1066.2273,1065.9318,1067.6522,1070.5444,1068.7881,1069.5117,1068.5065,1023.3367999999999,991.8770200000001,962.56241,935.9480199999999,980.7726,885.67301,1064.9692,1061.1465,1073.994,1069.7923,1067.7633999999998,1065.1848,1073.329,1067.1232,1067.3111000000001,1060.3388,1068.1207,1070.3698000000002,1060.7916,1068.1399,0.0,5.5126061e-05,9.0533273e-05,0.0
1063.1271,1066.8844000000001,1061.672,1064.4496000000001,1068.9419,1069.1770999999999,1068.9435999999998,1068.9975000000002,1068.3695,1069.0005,1068.8841,1068.8277,947.59713,945.66076,930.64414,871.84593,1063.4216,1027.0439999999999,1031.5801999999999,1023.066,1064.9757,1052.3143,1065.0419,1069.4584,1032.3953000000001,1032.6412,1040.7029,1032.8454,1064.2094,1066.2056,1065.4046,1068.1544999999999,1068.7163,1069.3128000000002,1069.5056000000002,1069.7692,1014.5148,988.3302300000001,971.4147399999999,940.20794,987.0329800000001,890.08992,1069.3282000000002,1063.6843,1075.6437,1069.3574,1066.7473,1048.0928999999999,1075.2309,1064.7866000000001,1070.5511,1070.3713,1068.8791,1066.7509,1061.794,1067.9885,0.0,5.5766904e-05,0.00011989096999999999,0.0
1063.7438000000002,1066.6522,1062.3041,1061.7068,1068.9463,1069.0688,1069.108,1068.7312,1068.5543,1068.6507,1068.8467,1068.4504,951.52169,943.79979,927.81251,872.5397,1063.798,1032.8967,1028.1019999999999,1026.5240000000001,1070.4598,1060.7212,1066.8244,1067.8591000000001,1032.0081,1040.3848,1031.331,1021.5627,1064.7994999999999,1067.6034,1066.5543,1069.1435,1070.1923000000002,1070.0772000000002,1068.786,1069.4447,1006.7389,988.14818,971.92818,929.46309,1024.3262,897.31391,1066.9472,1064.5726,1075.4796000000001,1068.1235,1066.3107,1061.5939,1086.7635,1072.6121,1070.7479,1068.7684,1067.9221,1069.3331,1060.8362,1068.8188,0.0,5.6738959e-05,0.00013187484,0.0
1063.598,1062.7307,1063.01,1062.7469999999998,1068.9509,1069.0472,1068.884,1068.4655,1068.8791,1068.6580999999999,1068.7282,1068.6058,956.19924,946.0914799999999,924.52763,882.1243900000001,1065.2630000000001,1044.1403,1038.1778,1037.0195,1067.1698000000001,1054.7653,1069.5114999999998,1068.7417,1034.6146999999999,1039.9261000000001,1040.0796,1030.9466,1066.2034,1068.0435,1068.0299,1068.4688,1072.9921000000002,1073.8175,1072.3223,1073.3718000000001,1002.7375000000001,991.8635600000001,971.90377,922.90747,1024.538,893.52581,1071.7576,1065.714,1070.9024,1066.9147,1066.359,1064.9242,1082.297,1068.0304999999998,1074.4929,1066.7494,1073.0188,1072.1553999999999,1062.9873,1068.7357,0.0,6.4570315e-05,0.00015492628999999998,0.0
1061.3174999999999,1063.6988999999999,1063.1154000000001,1059.5453,1068.9434,1068.9711,1068.7691,1068.6634,1070.0967,1068.6851,1069.0825,1068.6333,957.51287,951.1481399999999,926.05725,873.0335200000001,1062.8251,1035.2844,1025.5404,1039.1929,1066.2004,1063.0502999999999,1070.7778,1071.8915,1033.3981999999999,1034.0908,1046.7094,1038.7804999999998,1066.5491,1067.8736,1070.3676,1071.5,1074.0484,1072.9099,1074.2781,1075.4612,1014.2881,981.51086,957.1032200000001,940.49855,1027.5012,896.4202,1069.8844000000001,1068.284,1080.4062,1067.8127,1068.3418000000001,1062.9788,1084.2005,1072.8146000000002,1076.3965,1068.6689,1074.1234000000002,1072.4821000000002,1063.2548000000002,1069.0291,0.0,7.0699754e-05,0.00014208479,0.0
1065.4682,1062.5884,1063.1495,1057.4252,1068.8452,1068.7729,1068.5344,1068.6887,1070.2025,1068.9005,1069.2762,1068.9086,953.10995,949.5959700000001,927.06068,897.75265,1054.1502999999998,1027.0239000000001,1021.4912,1042.1882,1065.1804,1065.9501,1069.1041,1071.2542,1028.4507,1039.3798000000002,1027.3219,1033.0698,1068.6319999999998,1071.8498,1071.9829,1073.9453999999998,1074.2887999999998,1072.3952,1074.372,1073.7027,1022.4755000000001,992.6700800000001,963.58538,941.7847399999999,1020.5236,904.3678600000001,1069.5921999999998,1072.217,1078.6479,1067.6912,1069.7848,1066.8384,1080.0752,1073.4936,1072.8438,1066.1442,1072.5817,1073.6523,1060.6277,1072.7853,0.0,6.5855806e-05,0.00012828705,0.0
1063.9659,1062.2768999999998,1062.2730000000001,1064.6085,1068.787,1068.8128,1068.7628,1069.3253,1070.8798,1068.9079000000002,1069.825,1069.646,954.31868,941.4582800000001,925.0067,902.45287,1060.4829,1030.091,1033.5718,1039.8619999999999,1066.8915000000002,1045.2156,1071.2265,1069.1047,1029.6091999999999,1015.6043,1034.6566,1030.4534999999998,1068.0405,1071.3251,1074.0275,1074.3686,1075.0079999999998,1075.059,1076.3798,1076.3493,1018.9489000000001,1003.3383,957.60202,917.28964,993.72885,899.01783,1077.7296999999999,1066.3329,1076.2625,1068.7997,1071.9771,1067.9832000000001,1079.7622000000001,1077.2035,1075.5156,1070.4823000000001,1075.1408999999999,1072.9168,1059.4278,1068.7957,0.0,6.0698698e-05,0.00010091264999999999,0.0
1061.5343,1061.2399,1060.9357,1065.4924,1068.9617,1069.1012,1068.6293999999998,1069.7902,1070.0606,1069.8818,1069.5459,1070.1045000000001,951.80311,936.15061,918.83672,909.27487,1068.4853,1031.4387,1025.9862,1033.7236,1076.7068,1042.998,1069.446,1057.1307,1036.6399000000001,1018.4434999999999,1040.525,1040.0308,1067.8056,1072.4965,1075.8591,1076.5897,1073.1234,1071.9454,1074.2740000000001,1074.1719,994.5824500000001,992.55705,960.7469199999999,922.2273799999999,1004.0018000000001,891.65499,1070.1586,1069.271,1080.2705,1070.9313,1071.8512,1054.0858,1086.1671999999999,1077.8916000000002,1076.6824,1071.6637,1071.8158999999998,1071.1404,1058.6294,1069.2211,0.0,7.3484582e-05,0.00024228365999999998,0.0
1063.6567,1065.0611,1061.289,1062.5661,1069.3203,1069.5259,1069.1968,1070.0448000000001,1071.6245,1069.8806,1070.065,1070.4998,949.37129,942.54539,909.7426499999999,909.2421999999999,1063.7163,1045.5768,1031.8897,1037.6646,1076.8878,1056.5697,1061.5418000000002,1057.1555999999998,1033.8602,1041.4941000000001,1025.539,1032.9673,1068.2666,1073.2425,1073.2711,1075.5869,1074.7894,1074.2429000000002,1074.2954,1074.0978,1013.4875,978.0107499999999,972.54888,926.6126499999999,1000.8233,890.54522,1077.5248,1068.4905,1081.7564,1072.9832000000001,1076.6290999999999,1058.1315000000002,1083.3027,1073.6838,1075.8921,1068.5693,1071.699,1066.3552,1061.4523,1070.2866,0.0,8.1042905e-05,0.00046563257,0.0
1063.9842,1059.9513,1062.683,1061.3584,1069.4527,1069.8617000000002,1069.3897,1070.4234999999999,1071.9024,1070.7831,1070.5230999999999,1070.6508999999999,954.1372,949.3697,904.80947,903.67257,1066.4292,1036.1649,1039.8899000000001,1038.7006000000001,1075.0618,1047.2129,1060.7648,1060.2845,1032.6191000000001,1028.7706,1035.8984,1031.7438,1068.9242,1071.0071,1073.6942000000001,1074.4845,1068.983,1073.5101,1072.6074999999998,1073.4224,1018.3306,973.9543199999999,939.06361,918.66957,998.88059,888.50135,1081.1,1069.9931,1079.3518,1073.8653,1072.907,1064.8272,1078.5620999999999,1070.7326,1068.2812,1062.302,1068.5657,1058.0123,1063.2060999999999,1069.7343,0.0,0.00013127244,0.00040814814000000003,0.0
1063.6230999999998,1057.9944,1063.2312,1058.7996,1069.7086,1069.9978,1069.8718000000001,1071.0282,1071.9065,1070.7982,1070.8083,1071.3061,962.2991499999999,957.16692,922.36783,911.63493,1066.7881,1035.1196,1027.1295,1038.7925,1072.5316,1050.0689,1066.2149000000002,1061.614,1035.1265,1035.3933,1039.4899,1042.1168,1069.6589999999999,1070.4503,1072.953,1073.5384999999999,1066.4706999999999,1070.7493000000002,1067.3098,1068.2766,1005.6565999999999,987.5063899999999,933.37594,915.57686,1008.4803,886.46492,1074.4179,1067.7356,1074.6532,1072.2799,1071.2519,1055.9867000000002,1075.0195999999999,1063.8066000000001,1066.0937,1054.4469,1064.4038,1061.7083,1063.7252,1070.3988,0.0,0.00013217847,0.00021041018999999999,0.0
1062.4168,1062.1116,1061.9644,1058.3135,1070.0548000000001,1070.4678999999999,1070.459,1071.3653,1070.4737,1070.6645,1071.205,1071.3636000000001,958.61291,962.42784,934.08502,918.96767,1063.7655000000002,1032.6942000000001,1025.8136,1035.1612,1062.8468,1049.0499,1062.8742,1065.6792,1034.2536,1035.6639,1032.9774,1032.5009,1068.6352,1069.6669,1070.0265,1069.3937999999998,1064.7104000000002,1068.43,1064.7269000000001,1066.2437,1002.7947,995.9382,945.7247699999999,920.75519,1021.6037000000001,893.3225600000001,1070.4177,1071.6148999999998,1072.9714999999999,1070.6863,1069.8303,1065.2731999999999,1066.6518999999998,1059.2985999999999,1062.7925,1056.8671,1062.7232999999999,1059.2354,1062.8857,1069.1609999999998,0.0,0.00011009071000000001,9.789702e-05,0.0
1062.5365,1062.9107000000001,1060.1849,1060.3905,1070.4516,1071.0364,1070.8345000000002,1071.3893,1069.4071,1070.8278,1071.1566,1071.1391,957.7237700000001,960.5174,933.19748,917.09756,1066.7650999999998,1030.1684,1025.3382000000001,1036.2665,1060.4493,1051.5097,1068.9461999999999,1061.9221,1029.507,1035.5821,1031.4033000000002,1031.7637,1066.2238,1067.3112999999998,1066.595,1065.7994,1067.1633,1067.8757,1065.1157,1065.7872,990.4920800000001,995.6352400000001,959.3580099999999,924.38612,1014.3380000000001,886.1546,1067.8425,1070.6445999999999,1069.9685000000002,1070.1984,1067.1696,1061.8034,1065.8745000000001,1064.5267999999999,1061.1979999999999,1054.6757,1062.1043,1062.4639,1058.1608999999999,1068.4332,0.0,8.3359264e-05,5.4401543e-05,0.0
1061.5167,1062.4392,1060.4329,1067.1315,1070.7161,1070.8410999999999,1071.1390000000001,1071.0147,1068.9448,1070.8414,1070.4639000000002,1070.5697,952.96394,953.09749,929.58307,915.01565,1069.2633,1024.9974,1030.9257,1034.4288000000001,1062.7794,1041.2432999999999,1064.1739,1057.4256,1033.2965,1029.6216000000002,1034.7613000000001,1030.4151000000002,1063.8977,1065.2387,1064.7377000000001,1064.5321,1067.566,1068.1758,1066.8404,1067.3321,1003.7414,987.08069,954.8222,925.70383,999.32657,880.61986,1065.6739,1067.2033,1068.3093000000001,1069.8789000000002,1066.5459,1063.1884,1062.5802999999999,1061.1593,1064.2682,1063.6428999999998,1063.9178,1062.3307,1059.116,1069.009,0.0,5.3813843e-05,5.3249011e-05,0.0
1062.5711000000001,1065.3004,1061.9593,1060.1214,1071.0717,1070.7017999999998,1071.1725,1070.547,1069.8606,1070.431,1070.7998,1069.8595,948.2046,953.79148,925.11636,915.8936299999999,1066.7962,1027.9721000000002,1036.8658,1033.5973999999999,1066.1976,1038.4077,1058.3101000000001,1052.857,1030.9511,1027.9103,1035.9756,1030.8651,1063.6541,1064.25,1064.9153,1066.291,1063.4186,1065.3568,1064.907,1064.8727999999999,1006.6165000000001,972.17504,935.91531,925.0962599999999,977.68289,886.77436,1065.9295,1064.0483000000002,1066.7787,1068.605,1065.9556,1060.9070000000002,1065.6228,1065.1507,1063.0475000000001,1064.1964,1062.6673,1056.9543,1061.0928999999999,1067.7049,0.0,3.763449e-05,7.341162099999999e-05,0.0
1063.1449,1065.5059999999999,1062.7792000000002,1062.4305,1070.7139,1070.5245,1070.0745,1069.8337999999999,1068.7531,1070.0004999999999,1070.4341,1069.4286000000002,952.00029,949.4010099999999,923.33148,914.66143,1065.303,1036.0091,1033.4691,1023.9686,1064.7473,1048.1723000000002,1056.9003,1048.3228,1029.195,1026.3718,1037.3755,1022.9363,1063.716,1065.2075,1064.1506,1065.1043,1059.7169999999999,1061.9413,1062.4943,1063.0718,999.73145,976.4712,934.4372000000001,912.11573,1014.3787000000001,887.8551199999999,1063.3277,1061.3164,1062.6231,1066.6021999999998,1066.5773000000002,1055.6364999999998,1061.2496,1062.7331,1058.6614,1055.1733000000002,1056.6761,1051.1542,1059.6423,1069.8749,0.0,5.8511603999999995e-05,9.105341e-05,0.0
1060.6208,1059.4258,1063.9106,1063.5969,1070.5871,1070.263,1070.0318,1069.7243999999998,1068.2824,1069.7074,1069.8211,1069.4185,949.3669100000001,952.6537000000001,926.78654,918.8640399999999,1058.1007,1032.5785999999998,1028.2183,1027.1601999999998,1062.0499,1042.8497,1055.8124,1060.1129,1036.7216,1037.3771,1048.1937,1034.8695,1063.4141,1063.9193,1062.9606999999999,1063.5097,1056.8839,1061.7071999999998,1057.1058,1058.1873,992.14718,983.2588,950.79629,901.4574,1012.1919,884.7584300000001,1058.2014000000001,1059.6222,1063.9375,1064.9838000000002,1061.9985,1060.4071,1064.387,1055.8915,1053.9858,1051.097,1053.9071,1049.106,1060.8907,1069.1437,0.0,0.00013259838000000002,0.00011068871,0.0
1063.3062,1061.6935,1063.0053,1059.4502,1070.4053000000001,1070.035,1069.8274,1069.3318,1066.6344000000001,1069.3417,1069.131,1068.9047,950.3642799999999,959.6805,925.4275,925.8826,1054.3030999999999,1027.3084,1029.2294,1035.9177,1058.9913,1048.8781000000001,1058.0367,1058.1933999999999,1040.8341,1048.3172,1036.2133999999999,1035.9217,1062.0409000000002,1061.6272999999999,1060.3654999999999,1058.6724,1057.5943,1061.3369,1056.0005,1057.6991999999998,1002.7095,975.83738,952.24611,905.88454,1000.1344000000001,894.0313,1058.6502,1058.1639,1065.3863999999999,1067.0113,1062.4915,1055.1268,1067.567,1054.8294,1056.3024,1049.0863,1053.6303,1058.5307,1063.6507,1063.6300999999999,0.0,0.00017985474000000001,0.00027609172,0.0
1064.9923,1063.8718999999999,1062.0625,1061.2352,1069.8867,1069.7599,1069.2054,1068.7884,1067.7699,1068.1929,1066.9989999999998,1068.1763,950.9937,944.18714,923.9676800000001,912.5205,1055.6909,1028.0138,1031.9407999999999,1035.6021,1056.0582,1052.2444,1056.7776000000001,1056.8118,1031.4423,1036.0256000000002,1038.2476,1032.4822,1059.5907,1061.8420999999998,1057.4602,1055.7506,1061.3134,1063.8512,1057.3944000000001,1060.5074,992.5345599999999,976.43172,965.6702300000001,907.82253,1010.7125,885.1653,1061.7848999999999,1053.6654,1064.3428999999999,1066.4796999999999,1061.61,1059.2163999999998,1064.649,1052.6979999999999,1055.8338,1051.6634,1060.012,1059.5121,1061.8804,1066.6223,0.0,0.00022313902999999998,0.00089704346,0.0
1062.7467000000001,1061.0049000000001,1062.5958,1065.6888000000001,1069.3034,1069.3584,1068.3111,1067.8378,1067.2571,1068.0168,1068.0828,1066.5173,948.8341,944.74007,921.35328,899.83589,1053.2042999999999,1027.5969,1027.8024,1033.6695,1055.4596,1055.0742,1057.3305,1057.5926,1034.5431,1024.1512,1038.9498,1028.8964,1058.1356,1059.8090000000002,1057.0994,1057.1081,1058.5789,1061.0466999999999,1061.1369,1061.1380000000001,998.6011500000001,975.66015,952.4502600000001,907.37932,1014.2167999999999,891.20105,1061.2058,1055.9543999999999,1068.8589000000002,1063.473,1061.6815000000001,1054.642,1056.1984,1055.9805,1057.0511000000001,1053.7375000000002,1054.6245000000001,1054.0419,1059.3681,1067.0336,0.0,0.00040778584000000003,0.001580712,0.0
1062.0912,1060.9257,1062.0174000000002,1061.259,1068.9694,1068.4624,1068.7056,1066.314,1067.0231999999999,1067.4285,1067.4915,1065.851,946.29166,952.69818,917.9369399999999,897.98104,1060.1742,1032.1608999999999,1028.5418,1036.6133,1061.9996,1053.1783,1058.9601,1065.0951,1041.4014000000002,1040.8054,1031.4124,1034.7818,1058.2944,1059.7069,1060.0652,1060.3848,1056.7516,1059.4497999999999,1057.3273,1058.7979,997.21014,964.6186299999999,972.99355,906.6706,1022.7731999999999,891.20328,1059.8967,1054.0307,1060.1473,1062.9455,1057.9674,1053.6701,1061.7695999999999,1056.2707,1056.8443,1053.0135,1056.2374,1058.2877,1059.7603,1062.166,0.0,0.00046925623000000004,0.0017630408,0.0
1064.5536,1061.4445999999998,1063.4358,1054.7368,1068.1579,1067.6957,1067.8600999999999,1065.8512,1064.2357,1067.0113,1065.9475,1065.3744,942.74782,955.80104,920.79293,909.2615000000001,1055.7162,1035.2318,1030.7048,1027.3038000000001,1056.6248,1038.8216,1063.6732000000002,1061.6027000000001,1039.5712,1034.9518,1041.3685,1032.6166999999998,1059.6983,1060.5608,1058.3004,1058.3861,1061.2830999999999,1061.0614,1058.3682999999999,1059.9207000000001,1003.1599000000001,975.85435,970.46109,907.7414699999999,1015.9135,889.61634,1061.5047,1056.1986,1065.3447,1060.1529,1058.6884,1058.5620999999999,1069.0108,1054.619,1064.9611,1056.3384999999998,1060.5459,1063.8743,1063.4231,1064.1794,0.0,0.00048751539,0.0014638765,0.0
1062.2389,1057.0594999999998,1062.6892,1060.686,1067.5939,1067.5432,1066.8304,1065.833,1064.1347,1065.9658,1065.4358,1064.9660000000001,938.40726,958.62803,921.1923999999999,905.74509,1057.3142,1032.1589,1038.1451,1028.2278999999999,1057.658,1048.8769,1060.9911000000002,1056.4841999999999,1032.9592,1028.4159,1044.765,1039.6017,1059.3154,1058.3498,1057.7506,1058.2942,1062.9261999999999,1061.4607,1062.0338000000002,1062.6562,1016.2847999999999,983.5910799999999,959.77899,906.96216,994.2319,901.9902000000001,1059.0993999999998,1059.5958,1069.5457,1059.4433999999999,1061.0235,1057.2768,1072.3406,1058.6602,1064.5718000000002,1060.9863,1063.0058,1063.3617000000002,1063.7616999999998,1063.6745,0.0,0.00045253628,0.0010803616000000002,0.0
1058.7862,1061.8805,1062.6052,1061.1598,1067.4412,1065.7711,1066.5819,1064.9265,1065.7886,1065.5319000000002,1065.0851,1064.5989,933.50873,955.60501,930.16553,911.44521,1056.8113,1029.7663,1028.7177,1033.4196,1063.1178,1054.8596,1058.3943,1059.21,1028.7074,1032.4588,1030.9044,1025.5368999999998,1060.7212,1061.4909,1060.4839,1061.9721,1062.0021000000002,1061.6211,1063.1708,1063.8762,1015.1158999999999,989.0543700000001,967.1247,925.93536,1010.9702,904.08779,1062.4325000000001,1058.7202,1065.9204,1060.6561,1060.0579,1058.4386000000002,1072.7035999999998,1064.2521,1064.1326999999999,1062.9152000000001,1062.1034,1058.9495,1059.4024,1064.2667999999999,0.0,0.00042289488,0.0023455014,0.0
1062.5831,1061.6261,1062.2469,1056.641,1067.0237000000002,1065.031,1066.1454,1064.5297,1064.0967,1064.9991,1064.8352,1064.6627,939.0822700000001,953.40137,930.75598,915.8586600000001,1058.1872,1025.0233,1030.9873,1035.9411,1065.3531,1053.4009,1058.0403,1059.8693,1024.1668,1022.6778999999999,1028.6613,1022.9124999999999,1060.2472,1061.2057,1062.848,1062.9259,1061.055,1061.397,1061.5529,1062.6291,1009.7365,1005.3404000000002,963.91281,917.37205,1008.5183000000001,910.35513,1067.6015,1060.4854,1067.1884,1063.2363,1061.6624,1045.7091,1074.5592,1064.3345000000002,1065.6381000000001,1056.615,1058.5675,1060.8693,1058.8659,1064.3339,0.0,0.00076613602,0.0045432862,0.0
1061.6243,1058.4596000000001,1061.8621,1059.4604000000002,1065.7531000000001,1065.0933,1065.1379,1064.498,1064.1433,1064.7346,1064.6047,1064.5342,941.2417200000001,949.41177,928.31239,895.79325,1057.4,1024.4544999999998,1028.7676999999999,1032.9725,1060.3337,1059.3019,1059.2027,1063.405,1031.2741,1034.5742,1028.4184,1028.9470999999999,1061.1719,1062.6964,1061.8595,1062.2666000000002,1063.2828000000002,1061.9331,1062.8815,1062.8749,988.35045,994.0742799999999,962.1697,913.87909,1015.675,919.40755,1064.7012,1059.5259,1067.8186999999998,1062.2258,1065.3425,1057.3089,1070.6051,1061.6283999999998,1066.2428,1057.729,1063.1121,1063.1455,1061.941,1064.0812,0.0,0.001527567,0.004851549399999999,0.0
1059.6293,1056.7779,1062.4307999999999,1061.239,1065.1326000000001,1065.2487,1064.4239,1064.2585,1064.282,1064.8655999999999,1064.1901,1064.2809,944.6413600000001,944.0524300000001,925.73952,872.04778,1059.9260000000002,1029.818,1014.3694999999999,1028.9295,1058.2640999999999,1054.5764,1063.9773,1065.6470000000002,1041.7222,1033.7984,1037.5393,1027.3118,1061.1354000000001,1062.6628,1062.1442,1062.0764000000001,1065.6068,1064.2454,1064.3205,1065.5852,991.9896200000001,980.69332,973.6501599999999,928.0285700000001,1012.4632,906.52327,1066.113,1060.6546,1069.5836,1064.0018,1064.1305000000002,1061.4491,1074.3339,1059.0618000000002,1067.7926,1059.1944,1066.2176,1065.5384,1062.4152,1064.5222,0.0,0.0020786779,0.0044003151,0.0
1060.5916,1059.7055,1061.1159,1054.8758,1064.7956000000001,1064.9912,1064.3959,1064.1958,1064.2709,1064.4947,1064.2733,1064.0873,948.26581,944.25295,927.81452,866.49692,1061.8328000000001,1032.8393999999998,1028.6285,1031.7908,1060.4859,1053.3356,1064.2723,1057.0874000000001,1037.0002,1040.3018,1042.1142,1034.7279999999998,1061.7921000000001,1061.877,1062.7857999999999,1064.1157,1067.9295,1066.2769,1068.5689,1069.6649,990.7283199999999,964.8696699999999,966.16612,929.67946,995.0280799999999,906.24394,1066.9372,1061.0453,1074.3468,1065.6156,1065.7928,1062.0964,1074.5534,1063.747,1068.6672,1061.5584999999999,1066.2042,1066.2767,1059.7003,1064.12,0.0,0.0021545812999999997,0.0033753801,0.0
1060.5697,1060.8185,1060.2182,1057.1179000000002,1064.6791,1064.5468,1064.1862,1064.1209000000001,1064.9525,1064.3932,1064.471,1063.9701,953.3353199999999,952.3239699999999,928.83209,889.19711,1061.9386000000002,1038.2867,1039.4372999999998,1026.2992,1068.0820999999999,1058.1495,1060.0232,1065.0576,1028.016,1026.4502,1031.2239,1029.0818000000002,1063.7395,1064.4352999999999,1066.1504,1068.9099999999999,1066.7829,1067.0841999999998,1069.3911999999998,1069.5069,995.2474900000001,972.47503,982.6785299999999,923.0649099999999,1001.6768,907.22064,1071.1722,1060.1288000000002,1072.6973,1063.8877,1064.8177,1057.8765999999998,1080.5736,1067.4877,1072.0167000000001,1061.5988,1065.9431,1062.8936,1057.7214000000001,1064.8129,0.0,0.001999881,0.0029535796,0.0
1059.1524,1060.3427,1060.8391000000001,1058.2097,1064.4885000000002,1064.4974000000002,1064.0582,1064.1062000000002,1065.8708000000001,1064.5865999999999,1064.2739,1064.2651,953.47785,948.2359799999999,936.6663100000001,894.82738,1060.1445,1031.1513,1028.5303000000001,1022.7661,1063.5458,1061.8742,1062.7815,1071.3733,1020.0206999999999,1033.9818,1026.3138000000001,1027.1439,1063.5722999999998,1067.5705,1068.3546999999999,1069.8342,1067.0620999999999,1066.9372999999998,1066.374,1066.5753,1004.3991000000001,980.5125599999999,980.25102,923.09632,1023.5863,909.2327600000001,1066.8349999999998,1061.8839,1076.7366,1069.8599,1064.437,1052.4564,1087.7245,1068.8234,1075.5969,1058.5563000000002,1067.2408,1066.8694,1059.2607,1065.3452,0.0,0.0013105086,0.0027787064,0.0
1058.5742,1059.8349,1060.5977,1058.5320000000002,1064.2523,1064.4986000000001,1064.1228,1064.5889000000002,1065.2685000000001,1065.1997,1064.4828,1064.8490000000002,955.09608,949.6320900000001,939.8135699999999,885.3305899999999,1057.9135999999999,1034.7983000000002,1020.0477999999999,1031.2251,1060.4001,1062.7157,1071.441,1070.3945,1025.2379999999998,1039.8895,1030.2162,1036.8344,1065.9882,1066.8284,1067.2933,1067.5271,1071.2905,1068.7907,1068.5331,1068.0692999999999,1010.3772999999999,988.98981,964.05438,932.46203,1001.8412999999999,912.8832,1073.2723,1061.1492,1075.3,1065.8747,1066.991,1066.9078,1098.5226,1069.3916,1070.9162,1062.7646000000002,1069.8145,1074.8679,1058.3226,1064.5412999999999,0.0,0.00087069705,0.0035082352,0.0
1058.799,1061.7044,1060.148,1060.4674,1064.365,1064.6567,1064.4191,1065.008,1066.0744000000002,1064.8043,1064.7971,1065.4035000000001,954.43544,952.1961,933.46338,885.0768,1055.4259,1033.0577,1037.4891,1036.4139,1071.5005999999998,1059.8808000000001,1072.7067,1074.2798,1028.7459000000001,1038.0771,1035.8968,1035.9587000000001,1063.9902,1067.155,1066.8403,1068.328,1074.518,1071.9619,1072.4713000000002,1072.9792,1008.0651999999999,981.95397,965.23375,929.59963,1008.5859,919.93679,1079.512,1062.9822,1078.3682,1068.62,1066.5709000000002,1062.1924999999999,1080.0754,1068.5232999999998,1077.6338,1070.4261,1077.3496,1075.2501,1058.02,1064.9333,0.0,0.0016501863,0.005400549,0.0
1059.5061,1062.7026,1059.5659,1057.1133,1064.6313,1064.754,1064.5352,1065.281,1068.3354,1065.2691,1065.0665000000001,1065.4633999999999,954.8313499999999,943.29693,928.40461,877.70277,1068.1001,1027.0772,1033.4862,1034.4161000000001,1075.8395,1060.8293,1075.5700000000002,1071.2367,1027.8427,1035.0133,1033.7775,1029.9007000000001,1063.7352,1067.5322,1068.7014,1070.8815,1075.3265000000001,1073.4343,1076.4007,1076.3742,1009.0247,978.48409,979.43159,924.76407,1013.8413,937.68223,1070.7121,1063.6058,1081.7069000000001,1069.63,1068.3774,1053.0971,1090.5516,1073.9098999999999,1077.5149,1067.5652,1075.1280000000002,1077.9525,1057.6613,1065.5596,0.0,0.0029487511,0.0056837397,0.0
1059.0239,1062.6489,1059.5726,1062.269,1065.1517999999999,1064.9648,1064.7501,1065.6757,1067.3366999999998,1065.7412,1065.3812,1066.2713,956.96054,946.46025,923.67919,876.4643599999999,1066.0446,1038.7830999999999,1016.5223000000001,1028.4797999999998,1071.796,1067.1853999999998,1071.3893,1067.3154,1034.6177,1035.0352,1030.8971000000001,1037.3258,1065.4127,1069.5076999999999,1072.5449,1075.4774,1077.5796,1076.1868000000002,1077.5769,1078.1023,1002.3837,984.03687,975.47653,919.8510799999999,1005.2547,950.54588,1071.0725,1067.2339,1077.7015000000001,1070.138,1070.1179,1062.1000000000001,1089.4993,1081.0085,1078.7588,1072.0575,1077.3944000000001,1075.0933,1058.3568,1067.4633999999999,0.0,0.0031233931,0.005407322500000001,0.0
1059.3673,1061.7476,1059.5448,1060.0475,1065.4626,1065.2123,1065.1615,1066.3391,1069.1953,1066.2187000000001,1066.6785,1066.8692,952.6229900000001,946.4180700000001,920.46294,875.3321,1061.7541,1024.221,1028.1972,1031.385,1070.2781,1044.0734,1071.3224,1071.2843,1033.7518,1031.6286,1034.1024,1033.6503,1067.1784,1071.4947,1075.9277,1078.2527,1074.3180000000002,1075.3585,1077.6338,1077.3464,999.2049999999999,976.97281,967.10029,922.62716,1018.6946000000002,941.36997,1068.2165,1065.432,1081.3306,1068.8355,1075.2277,1063.6337,1085.2081999999998,1084.7819,1073.9113,1068.5811999999999,1073.8343,1070.6651,1057.7966999999999,1065.84,0.0,0.0030366457,0.0056130348,0.0
1061.5384000000001,1060.0227,1059.8854999999999,1056.6708,1065.6881,1065.7625,1065.9446,1067.4644,1070.0859,1068.0495999999998,1067.2964,1067.9866,950.6019,947.0798699999999,916.04708,895.1653,1063.3293999999999,1021.6496999999999,1020.2408,1035.495,1072.7277,1042.5923,1070.0814,1054.8629,1041.5373,1038.7621,1039.6870000000001,1034.7945,1070.2567999999999,1071.6766,1077.1068,1077.7668,1070.6659,1073.0348999999999,1074.0445,1073.2957,1019.1637000000001,964.2008900000001,986.1326,948.8001,1023.2274,916.27353,1073.2899,1072.4154999999998,1082.1544000000001,1073.2172,1073.6755,1067.1594,1082.3648,1073.4783,1074.9081,1069.6365,1069.3492,1066.9035000000001,1060.0534,1066.5467,0.0,0.0030235645,0.0061431462000000004,0.0
1060.1962,1059.4804,1060.7289,1059.7853,1066.0615,1066.5165,1066.6372999999999,1068.3419999999999,1070.5017,1069.532,1068.8028,1068.3512,946.90544,952.09975,910.8296300000001,907.95597,1062.1912,1027.8223,1027.7107,1025.1143,1076.1116,1050.6841,1064.7803999999999,1053.2812999999999,1032.721,1036.8619999999999,1035.8730999999998,1035.0921,1068.5407,1071.2462,1074.5918,1074.4494,1067.6537,1068.8471,1070.7275,1069.6043,1004.4440999999999,961.9328,979.7955399999998,966.0831400000001,1022.3456,905.30817,1080.1024,1070.0727000000002,1076.0315,1071.3081,1070.6964,1064.5672,1077.8688,1073.1573,1071.1019,1072.5846,1064.9188000000001,1063.8808,1060.0587,1068.0577999999998,0.0,0.0036242295,0.0056295043,0.0
1060.7375,1060.2458000000001,1059.5276,1060.0909,1067.0298,1068.061,1067.5153,1069.5024,1067.7439,1068.2179999999998,1068.8520999999998,1070.0708,946.03054,958.11702,914.0599500000001,913.2209799999999,1067.8987000000002,1030.0673000000002,1034.55,1024.6390999999999,1075.7709,1065.5497,1066.0677,1059.1575,1027.122,1027.4981,1031.9524,1027.8703,1068.1066,1069.2519000000002,1071.6334,1070.7551999999998,1067.4379,1070.3472,1067.5844,1068.5502,991.7176900000001,961.74375,992.04512,946.33306,1035.6042,901.61883,1075.7984,1066.1023,1071.2192,1071.6581999999999,1070.4207999999999,1062.0327000000002,1080.4281,1070.566,1067.2352,1060.6168,1064.2907,1062.0746000000001,1058.3798,1068.0766,0.0,0.0046024187,0.0040759261,0.0
1060.1334,1060.8044,1058.7131,1061.5454,1067.816,1068.4619,1067.9545,1070.0827,1068.2025,1068.184,1068.5602,1069.7945,947.52981,954.72192,912.44805,918.9733,1067.3601,1033.8931,1028.2248,1035.6479000000002,1067.3651,1050.4361,1059.293,1068.9995999999999,1034.3836000000001,1033.8247000000001,1034.5462,1032.6606,1067.9750000000001,1066.1035000000002,1068.6036,1068.5216,1067.2577,1071.0605,1066.9441,1068.5419,1011.9004,993.4857599999999,984.85526,933.6991099999999,1029.0899,893.3857399999999,1075.4046,1068.8492,1072.0457,1069.9147,1069.0701999999999,1060.0339000000001,1076.5823,1058.9344,1063.3521,1055.433,1063.7627,1059.3881,1057.3845,1066.7881,0.0,0.0029382274,0.0034377503,0.0
1058.4717999999998,1062.3856,1061.075,1058.5355,1068.3957,1068.0946000000001,1069.3107,1069.4641000000001,1068.0837000000001,1068.9403000000002,1068.7597999999998,1069.3899000000001,947.7218799999999,954.1672,905.12249,918.83588,1062.3826999999999,1040.2608,1025.3689,1036.3081,1059.6866,1056.2749999999999,1071.2314000000001,1067.5277,1033.9821,1046.5498,1024.5381,1034.4874,1065.6572999999999,1066.1474,1066.9735,1067.0827,1069.81,1070.0362,1067.6556,1070.0653,1010.7393,1001.4799999999999,946.70786,922.08457,1008.5176,891.10218,1074.3714,1065.5392,1074.4806,1070.1468,1068.46,1055.4261,1070.8193999999999,1057.8887,1063.8824,1055.6312,1068.0468,1068.6319,1060.9864,1067.6293,0.0,0.0021132217,0.0023902853000000003,0.0
1060.2789,1061.8893,1059.7718,1061.2536,1068.8302,1068.6618999999998,1069.5372,1069.4044000000001,1068.4926,1068.9231,1069.1004,1069.2847,949.80091,953.58542,903.7604200000001,920.96316,1063.0588,1038.805,1019.8158999999999,1030.0826000000002,1065.3937,1068.2791,1069.9258,1071.5589,1031.9623000000001,1036.4615,1031.4979,1031.6191,1063.4855,1065.4760999999999,1067.4325000000001,1068.0119000000002,1069.3718,1069.3216,1068.6916,1069.2821,1006.9402000000001,990.1117200000001,961.61472,917.67242,1002.6141,890.2242100000001,1070.6441,1062.8191,1072.0344,1065.8742,1067.2791,1059.5157000000002,1080.8199000000002,1062.6934,1070.813,1063.9289999999999,1068.4281,1068.7973,1057.5059999999999,1068.5785999999998,0.0,0.0014844189,0.00163718,0.0
1061.3866,1059.8635,1059.2557000000002,1060.2325999999998,1068.8986,1068.8089,1069.1915999999999,1068.8613,1068.8579,1068.7033,1069.1575,1069.1269,956.67621,953.00313,914.91703,913.83579,1060.7542,1036.7732,1029.5843,1029.0888000000002,1069.2626,1066.5894,1068.7995,1075.566,1030.6544999999999,1039.5173000000002,1033.8592,1032.9802,1064.6498000000001,1065.8418,1067.604,1068.2138,1070.1482,1069.2555,1070.5097999999998,1071.0439999999999,1008.8401,986.46982,981.06093,912.06508,1020.8807,895.5,1069.2353999999998,1056.2449,1076.3827,1069.2312,1066.8781000000001,1056.647,1087.0608,1066.7172,1078.1579,1061.7697,1066.5239000000001,1069.9611,1057.3174000000001,1068.4346,0.0,0.0009364315999999999,0.0010135014000000001,0.0
1058.8464,1062.5945,1061.0069,1061.7999,1068.9643,1068.7602,1069.2453,1068.9648,1069.2176,1068.8606,1069.0904,1069.0896,966.6888200000001,946.82257,921.15354,909.55296,1051.1033,1030.4748,1036.8209,1035.9218,1066.5148,1051.7396999999999,1072.7944,1074.1326,1037.3047,1037.6935,1025.3834000000002,1036.1988,1064.4622,1065.0330999999999,1068.8017000000002,1069.4617,1073.7171999999998,1071.1074,1072.7072,1073.1351,1020.1126,1007.5834,989.6110799999999,914.6865200000001,1030.4923,893.46861,1070.3814,1064.8065,1078.9823,1070.9877000000001,1068.4345,1056.6992,1077.6682,1067.0992,1071.5472,1067.5126,1073.3264,1074.6733000000002,1060.8174000000001,1068.7425,0.0,0.00058874014,0.00063216799,0.0
1061.9552999999999,1063.3076,1060.9622,1061.8684,1068.9459000000002,1068.7762,1069.0309,1068.961,1069.9328,1068.9659,1069.3315,1068.9972,964.0223199999999,951.14723,928.2606900000001,916.8888400000001,1059.0978,1024.8643,1030.1335000000001,1032.3837,1065.9873,1054.3327000000002,1070.8462,1064.6936,1033.0704,1037.4258,1032.6065999999998,1036.4058,1064.8621,1069.4759999999999,1069.4172,1072.481,1072.1577,1072.4930000000002,1073.4608999999998,1073.3563,1012.6915,998.9351999999999,993.5710200000001,923.64317,1028.6408,892.23965,1069.7438,1061.4451999999999,1080.1097,1071.8184999999999,1067.6651,1062.7093000000002,1074.3599000000002,1071.9586,1072.1354000000001,1069.0792,1072.2854,1071.5217,1059.8914,1069.4717,0.0,0.00039477369,0.00042085738999999997,0.0
1063.8237,1061.3144,1060.9648,1060.4035999999999,1068.9573,1068.8206,1068.8725,1069.0205999999998,1070.2573,1069.18,1069.3911,1069.3739,958.96257,952.3332499999999,936.9132099999999,919.18166,1060.7495999999999,1033.764,1028.2121,1024.7484,1072.427,1053.7436,1065.7640999999999,1071.3097,1032.0899,1037.8917,1036.1632,1029.8436,1066.7029,1068.1447,1071.9506999999999,1072.8752,1073.2236,1072.6316000000002,1072.6093999999998,1073.2594,1008.6551000000001,986.13078,992.68138,932.38015,1026.5915,893.41465,1069.8995,1062.9324000000001,1073.7434,1071.5565,1068.456,1061.9828,1075.6487,1073.368,1073.3454,1069.6518,1069.9117,1067.2466,1057.3634000000002,1070.6389,0.0,0.00029403887,0.00037556654000000004,0.0
1061.4692,1063.3716,1062.0922,1060.0145,1068.8673,1068.9652999999998,1068.9075,1069.3167999999998,1071.0125,1069.1897,1069.4749,1069.7997,959.15786,955.6681000000001,938.44917,915.9077599999999,1062.0072,1035.8177999999998,1036.1655,1029.6432,1074.3942,1059.6531,1067.3627999999999,1058.6447,1032.9598,1033.6991,1032.3772,1034.2566000000002,1067.7505,1070.2051000000001,1070.5159,1073.0837000000001,1070.8257,1072.9698,1074.28,1074.2936,1007.9878,981.8439,984.4943100000002,926.0878700000001,1010.3277999999999,892.53471,1073.9765,1061.0329,1075.0485,1068.7357,1068.7789,1068.8362,1070.5922,1071.2902,1068.6891999999998,1066.4158,1068.3246000000001,1067.1589,1061.0747,1069.6590999999999,0.0,0.00025481326,0.00074702296,0.0
1062.1515000000002,1063.4748,1060.8633000000002,1062.4557,1068.9067,1069.0855999999999,1068.8303999999998,1069.7516,1070.3143,1069.8242,1069.8998000000001,1070.0484,955.63287,953.64996,940.13227,922.0417,1064.2177,1034.1445,1046.8926,1036.8954,1075.3374,1057.9743,1059.0325,1065.4218,1030.5806,1036.8268,1033.5507,1034.232,1067.5718000000002,1069.9768000000001,1071.32,1074.0705,1068.2426,1071.0844,1069.2495,1072.1691,1020.5112,990.90595,990.0400800000001,922.2550100000001,983.5853400000001,892.0444600000001,1072.2372,1062.6363,1070.5864000000001,1069.3345000000002,1069.1574,1066.4739,1072.523,1071.1667,1071.1072,1068.5231,1067.3716000000002,1063.2549,1058.1922,1070.363,0.0,0.00032485846000000003,0.000978328,0.0
1061.9916,1062.3925000000002,1062.1906,1066.1710999999998,1069.1744999999999,1069.0058999999999,1069.1495,1070.0165,1070.3145,1069.9401,1069.9653,1070.3666,956.42762,953.23036,938.45485,927.76192,1062.5070999999998,1030.6352000000002,1039.7394,1036.6719,1070.7154,1055.6792,1066.6443,1063.2139,1033.3539,1034.4725,1032.8220999999999,1032.9266,1068.4269,1070.1383999999998,1070.138,1071.2364,1066.7583,1068.4644,1067.7314000000001,1067.8182,1021.4193999999999,1002.0271,958.3613399999999,919.97886,1005.2441,893.31683,1071.0756999999999,1062.8335,1072.5597,1070.3920999999998,1069.1301,1065.4443999999999,1074.7353,1067.8381,1069.7731,1059.9153999999999,1065.6162,1068.0292,1058.1914,1069.0647000000001,0.0,0.00036730888,0.0012077345,0.0
1062.709,1063.6499999999999,1062.752,1059.3191,1069.2987,1069.3546,1069.6169000000002,1070.118,1069.4856,1070.0881000000002,1070.1401,1070.4536,957.76054,955.19142,935.2001700000001,929.61698,1055.9972,1032.9195,1035.4644,1044.5671,1062.6363999999999,1049.4593,1068.6020999999998,1064.1494,1039.7524,1045.6468,1037.7037,1037.5662,1068.2005,1067.9667000000002,1068.5088,1068.6426000000001,1068.5326,1068.2422,1066.693,1067.3011,1012.4594,1008.0285,932.21378,912.2952700000001,1005.3127,898.32276,1064.1704,1060.0721,1074.2954,1071.8065,1070.5726000000002,1052.6989,1079.2072,1061.7975999999999,1069.4605999999999,1064.4417,1067.7923,1068.3256,1063.3658,1068.6573999999998,0.0,0.00041151075,0.0014978573000000001,0.0
1064.3011,1063.4107999999999,1061.9044999999999,1063.2998,1069.4782,1069.8653,1069.5855,1070.4032,1069.4373,1070.1123,1069.7254,1070.1606,958.80552,951.47129,933.15836,926.23865,1054.0828000000001,1021.998,1026.1698,1043.5863000000002,1065.2496999999998,1044.1343,1066.5595,1061.346,1041.6082,1048.2082,1041.3899999999999,1040.8647999999998,1065.9679,1066.7145,1066.0695,1066.9727,1070.3388,1069.5087,1068.9274,1069.6926999999998,1006.6521,997.5126000000001,949.2326800000001,912.27799,1015.3484000000001,914.5679,1059.8146000000002,1053.8226,1077.7147,1062.4385,1070.998,1061.5698,1078.6482,1067.2425999999998,1072.1754,1069.3141,1068.8326,1067.9891,1063.356,1068.7666000000002,0.0,0.00056821515,0.0017513649,0.0
1063.5707,1063.5040000000001,1063.3315,1066.0371,1069.5426,1070.1336000000001,1069.954,1069.8954999999999,1069.1905,1069.765,1069.7511,1069.8494,969.07155,952.60824,933.58986,913.77926,1065.0341999999998,1015.2763,1018.7696000000001,1037.5798,1071.7381,1038.47,1062.2540999999999,1057.271,1036.1882,1034.3525,1040.3819,1038.1874,1065.8154,1066.6419,1067.5176000000001,1069.1268,1069.3956999999998,1070.6749,1070.3359,1071.1665,1005.288,982.1364100000001,965.3950900000001,918.4191599999999,1018.1832,914.2547500000001,1070.1183,1061.8196,1076.2838,1071.5581,1069.6417000000001,1065.5122000000001,1072.7356,1070.5493999999999,1068.0243,1066.1172,1068.9129,1061.8202,1059.4370000000001,1068.7131,0.0,0.0009036633,0.0017922314,0.0
1063.5357000000001,1065.1041,1063.3626,1062.7613000000001,1069.9398,1070.0059,1069.9905,1069.8352,1069.7479,1069.4488000000001,1069.9277,1069.6938,968.77674,954.06211,939.02355,917.42095,1063.7797,1028.4518,1026.5853000000002,1032.8649,1070.2925,1040.5306,1059.7888,1051.4089000000001,1041.5237,1038.6753,1037.6113,1036.1458,1066.1761000000001,1067.6875,1069.4651999999999,1070.6942,1064.2083,1067.9476,1066.8584,1067.063,1003.4150999999999,979.16574,966.59908,919.59693,1018.0206999999999,906.4236999999999,1071.5535,1064.5601,1070.9048,1069.0738000000001,1068.3050999999998,1064.8696,1064.5525,1068.8466,1062.9557,1061.9144999999999,1064.6895,1060.5128,1059.1441,1069.4365,0.0,0.00082782089,0.0014152890000000001,0.0
1064.0051,1065.8500999999999,1062.4503,1064.6607000000001,1069.9778000000001,1069.6021,1069.8509999999999,1069.5583000000001,1069.0593,1069.7675000000002,1069.5246,1069.5589,961.53235,955.78951,943.54887,915.74997,1063.2706,1036.4586000000002,1046.7413,1031.5759,1069.951,1041.4368,1057.2783,1051.5902,1048.1678000000002,1046.9139,1031.7513999999999,1029.6904,1067.0982,1067.9249,1068.1731,1067.8130999999998,1060.6788000000001,1060.6453,1063.3693,1062.4886000000001,986.2573699999999,968.27121,995.62652,917.97016,1010.6793999999999,904.26316,1060.3953000000001,1063.1433,1062.504,1069.7545,1066.6864,1056.3700000000001,1063.1223,1065.0918000000001,1058.9451,1063.0521999999999,1059.4732999999999,1052.5554,1062.4368,1069.4127,0.0,0.00064929832,0.0011516676,0.0
1064.0109,1061.2256,1062.7170999999998,1066.0624,1069.9453,1069.6991,1069.641,1069.596,1067.2595000000001,1069.8159999999998,1069.5345,1069.6708,966.26106,958.94995,947.22153,899.89893,1069.4997,1031.6381,1037.0754000000002,1031.5561,1066.8791,1055.5956,1050.7929,1057.2152,1043.5607,1041.6834,1041.7595999999999,1034.9793,1065.1972,1065.3342,1065.4515,1064.4983,1060.1006,1061.6391,1058.7112,1058.8508,994.39293,967.4458500000001,981.3515500000001,926.07114,1018.2883000000002,904.0484899999999,1060.268,1063.9495,1065.349,1066.5291,1064.5807000000002,1054.8586,1071.5067999999999,1063.8432,1059.0168999999999,1051.3678,1056.6739,1057.6118000000001,1062.9507,1068.3826000000001,0.0,0.00055503714,0.0011946678,0.0
1063.4660000000001,1063.7849,1063.9585,1061.9787,1069.7124999999999,1069.7231000000002,1069.4985000000001,1069.5342999999998,1065.9711,1069.5422,1068.8516,1069.0832,962.62005,965.0027,944.7911700000001,911.5122,1062.8278,1028.3609999999999,1021.2452999999999,1031.5925,1061.2939,1061.104,1056.314,1067.0559,1039.5283,1044.3389,1044.8451,1037.8398000000002,1064.4489,1062.5655000000002,1061.519,1060.3109,1059.8437,1060.9876,1058.8231,1059.6669,1023.2235,975.5759,960.23825,935.25154,1010.9336999999999,901.6683400000001,1066.2518,1063.1789,1071.7776000000001,1064.3656,1062.7075,1058.2933,1075.6665,1057.0108,1058.0177,1050.8029999999999,1059.9877999999999,1061.5179,1063.5638000000001,1066.7615,0.0,0.00048488598000000004,0.0010559014999999999,0.0
1064.882,1064.5763,1063.9927,1060.5765000000001,1069.6098000000002,1069.6469,1069.3437,1068.5907,1065.5271,1068.4358,1068.4385,1068.0904,961.5417699999999,962.29492,941.5606300000001,907.28617,1054.1509,1028.0012,1025.6832,1036.4249,1054.7637,1049.035,1062.2552,1067.4959,1042.9303,1048.7392,1042.7078,1041.1922000000002,1061.6933,1059.3019,1061.396,1059.6589000000001,1065.6299000000001,1066.5274,1062.3687,1062.7691,1015.5834,975.2338,958.5572999999999,931.75246,1020.3375,907.4177,1068.4259000000002,1059.8254,1073.9383,1066.4704000000002,1065.2537,1056.7677999999999,1071.0254000000002,1056.8776,1062.272,1054.5159999999998,1062.2316,1065.3886,1065.76,1067.4889,0.0,0.00057833192,0.00078415455,0.0
1065.2077,1062.9183,1062.9812,1063.6814,1069.2848000000001,1069.3107,1069.1834999999999,1067.3725,1066.2654,1068.36,1067.8164,1066.4593,957.81861,961.09802,940.33841,904.91656,1056.9583,1028.4055,1034.6508000000001,1046.0556,1059.6068,1046.8619999999999,1064.7669,1056.527,1035.2161,1043.1416,1041.1463,1043.6952999999999,1061.4275,1061.5603999999998,1062.5145,1063.2386,1065.2214,1065.9355,1064.6265999999998,1065.482,1006.4822,986.7646199999999,991.24444,928.13377,1026.4659,915.77315,1063.4197,1057.4066,1070.3255,1062.1799,1063.5498,1058.0736000000002,1065.7059,1059.4514,1063.0431,1059.7621,1065.0584,1067.9817,1063.8195999999998,1066.6569,0.0,0.00043966814,0.00067619913,0.0
1064.019,1064.9037999999998,1063.9659,1062.6671000000001,1068.5947,1067.6377,1068.7209,1066.7549999999999,1067.6336999999999,1067.2346,1067.859,1066.3953000000001,954.31586,954.86409,940.66866,913.0074,1060.7424,1022.7700000000001,1038.1941,1036.3501999999999,1063.0605,1045.7292,1060.7215,1055.9595,1031.5696,1032.3209000000002,1032.4397000000001,1036.8486,1062.4364,1064.1339,1063.7651,1064.6757,1063.05,1064.0845,1064.8319999999999,1064.2427,1007.2213,998.4281299999999,1007.9798000000001,950.9905699999999,1031.816,922.61072,1064.8017,1062.6535,1067.6828,1064.1873,1063.8736000000001,1045.3954999999999,1064.3685,1059.9297000000001,1064.9283,1063.2994,1064.698,1061.2633999999998,1063.7963,1067.5221000000001,0.0,0.00030960978,0.00074950729,0.0
1063.4421,1065.2691,1063.0953,1062.2576000000001,1067.9932000000001,1067.1885,1068.2039,1066.5263,1067.2522999999999,1067.1411,1067.776,1066.5467,957.6527199999999,948.94898,935.74665,919.72978,1061.3037,1033.3219,1025.9208,1024.9484,1064.281,1042.2981,1059.71,1060.3238000000001,1035.0594,1031.6471,1041.843,1040.0665000000001,1062.5424,1064.4553,1064.8042,1064.432,1061.9195000000002,1063.2108,1063.1959,1063.0233,1026.0994,993.2972000000001,989.2455100000001,948.1847300000001,1026.3207,923.6304299999999,1063.2729,1064.2954,1064.2954,1060.5861,1063.8556,1054.4237,1069.7974000000002,1063.4388,1061.1981,1062.1726,1061.1611,1058.9621,1057.0435,1065.9053,0.0,0.00024397801999999998,0.00080935375,0.0
1064.0167,1062.9888,1063.324,1061.7878,1067.3413,1067.5244,1067.2450999999999,1066.6831,1066.7771,1066.9524000000001,1067.0818,1066.7118,956.97349,958.3076500000001,926.73978,918.38814,1056.5101,1038.1037999999999,1034.8310999999999,1030.3675999999998,1061.4131,1055.5601,1061.8700999999999,1062.5268,1037.2643999999998,1038.7056,1043.4284,1038.5215,1063.3699000000001,1064.3662,1063.7672,1063.5541,1063.4746,1063.0344,1063.3013,1062.5980000000002,1012.1629999999999,977.2574099999999,986.53704,938.49771,1013.9567999999999,918.40111,1061.8965,1060.3816,1066.5102,1064.437,1063.0835,1058.6885,1072.0067,1063.2296999999999,1062.2012000000002,1058.6028999999999,1063.4175,1065.1631,1057.7843,1066.1186,0.0,0.00029620496999999997,0.0008787049,0.0
1063.093,1061.9253999999999,1063.6662000000001,1060.8928,1066.849,1067.1086,1066.7637000000002,1066.6567,1065.1809,1066.8866,1066.5402,1066.5431999999998,958.85442,956.1572100000001,927.92111,921.6529,1056.3682000000001,1036.3717,1039.3453,1035.9949,1060.3035,1063.5677999999998,1061.3983,1063.7364,1041.6682,1044.1154,1045.4187,1040.2973,1062.5103,1063.3887,1062.5357999999999,1063.5835,1063.7273,1064.3823000000002,1065.6037000000001,1064.4735,1007.1912,977.28784,974.33779,931.6013,1012.7424,906.06221,1065.5452,1059.3603,1073.0249,1065.5340999999999,1064.2237,1062.9871999999998,1071.1536,1062.2805,1066.1570000000002,1059.0005,1061.4273,1059.4162999999999,1063.2618,1064.8354,0.0,0.00039680926,0.00094162364,0.0
1064.0319000000002,1063.0825,1063.4173,1062.6800999999998,1066.8330999999998,1066.8175,1066.7447,1066.4540000000002,1065.1653,1066.5599,1066.1809,1066.0674000000001,960.36509,957.68239,937.3399099999999,925.8034,1057.2409,1034.3662,1037.6605000000002,1031.5124,1061.4822,1043.0449,1063.264,1060.2426,1031.8152,1043.7972,1038.5018,1034.5958,1061.8012,1064.7556,1063.6851,1065.5188,1060.812,1061.6555,1063.3537,1061.7766,1002.342,986.8423,963.14562,933.68393,1021.5987000000001,908.3591299999999,1069.2966,1061.6809,1073.4086,1067.2989,1064.6088,1056.1488000000002,1067.041,1059.8885,1062.5736,1060.2111,1059.8925,1061.5648999999999,1061.3633,1066.6489,0.0,0.00037577039,0.00081764945,0.0
1063.8990999999999,1063.21,1063.177,1063.1025,1066.7693000000002,1066.7429,1066.5773000000002,1065.9624999999999,1065.653,1066.4896999999999,1066.1424000000002,1065.8577,960.4271600000001,957.7809100000001,938.31601,923.22614,1061.768,1035.1639,1035.2381,1028.9895000000001,1064.2973,1044.2589,1059.2543,1051.9081999999999,1037.644,1038.5053,1034.2631,1030.9007,1063.5485,1063.2618,1064.4786,1064.4403,1060.7875000000001,1061.2211,1060.4793,1060.54,1001.3812,999.38713,968.71494,933.33136,1026.9325999999999,912.09089,1065.0099,1060.3558999999998,1069.2767000000001,1066.4235999999999,1062.8315,1054.5249,1065.494,1062.5661,1062.112,1060.2044,1059.4035,1059.1285,1058.2856,1064.814,0.0,0.00043711442,0.00065462226,0.0
1063.9005,1063.1124,1062.7323,1061.1814,1066.4206,1066.2021,1066.3225,1065.8683,1064.7321,1066.19,1065.2426,1065.8591,962.98302,962.3075299999999,939.45137,923.1072899999999,1064.1017,1027.908,1030.7779,1039.1490000000001,1064.2730999999999,1048.7819,1058.0540999999998,1057.3324,1045.3909999999998,1041.6103,1038.9909,1041.8519,1063.3745,1062.8104,1062.3265,1061.2644,1059.4316,1059.4579,1060.7358,1059.7129,1019.8579,993.7286100000001,949.78001,926.56848,1028.8507,912.83841,1063.4171999999999,1061.9791,1067.6098,1062.8634,1062.4649,1056.9555,1067.3573,1063.3162,1063.2404,1058.5679,1058.7254,1054.8316,1061.0099,1065.5224,0.0,0.00040257357000000004,0.0005117246,0.0
1065.2283,1062.6598,1062.4644999999998,1059.7632,1066.2643,1066.1392999999998,1066.0062,1065.9128999999998,1063.4347,1065.4146,1065.4147,1065.4562,967.9094399999999,960.08739,940.4504900000001,920.06002,1060.3015,1033.3250999999998,1017.4983000000001,1036.9303,1062.5496,1042.9481,1057.3004,1058.9685,1036.0058000000001,1052.077,1039.4666,1036.5656,1062.6374999999998,1061.0145,1061.7227,1060.7001,1057.9432000000002,1059.5167999999999,1060.4888999999998,1059.9145,1012.2975,993.52563,982.4473600000001,922.93002,1024.809,911.02783,1060.8549,1062.3434,1068.3389,1064.328,1063.7676,1053.6585,1059.6687,1059.5045,1056.6028000000001,1052.7568,1057.1692,1054.0744,1062.49,1062.9703,0.0,0.00028466024,0.00044142680000000003,0.0
1063.2195,1062.5322,1062.3533,1062.1951,1065.8913,1065.9167000000002,1065.8198,1065.2854,1063.7862,1065.2853,1064.2824999999998,1064.8368,975.3753399999999,954.44224,940.57814,915.18793,1052.5129,1034.7662,1028.65,1029.0859,1059.9345,1049.2083,1058.8698000000002,1051.4897,1032.1819,1046.3233,1040.6579000000002,1041.7934,1061.6912,1061.7026,1062.0615,1061.2899,1056.7452,1057.1575,1056.9079,1055.8010000000002,1007.0419,988.39471,987.5700600000001,940.3632699999999,1030.0401,913.67516,1065.3963,1061.9443,1065.2694999999999,1063.1488,1062.7562,1057.848,1068.2949999999998,1058.6933,1055.7644,1054.2462,1053.0218,1056.9180000000001,1060.731,1064.4665,0.0,0.00023615385,0.0004623437,0.0
1061.9360000000001,1062.8337000000001,1062.3072,1064.2029,1065.9061,1065.2809,1065.7869,1064.6443,1061.5449999999998,1064.8724,1064.8752,1064.0598,971.11585,963.11023,943.9264000000001,917.86208,1055.9638,1032.0723,1031.5928000000001,1030.6376,1058.7609,1041.5632,1058.5656,1050.4919,1034.0746000000001,1037.9146,1040.2776000000001,1039.3982,1060.6278,1060.2986999999998,1059.92,1058.1917,1061.0002,1060.7832,1058.0958,1060.3022,1003.1854000000001,983.41611,994.3007299999999,946.20195,1015.6261,902.34432,1065.0654,1059.4845,1062.315,1062.2267,1062.0486999999998,1054.1896000000002,1074.7558,1057.9048,1058.8774,1052.684,1057.7831,1057.8106,1060.2459999999999,1063.0295,0.0,0.00022138169,0.00048276857,0.0
1062.5564,1063.566,1061.9069,1059.8655,1065.746,1065.1272,1065.3788,1063.9368,1063.2793,1064.2191,1064.1615000000002,1063.6024,957.19578,963.3768399999999,943.26152,930.41174,1055.287,1027.9950999999999,1029.7821,1026.5993999999998,1059.3698,1048.2306,1054.3578,1057.8761,1035.3169,1046.3899999999999,1037.0473,1044.2727,1058.3574999999998,1058.4556,1057.7969,1057.6498,1061.7510000000002,1062.5425,1060.9295,1061.9524000000001,1006.7342999999998,989.40728,991.05964,939.09349,1021.4103,899.19488,1062.7651,1058.1245999999999,1068.5124999999998,1059.9519,1062.2993,1053.0909000000001,1072.1070000000002,1056.4037,1069.3412,1056.1335000000001,1060.4297,1056.2221,1061.9748000000002,1061.3711,0.0,0.00028351947999999996,0.00044028478,0.0
1062.8084999999999,1063.8458,1062.5779,1058.8191,1064.8753,1064.1172,1064.5455,1063.6454999999999,1063.0812,1064.3075,1063.3051,1063.1055999999999,951.25616,960.61243,932.24846,935.81453,1047.7538,1031.3446,1030.1135,1022.2352999999999,1058.1723,1044.194,1056.6982,1056.8964,1037.8064,1043.5666999999999,1039.2309,1037.5202,1059.5571,1059.2704999999999,1059.3183,1060.0996,1063.04,1062.2524,1064.7145,1063.3734,1026.9494,996.5266700000001,974.3998899999999,922.6407899999999,1026.4339,900.6028,1067.0591,1058.0595,1071.6893,1062.1090000000002,1064.7197,1054.7060000000001,1073.1849,1058.1881,1063.4799999999998,1057.6991,1062.304,1059.8788,1062.3396,1063.9624000000001,0.0,0.00028333352,0.00041191063999999997,0.0
1062.1338999999998,1061.8975,1062.4736,1059.2777,1064.3985,1063.6278,1063.8328000000001,1063.4729,1063.0222999999999,1062.9772,1063.1629,1063.2649000000001,959.1103899999999,964.1139800000001,930.4419,933.85471,1053.6259,1032.9486000000002,1025.4426,1023.1827000000001,1058.6531,1036.9613,1057.5202,1047.2239,1033.4705000000001,1031.4205000000002,1041.3947,1044.2078999999999,1060.156,1062.0706,1060.6468,1064.404,1063.5996,1064.0047,1064.7837,1064.3435000000002,1018.1624999999999,993.1993899999999,978.2055599999999,923.2768100000001,1010.6233000000001,906.11944,1067.1776,1058.0495,1070.089,1060.0868,1062.9366,1052.4176,1064.9418999999998,1059.2413,1058.8009,1062.0317,1062.4131,1059.871,1060.5394000000001,1063.5366,0.0,0.00025814830000000003,0.00035377986999999997,0.0
1060.9161000000001,1061.2005,1061.6256,1061.5677,1063.9128,1063.794,1063.2812,1062.8511999999998,1063.6254000000001,1063.3965,1063.3208,1063.1372000000001,964.4264999999999,967.8662899999999,928.8448500000001,931.4457,1053.0915,1023.4428999999999,1020.8513,1034.3573,1067.8879000000002,1037.0385,1051.3496,1049.2584000000002,1035.9941,1041.487,1035.0892,1034.7068000000002,1061.3506,1064.3752000000002,1062.7893000000001,1065.1815000000001,1056.9406,1061.0767,1061.8792,1060.9192999999998,1014.8729999999999,994.53391,969.20083,926.95948,1006.9726,902.87017,1063.614,1062.3532,1067.1106,1063.3723,1062.6645,1055.7854,1060.3461,1059.891,1053.6274,1060.5557,1054.5025999999998,1049.5748,1059.5716,1064.5017,0.0,0.00019829961,0.00024856348,0.0
1061.4106,1060.4076,1060.6479,1060.2536,1063.7057000000002,1063.3537,1063.1417000000001,1062.8962999999999,1063.1406,1063.4986999999999,1063.2788,1063.2671,962.23902,970.36504,929.94184,933.20902,1055.786,1029.3445,1018.826,1032.1071,1063.3875,1039.3644,1052.0679,1055.7662,1030.6092999999998,1039.4817,1037.2485,1038.3137,1062.6281999999999,1063.0326,1062.7179,1062.7254,1053.2204,1057.2051,1054.9545,1055.5411,1017.6392,1002.2584999999999,957.94564,927.7945900000001,1017.0621,902.22632,1064.3250999999998,1062.713,1065.2545,1061.8243,1061.5632,1054.5522999999998,1064.2925,1061.9375,1059.2358,1051.9726,1046.9028,1050.3438,1059.7222,1063.6395,0.0,0.00016270381,0.00021172028,0.0
1061.2964,1059.1811,1060.4649,1060.2858,1063.4703,1063.3084999999999,1062.8249,1063.3079,1062.4811,1063.4248,1062.4771,1063.3084999999999,962.28624,968.50698,938.64699,935.6968,1057.9693,1028.6218000000001,1027.2124,1029.3277,1058.8120999999999,1037.2589,1054.5035,1054.6589999999999,1031.7688,1048.6903,1037.1947,1042.9584,1061.4597999999999,1059.6162000000002,1057.8790000000001,1056.3291,1055.1715000000002,1057.982,1052.9968999999999,1054.9002,1003.133,1000.4657000000001,952.69592,925.37551,1033.2153,926.29065,1057.0504,1056.7901,1063.3831,1063.5915,1060.0375,1041.3555000000001,1067.5748,1058.1449,1061.5310000000002,1047.9669000000001,1053.4615000000001,1052.7771,1059.6476,1060.8658,0.0,0.00014279075000000002,0.00027470887,0.0
1060.3602,1060.5288,1061.3319999999999,1058.7016,1062.8371000000002,1063.3758,1062.8966,1063.1225000000002,1060.8641,1062.9818,1061.6743,1062.9346,967.01372,963.9862599999999,940.91489,938.62495,1057.4845,1030.2265,1031.6392,1030.7248,1053.6399,1054.7123000000001,1054.7064,1045.7633,1037.4739,1050.3801,1040.7498,1043.6114,1057.3468,1056.0336,1054.5551,1053.7595,1055.6629,1057.7256,1055.1114,1055.5402000000001,1004.9881999999999,995.46175,969.6562399999999,922.67589,1022.8749999999999,910.84343,1061.9906,1057.0784,1064.1197,1062.5806,1059.4718,1047.7316999999998,1063.1187,1053.7745,1052.8020000000001,1048.8414,1053.7534,1053.7201,1060.0983,1061.4719,0.0,0.00015212188,0.00027874857,0.0
1061.4166,1062.1583,1059.9287,1059.1806000000001,1063.1245999999999,1063.421,1063.1334000000002,1062.5922,1060.7047,1061.4195,1062.0394000000001,1061.7493,960.7191899999999,962.86811,938.9445400000001,933.44147,1058.6067,1027.7610000000002,1030.9689,1025.9393,1055.9905,1053.8957,1053.5741,1062.1533,1039.2599,1043.9296000000002,1042.659,1038.6152,1056.3509000000001,1054.5901000000001,1053.8967,1054.8383000000001,1054.4472999999998,1058.6962,1054.0069,1054.8598,997.03012,977.7218799999999,994.17797,922.09108,1024.06,897.8564799999999,1064.5897,1058.0927000000001,1059.3879,1058.3468,1058.0542,1048.0503999999999,1060.1995,1058.5899000000002,1060.1004,1051.3289,1054.7877,1054.8034,1060.0365000000002,1057.3662,0.0,0.00015030744,0.00024161957,0.0
1061.3398,1061.077,1060.1553,1061.5436,1062.9535999999998,1063.3036,1063.0657,1061.3745999999999,1058.9595,1062.1427,1061.2825,1060.7684000000002,954.3710100000001,962.80856,938.45857,929.77821,1056.569,1026.4076,1030.914,1023.4459,1056.3096,1042.2716,1061.2792,1063.2047,1034.6679000000001,1041.8788,1039.3895,1036.494,1055.0026,1055.5881,1053.8328000000001,1053.4716,1064.8206,1060.8552,1059.6372000000001,1061.5972,994.2286,974.12366,994.56174,923.64944,1038.2312,904.7246600000001,1063.4803,1058.8012999999999,1067.0603,1060.1177,1058.6421,1053.7471,1068.6675,1054.6624,1055.6304,1050.719,1061.1437999999998,1065.6038,1058.9208999999998,1060.1128,0.0,0.00011686137999999999,0.00024839246,0.0
1059.2684000000002,1061.0076000000001,1060.7757,1060.4541,1062.6728,1062.7773000000002,1062.777,1060.8208,1060.2993,1061.1557,1060.6839,1060.5763,951.0645,969.00121,936.50845,931.60153,1054.3455999999999,1026.9584,1031.3934,1034.8606,1056.1351,1036.6037,1060.3501,1051.3462,1036.6087,1031.3568,1035.1782,1038.7544,1055.8196,1056.6967,1058.2724,1060.0995,1067.7444,1066.6667,1066.3326,1069.3487,1005.1804,979.1972999999999,990.52579,925.55653,1012.5554,908.68323,1064.3701,1062.1164,1070.2016,1062.0864,1058.4689,1056.3437,1069.201,1056.9392,1066.8395,1059.4625999999998,1067.0067999999999,1067.4471,1059.9224,1061.0757999999998,0.0,8.9789703e-05,0.00020162685000000002,0.0
1061.0356000000002,1061.6894,1059.5943,1059.2619,1062.0628,1061.6509,1061.5584,1060.0068999999999,1062.124,1060.9348,1060.8257,1060.1243000000002,944.67776,964.26212,936.02195,917.13784,1057.2343999999998,1019.0564999999999,1040.3401999999999,1030.0404,1062.1052000000002,1019.8476999999999,1057.6678,1044.9578000000001,1034.9214,1038.2565,1034.6453,1034.3288,1058.3357999999998,1062.3453,1062.5902,1065.0061999999998,1061.8558,1062.8803,1066.6387,1066.3426,1012.5477,987.6541599999999,983.6639700000001,927.3527200000001,1027.731,903.94506,1062.6548,1058.4433999999999,1067.7155,1063.1824,1057.7986,1050.7541999999999,1064.6887000000002,1060.3083,1063.8442,1059.5674,1063.06,1059.314,1059.7376,1064.1535999999999,0.0,7.159379699999999e-05,0.00015285463,0.0
1061.769,1061.7025,1059.3124,1059.2540999999999,1061.6954,1061.3878,1060.4723999999999,1060.0427,1062.8027000000002,1061.4447,1061.6021,1061.0343,944.54447,964.3365600000001,938.13608,910.08284,1059.4046,1024.3355000000001,1039.1521,1032.0620000000001,1066.1361,1050.9179000000001,1048.5186,1061.4182,1040.8343,1039.9021,1043.3544,1037.4102,1061.3092,1065.0429000000001,1063.9212,1066.2197,1059.3524,1060.2789,1060.7519,1060.0861,1023.2389,1004.4415,983.26934,930.35825,1026.8125,904.5647299999999,1059.7531,1058.2042999999999,1066.163,1062.5339999999999,1060.4988,1053.8584,1067.024,1061.5775999999998,1064.9828,1054.1022,1061.3749,1049.7661,1058.7941999999998,1064.4832000000001,0.0,6.2452368e-05,0.00012748461,0.0
1061.0264,1061.03,1059.8083000000001,1057.5858,1061.2597,1060.9377000000002,1060.0606,1061.0869,1062.0163,1061.6944,1060.6015,1061.7309,947.6239400000001,968.37352,936.8088700000001,920.51864,1057.2750999999998,1028.5691,1035.4049,1028.7513999999999,1060.5405,1047.1460000000002,1057.0485,1058.9334000000001,1035.5815,1038.2825,1037.6770000000001,1039.4513,1062.6595,1063.1558,1061.8343000000002,1061.4494,1056.4729,1058.6507,1058.6112,1058.1064,1023.3462,1003.797,968.66007,928.6758600000001,1006.5918999999999,910.79736,1059.5318,1053.1669,1068.1742,1059.8719,1062.603,1053.4288,1073.4245999999998,1056.3491999999999,1055.2911,1050.1065,1059.5861,1058.5404,1059.7079,1061.9078,0.0,8.1956972e-05,0.00015857617,0.0
1060.5123999999998,1059.9882,1059.5437,1058.7238,1060.631,1061.0086,1060.5982999999999,1061.8986,1060.3654000000001,1061.7486999999999,1060.8715,1061.8140999999998,955.83836,960.87556,937.90103,930.25216,1053.0409,1030.2183,1029.8026,1034.8157999999999,1059.1718,1047.6546,1056.7756,1050.7694,1032.0422,1033.453,1031.6309,1042.9032,1060.7081,1058.3365,1060.4157,1059.9413,1059.9450000000002,1058.4051,1057.0516,1057.2715,1014.6725,1001.0726,967.3971799999999,930.98211,1015.2751,915.57534,1060.8379,1057.0134,1067.7172,1062.0858,1061.73,1055.187,1061.8106,1054.2557000000002,1056.322,1054.3363,1059.974,1057.2475,1058.4465,1060.2916,0.0,0.00013847794,0.00021370631,0.0
1060.6867,1059.1337999999998,1059.0982,1058.5765000000001,1060.9604,1061.223,1061.0983,1061.9194,1059.276,1061.7034999999998,1061.0049000000001,1061.4045999999998,961.64929,959.01789,937.13816,918.06027,1057.7715,1033.8843,1027.7769,1035.7887,1063.5962,1050.0968,1054.8004,1060.2209,1036.8924,1043.5345,1038.3946,1040.7253,1059.8659,1058.2673,1059.4034,1058.0218,1058.3017,1058.1115,1058.5865,1057.1822,1004.0994,992.3324800000001,974.24787,933.15876,1031.018,918.6872999999999,1062.5048,1058.334,1061.0496,1059.7212000000002,1059.9246,1056.3946,1059.4004,1059.1553000000001,1057.8299,1055.8082,1055.7489,1053.3853000000001,1058.6263999999999,1060.0138,0.0,0.00015299933,0.00025565525,0.0
1060.2111,1059.2241999999999,1058.9524000000001,1058.4489999999998,1061.2369,1061.497,1061.7449,1061.3259,1060.3322,1061.4252000000001,1061.0674000000001,1060.7886,973.29866,960.56322,938.00352,907.66142,1055.4125999999999,1026.1745,1033.7307,1030.4799,1060.0734,1050.0558999999998,1059.2609,1059.944,1039.2005000000001,1044.6487,1039.8537999999999,1040.5864,1059.2920000000001,1057.5367,1058.8805,1058.2189,1060.7712999999999,1060.1573,1058.904,1059.4373,1006.1747999999999,987.7406,999.93483,933.09755,1031.2165,935.87509,1062.9956,1057.6184999999998,1063.3280000000002,1060.8949,1058.5844,1050.7594,1063.5907,1058.6713,1056.5264,1052.2658,1057.1326,1059.2424,1059.1445,1059.1167,0.0,0.00015776163,0.00027197577,0.0
1058.9324,1060.0583,1058.6919,1058.685,1061.3965,1061.4695,1061.5316,1060.4234999999999,1060.3461,1060.8389,1060.9377000000002,1060.348,971.70939,959.2338000000001,943.0070999999999,899.03447,1053.8492,1027.8176999999998,1038.1691,1023.7514,1055.1947,1049.4542000000001,1059.7321,1058.106,1035.1018,1036.2252,1038.2782,1041.9428,1058.7070999999999,1058.6600999999998,1059.0440999999998,1059.0355,1061.8972,1061.6223,1060.4722000000002,1061.8341,1004.3775,985.9404800000001,992.6047699999999,940.36027,1012.2306,930.44065,1063.8882,1058.0669,1062.4553,1060.5340999999999,1060.0588,1054.0876,1066.4116999999999,1054.3333,1064.6896,1057.7857999999999,1059.8793,1059.9201,1058.687,1060.1856,0.0,0.00017627084999999998,0.00028873900000000004,0.0
1060.0191,1059.7184,1059.0040999999999,1058.6548,1061.2649,1061.1479,1061.0122999999999,1060.2216,1060.8474999999999,1060.4674,1060.7667,1060.4855,969.2138299999999,961.61524,947.06031,913.72402,1057.4461999999999,1034.7886,1028.2996,1028.5779,1057.8781,1050.6435999999999,1059.5443,1060.202,1034.9086,1033.8536,1035.945,1035.352,1058.5033,1059.5793,1059.9269,1059.8877,1062.174,1062.2973,1062.6752,1063.4928,1005.6423000000001,983.95226,996.8426900000001,945.10123,1008.2764999999999,920.21277,1059.0463,1057.9442,1064.9732,1063.7411,1060.1584,1053.8867,1069.6009000000001,1060.0602000000001,1069.7057,1055.9035,1061.0435,1058.8157,1056.9589,1060.889,0.0,0.00017415505,0.00029046565,0.0
1059.792,1059.5852,1058.7072,1059.8939,1060.9901,1060.8842,1060.5642,1060.3623,1061.4513,1060.4105000000002,1060.5173,1060.4908,970.62347,965.6577599999999,947.1843200000001,922.46892,1059.8722,1021.7447,1035.6434000000002,1033.7722999999999,1058.1731,1044.3468,1058.1272999999999,1061.7731,1033.5209000000002,1040.3407,1038.9253999999999,1037.3362000000002,1058.6395,1060.4645,1061.5829,1061.9137,1059.9151000000002,1062.1067,1062.2716,1062.8146,1020.7653,988.6300100000001,980.47754,938.57322,1016.7309,906.2202299999999,1061.3663999999999,1061.0884,1064.9502,1065.2794000000001,1061.3944,1054.5750999999998,1072.7984,1059.5563,1062.298,1055.3794,1059.3721,1059.8129,1057.9713000000002,1061.3881,0.0,0.000147952,0.00023855456000000002,0.0
1059.2747,1058.8410000000001,1058.8307,1059.5085,1060.6664,1060.6615,1060.4404000000002,1060.5231999999999,1061.258,1060.7335,1060.8287,1060.7449000000001,968.74303,966.3655200000001,945.56197,924.69329,1059.7568,1025.0921,1026.2528,1035.8129,1058.7386000000001,1050.5324,1061.2950999999998,1057.9992,1039.7379,1040.0546000000002,1039.6392,1036.3608,1060.1131,1062.4138,1062.445,1062.9464,1064.6945,1063.6147,1063.3935000000001,1065.8081,1016.1246,996.36486,976.54867,938.60344,1030.0808,906.24648,1060.8681,1059.3209,1068.1655,1062.4555,1062.3189,1056.4706,1078.0832,1061.4231,1068.5563,1057.1646,1065.9032,1061.3609,1058.1249,1061.7562,0.0,0.00013492583,0.00018555982,0.0
1059.9012,1058.3874,1059.5421999999999,1058.6951999999999,1060.6229999999998,1060.5712,1060.3271,1060.7889,1061.2002,1060.7588,1060.8855999999998,1061.0578,966.0615399999999,968.88395,941.86072,927.07453,1057.4031,1029.325,1033.3,1041.3887000000002,1058.402,1048.607,1059.6005,1059.8325,1037.426,1042.6557,1036.499,1033.6037,1060.3780000000002,1061.0961,1064.6706,1063.5311,1062.4072,1061.8759,1066.018,1065.3189,1023.4724,1010.0399,977.6200900000001,935.91981,1026.8733,911.16411,1064.6499000000001,1057.5942,1072.1028,1062.5437,1062.9850000000001,1057.4887999999999,1079.165,1062.0267000000001,1067.291,1060.7457,1060.8664,1061.7332000000001,1058.2640999999999,1060.9376,0.0,0.00012252634,0.00017392521000000001,0.0
1059.5562,1057.9482,1059.0921,1058.1463999999999,1060.6143,1060.5789,1060.5099,1060.9963,1061.8621,1061.0971,1061.1283,1061.1204,979.2428900000001,968.78728,944.59248,928.56451,1052.0996,1036.5525,1028.1467,1047.393,1064.0986,1043.2155,1061.7141000000001,1057.5461,1039.0795,1043.8245,1039.1323,1036.5856,1064.6599,1062.6696,1065.2088,1065.4574,1062.8052,1065.3165999999999,1061.3552,1062.7714,1019.1162,1011.6018,978.33915,930.77968,1030.3433,922.09646,1064.541,1061.3963999999999,1070.3023,1057.9764,1061.7917,1059.8305,1078.5969,1063.1608999999999,1062.8509000000001,1059.4055,1063.8334,1063.9833,1057.1258,1062.6266,0.0,0.00013162546,0.00029823022,0.0
1059.1441,1059.4007000000001,1057.8871,1058.4804,1060.7232000000001,1060.7929,1060.6807000000001,1061.2452,1061.3572000000001,1061.1761000000001,1061.5167,1061.4637,987.1347199999999,962.6301000000001,944.92093,925.16934,1053.1195,1024.3951,1027.0154,1042.9259,1062.0121,1048.4036,1058.7986,1048.1892,1040.6959,1044.3753000000002,1033.5247000000002,1035.9377,1062.0378,1062.0853,1062.8012,1062.6329,1063.8802,1063.8967,1064.5594,1064.3463,1014.9015999999999,994.34603,993.8548400000001,932.47481,1024.9119,916.20488,1063.9131,1062.2552,1068.0482,1062.9352,1063.6734,1057.7127,1070.9437,1061.3838,1064.739,1061.2239,1064.6807,1061.7316,1057.6511,1060.9574,0.0,0.0001711886,0.00046909916000000007,0.0
1058.9335999999998,1059.8008,1058.0536,1057.7169000000001,1060.8683,1061.0825,1060.8761,1061.2963,1062.2212,1061.4505,1061.4142,1061.6671,977.5965199999999,965.81112,944.6218500000001,923.50649,1060.3233,1029.1792,1033.3607,1036.3661,1059.8569,1054.742,1060.3542,1060.2541,1038.4749,1046.3911,1041.5646,1041.4269,1060.924,1061.888,1064.0585,1064.0682,1063.1836,1063.1563999999998,1064.5573,1065.0836000000002,1014.0001,981.1136900000001,1001.7398000000001,958.3524699999999,1030.8979,898.6408100000001,1067.7521,1066.9941,1066.6961000000001,1063.1359,1062.7762,1051.8827999999999,1072.5375999999999,1061.3443,1062.8318,1058.7629000000002,1064.798,1057.6703,1058.4529,1061.3962999999999,0.0,0.00025919407,0.00042547242,0.0
1058.6023,1059.7687,1058.6218999999999,1058.7454,1061.0294,1061.0946000000001,1061.1607000000001,1061.7172,1062.1607999999999,1061.9667,1061.5335,1061.8004,968.03709,972.51825,947.212,933.87481,1061.4802,1032.4186,1032.3433,1032.021,1060.6875,1045.3789,1060.6547999999998,1063.8520999999998,1035.1053,1047.6824,1042.3774,1036.9190999999998,1061.2835,1062.7188,1063.6594,1064.6065,1062.0773,1062.4351000000001,1063.0407,1063.2676000000001,1005.0531,966.67093,995.6367899999999,956.35499,1036.8832,899.96118,1065.3812,1063.8247,1068.215,1062.3064,1063.1683,1052.2222000000002,1071.4153999999999,1058.8285999999998,1062.3917,1054.0914,1059.9863,1057.7762,1058.8872,1062.5539,0.0,0.0002263702,0.00034379729,0.0
1058.8778,1059.9698,1058.8597,1057.5633,1061.2461,1061.4120999999998,1061.3993,1061.8432,1062.3075999999999,1061.8169,1061.7848,1062.2599,966.80234,976.62885,946.92211,936.66474,1058.1145,1041.4468,1031.4276,1030.1162,1057.5382000000002,1052.5331,1061.2995,1064.0052,1038.3407,1043.0630999999998,1047.4033,1041.4422,1061.5074000000002,1062.5062,1063.3469,1063.4551999999999,1061.8418000000001,1062.5645,1061.7156,1062.8064,1015.1308,989.82232,976.0706299999999,938.21378,1020.532,902.3870900000001,1069.2596999999998,1064.8042,1066.364,1064.2726,1063.7547,1060.2657,1063.2475,1058.0688,1060.1725000000001,1053.6648,1060.2699,1059.9482999999998,1057.7658000000001,1062.0104000000001,0.0,0.00017271844,0.00025923364,0.0
1059.4433999999999,1059.2535,1059.2504,1060.0183,1061.5199,1061.6227,1061.647,1062.2018,1062.1229,1062.1243,1061.9213,1062.3049999999998,964.8562000000001,975.57561,948.3899299999999,925.8779300000001,1061.9091,1034.5493999999999,1036.815,1038.2311,1057.8238,1050.2216,1063.5314,1069.8819,1038.4634,1045.2663,1040.5879,1038.8024,1060.6874,1061.5672000000002,1060.8385,1062.2532,1063.2321,1063.948,1062.7047,1063.5771,1015.4157,1003.2301,988.4564000000001,925.5442700000001,1024.135,901.80575,1066.7398,1063.3433,1065.3444000000002,1063.7083,1062.1023,1055.9402,1065.4981,1059.2409,1069.1336000000001,1059.3151,1060.7997,1062.4875,1058.6689999999999,1061.6704,0.0,0.0001234334,0.00022087985999999998,0.0
1058.5945,1058.4149,1059.2535,1058.3923,1061.713,1061.8483,1061.7446,1062.2309,1062.3319,1062.0435,1061.9865,1062.2158000000002,968.45714,974.95235,946.12486,921.40899,1060.6577,1040.0088999999998,1039.5133,1036.3912,1059.7937000000002,1045.7425,1066.3446000000001,1053.3076,1040.0357999999999,1038.2398,1036.7307,1037.4506000000001,1059.479,1060.7775,1061.6082,1063.228,1068.3697,1066.7912,1065.8623,1066.7971,1021.0423999999999,1013.9776,991.05848,926.09192,1021.5592,904.44301,1064.8164,1061.1254,1071.4139,1065.9647,1061.4171000000001,1053.9480999999998,1075.3937,1064.4103,1064.2907,1058.4399999999998,1065.0654,1067.285,1057.4809,1062.0283,0.0,0.00010770766,0.00022185216,0.0
1058.1674,1059.0696,1059.5122999999999,1058.3954,1061.8257,1061.9659000000001,1062.0008,1062.2311000000002,1062.5918,1062.0651,1062.1929,1062.1841,976.51012,973.0130899999999,943.1456800000001,915.29435,1061.0323,1038.2052,1039.7112000000002,1034.7982,1060.9749,1034.8493999999998,1058.6431,1051.1049,1033.1307,1030.9009,1038.3836,1036.8495,1060.9206,1062.9552,1063.4098000000001,1065.9241,1063.7537,1065.3310999999999,1066.7112,1066.4172999999998,1023.1928999999999,1004.0283000000001,977.7082599999999,925.43542,1020.7637000000001,912.66351,1067.6058,1060.6862,1071.8486,1060.6991,1061.5212,1051.4064,1070.9492,1063.5615,1064.2306,1062.8271,1062.8373,1061.3774,1055.2298,1063.2325,0.0,0.00011059348,0.00022598918,0.0
1059.4786,1058.9408,1059.3764,1057.9837,1062.0796,1062.1431,1062.161,1062.2132000000001,1062.7924,1062.1131,1063.0222999999999,1062.2826,989.48131,965.8903799999999,943.7257500000001,904.59641,1058.5340999999999,1039.9421,1032.1931000000002,1030.418,1064.5581,1029.2981,1053.446,1038.4677,1040.2377000000001,1042.1977,1035.3929999999998,1033.4687000000001,1061.041,1064.561,1063.9959,1067.0754,1060.0502,1061.0484,1062.5907,1062.3313,1017.6168999999999,1006.3043,972.6125999999999,926.2812399999999,1030.0684,920.57047,1061.9987,1059.0073,1070.6276,1061.4267000000002,1064.0379,1059.3659,1067.4959,1060.7961,1059.2794,1054.9235999999999,1056.8498,1055.7585,1057.7117,1063.7681,0.0,0.00012173557,0.00029043375000000003,0.0
1059.0409,1058.7884999999999,1059.2544,1058.4911,1062.1776,1062.1681999999998,1062.1464,1062.3328000000001,1062.8546,1062.8435,1062.6329999999998,1062.6697000000001,980.8798999999999,964.05401,934.65229,926.1067899999999,1045.8583,1031.1173999999999,1026.6543,1039.108,1059.5031000000001,1032.7642,1047.2309,1041.2045,1037.089,1042.6689,1043.5351,1042.1937,1062.1794,1063.4829,1063.0384,1063.3549,1054.6079,1052.7559999999999,1058.4891,1056.5915,1026.3041,1002.0254000000001,993.07863,928.2951800000001,1018.2775999999999,934.4418400000001,1064.3564,1061.7742,1060.7262,1062.7207,1061.7994999999999,1045.8282,1060.3304,1053.2746000000002,1053.4539,1050.3334,1052.8906000000002,1043.4298000000001,1058.7179999999998,1062.2432999999999,0.0,0.0001437613,0.00031844291,0.0
1058.2676000000001,1058.3461,1059.8682999999999,1058.8242,1062.2496999999998,1062.3105,1062.3417000000002,1062.9645,1061.3234,1063.0156,1061.8166999999999,1062.9756,971.5672,971.26993,931.92517,939.01989,1056.0844,1026.3046,1028.8013,1035.8666,1056.8315,1047.0883,1046.4594,1050.2949,1029.5128,1047.7711,1041.2958,1044.7061999999999,1060.9262,1061.2412,1061.6576,1059.7433,1051.7185,1052.9883,1053.28,1053.335,1019.4030000000001,994.46543,979.88152,932.66425,1023.9421,959.03494,1062.9832000000001,1063.0061,1058.619,1058.9793,1059.0879,1044.4438,1057.4992,1054.6574,1053.2782,1046.0157,1046.3364000000001,1041.3431,1059.7706,1061.886,0.0,0.00016036578000000001,0.00026072935,0.0
1059.51,1058.2688,1059.3403999999998,1058.463,1062.2432,1062.6231,1062.5072,1062.9850000000001,1060.1462999999999,1062.3948,1062.1185,1062.3663,970.48831,972.3463,947.67132,945.53243,1059.6773,1024.0653000000002,1022.5607000000001,1034.1225,1051.7417,1053.1878,1058.337,1055.6804,1037.7768,1041.9254999999998,1039.995,1036.1935999999998,1058.9372,1057.3434,1057.606,1054.741,1056.445,1055.558,1053.5354,1054.1606,1019.2347,997.2868299999999,978.7563,934.61258,1028.8421999999998,984.1810800000001,1063.1653999999999,1061.773,1061.8883999999998,1057.7633,1054.96,1053.5214999999998,1062.4648,1046.4795000000001,1049.2521,1038.2955,1048.2369,1058.0857,1058.6304,1059.1532,0.0,0.00013114958,0.00022054005000000002,0.0
1060.0195,1059.1933000000001,1059.2968,1060.0031,1062.4075,1062.6972999999998,1062.7466,1062.0917,1060.2848,1061.0851,1062.0824,1061.3904,971.24657,975.19455,941.11374,945.51966,1056.2873,1031.375,1028.1833000000001,1028.096,1048.8969,1057.7005,1058.1816000000001,1060.8678,1032.2662,1041.2953,1041.0005,1038.8954999999999,1056.7677999999999,1054.2658000000001,1055.4787999999999,1054.5562,1055.9441000000002,1058.3487,1055.2919,1057.6578000000002,1017.6530000000001,993.62672,977.6849799999999,939.62751,1002.4819,940.3164,1066.4614,1059.6166,1064.436,1059.5003,1057.6389,1054.5903,1057.8952,1048.3884,1059.2125,1049.2617,1056.548,1058.1676,1059.1119,1057.2483000000002,0.0,0.00012671362,0.00018176204,0.0
1058.6936999999998,1060.4946,1058.526,1060.1482,1062.2879,1062.5442,1062.8727000000001,1061.3605,1058.9904000000001,1061.6354999999999,1061.3647,1060.3252,969.63749,975.29116,939.38607,945.5061499999999,1055.8898,1029.8822,1030.4774,1026.1868,1056.0298,1042.4845,1058.6236000000001,1060.5409000000002,1031.6468,1035.7128,1034.1454999999999,1034.2917,1055.661,1056.0903,1055.4951,1055.3309,1061.1627,1060.117,1059.8879,1060.4843,1001.0855,986.5634600000001,994.1362700000001,948.6981000000001,1025.6104,922.85974,1061.0178,1057.9334,1069.6674,1058.5336,1060.5348,1052.9191,1059.1384,1054.2450000000001,1059.3866,1054.3331,1058.6184,1059.6261,1059.2507,1060.9987999999998,0.0,0.00012436972,0.00016734792000000002,0.0
1058.8614,1060.8713,1059.2773,1060.5211000000002,1062.3767,1061.8132,1062.1408000000001,1060.1856,1059.7777,1061.1384,1060.7428,1059.8086,969.10325,972.67192,945.85124,949.47218,1050.7371,1030.5956,1030.5825,1024.9367,1055.3556,1034.0423,1058.62,1047.2291,1036.99,1037.2074,1036.3992,1035.6828,1056.1116,1057.4001,1057.8149999999998,1059.3091000000002,1059.115,1058.5203,1060.9489,1060.9981,1021.5561000000001,1001.2664,1006.2412,958.86036,1032.0717000000002,912.5790300000001,1060.766,1058.542,1065.2753,1060.8847,1061.6843,1051.4767,1057.8482,1056.4865000000002,1055.7892,1056.3103999999998,1059.3254,1058.1749,1057.8723,1061.6673,0.0,0.00012810847,0.00016570079,0.0
1060.5186,1060.4642,1059.6555,1058.7611,1061.8473,1061.4904999999999,1061.2364,1059.8958,1060.9432,1060.635,1060.3997000000002,1059.9582,971.08327,967.8878699999999,948.6954400000001,940.2679,1055.999,1028.2501,1035.5431999999998,1030.8821,1058.2631000000001,1044.427,1048.7875,1054.3218,1040.7856,1045.8259,1040.1605,1030.8020999999999,1058.0524,1060.6544,1059.8445000000002,1060.8649,1051.0982,1056.391,1057.1031,1056.3382000000001,1017.1722000000001,999.9416000000001,991.93071,968.4410399999999,1018.4744000000001,906.29705,1056.7348,1056.6588000000002,1056.9223,1056.3629,1057.0968,1052.0283000000002,1065.3673999999999,1058.3869,1057.8801,1057.1663999999998,1050.6395,1046.0794,1059.6283,1061.8552,0.0,0.00012779983000000002,0.00016339089000000001,0.0
1059.5305999999998,1060.9458,1059.5794,1058.4053,1061.1277,1060.9046,1060.3549,1060.1514,1059.9321,1060.5415999999998,1060.3902,1060.2888,969.51308,966.22407,949.9729299999999,926.22261,1052.9982,1030.0574,1026.5242,1037.6001,1057.3826999999999,1052.2191,1050.0046,1060.8762,1037.2541999999999,1045.2693,1039.6685,1039.1479,1058.7577,1059.703,1058.6057,1057.8178,1049.2112,1053.8610999999999,1053.7578,1051.7283,1005.4859,993.63985,984.7741100000001,947.56007,1028.4293,914.70048,1056.1358,1054.8704,1060.6636,1057.3896,1055.9834,1053.1728,1076.1693,1061.0587,1058.0827,1048.2730999999999,1047.1596,1045.2671,1059.7576999999999,1060.4967,0.0,0.0001377863,0.00019803777,0.0
1058.7151000000001,1060.3511,1059.3273,1059.7859,1060.7091,1060.9442,1060.1860000000001,1060.3281,1058.1767000000002,1060.3968,1060.197,1060.1993,965.70679,965.02525,952.1696,929.25816,1046.8884999999998,1032.9913999999999,1030.2341,1037.1124,1050.3366,1048.7686,1054.927,1067.8261,1039.0263,1045.7051000000001,1041.5965,1044.5121000000001,1057.8854999999999,1055.1685,1054.8418,1053.5797,1051.4564,1053.1291999999999,1050.885,1050.9513,1022.3201,996.6461200000001,1005.1928,942.04039,1023.5082999999998,916.77569,1058.8129,1054.8717,1064.4524999999999,1057.5459999999998,1057.3799999999999,1054.0467999999998,1074.654,1056.9354999999998,1060.9629,1046.2768999999998,1051.9343,1052.7652,1059.4215,1056.2664,0.0,0.00015413502,0.0002916185,0.0
1060.4558,1059.9907,1059.1718,1058.011,1060.0379,1060.6825000000001,1060.0829,1060.1562999999999,1055.5018,1059.9444999999998,1059.7270999999998,1059.2147,969.5641300000001,965.23429,956.2578500000001,936.38502,1055.1264999999999,1026.0049,1031.3809,1028.6867,1051.7401,1053.2556000000002,1063.9867000000002,1061.1421,1038.7972,1046.6595,1035.729,1032.0392000000002,1055.4318,1054.8229000000001,1054.2358,1053.29,1061.7058000000002,1054.9204,1056.7540000000001,1054.9105,1018.1064999999999,998.68669,996.76744,940.75433,1022.7003,913.13017,1057.6197,1055.0811,1067.0503,1054.9291,1059.5529999999999,1053.635,1070.2033,1052.134,1056.6571999999999,1054.2558000000001,1061.077,1067.0344,1058.2728,1057.1423,0.0,0.00019713636999999998,0.00032970448000000003,0.0
1059.1606,1059.7702000000002,1059.022,1059.0338000000002,1060.1759000000002,1060.0951,1060.1598000000001,1059.1043,1057.4898,1058.4066,1059.0935,1058.3543,972.94552,963.9652299999999,951.82879,935.22138,1050.2901,1025.7447,1034.2048,1028.1647,1064.7097999999999,1046.7754,1060.8463,1054.7736,1039.7742999999998,1042.029,1036.2147,1042.0724,1055.0471,1053.9302,1055.8598,1056.5939,1060.9224000000002,1057.983,1063.0058999999999,1061.4852999999998,1025.2060000000001,993.9708600000001,1009.1393999999999,945.9817499999999,1017.5232000000001,910.91393,1067.3421,1057.1852000000001,1064.0869,1055.4027,1059.1254000000001,1053.2901,1065.5972,1059.3862,1061.7347,1064.4179000000001,1063.9139,1060.4515,1058.6319,1057.5242,0.0,0.00021133175999999999,0.00032199788,0.0
1058.8132,1058.6056,1059.1770999999999,1058.5496,1059.8467,1059.4518,1060.0031,1058.145,1059.3934,1058.5901,1058.6357,1057.4894,975.6541599999999,969.1617100000001,952.34275,931.4997000000001,1047.8952,1023.0464000000001,1039.4172,1026.1719,1067.3777,1039.1303,1056.1200000000001,1051.1826999999998,1042.0394,1037.3446999999999,1039.8526,1039.9817,1056.7108,1058.4619,1061.164,1061.7542999999998,1059.2582,1059.5430000000001,1060.6816,1060.8201,1012.0319,988.3976900000001,998.4207200000001,943.99506,1030.1164999999999,912.53853,1065.8677,1060.076,1064.7694000000001,1058.0309,1061.4882,1053.2503,1059.9692,1064.9631,1061.0299,1061.5728000000001,1058.5045,1054.7957999999999,1057.825,1060.5065000000002,0.0,0.00021079288000000002,0.00027746969,0.0
1059.0371,1058.4184,1059.2909,1057.6318999999999,1059.7931,1058.8523,1058.999,1057.5579,1059.9184,1058.9621,1058.6961000000001,1057.9549,973.79044,971.60474,953.41128,943.36341,1055.2802000000001,1021.1610000000001,1036.2156,1031.5495,1066.1397,1043.4372,1054.7136,1051.8158,1043.5430999999999,1038.6483,1038.2239000000002,1034.2948999999999,1059.9807,1059.9684,1060.8192,1061.2939,1055.7028,1058.3735,1056.8923,1057.8401000000001,1010.1463000000001,994.55007,968.36603,945.23218,1021.2642999999999,920.84203,1058.2781,1059.5143,1060.1753999999999,1060.0644,1061.1929,1054.286,1061.3191000000002,1062.4985,1057.2474,1056.0077,1053.5343,1053.3013,1056.6451,1060.3401999999999,0.0,0.00019975318,0.00030221939,0.0
1059.4046999999998,1058.1548,1059.0351,1056.7192,1059.2729000000002,1059.1807000000001,1057.8029,1058.5818,1059.0253,1059.1164,1058.0609000000002,1058.9697999999999,977.44467,970.62454,953.21587,948.36014,1058.6237999999998,1024.4801,1032.4469000000001,1032.1567,1060.9885000000002,1046.6458,1051.6305,1057.5776,1036.7719,1046.4958,1043.304,1037.1966,1059.5149,1058.6370000000002,1059.4938,1058.207,1057.8436,1058.3581,1056.0834,1056.8537,1009.6129000000001,998.6709,956.9426599999999,948.08956,1004.8323999999999,916.06385,1059.9325999999999,1053.0152,1062.0115,1061.5024999999998,1057.7468000000001,1055.2293,1061.5864,1057.3428000000001,1054.9364,1051.8152,1058.0664,1054.2054,1058.4134999999999,1059.4375,0.0,0.00017675229999999998,0.0003641007,0.0
1058.9835,1057.7721000000001,1058.5305,1056.8696,1058.8615,1059.0904999999998,1057.8227,1058.9204,1058.2617,1058.7401000000002,1058.3007,1059.2355,976.4978,972.3825099999999,953.58149,946.10655,1053.4287,1032.8014,1029.8534,1034.0745,1054.2558000000001,1037.5399,1053.5687,1050.3621,1035.5,1046.6513000000002,1041.9052,1041.681,1058.1072000000001,1056.5774999999999,1057.1739,1056.5913,1057.3646999999999,1058.2718,1059.3126,1059.5876,1005.2931,988.30397,971.9819200000001,948.1128,1012.8006000000001,917.18775,1058.1275,1054.4319999999998,1063.9061,1060.4939,1058.0902999999998,1053.3567,1056.8641,1052.0703999999998,1053.7168,1052.2908,1058.1688,1052.6209999999999,1057.8873,1057.8881,0.0,0.00020107335,0.00033952029,0.0
1058.3237,1058.0022,1058.5135,1057.2574,1058.8372,1059.088,1058.3304,1059.0807,1058.4698,1058.8403,1058.4999,1058.51,978.01957,975.08149,952.4691799999999,938.3628199999999,1056.1725999999999,1030.1407,1030.6176,1039.6206,1052.8485,1050.7785,1056.2949,1060.0272,1035.9838,1046.4691,1037.8859,1040.2722999999999,1056.8587,1057.7039,1057.1673,1058.8462000000002,1055.2275,1055.4255,1056.5166,1056.5056000000002,996.2063199999999,987.53927,993.96154,947.4204100000001,1011.9636,932.99067,1056.5537,1055.9337,1060.1064000000001,1059.8301999999999,1057.8594,1052.1553000000001,1059.7597,1054.2866,1052.6339,1050.7839000000001,1054.3594999999998,1053.4583,1057.3417000000002,1058.1803,0.0,0.00024111032,0.00029142250999999997,0.0
1057.8783,1058.5141,1058.0484999999999,1057.1834000000001,1059.012,1058.8990000000001,1058.7721999999999,1058.6061,1057.6047,1058.7159000000001,1058.6005,1058.4402,977.5858000000001,976.1873899999999,948.5244,936.24107,1053.3182,1031.0003,1032.6306000000002,1040.9146,1054.3102,1050.0217,1054.4169,1057.3553,1037.8394,1046.7242,1040.2040000000002,1038.2521,1057.2216,1057.479,1057.4291,1056.6327,1056.1748,1056.4737,1056.4496000000001,1057.859,994.82971,971.32934,987.8613100000001,942.98894,1023.8551,962.1768,1059.335,1056.0572,1063.0800000000002,1058.803,1056.7333999999998,1050.4207000000001,1063.498,1052.4307000000001,1058.0793,1048.1804,1053.7957,1055.3894,1057.0649,1058.0402,0.0,0.00025776636999999997,0.00027921821,0.0
1057.1779,1058.5457999999999,1057.8173000000002,1056.9962,1059.0086,1058.7362999999998,1058.7627,1058.5119,1057.6355,1058.6742,1058.3782,1058.4395,976.28272,977.7101700000001,934.58618,937.6322,1054.2806,1026.8448999999998,1037.9272,1034.106,1053.0773,1045.6779,1058.4182,1058.8873,1031.2578999999998,1040.8726,1035.529,1037.8964,1056.8754,1056.9522,1056.4074,1057.2278000000001,1061.7426,1059.4728,1057.6605,1059.2593,1001.4476999999999,972.06197,997.59957,942.24038,1029.0457999999999,949.47844,1062.9272,1057.3154,1064.7953,1058.1404,1056.9412,1053.2079999999999,1055.7043,1055.7068000000002,1056.8436,1051.4594,1058.9691,1059.2983000000002,1056.5622999999998,1058.1947,0.0,0.00023348540000000002,0.00034186758,0.0
1057.3416,1057.5723,1057.5152,1058.2225999999998,1058.7769999999998,1058.7783,1058.6277,1058.3579000000002,1058.2804999999998,1058.3724,1058.4404,1058.2042999999999,973.90921,973.88527,921.5396499999999,939.5046100000001,1056.931,1023.5332,1025.5136,1028.5253,1054.5547000000001,1035.616,1058.1463999999999,1051.6869,1034.736,1040.2819,1032.1180000000002,1035.2763,1055.8982,1056.9813,1056.8907,1058.3204999999998,1061.2763,1061.8119000000002,1061.5838999999999,1061.8718999999999,1014.3897999999999,984.01271,1004.9252999999999,953.15972,1029.8220999999999,929.21425,1061.1208000000001,1059.3474999999999,1060.9032,1056.4704,1059.0777999999998,1054.0053,1057.3966,1057.1218999999999,1060.4098000000001,1055.6255999999998,1060.2375000000002,1060.0983999999999,1055.198,1058.6525,0.0,0.00022476456,0.00031054639000000005,0.0
1057.6521,1057.2293,1056.6335,1057.5156,1058.6694,1058.731,1058.4138,1058.1411,1059.358,1058.2917,1058.2386,1058.146,968.689,972.3276500000001,909.01091,947.98646,1053.4904,1032.4365,1029.8289,1033.7356,1057.9329,1042.4204,1054.2497,1047.2315,1031.8087,1038.1666,1026.9143,1039.5477,1056.438,1058.8057999999999,1058.2102,1060.0688,1058.9797,1060.1532,1060.9601,1061.7355,1024.9937000000002,993.96106,1008.4293,952.89999,1018.8946,919.88024,1055.0708,1058.6275999999998,1060.6082000000001,1056.6825999999999,1059.0129000000002,1054.6886,1049.5013999999999,1057.8148999999999,1051.4309,1058.5410000000002,1058.8487,1054.5566000000001,1055.1826,1058.9639000000002,0.0,0.00019217831,0.00026635814,0.0
1058.1696000000002,1056.8035,1057.1993,1055.3567,1058.5255,1058.5677999999998,1058.2694000000001,1058.1242,1059.2612,1058.476,1058.3779,1058.5197,972.75793,973.0366399999999,917.19241,951.75932,1053.2505999999998,1026.9553,1031.9180999999999,1035.6699,1058.6461,1043.1449,1048.1106,1049.9489,1029.336,1038.4614,1037.902,1034.6616999999999,1056.9326,1060.1922,1059.8673000000001,1060.7246,1050.5910000000001,1057.2448,1055.6457,1057.5717,1017.1383,1002.8057999999999,998.2182799999999,948.90184,1010.5165000000001,918.92332,1054.2857000000001,1053.8972,1055.0129,1058.2359,1057.1245999999999,1057.0619000000002,1055.0369,1059.3236,1054.6778,1053.2669,1051.057,1042.2972,1056.707,1060.0834,0.0,0.00017130978,0.00021008635999999998,0.0
1058.1145999999999,1056.741,1056.8591999999999,1055.7501,1058.2568999999999,1058.3692,1058.1837,1058.6722,1058.4125000000001,1058.4692,1058.5852,1059.0765,974.11134,975.57965,933.52279,952.98239,1054.3537000000001,1026.6534,1028.4162,1035.7216,1056.8332,1028.6899,1049.8754999999999,1047.8378,1030.732,1039.4753999999998,1034.413,1035.6658,1057.5266,1058.1287,1058.0129,1056.9122,1048.3275999999998,1051.2339,1048.7914,1050.959,1023.2620000000001,1004.2977999999999,986.67357,946.03128,1014.9431999999999,916.70125,1055.5751,1052.1876,1055.7366,1057.6686000000002,1056.8859,1053.5385999999999,1051.9295,1052.7581,1052.3306,1048.0512,1048.8288,1046.8764,1056.2228,1058.8619,0.0,0.00013569968,0.00015581639000000001,0.0
1057.6269,1057.0122000000001,1056.3669,1055.4247,1058.2515,1058.5627,1058.0876,1059.0083,1055.8989000000001,1058.6154999999999,1058.4948,1058.8922,979.09964,976.9551500000001,942.78308,955.5918,1054.1528999999998,1027.1270000000002,1030.9728,1035.77,1051.2055,1044.9195,1049.0164,1042.9650000000001,1029.3079,1039.2727,1032.7439,1036.9329,1056.4711,1054.5609,1054.06,1051.8987,1050.8258,1051.5431999999998,1049.0421000000001,1049.1884,1022.4327,1014.6074,997.2843799999999,943.37853,1017.2069,919.6695599999999,1055.7491,1053.8445,1052.8825,1056.0623999999998,1055.3095999999998,1050.7157,1054.8891,1051.7127,1053.1295,1045.1118999999999,1052.3617,1051.926,1053.3503,1055.5025,0.0,0.00010875827000000001,0.00011123324,0.0
1057.3906,1057.9649000000002,1056.4967000000001,1057.8918999999999,1058.5365000000002,1058.862,1058.5002,1058.6286,1056.5174,1058.664,1056.7824,1058.2598,982.6409199999999,975.50351,946.30435,958.73992,1051.1711,1030.6375,1034.4334999999999,1037.0865,1050.2126,1053.6012,1046.9843,1054.1195,1031.0179,1045.8023,1035.3402999999998,1041.6971999999998,1053.9895,1051.8256,1050.866,1049.5577,1052.0546,1052.4448,1051.6950000000002,1051.4877000000001,1018.0648,1012.2745,996.3407499999998,938.6579499999999,1018.5736,914.59881,1056.5034,1052.5094,1056.6305,1056.422,1054.2884999999999,1045.0479,1057.5138,1049.6322,1051.0152,1051.6286,1051.199,1050.8803,1054.5232,1053.2349,0.0,9.7438538e-05,8.0765064e-05,0.0
1057.3945,1057.5608,1056.1487,1056.8867,1058.5129,1058.7148,1058.6588,1058.0111,1055.2382,1057.6911,1057.5583,1057.4988999999998,984.70585,972.50914,945.49041,959.86133,1050.0191,1019.9862999999999,1032.8399,1030.9158,1052.5081,1053.5692999999999,1054.8317,1061.2958999999998,1034.7987,1051.1458,1039.2983,1040.6708,1052.7918,1050.5811999999999,1051.2487,1051.5391,1056.5529,1058.2336,1053.4298000000001,1056.296,1010.9395999999999,993.2877199999999,1001.2722,934.55509,1022.4598,926.75297,1057.7964000000002,1052.2301,1060.181,1050.8043,1053.8848,1048.4097,1061.5030000000002,1052.6000000000001,1054.3903,1047.0807,1053.8826,1056.7288,1056.4153000000001,1055.8894,0.0,8.549071e-05,7.4021139e-05,0.0
1056.6073999999999,1057.4093,1056.8051,1057.02,1058.6652,1058.337,1058.5559,1056.6647,1056.8717000000001,1056.1779000000001,1056.9713,1056.5798,979.0782,974.0341,945.57016,950.33635,1041.8720999999998,1022.9727,1030.3585,1023.4331000000001,1050.3065,1036.9151,1061.4553999999998,1054.5027,1035.6967,1043.4298000000001,1037.4641,1043.3494,1052.3996,1053.7099,1052.9096000000002,1054.5724,1061.4877999999999,1057.8519,1056.8043,1056.7451,1021.8025,993.5710700000001,1010.8293999999999,946.8794800000001,1028.7664000000002,923.55958,1057.7398,1054.8528000000001,1060.4072,1052.4487,1056.3668,1052.0911,1068.4227,1050.5168,1067.7283,1052.9792,1060.7756,1066.9959,1055.9986000000001,1056.6851,0.0,7.3264463e-05,8.686431000000001e-05,0.0
1057.0934,1057.2272,1057.267,1055.6404,1058.3722,1056.5367,1058.1912,1056.3879000000002,1056.9159,1057.0038,1057.0107,1055.9387,978.4339300000001,978.57275,933.12335,934.67875,1048.4032,1022.5532999999999,1034.5474,1029.8642,1052.3122,1025.8703,1058.6352,1043.0744000000002,1033.0728,1034.5834,1037.1017,1037.7524,1053.4379000000001,1054.6511,1054.8492999999999,1055.8501999999999,1065.0721,1061.4118,1064.397,1063.8486,1021.6403,997.93845,996.5171300000001,944.5791,1020.9174,914.1451500000001,1064.9143,1053.7162,1064.5126,1053.6012,1062.9624999999999,1053.9384,1059.3582999999999,1057.4677000000001,1061.7973,1059.6481,1063.3996,1061.7358,1055.7487,1058.0568,0.0,6.528584400000001e-05,9.955427000000001e-05,0.0
1057.4171,1056.3981,1056.4445,1054.9153999999999,1057.4596,1056.2783,1057.3446,1056.0810999999999,1058.7444,1057.0246,1057.532,1056.5879,975.94373,981.0140000000001,933.72799,939.9669,1048.2355,1018.8294999999999,1021.8088,1034.6306,1060.5394000000001,1038.9077,1045.8299,1027.7343999999998,1033.6396,1032.6507,1035.923,1026.9395000000002,1054.2991,1057.9350000000002,1058.6839,1062.4429,1053.761,1057.6513,1061.4809,1060.8166,1019.4397,998.4781300000001,992.50497,946.11716,1027.5502,915.92887,1062.0446,1053.8186,1060.2665,1057.1028999999999,1057.9659,1053.7231,1058.8377,1059.425,1054.9824,1053.7195,1056.5842,1046.5693999999999,1056.422,1059.6888999999999,0.0,6.7950818e-05,0.00012162342,0.0
1056.4516999999998,1055.802,1056.6561,1054.2297,1056.6664999999998,1056.7602,1056.6462,1056.624,1058.9036999999998,1057.1905,1056.8588,1057.2956,978.3196400000002,980.9289200000001,944.56897,949.96205,1050.8839,1025.668,1034.7977,1029.9464,1056.9679999999998,1034.2075,1040.8033,1044.7897,1033.9659000000001,1026.6569,1038.3906,1029.8649,1057.8842000000002,1061.7737,1059.9163,1061.9451,1047.3326,1053.7182,1051.0738000000001,1052.7772,1034.0509,1005.7524999999999,987.07084,941.36025,1032.9155,923.4799800000001,1056.8502999999998,1060.0396,1050.6195,1057.5076000000001,1053.2529,1048.8853,1050.5372,1051.8293999999999,1042.4251000000002,1046.2575,1043.6875,1038.6534,1056.2863,1058.0615,0.0,8.800110399999999e-05,0.00018136718,0.0
1056.5303000000001,1055.5926,1056.6238999999998,1055.6526000000001,1056.4763,1056.7382,1056.3691,1057.4353999999998,1056.2539,1057.1868,1056.9615000000001,1058.0382,978.42754,978.59417,941.53684,946.23699,1053.1373,1025.5772,1031.5058000000001,1030.29,1053.4962,1031.2206,1043.394,1049.3194,1035.4423,1038.8179,1035.9122,1035.6525,1058.111,1057.8093999999999,1056.9119999999998,1054.4771,1043.3827,1049.0451,1044.9983,1047.0774999999999,1016.6514000000001,1014.7737999999999,961.02882,939.39998,1024.8075,936.22519,1052.6737999999998,1052.732,1049.3257,1056.1106,1052.9945,1042.6861999999999,1052.2749000000001,1043.8651,1039.6668,1031.6368,1038.1096,1040.4239,1056.1024,1056.2127,0.0,0.00011877198,0.00025445369,0.0
1057.1755,1055.0765000000001,1055.9805999999999,1055.0963000000002,1056.5816,1057.3641,1056.375,1057.9552,1052.5476,1057.4217,1057.1405,1057.9438,975.59388,978.3558400000001,918.2792099999999,912.3234299999999,1052.0774,1033.0874,1035.2804999999998,1033.2659999999998,1043.9905,1025.5109,1046.5788,1028.5362,1033.3208,1040.5777,1035.6756,1039.5311000000002,1055.6385,1052.4769,1048.4734,1047.2697,1046.2704,1048.8234,1043.2268,1047.3872,1005.9363,998.4864099999999,976.4452200000001,938.02289,1014.9504000000001,934.1394,1052.3576,1047.2264,1054.5854,1055.5117,1053.2068,1052.7753,1048.7377,1036.7341999999999,1044.5494,1038.0291,1042.6861,1043.5261,1054.5079,1055.437,0.0,0.00012296309,0.00032440463,0.0
1056.4273,1055.6134000000002,1055.8249,1056.7531999999999,1056.7512,1057.5589,1057.0806,1057.3365000000001,1052.3292,1057.3437999999999,1056.8194,1056.3363000000002,973.55427,976.81114,912.50424,894.85512,1049.2584000000002,1035.8502999999998,1033.9462,1031.3638,1044.9356,1034.6559,1041.5757999999998,1031.8884,1024.3552000000002,1038.5822,1035.9926,1038.229,1049.3003999999999,1048.7661,1045.6869,1044.6817,1041.8957,1044.1324,1044.3882999999998,1045.2211,997.7689700000001,985.0514700000001,991.8913399999999,937.28027,1023.3504,951.0262799999999,1051.6965,1048.9309999999998,1048.4108999999999,1053.2407,1049.9699,1044.7897,1048.0055,1041.894,1043.3742,1043.0451,1042.3026,1038.6989,1053.5567,1053.5973,0.0,0.0001121115,0.00035830976,0.0
1056.1016,1055.8672,1056.1025,1056.5092,1057.1851,1057.258,1057.2226,1055.6718,1050.5937000000001,1056.4433999999999,1056.3162,1055.1231,980.1247699999999,973.03615,923.09504,919.8403099999999,1049.4617,1031.6132,1034.7239,1026.9573,1046.9425999999999,1039.8888,1033.9307,1049.003,1029.521,1041.9451999999999,1031.0778,1035.808,1047.8702,1050.0808,1046.0539,1045.8081000000002,1041.6376,1044.089,1042.0233999999998,1042.5695999999998,996.9618,984.2051200000001,1003.2132,940.44656,1031.3598,962.97199,1051.5279,1049.6286,1048.0321,1050.2509,1046.8527000000001,1039.2954,1067.7268,1045.0170999999998,1047.0625,1041.4378,1041.3791,1035.4734,1054.2599,1050.8654999999999,0.0,0.00011202154,0.00033248395999999997,0.0
1055.4531000000002,1056.2998,1055.6571000000001,1055.2446,1056.855,1056.2943,1056.7102,1055.0527,1049.043,1056.1593,1055.2844,1054.5271,984.00263,975.21939,925.81024,925.34192,1050.152,1022.4660000000001,1015.9527999999999,1025.5263,1044.0376,1031.204,1043.1233,1042.5888,1035.1197,1041.5564,1037.4895,1036.5903999999998,1046.7829000000002,1046.768,1043.1973,1042.4032,1045.8513,1044.7654,1043.5807,1044.6711,1004.4489000000001,992.24725,995.70486,944.20184,1030.3579,956.7840699999999,1050.3284,1050.2122000000002,1054.3618000000001,1049.3915,1047.3616,1047.0086999999999,1059.414,1043.9796,1047.4535,1039.3251,1045.4847,1044.4635,1054.1726999999998,1054.0108,0.0,0.00018832345,0.00029796418,0.0
1055.9726,1056.4596000000001,1055.8086999999998,1054.6291999999999,1056.092,1055.3659,1055.7817,1053.5013,1048.4103,1054.327,1053.2262,1052.9227,979.6892799999999,978.0200400000001,922.3597599999999,929.6218,1048.171,1024.9149,1023.0103999999999,1028.5591000000002,1039.8429999999998,1030.0906,1043.5502999999999,1037.2601,1035.5165,1043.5584,1037.8312,1033.2308,1046.7016999999998,1044.4117,1044.1147999999998,1043.4653,1043.4445999999998,1042.1432,1044.4947,1043.158,1010.7633,987.59305,1000.0547,949.9512000000001,1016.0517000000001,945.2081999999999,1057.7033,1049.8752000000002,1053.2647,1049.33,1048.3373,1044.0568,1056.9356,1047.62,1048.6274,1045.9219,1043.4475,1042.1886000000002,1055.0868,1048.2993000000001,0.0,0.00025648256000000003,0.00040141862,0.0
1056.3860000000002,1055.8338,1055.8869,1053.9609,1055.0429000000001,1055.2052999999999,1055.0358,1052.2489,1047.8829,1053.0800000000002,1052.3229,1052.1016,976.24686,977.9788000000001,931.9087,937.0561799999999,1047.3411,1022.4449000000001,1028.1761000000001,1030.3428,1046.4825,1041.7806,1041.9136,1039.2958,1036.8986,1040.4023,1037.6015,1037.1335,1046.737,1046.8604,1044.17,1043.7195,1043.1524,1044.4508,1043.9139,1044.0796,1013.3442999999999,987.7959700000001,1005.7375,949.27317,1024.1562999999999,945.12877,1056.4502,1049.0561,1056.4418,1046.3096,1046.7498999999998,1039.2838000000002,1052.1941,1047.2864,1046.6833,1045.0349999999999,1043.7923999999998,1041.5094000000001,1054.0444,1053.5431999999998,0.0,0.00025214919,0.00028853891,0.0
1056.0532,1055.0914,1055.521,1053.3527000000001,1053.7603000000001,1054.0771,1053.3396,1051.4311,1052.4306,1053.256,1052.4231,1051.5995,975.12487,980.1387300000001,945.0902100000001,952.16906,1046.6682,1026.8037,1024.2676999999999,1026.8481,1051.4899,1044.6494,1040.8054,1045.1082,1039.8898000000002,1041.9785,1040.6303,1037.8861,1045.5383,1046.3055,1043.8508000000002,1043.4019999999998,1043.149,1043.3777,1043.613,1044.4876,1016.1778999999999,998.4500499999999,1008.9318000000001,937.39018,1024.5219,946.05061,1053.2748,1052.2462,1052.6716000000001,1046.0255,1045.6749,1041.6148,1049.9016,1046.7468999999999,1043.6855,1039.3213,1042.8727000000001,1039.9922000000001,1054.2447,1047.9154,0.0,0.00021928506,0.00018460327,0.0
1055.5185000000001,1054.3251,1054.9476,1052.3055000000002,1053.6562000000001,1052.9326999999998,1052.5736,1051.0681000000002,1049.6072,1052.2739,1051.5575000000001,1051.4199999999998,974.58182,981.7589099999999,944.54847,957.2724800000001,1045.7316,1019.8199000000001,1018.5368000000001,1024.8385999999998,1046.7060999999999,1038.2449000000001,1043.8396,1058.5970000000002,1041.7837,1040.3865999999998,1040.8269,1037.3176,1048.3363000000002,1046.7188999999998,1045.0528,1044.0842,1043.1811,1043.8883,1043.8217,1044.6712,1019.2961000000001,1007.6586,981.86428,936.92771,1016.3265999999999,942.2216699999999,1053.6905000000002,1051.0185000000001,1050.146,1048.3852,1045.9009,1045.9295000000002,1057.0799,1047.1508,1041.8675999999998,1038.5026,1043.9375,1046.2977999999998,1054.9746,1051.9469000000001,0.0,0.00016708639,0.00013132938000000002,0.0
1055.156,1054.3179,1054.7622,1051.7122000000002,1052.6109999999999,1052.6224,1051.477,1050.6747,1047.4223,1051.039,1050.4742999999999,1050.711,976.28574,979.4037000000001,942.00533,952.0067300000001,1048.4566,1019.1691,1029.9695000000002,1029.6379,1039.2085,1028.6253,1054.3146,1049.1551,1034.3665,1040.6269000000002,1040.0140999999999,1034.9411,1046.2011,1045.5554,1044.3803,1044.0982999999999,1052.9757,1048.0375999999999,1047.5817,1047.0873000000001,1018.4123999999999,1001.627,981.5536199999999,940.82461,1028.846,943.40067,1056.1601,1050.407,1054.9332,1049.4681,1046.2391,1045.6580999999999,1057.9514000000001,1045.4507,1050.2332999999999,1045.5959,1051.8046,1056.2528,1053.3778,1051.1918,0.0,0.00010840221000000001,0.00010638007,0.0
1054.8389000000002,1053.9567,1054.2318,1051.3014,1051.8464999999999,1051.5574,1051.2069,1049.9684,1049.0049,1050.4675,1049.7188999999998,1049.2607,978.40982,980.7455400000001,938.84366,947.12257,1048.5777,1024.5682000000002,1026.9504,1025.8443,1044.4585,1032.5296999999998,1051.6804,1039.4216,1031.8638999999998,1034.7794,1035.5883,1037.8325,1046.8007,1047.1531,1045.1516,1048.9212,1049.5675999999999,1047.8372000000002,1054.0714,1054.567,1019.722,1002.4833999999998,976.8321199999999,942.38921,1018.8687000000001,934.36073,1058.892,1049.8971,1057.7161,1047.9557,1047.3558999999998,1043.4647,1045.7343999999998,1047.1686,1048.1279,1050.895,1050.7208,1049.0472,1053.3338999999999,1050.4441,0.0,7.7377084e-05,0.00023077913000000002,0.0
1054.1408,1053.1283,1053.7082,1050.8299,1051.2549000000001,1050.4868000000001,1051.0929,1049.2575,1050.4704000000002,1050.2069,1050.1631,1048.9073,981.0640199999999,980.5714499999999,942.81833,949.26342,1046.9411,1020.4416,1020.1119000000001,1025.9232,1052.2757000000001,1019.7684,1045.5784,1038.8709,1032.0399,1036.1721,1032.001,1032.5774,1047.8278,1051.4266,1047.1525,1051.8627,1048.9498,1048.7904,1050.0034,1049.4051,1014.9903,997.1518900000001,994.56965,941.42335,1031.8890000000001,930.7221900000001,1051.5932,1052.0367999999999,1049.9204,1047.7649999999999,1049.405,1040.8454,1050.6618999999998,1049.7164,1047.1479000000002,1045.8696,1047.1390000000001,1046.4221,1051.4287000000002,1052.5011,0.0,0.0001036616,0.00041167461999999996,0.0
1053.5856999999999,1052.3927,1052.9191,1050.3666,1050.5336,1050.4123,1049.9596000000001,1049.5471,1050.1232,1049.7765,1049.6163000000001,1049.5440999999998,984.7800800000001,982.20336,949.7760000000001,952.41733,1041.539,1021.3168000000001,1023.6451999999999,1030.4341,1047.735,1019.6111,1040.0128,1036.9894,1038.0204,1037.7006999999999,1039.2007999999998,1033.7801,1049.0194999999999,1051.2534,1049.0691,1050.9966,1045.5662,1044.7311,1048.5188,1049.1826,1016.9267000000001,1010.0476,1000.87,943.3630099999999,1031.2483,936.04826,1049.9923,1050.8556,1051.4915,1049.1519,1048.4035,1047.5815,1050.3173,1045.3614,1048.5822,1043.0009,1045.1074999999998,1041.4186000000002,1050.2761,1051.0732,0.0,0.00018044093,0.00025340646,0.0
1053.1611,1052.5207,1052.4587000000001,1049.9219,1049.8767,1050.3045,1049.2145,1049.7169000000001,1049.3699,1049.7755,1049.4894,1049.7259999999999,979.14828,982.53579,949.8672,953.87243,1043.5169,1019.5651999999999,1023.4362,1031.833,1043.7363,1028.375,1040.2069,1037.1276,1043.3487,1041.9309,1040.2928,1038.0757,1048.7652,1049.7597,1048.5131000000001,1048.3245,1042.1740000000002,1043.3383000000001,1045.0132,1044.4670999999998,1012.6035999999999,994.78679,995.1596099999999,944.46204,1026.0184,940.89545,1048.0581,1044.6374999999998,1052.788,1048.7863,1048.4536,1041.8207,1057.0192,1046.2539,1048.8938,1036.8779,1044.3591,1035.7689,1051.6082,1050.1989999999998,0.0,0.00016734819,0.00018958052,0.0
1052.9281,1051.3424,1052.3757,1049.8228,1049.759,1049.8095,1049.4727,1049.6054000000001,1048.3256,1049.5643,1049.3480000000002,1049.6443000000002,972.58394,980.2229000000001,952.7126400000001,960.1958,1042.3363,1016.133,1016.5269999999999,1027.2241,1041.8213,1040.6839,1040.4958000000001,1040.4622000000002,1039.2462,1042.3472,1037.6679,1037.8467,1048.3597,1045.979,1046.3736,1044.9551,1042.6748,1044.5058999999999,1043.6158,1044.7306,1025.541,997.4854499999999,1006.2167,949.19655,1039.5544,934.21624,1049.0821,1046.8076,1053.1948,1046.6437999999998,1049.867,1037.5454000000002,1051.5958,1040.9387,1045.3835,1033.3857,1042.9149,1036.7194000000002,1050.3867,1047.3888000000002,0.0,0.00010502581,0.00020333738,0.0
1051.8439999999998,1050.8337999999999,1051.8458,1049.88,1049.5869,1049.7616,1049.5076000000001,1049.5004,1048.0548999999999,1048.6629,1049.2338,1049.2098,978.3197000000001,982.49381,959.99305,966.71593,1044.8274000000001,1020.5113999999999,1012.9258999999998,1022.1411999999999,1039.5112,1029.7232000000001,1043.0718000000002,1048.2503,1037.0785,1043.2283,1034.2763,1037.1387,1046.9285,1045.8661,1044.8007,1044.9646,1043.8169,1044.6018000000001,1043.2416,1042.8781,1033.9691,1007.4123999999999,1005.6265000000001,951.12557,1034.1153000000002,920.9495499999999,1052.3821,1049.0439000000001,1052.8130999999998,1047.2650999999998,1046.2191,1041.6333,1046.2227,1045.3748,1040.9432,1035.7365,1043.5137,1045.1957,1050.142,1047.7016,0.0,9.6102049e-05,0.00059314635,0.0
1052.0148000000002,1050.3229999999999,1051.185,1049.8203,1049.5154,1049.5967,1049.4016,1048.9805000000001,1046.6508,1049.0078,1048.9271,1048.3452,980.4799100000001,984.73257,956.44175,964.2846000000001,1047.5998,1028.5353,1013.4746999999999,1022.6854000000001,1045.8162,1028.7777,1045.1227999999999,1041.4613,1033.602,1039.9001,1033.7743,1036.9134,1046.3929,1045.5528,1044.3022,1044.3204,1048.4537,1047.1684,1046.7595,1046.4959000000001,1023.8046999999999,1000.7989000000001,1000.9758999999999,948.3234600000001,1024.3372,908.60771,1052.3708,1050.3119000000002,1052.9033000000002,1048.7822999999999,1046.2540999999999,1043.89,1047.6470000000002,1045.1653,1045.2201,1043.4156,1048.5937000000001,1046.4872,1049.8423,1048.0400000000002,0.0,0.00023523107999999998,0.0011129783,0.0
1051.5931,1050.3992999999998,1051.0894,1049.7875999999999,1049.1496,1049.3001,1048.9161000000001,1048.2082,1047.377,1049.0133,1048.3563,1048.2199,977.00528,987.0942600000001,943.2633,960.55538,1045.557,1027.3272,1016.9615,1023.3321000000001,1048.2705,1025.3831,1040.5512999999999,1032.7126,1034.253,1035.6102,1031.6409,1031.9709,1046.0823,1046.838,1046.3933,1046.6528,1045.0408,1042.7513000000001,1046.3074,1045.4961,1017.5648,999.91298,1008.1056,953.7944500000001,1028.028,905.76313,1049.4560000000001,1048.091,1047.5662,1050.3328,1046.5527000000002,1039.6118000000001,1041.8256999999999,1044.9645,1041.8471000000002,1045.9988999999998,1042.2151000000001,1040.1283,1049.0236,1049.203,0.0,0.00046375439,0.0011466909,0.0
1051.1695,1050.2271,1050.8236,1048.9937,1048.8391,1049.1697,1048.4038,1047.7794,1047.2712999999999,1048.607,1048.0842,1047.9516,980.46472,985.59259,948.09548,965.32618,1043.0691,1026.2637,1015.9259000000001,1022.6248,1046.2103,1038.6283999999998,1037.9152,1037.778,1035.2862,1035.5646000000002,1032.9082,1032.7896,1047.056,1047.0254,1046.5756999999999,1046.5055,1039.6752,1040.1606,1042.8114,1041.6773,1019.9288999999999,1009.0144,995.5576599999999,959.42611,1034.2201,904.98141,1046.9386000000002,1046.8622,1044.6443000000002,1045.095,1045.6787,1034.8307,1043.3548,1046.3264,1042.6478,1039.5645,1037.9659,1036.0242,1048.9353,1047.9097000000002,0.0,0.00053680926,0.00090935786,0.0
1051.145,1049.8953,1050.6277,1048.429,1048.6705,1048.7820000000002,1048.1939,1048.0062,1048.0753,1048.2721000000001,1046.4429,1047.8752,986.5551399999999,982.51129,956.44051,968.05976,1040.7848,1017.9204,1016.6562,1019.9765999999998,1041.8227,1033.0225,1036.4597,1038.3916000000002,1034.0103,1038.6708,1037.3488,1032.2554,1046.0723,1045.2949,1044.3754999999999,1042.5239,1037.761,1040.5562,1039.2673,1038.9319,1022.8104,1017.4531000000001,969.3665599999999,947.93452,1029.6055000000001,907.23517,1046.0109,1045.7507,1043.3573000000001,1044.0909,1044.7194000000002,1034.4667,1047.6118,1040.8232,1038.3465,1032.6626999999999,1033.6073000000001,1036.7857999999999,1049.3963,1047.8723,0.0,0.00051996397,0.00061647487,0.0
1050.8068,1049.4946,1050.2465,1048.6685,1048.2547,1048.4267,1047.8309,1048.0602000000001,1045.9633,1047.6498,1046.5355000000002,1047.1783,983.94964,983.2012799999999,954.89559,966.13259,1042.5898,1016.6183000000001,1018.1458000000001,1028.2993,1037.5503,1013.8609,1042.5439000000001,1036.5936,1030.3753,1042.4007,1034.8513,1035.682,1045.2409,1042.0871,1040.4062999999999,1039.6668,1037.5882,1040.7168,1037.6382,1039.6743999999999,1025.4546,1018.1632999999999,990.17642,930.88028,1026.1627,912.8549800000001,1046.8275999999998,1044.9799,1043.0281,1043.3109000000002,1042.9973,1037.8067999999998,1045.2777,1035.1966,1036.0909,1034.7891,1036.7001,1042.5993,1049.7416,1045.3076,0.0,0.00039317606,0.0004949576,0.0
1050.0519000000002,1049.498,1049.7918,1048.6473,1048.0076000000001,1048.0852000000002,1047.678,1047.3397,1043.7676999999999,1046.4004,1045.9529,1046.7419,981.39879,983.8293800000001,949.03847,942.66491,1038.1643,1014.5136000000001,1015.6533,1021.3965999999999,1037.8199,1021.3722,1036.6336,1023.7977,1034.034,1037.0134,1033.3761,1037.1759000000002,1043.4455,1040.3995,1039.1586,1039.0935,1041.2879,1043.7575,1040.3115,1041.8768,1025.5277,1009.7323,997.8335500000001,926.7491100000001,1028.7726,920.7225999999999,1046.0003,1044.1315,1042.0095,1044.2077,1042.9415000000001,1042.4309999999998,1037.4065,1037.4888999999998,1040.5697,1040.0202000000002,1041.6469,1038.3972,1049.7054,1043.7323,0.0,0.00024578552,0.00057115808,0.0
1049.4934,1049.1856,1049.6151,1048.7428,1047.9223,1047.0694,1047.9098999999999,1046.8573999999999,1044.7876999999999,1045.9501,1046.1736,1045.8735000000001,987.1263700000001,982.1583099999999,951.44565,931.8571900000001,1043.6352000000002,1018.3983000000001,1017.0197999999999,1019.6206999999999,1040.3687,1037.0504,1027.2561999999998,1035.4092,1034.4752,1037.6083999999998,1033.9664,1037.3375999999998,1042.1861000000001,1040.8990999999999,1039.4105,1040.5803,1035.6365,1037.1786,1039.7918,1040.4346,1018.3388,994.2253200000001,1001.9055,931.70212,1024.9729,925.3599499999999,1045.6364999999998,1044.9664,1037.0409,1042.2404,1041.6914000000002,1034.7914,1038.7272,1039.4674,1037.6962999999998,1034.411,1034.9367,1027.4627,1048.7779,1044.7413999999999,0.0,0.0002317137,0.00058969282,0.0
1049.0993,1049.9447,1049.7345,1048.2386999999999,1047.8383000000001,1046.8138,1047.0289,1045.7665,1044.6811,1046.144,1045.1566,1045.3428,986.05494,983.06141,951.26613,912.51027,1039.7046,1021.0390000000001,1016.9046000000001,1013.7684,1036.8965,1028.4972,1035.656,1053.1957,1035.8753,1042.6004,1036.7814,1036.6107,1042.4755,1042.0797,1041.1163,1040.4514000000001,1035.5591,1037.4621000000002,1037.1886000000002,1036.3771,1008.5579000000001,1005.4052999999999,1010.0948000000001,940.84007,1034.1914,927.27977,1041.948,1044.7953,1041.0282,1040.8498,1039.8306,1035.7298,1051.7404999999999,1035.1289000000002,1034.3494,1024.7411,1027.5868,1029.8272,1048.5769,1044.5775,0.0,0.00025482312999999996,0.00050231804,0.0
1049.2028,1048.8158999999998,1049.5948,1047.0774999999999,1047.0135,1046.709,1045.6523000000002,1045.5101,1043.329,1045.8165999999999,1044.3384,1044.8872000000001,977.5957999999999,984.9604599999999,947.1041799999999,924.0314400000001,1036.5752,1019.9338,1006.4377000000001,1014.5754,1029.2934,1023.6333000000001,1038.4725,1031.3208,1039.253,1043.5186,1036.5194,1036.5275,1041.7155,1040.6793,1038.9672,1038.6443,1040.8074000000001,1040.1760000000002,1037.7329,1041.8763000000001,1012.1665,1002.211,996.7307999999999,941.9098,1031.6996000000001,932.94294,1045.6086,1041.4349,1047.2839000000001,1041.6341,1040.4075,1041.062,1044.6083999999998,1031.6557,1035.4667000000002,1034.2212,1041.5247000000002,1041.8598000000002,1048.4118,1045.9174,0.0,0.00023371216000000003,0.00037308025999999996,0.0
1049.2122,1047.2597,1049.2313,1046.412,1046.6607000000001,1046.3732,1045.6916,1044.3727000000001,1042.68,1044.1786,1044.9256,1043.3595,973.38076,985.0623300000001,956.11171,937.55187,1034.9496000000001,1021.7169000000001,1015.7753999999999,1016.6203999999999,1036.0078999999998,1018.2196000000001,1037.2351999999998,1032.0540999999998,1030.9646,1034.0296999999998,1036.1700999999998,1032.7441,1040.0473,1041.0365,1038.1979,1039.1157,1035.0492,1036.3488,1038.5775999999998,1037.0635,1020.698,996.18973,985.6368999999999,941.43588,1021.1823999999999,923.36744,1045.48,1039.9257,1044.1452000000002,1041.9116,1041.3395,1039.3962,1037.6679,1038.0935000000002,1039.0531,1041.0457000000001,1039.5185000000001,1036.8049,1047.8111999999999,1045.2243,0.0,0.0001791101,0.00047094879,0.0
1048.929,1046.4421,1048.5671,1045.5502,1046.0897,1045.6064000000001,1044.9803,1044.1126,1042.5689000000002,1043.5106999999998,1044.3006,1043.1778,974.3296899999999,984.9913899999999,962.83298,927.7473,1035.4405000000002,1019.1588000000002,1022.8172,1018.6927999999999,1042.481,1014.3516,1030.3446999999999,1022.8682,1031.9212,1032.4543,1030.4542999999999,1027.5788,1041.4815999999998,1040.6536,1039.413,1038.3727999999999,1033.2346,1036.4297,1036.3971999999999,1033.7855,1025.8826000000001,1008.4041000000001,993.0070300000001,944.59421,1030.7288999999998,931.5413699999999,1044.6996000000001,1041.5061,1042.3098,1040.4333,1039.2998,1031.7207999999998,1037.1305,1040.9739,1036.8624,1040.9366,1034.6055000000001,1032.6125,1045.4173,1045.2345,0.0,0.00014464619,0.00074001175,0.0
1048.5416,1047.4167,1047.4645999999998,1045.3611999999998,1045.9072,1043.9404,1044.7850999999998,1043.4222,1042.3192,1043.4506,1043.741,1043.0638999999999,974.76019,989.5435400000001,962.0731900000001,925.2592,1036.7735,1014.4798000000001,1017.53,1021.5090999999999,1039.2419,1023.6132000000001,1027.3277,1025.7949999999998,1033.5792000000001,1035.4238,1031.9411,1027.7185,1041.0854000000002,1040.2567000000001,1037.3152,1036.5339,1028.616,1033.6153,1032.8783,1032.3639,1029.1256,1016.7919,993.0014799999999,940.20903,1023.6722000000001,934.10824,1043.7678,1041.2212,1042.662,1041.2657,1038.9296000000002,1037.0812,1037.1628,1039.6426999999999,1035.7253,1033.443,1029.5993,1021.6435,1045.881,1044.6288,0.0,0.00016612527,0.0008049989400000001,0.0
1047.8654999999999,1047.2908,1046.7747,1046.3746999999998,1044.6708,1044.4783,1044.604,1042.9543999999999,1040.0073,1042.8097,1043.1310999999998,1042.8948,982.05334,989.4729300000001,958.49593,933.3696100000001,1037.4219,1017.1601,1018.8217000000001,1026.4103,1035.4485,1013.4845,1030.5219,1026.3978,1036.6183999999998,1038.576,1035.2663,1030.9837,1039.6591,1037.2556,1035.0831,1033.1261,1028.3346000000001,1029.7032,1029.6825000000001,1029.1407,1018.8882,1013.0122,985.74948,941.9517099999999,1022.2644,940.5151599999999,1041.9362,1038.2937,1041.7494,1040.5483,1039.0168999999999,1029.998,1042.9901,1035.4394,1031.2414999999999,1025.6092,1028.833,1028.2834,1046.5498,1043.2440000000001,0.0,0.00019061172,0.0011602065,0.0
1047.4549,1046.7089,1047.1324,1046.5457999999999,1043.9186,1043.6825,1043.6475,1042.7509,1039.0374,1041.0288,1042.2661,1041.9814,977.3987,987.3286199999999,952.75275,945.01058,1038.4597,1015.4708999999999,1010.2891,1027.089,1030.7812,1012.0142,1027.6467,1018.7881000000001,1034.6834,1035.3308,1035.7452,1034.1688000000001,1038.7523,1033.0959,1030.6572,1029.0589,1030.8235,1030.9871,1028.7307,1029.8212,1014.1499000000001,1005.8898000000002,995.24512,948.90595,1024.3766,946.3999200000001,1042.1085,1039.2093,1039.5414999999998,1039.1961999999999,1036.2488999999998,1030.166,1034.0242,1028.8376999999998,1028.8405,1022.4991999999999,1029.0266,1027.1064,1046.1116,1041.1528999999998,0.0,0.00030256917999999997,0.0020481988,0.0
1047.2488,1046.4651999999999,1047.0963000000002,1045.1688,1043.6373999999998,1043.3612,1043.0769,1041.6069,1038.5663,1041.4239,1040.3331999999998,1040.5345,976.5119100000001,985.45285,946.96946,955.98853,1039.4823000000001,1019.3501000000001,1007.8960999999999,1017.8667000000002,1029.7883,1010.3378999999999,1021.7016000000001,1018.2100999999999,1032.1346999999998,1024.4139,1035.1514,1034.9440000000002,1035.5277,1031.8564,1030.2289999999998,1029.1670000000001,1028.2442,1030.9343,1029.1923000000002,1029.1835999999998,1013.6943,999.46184,987.15708,952.58762,1022.3424,949.72893,1040.994,1040.5262,1032.9174,1039.2528,1033.2384,1029.0182000000002,1028.6589000000001,1027.0481,1026.6336000000001,1025.5953,1023.2655,1018.9308,1044.729,1041.8783,0.0,0.0007211629,0.0033053465,0.0
1046.8639,1045.7467,1046.5643,1044.1498,1042.8347,1043.0184000000002,1043.1784,1040.088,1038.2693,1040.7904999999998,1040.5656,1039.5201,984.5972000000002,983.11151,944.4061700000001,960.6821199999999,1040.0977,1019.3611,1013.8195,1017.4861,1031.9262999999999,1018.0098999999999,1025.5657,1020.1726,1032.2653,1033.4648,1029.8209,1032.0118,1035.1861000000001,1033.9401,1031.3789,1029.9369000000002,1026.4528,1028.6408,1026.6659,1027.3646,1006.5556999999999,1002.3454999999999,983.9556299999999,951.79661,1023.5231,944.85024,1037.5602,1040.8805,1029.596,1034.9994,1033.4102,1023.5599,1029.9096,1025.6061,1021.8972,1020.5033999999999,1020.0446999999999,1018.2252000000001,1044.382,1034.4513,0.0,0.0011698203000000001,0.0039298466,0.0
1046.4552,1045.0613,1046.4589,1042.6787,1042.0806,1041.4868,1042.1716,1039.4024,1039.4782,1040.8998,1038.1208000000001,1038.9455,975.90517,981.8786699999999,945.36602,961.39636,1035.4635,1017.3906,1014.5037,1025.5491,1026.3114,1031.2897,1021.0115,1029.5384,1030.9771,1034.7545,1032.7311000000002,1030.2225999999998,1034.7952,1032.2699,1028.6031,1027.1511,1023.1034,1025.1021,1023.8503000000001,1024.1583,1007.3841000000001,1001.1443999999999,996.8591200000001,949.60789,1028.8111,935.07487,1035.0399,1036.9806,1031.1546,1032.1134,1030.7006000000001,1025.8888,1027.9191,1022.6265,1024.8786,1019.1493999999999,1018.9736,1016.3886,1043.8922,1038.1272000000001,0.0,0.0014087743000000001,0.0042515571,0.0
1045.8195999999998,1044.3324,1045.7919,1042.9619,1041.7191,1039.6851000000001,1040.1463999999999,1038.6363,1035.5592,1039.2145,1038.0855999999999,1038.0817,976.31496,983.5614800000001,948.93742,961.3999699999999,1034.0277999999998,1017.4265,1011.3730999999999,1020.3307000000001,1024.3654000000001,1028.7811,1024.7284,1035.4973,1034.1826,1038.7902,1036.3798000000002,1032.2025,1030.7185000000002,1028.7111,1025.1527999999998,1023.4527,1020.7932,1024.6972,1021.2384,1021.0037,1005.3207000000001,996.82658,991.90866,955.68308,1023.8464,944.20767,1034.6279000000002,1034.3004,1031.7709,1031.4312,1029.7619,1025.7250999999999,1023.0580999999999,1021.1807,1029.1659,1017.8204999999999,1021.3366000000001,1020.366,1044.0582,1032.8347,0.0,0.0015752178,0.0041157585,0.0
1045.5236,1044.0977,1044.5591000000002,1042.1968000000002,1040.7021,1039.6915999999999,1039.0769,1037.203,1034.0771,1037.4180000000001,1035.8124,1036.6078,980.45238,982.7008500000001,953.65221,962.63188,1031.8981999999999,1019.7127999999999,1010.2973999999999,1011.4491,1022.9756,1025.7456,1030.2307,1032.7362,1031.9566,1037.8742,1032.9893000000002,1031.5431,1032.5448000000001,1024.1865,1023.8501,1021.7031,1027.6868,1026.1636,1027.5235,1024.321,1007.4922000000001,993.38457,987.27397,952.39957,1029.0453,954.31609,1030.4757,1035.1354999999999,1031.4866,1032.1598,1026.9542,1026.5181,1029.7722,1019.8003000000001,1023.3282,1022.1983000000001,1026.6324,1026.7984,1043.8468,1031.2234999999998,0.0,0.0015771658,0.0039332345,0.0
1044.5528000000002,1042.6957,1044.1687000000002,1042.7353,1039.2515,1036.7529,1038.6503,1036.8037,1030.5285,1036.0657,1036.6514,1034.6438,979.65404,982.77208,957.3537399999999,962.81374,1033.3907,1005.2138999999999,1014.5829000000001,1010.5495000000001,1025.356,1019.4812000000001,1031.8154000000002,1028.0631999999998,1030.7032000000002,1033.5037,1033.2977,1029.4557000000002,1028.9026,1026.884,1026.6396,1026.2912,1027.4272,1026.7782,1026.2075,1025.8587,1018.8249000000001,995.76862,988.65977,949.29065,1024.0202,936.1410500000001,1030.9454,1032.5262,1028.9403,1030.8289,1028.3806,1027.9953,1028.2228,1023.0819,1027.6815000000001,1029.0866,1027.3626,1031.2551,1043.4433999999999,1037.258,0.0,0.0016287538,0.0035427924,0.0
1043.7253,1042.6337,1043.9423000000002,1038.3871,1038.1911,1037.3265000000001,1037.545,1035.5169999999998,1033.8704,1035.0706,1036.3015,1033.9541,974.7699700000001,983.47454,959.70677,958.36073,1030.5891,1016.5338999999999,1010.9473,1012.0824,1029.4064,1023.4275000000001,1031.1733,1024.4069,1029.3181,1034.5482,1032.8067,1028.0623,1029.5332,1029.7215,1026.9749,1026.3706,1031.7056,1028.7337,1029.7119,1029.2659,1015.1811,1004.1226999999999,1006.5803999999999,954.8516199999999,1018.6494000000001,918.87297,1032.3147999999999,1031.6821,1030.0203000000001,1030.2835,1027.9374,1028.0792,1029.67,1029.1226,1029.9136999999998,1031.3001,1032.1664,1032.397,1043.0679,1032.4845,0.0,0.0015616724,0.0028976664000000003,0.0
1044.1362000000001,1042.2128,1043.3472000000002,1039.0208,1036.8888,1037.0008,1036.6078,1034.0256,1032.9022,1034.7994,1035.9671999999998,1032.9488,974.1734700000001,983.95449,959.99724,951.18872,1028.6762999999999,1006.2986000000001,1012.8575,1014.8004000000001,1031.0181,1006.9675000000001,1026.1566,1027.5118,1029.8721,1036.3025,1029.1111999999998,1030.4968999999999,1030.1033,1030.6095,1028.0732999999998,1029.0939999999998,1029.6609,1029.4278,1030.6684,1030.3939,1001.8140999999999,1002.2862000000001,1006.0951000000001,971.88224,1026.3772000000001,914.48849,1033.6798999999999,1031.5223,1030.7967999999998,1029.193,1028.6461000000002,1020.5709,1024.0024999999998,1030.6259,1029.267,1028.2492,1028.3209,1022.427,1042.2041,1035.6031,0.0,0.0013647019,0.0026048929999999996,0.0
1043.4467,1040.2039,1042.1238999999998,1038.5846999999999,1036.212,1036.195,1036.1074,1032.5711,1031.6108,1033.8232,1034.5714,1033.2607,976.11968,983.46445,961.04909,950.88149,1027.4477,1014.3932,1006.2524,1014.2611,1029.5676,1010.1898,1022.755,1013.1397999999999,1030.6169,1035.6428,1031.0702999999999,1032.217,1030.6199000000001,1031.3683,1030.4459,1030.0832,1024.0056,1025.319,1029.1562000000001,1027.921,1009.7986000000001,1001.8679999999999,1002.2977999999999,965.58219,1030.9965,922.2871600000001,1031.8338,1031.8847999999998,1029.2229,1030.3763000000001,1030.9195000000002,1019.6909,1027.986,1028.4212,1030.8443,1024.7326,1023.9283,1021.5237999999999,1041.269,1035.3074,0.0,0.0013013198999999999,0.0026531424,0.0
1040.6834000000001,1040.432,1041.2487,1037.2698,1034.9955,1035.5388,1033.9204,1032.9715999999999,1031.269,1033.5294,1033.0234,1032.8579,977.29938,983.5918500000001,956.79485,937.8261699999999,1026.2614,1011.5682999999999,1008.007,1017.6865,1027.2572,1015.6669,1020.6281,1023.0004,1028.9798,1036.5917,1029.814,1033.673,1031.6866,1031.3258,1030.4417,1029.0976,1023.2111,1024.3763999999999,1023.6270000000001,1025.0191000000002,1022.2525999999999,1007.9345,989.40565,948.89728,1026.8937999999998,916.42251,1028.2921999999999,1031.5784999999998,1031.3297,1028.3256000000001,1031.7277000000001,1023.8973000000001,1029.7096,1024.8471,1024.8508,1023.7977,1024.5086,1021.7816,1040.0799,1032.9128,0.0,0.0014703712,0.0023064708,0.0
1040.7450000000001,1039.6378,1040.4779,1037.5272,1033.9611,1033.7648,1032.7979,1032.8866,1032.5019,1033.5125,1031.3959,1032.815,980.03158,984.51334,957.53223,925.5891200000001,1028.1021,1008.4412,1010.6027,1015.4488,1025.4915,1022.6530000000001,1027.7043,1031.9806,1030.6742,1035.7893,1030.1775,1029.8744,1031.6042,1029.4733,1028.2784,1025.5696,1027.223,1025.9693,1026.7857,1025.3700000000001,1019.1149999999999,1008.76,1009.8099000000001,949.2068899999999,1030.4699999999998,942.3251799999999,1031.7593,1031.3607000000002,1028.6116,1028.0817,1026.767,1024.5428000000002,1029.9358000000002,1023.6657,1022.0578999999999,1015.5586,1023.4179999999999,1027.5485,1040.0195,1030.0518,0.0,0.0016561089,0.002438175,0.0
1041.1210999999998,1038.3962000000001,1040.3249999999998,1036.0358,1033.1953,1033.6543000000001,1033.2556,1032.6480999999999,1029.9098,1032.9865,1031.1001999999999,1031.8271,985.5535000000001,983.3927299999999,953.04673,932.67182,1030.2437,1010.7574000000001,1007.7326999999999,1010.0219999999999,1022.7347,1018.0138,1030.6142,1028.489,1031.1624000000002,1033.0341,1032.1307000000002,1031.5366,1029.3948,1026.4967,1026.1486,1026.2610000000002,1028.2198,1029.5614,1028.4231,1028.8697,1019.4068000000001,1010.1684,993.1057199999999,946.44619,1026.6669,953.07214,1033.9258,1032.7803,1029.7632,1028.9013,1027.5157,1025.9102,1041.9082999999998,1021.0662,1023.3791999999999,1021.8911,1028.5275,1033.4012,1038.4285,1028.7957,0.0,0.0015639064999999998,0.0034880768,0.0
1039.2287999999999,1035.9061000000002,1039.5020000000002,1037.4292,1032.4004,1033.3276999999998,1033.0978,1031.7364,1030.6068,1031.8881,1031.8287,1031.2832999999998,986.46048,985.3141400000001,933.1745500000001,935.69467,1025.7716,1012.6144999999999,1017.5053,1007.0699000000001,1025.0913,1017.5467000000001,1029.5687,1021.7753,1028.1195,1032.3569,1029.7973,1029.641,1029.2132,1029.4845,1027.9665,1028.1770999999999,1032.3445000000002,1032.7012000000002,1032.2005,1032.3121,1012.3204000000001,1002.9570000000001,991.68465,945.09548,1024.182,922.8269799999999,1037.7437,1032.7623999999998,1031.5548,1028.5019,1029.9038,1024.4337,1029.3435,1022.7638,1028.8043,1028.5951,1031.1829,1029.5332999999998,1037.4136,1031.0808,0.0,0.0017269347,0.0035628927,0.0
1038.9235999999999,1034.17,1038.5154,1037.4419,1032.5919999999999,1032.0381,1032.3392000000001,1031.3881999999999,1031.5487,1031.3373,1030.7811,1030.5236,983.33227,985.28383,940.18716,938.32784,1025.8509999999999,1013.5779,1007.5023000000001,1009.9664999999999,1025.8284,1012.8743999999999,1025.3196,1024.5871,1025.2237,1030.9585,1028.502,1030.9974,1030.5142,1031.1712,1030.7758000000001,1031.5935000000002,1029.6407000000002,1030.1710999999998,1031.7116,1031.1143,1017.08,1006.1196,1004.9834,957.88266,1025.5976,926.50329,1035.9951,1032.5566,1030.3468,1027.9538,1029.3684,1025.2971,1026.3792999999998,1028.4606999999999,1028.7718,1027.8583999999998,1027.3535,1028.9816,1037.2276,1032.7002,0.0,0.0017776601000000002,0.0032538593,0.0
1037.751,1035.871,1037.8525000000002,1034.5066,1032.5535,1031.0966,1031.5595,1030.803,1031.9833999999998,1031.2339,1030.7440000000001,1030.7655,984.0613700000001,986.1878800000001,952.44041,946.41569,1021.4346,1016.9777000000001,1001.1219000000001,1011.8903,1026.5525,1022.2189,1021.1808000000001,1025.2454,1027.7019,1029.3987,1029.0868,1028.0331,1032.5402000000001,1032.7753,1032.1969000000001,1032.4742,1027.8221,1028.6274,1030.7325,1030.7317,1022.1880000000001,1008.7429000000001,1001.2956999999999,959.6487099999999,1024.1915,926.0044300000001,1029.8406,1031.5757999999998,1029.5652,1029.011,1028.9296,1024.9225,1021.1222,1027.3134,1018.8440999999999,1024.8261,1025.6179,1020.2742999999999,1036.3273,1032.9001,0.0,0.0015649125,0.0028759999,0.0
1037.2157,1038.5218,1037.4364,1034.3214,1031.915,1031.2522,1031.8428999999999,1031.1678,1031.1657,1031.3995,1031.3538,1031.0851,982.5648299999999,985.96725,959.50815,954.58674,1024.088,1016.7927999999999,1006.8423000000001,1018.8465000000001,1024.8297,1014.5064,1022.9277000000001,1025.1837,1028.7766,1029.1835,1030.2172,1028.7882,1032.9256,1032.3890999999999,1032.0416,1030.8267999999998,1024.2096000000001,1027.1099000000002,1023.5134999999999,1025.8277,1018.912,1006.2641,996.3773300000001,945.0269999999999,1020.7962999999999,925.92527,1029.9752,1027.9642,1026.0881,1030.8797,1029.5488,1022.0778,1027.423,1024.4662,1026.6749,1020.1209999999999,1022.0229999999999,1023.2816,1035.7301,1032.1642,0.0,0.0012426557,0.002633055,0.0
1037.9192,1036.6244,1036.2998,1035.7806,1031.1412,1031.4005,1031.4374,1031.192,1030.4295,1031.4748,1030.7196000000001,1031.1596,986.38496,985.83294,958.65963,961.95007,1017.0133999999999,1010.6358,1005.6991999999999,1022.6784000000001,1022.5714,1013.6412999999999,1021.1165000000001,1025.2709,1027.9152,1029.7881,1028.7134,1030.4298999999999,1032.3477,1028.3732,1028.3485,1025.7745,1024.2278000000001,1023.3529,1025.3278,1024.7799,1020.982,1007.1310000000001,982.76649,935.86514,1018.2857999999999,932.60164,1030.6015,1028.0384999999999,1031.0493,1030.9151,1031.1248,1021.4404999999999,1033.4801,1022.5955,1024.278,1022.0692999999999,1023.1579999999999,1020.9867,1035.1983,1030.4024000000002,0.0,0.0011464658,0.0023313141,0.0
1036.0934,1035.3144,1035.5698,1034.7147,1031.0345,1031.2794000000001,1031.221,1031.0709,1028.4243999999999,1030.9589,1030.7443,1030.9206000000001,991.57201,983.3038000000001,957.1623500000001,966.68597,1028.5804,1010.0293,1004.8338,1016.4474999999999,1026.0096,1006.0112999999999,1022.1150999999999,1019.5511999999999,1022.9243,1029.2678,1026.3753000000002,1031.4560000000001,1028.8594,1026.7168000000001,1025.8329,1025.0635,1022.2338000000001,1022.9645,1023.1247000000001,1021.5465,1020.4745999999999,1011.3329000000001,983.8878300000001,934.36226,1016.7375,931.02782,1031.2561,1028.7858,1031.3454000000002,1029.8066000000001,1030.1581,1024.7432,1030.977,1024.51,1023.4639999999999,1022.1524000000001,1021.0008,1020.9223,1034.5636,1029.1389000000001,0.0,0.0010461396,0.0022137803,0.0
1035.1151,1038.072,1036.0356,1036.5155,1030.9859,1031.241,1031.1959,1030.9286,1028.7354,1030.1443000000002,1030.5194000000001,1030.5176999999999,982.0271700000001,985.3670099999999,939.78906,967.91594,1027.3143,1015.7431,1011.9313000000001,1012.2143000000001,1025.2169000000001,1004.3694999999999,1018.9089000000001,1017.9186,1025.3962000000001,1027.6464,1026.6218,1030.5064,1028.0201,1027.3356,1024.4409,1023.3912,1021.4751,1022.8997,1022.1514999999999,1022.0692000000001,1016.998,1007.4973999999999,995.0186500000001,939.6472200000001,1024.4428,928.97612,1033.5457999999999,1030.5868,1030.502,1028.7968,1027.5126,1020.0964,1026.2683,1025.6163999999999,1023.9133,1020.4026999999999,1022.0578999999999,1020.7093,1033.8491999999999,1028.3061,0.0,0.0010672319,0.0025460433999999997,0.0
1036.4043,1035.5171,1034.9389,1035.6819,1030.7344999999998,1030.9008000000001,1031.0228,1030.1519,1028.1705000000002,1030.589,1029.5017,1029.2615,978.67425,984.25556,919.11559,951.9853,1030.5793,1006.6127,1009.2394,1007.9118000000001,1025.7891,1014.4639000000001,1018.0582999999999,1017.2846000000001,1024.5345,1026.8309,1022.3482,1027.7631,1028.1471999999999,1024.7395,1023.6907000000001,1022.4916,1021.9168,1022.1225000000001,1022.4749999999999,1022.1174000000001,1012.9035,1002.6862000000001,991.9636800000001,945.10096,1019.5974,918.8477700000001,1031.6204,1032.9011,1026.1602,1027.9171,1025.5397,1020.1004,1022.8625,1022.5505,1020.681,1018.1773,1019.3855,1017.2588000000001,1033.7236,1028.5747,0.0,0.0012145870999999999,0.002846585,0.0
1035.5674,1034.2433999999998,1035.0236,1036.4171000000001,1030.7122000000002,1030.6442,1030.7787,1029.3172,1025.5838,1028.9730000000002,1029.304,1029.179,971.0915699999999,986.6551900000001,928.50522,915.3388299999999,1030.3344000000002,1010.8115000000001,1009.3069,1008.3815,1023.694,1010.1999,1018.9861,1018.6261,1026.8019,1029.0681,1026.7561,1028.1194,1026.7834,1022.8823,1024.2047,1022.6349,1019.0882999999999,1021.3157000000001,1021.2152000000001,1019.8867,1011.8862999999999,998.49097,986.5978200000001,940.95754,1011.6862,915.92816,1027.7235999999998,1032.5729,1023.9559,1028.0509,1025.3828999999998,1020.0194,1025.3002000000001,1019.0458,1020.195,1013.0435000000001,1016.5978,1016.6800000000001,1033.2415,1029.5339999999999,0.0,0.0013373321,0.0026711938,0.0
1034.9474,1034.0421000000001,1035.0611,1034.2444,1030.2311,1030.2128,1029.9912,1028.4796999999999,1025.214,1028.8976,1028.9178,1027.1868000000002,969.09923,989.4994700000001,938.28185,918.07606,1025.6918,1009.2024,1011.4487000000001,1006.3709,1018.4441999999999,1016.6578999999999,1021.6354,1024.8459,1022.5509,1029.1597,1029.0928,1026.3538,1024.7667999999999,1022.7938,1021.4614999999999,1021.3895000000001,1020.936,1023.7547,1019.0047000000001,1021.3769,1011.2828,1002.8033999999999,988.9978800000001,936.23628,1015.8158000000001,919.9958700000001,1028.2991,1027.8187,1027.8823,1024.1476,1022.7960999999999,1021.4705,1040.0949,1016.6646000000001,1029.4871,1017.2863,1019.3643,1023.731,1033.8263,1024.9793,0.0,0.0014449929999999999,0.0026026827,0.0
1035.6083,1033.3159,1034.0036,1033.3130999999998,1029.904,1029.6104,1029.7901000000002,1027.4406999999999,1026.3644,1028.3502,1027.6908,1027.4590999999998,966.2707800000001,988.5523000000001,950.41986,936.61838,1023.4065999999999,1007.5021,1008.4833,1007.9092,1018.8258,1011.7814,1020.9694,1012.8348000000001,1020.6689,1026.8281,1022.1273,1025.9252000000001,1022.8407,1023.4916000000001,1019.9753000000001,1020.0535000000001,1026.5683999999999,1023.899,1023.7818,1026.4479000000001,1014.2004,1004.7146,987.90122,937.22231,1013.2730999999999,919.58381,1031.9417,1025.2545,1027.4360000000001,1024.6426000000001,1024.6790999999998,1021.1980000000001,1036.3243,1027.1473,1026.3292999999999,1018.6163,1025.0136,1022.3538,1033.6547,1026.4784,0.0,0.0014033027,0.0026769007,0.0
1033.6044,1036.4217,1034.1042,1031.1580999999999,1029.0355,1029.0914,1029.3099,1027.4448,1025.9914,1027.6138,1027.8156000000001,1026.5419,969.00401,986.3117,951.68953,951.98693,1023.3737,1007.6678999999999,1006.2395000000001,1007.5789,1019.1691,998.1165199999999,1019.1561,1008.4498000000001,1022.1247999999999,1024.497,1021.8740999999999,1024.8804,1024.1058,1024.7046,1022.1468000000001,1023.2347000000001,1022.5714,1023.768,1025.8725,1026.4591,1009.8837000000001,1003.2501000000001,982.79909,940.6001699999999,1015.8857,925.6828099999999,1030.3311,1028.1883,1029.9651,1023.8914,1025.233,1020.5358,1022.263,1034.6156,1016.8702999999999,1019.7769999999999,1019.3316000000001,1015.1355000000001,1033.2271,1027.8985,0.0,0.0012493743,0.0025963709,0.0
1034.6723,1034.2092,1034.2291,1031.4602,1028.6136000000001,1028.7829000000002,1028.2005,1026.5871,1027.7646,1027.2326,1027.2879,1026.6051,972.96884,985.95226,944.41419,959.28169,1022.8581,1008.0905,1007.3116999999999,1014.4163000000001,1020.5558000000001,1002.3377999999999,1010.6908999999999,1008.6152999999999,1024.5656000000001,1024.9603,1026.1914,1022.5493999999999,1025.6973,1026.3636,1025.0368,1025.9272999999998,1013.7274,1017.8680999999999,1018.7578,1019.5541000000001,1008.6724999999999,1000.0402,983.85313,935.54391,1017.3977,936.69589,1025.7002,1027.2869,1026.7079,1023.7261,1024.0113,1018.7108,1018.7643,1023.6640000000001,1015.6553,1012.848,1010.5755,1005.065,1032.3535,1027.2530000000002,0.0,0.0011326179,0.0026772138,0.0
1033.4981,1031.8693,1033.628,1032.1999,1028.3019,1028.3551,1027.3442,1026.4153000000001,1024.3344,1027.2837,1026.69,1026.6238,976.38203,985.6902500000001,942.38194,964.77004,1024.8796,1010.6985999999999,1003.2451000000001,1013.2037999999999,1017.9170999999999,1004.0083999999999,1010.0644000000001,1007.6059,1025.2649,1022.0978999999999,1024.1168,1020.6016000000001,1026.5546,1026.0989,1023.7974,1021.315,1012.1668999999999,1017.0107,1012.6728,1012.9326,1001.8539,996.08285,985.8604,936.7176,1010.4973000000001,963.03538,1023.5613,1025.0028,1022.5682,1022.0285000000001,1024.1191000000001,1019.2987999999999,1014.7960999999999,1014.738,1007.2678999999999,1007.4377999999999,1006.4340000000001,1006.8505,1031.8506,1024.9173,0.0,0.0012810953,0.0037214679000000003,0.0
1033.0393,1032.5209,1033.0357999999999,1032.4754,1027.4336999999998,1027.4056,1026.6944,1026.6392,1024.7111,1026.9038,1025.5124,1026.5487,971.02729,985.1591400000001,940.7287799999999,968.14612,1021.9713,1006.4076,1004.3198000000001,1010.589,1014.1067,1009.7437,1009.8441,1006.8455999999999,1023.6675,1027.5353,1025.4016,1024.4304,1023.1598999999999,1020.0314999999999,1016.0728999999999,1013.8539,1008.3085,1010.2142,1010.5851000000001,1009.4201,1004.7121000000001,982.75011,988.6563699999999,937.7593800000001,1015.5498,956.12579,1020.4782999999999,1022.6717,1022.2683000000001,1022.2755999999999,1019.4399999999999,1016.1405,1009.1123,1009.5754999999999,1007.4705,1006.3540999999999,1005.2828,1006.8517,1031.3126,1020.5397,0.0,0.0015607703999999999,0.0038735545999999997,0.0
1032.5665,1034.1415000000002,1031.5261,1030.3336,1026.2845,1027.3452000000002,1026.9309,1025.9548,1019.1904000000001,1026.2666000000002,1025.1952999999999,1025.4125,967.9543500000001,984.6149899999999,945.16263,970.6410999999999,1020.3068,1005.1447,1005.3804999999999,1009.8863000000001,1012.5087000000001,1002.1075000000001,1010.1420999999999,1007.3265,1023.3073999999999,1026.2983,1021.047,1024.9912,1020.0988,1016.7620000000001,1015.1391,1011.1315,1007.8532,1010.5327,1007.8736,1007.371,995.0305300000001,981.2097,991.47497,944.71085,1011.5942000000001,944.0882899999999,1017.9805000000001,1022.6184000000001,1011.105,1019.3788999999999,1018.3421000000001,1012.7527,1007.3587000000001,1007.5137000000001,1005.4639999999999,1007.4023,1007.4715,1007.9435000000001,1031.1722,1023.1502,0.0,0.0017021047,0.0044737518,0.0
1032.6403,1032.3295,1031.2612,1031.6854,1026.7748000000001,1026.603,1025.7709,1025.1635999999999,1020.1756000000001,1024.6306000000002,1023.6064,1024.1329,969.0901600000001,985.7757700000001,951.35801,974.3391899999999,1017.9644000000001,1006.7762000000001,1005.6067,1008.1381,1009.5712,1001.8010999999999,1009.8856000000001,1001.1782,1020.4005000000001,1024.0531,1019.7168,1023.2761999999999,1021.8486999999999,1016.9974000000001,1010.9161,1008.7987,1009.0543,1009.1337,1007.2727000000001,1006.7082999999999,997.24388,983.0459199999999,988.8519499999999,948.51098,1008.1767,930.16191,1015.0411,1022.236,1008.4761,1019.5971999999999,1016.6243,1011.7205,1008.4663,1007.4160999999999,1006.4887000000001,1008.0667,1007.4331000000001,1007.0934000000001,1030.6861000000001,1016.1695000000001,0.0,0.0025714617,0.0054842028,0.0
1032.0769,1030.5866,1032.6383,1027.226,1026.2995,1024.9449,1026.2042000000001,1022.2075,1020.8879,1024.6964,1023.1238,1021.1521,962.7652,987.2047,950.3619199999999,974.6913,1015.9406999999999,1006.3751,1004.0591000000001,1002.8347,1009.0506,1004.5596999999999,1007.8838000000001,1010.5499,1022.965,1023.7059,1021.3666000000001,1023.0527,1014.2006,1017.0134999999999,1009.1002000000001,1008.2751999999999,1008.0541000000001,1008.9115999999999,1008.5847000000001,1007.7603,1000.4189,980.3596299999999,984.6501100000002,951.40793,1009.0472,915.5486299999999,1014.1708000000001,1018.8933,1010.0931999999999,1018.2188,1015.2538000000001,1009.5446000000001,1012.8135,1008.0364000000001,1008.7506999999999,1008.3134,1005.8298,1006.4226999999998,1030.9565,1022.0640000000001,0.0,0.0031261216,0.0056495931,0.0
1031.8304,1029.8908,1031.467,1026.5874,1024.9756,1024.0616,1025.5554,1020.8752,1022.154,1020.7662,1023.2889999999999,1019.9719,960.91519,987.12638,946.8537699999999,971.6538099999999,1015.0999999999999,1002.5845999999999,1004.3325000000001,1002.7215,1008.4422999999999,1003.0812999999999,1008.1,1007.1952000000001,1024.851,1026.5144,1016.7298999999999,1018.52,1015.3745,1011.2363000000001,1011.4457,1008.1800000000001,1009.0165999999999,1011.3799,1009.5315999999999,1009.7798,998.2812299999999,984.81109,989.09038,947.1823499999999,1009.1970999999999,918.59507,1017.2019,1015.3789,1016.1738,1014.2488,1011.3883999999999,1009.5270999999999,1010.7813,1008.7224,1002.7521,1005.6358,1006.1252999999999,1004.9558999999999,1030.6013,1016.0862999999999,0.0,0.0031866904,0.0052245194000000005,0.0
1031.5732,1030.15,1029.7862,1031.6324,1023.7792999999999,1024.0229,1022.2361,1020.7096,1016.5225999999999,1021.3411999999998,1020.4514,1019.5881999999999,964.28733,985.3436399999999,936.8813299999999,968.04216,1009.5984,1000.1876,1002.4342,1005.7408,1009.3731,997.75326,1006.6341,1003.7412999999999,1020.7184,1026.6974,1018.7559,1018.6073,1014.6116999999999,1013.0435000000001,1009.2721999999999,1008.6227,1005.1804,1007.4514,1006.4689000000001,1004.6177,1004.2771,995.27163,987.61132,946.50105,1013.9001,926.54515,1019.4085,1013.0565,1008.6495999999999,1014.9174999999999,1012.0501,1010.9572,1002.2416000000001,1006.4455999999999,1001.017,1005.9685000000001,1005.0018,1003.4748999999999,1029.4062,1018.3728000000001,0.0,0.0026574352,0.004358097399999999,0.0
1031.1425,1028.7084,1029.5758,1030.0959,1022.9233999999999,1021.2711,1021.8658999999999,1019.8184,1014.5785000000001,1019.1641999999999,1020.6049999999999,1018.6749000000001,966.85963,985.3137399999999,932.11356,943.89709,1010.9075,998.9616799999999,1003.0952,1005.0523000000001,1008.5586000000001,994.85549,1002.6591,994.4665300000001,1016.0071,1023.238,1020.9939999999999,1020.3308,1015.3768,1013.9322,1011.0461,1007.8820000000001,1002.6473000000001,1003.2032000000002,1003.9327999999999,1003.5172000000001,1009.468,1000.5887,989.41173,944.94843,1020.8556,918.98014,1017.7728,1016.0053,1006.6122999999999,1011.6337000000001,1009.8486,1006.1515,1000.0182,1004.2204,1002.5328000000001,1005.0573,1001.3616000000001,999.97928,1028.5121,1021.4289999999999,0.0,0.0021449654,0.0036662248,0.0
1030.4019,1031.3314,1030.002,1026.1011,1022.4253999999999,1020.5178,1021.8906999999999,1019.0432999999999,1012.6200000000001,1018.0545,1018.0662000000001,1018.2736000000001,972.9934499999999,984.5430799999999,936.29516,922.38765,1013.0653,997.5234500000001,996.2853899999999,1000.3963000000001,1006.8814,996.45504,998.76387,1000.5794000000001,1018.4782,1019.9757000000001,1021.5573999999999,1017.6573000000001,1013.4862999999999,1012.1951,1008.1154000000001,1004.7649999999999,997.25925,1000.1093,1000.2081999999999,998.7402699999999,1007.2261,997.8432,996.43552,939.04604,1018.4189,918.97946,1007.8027,1016.2869000000001,1003.8941,1009.9925999999999,1010.3042999999999,1003.1732000000001,998.68592,1004.2581000000001,1000.9438000000001,1003.7383,997.7015600000001,995.7740399999999,1027.8434,1017.2098000000001,0.0,0.0016391931,0.0028668232,0.0
1030.841,1027.0269,1029.2929000000001,1024.2226,1020.8014,1019.3807999999999,1020.5539000000001,1017.4667999999999,1008.0873,1018.478,1017.6495,1016.3942,974.4736,984.7314399999999,934.81603,934.41093,1011.6642,1000.7499000000001,1001.9875,999.5996499999999,1006.1731,1001.8290000000001,1002.2226999999999,1006.9153,1018.3001,1020.5181,1018.3573,1017.2226999999999,1013.0783,1009.3684,1002.7711,1001.4683,998.11646,1001.0652,998.2004799999999,998.19849,1002.4878000000001,988.57852,996.1777299999999,936.1832,1009.3075,921.6911699999999,1008.6605999999999,1012.6788,1003.5496,1008.7483,1009.9060000000001,1004.5495,1007.0247,1002.6628,1001.7489999999999,996.93207,995.8984300000001,997.31283,1029.0063,1017.6399,0.0,0.0014261979,0.0022280499,0.0
1029.962,1023.4998,1029.5444,1023.8713000000001,1020.0646,1019.3778,1019.2167,1016.3122,1010.2404,1016.8673,1015.8234,1015.0553000000001,975.3645,984.7030900000001,937.37436,941.6203099999999,1007.2626999999999,1004.5382,999.09006,999.5158599999999,1002.1800000000001,1009.8186,1005.3620000000001,1015.4611000000001,1015.0458000000001,1024.6011,1017.7890000000001,1017.5191,1008.1228,1007.1420999999999,1000.1132,999.62804,1001.5336,1001.6338999999999,999.0410800000001,999.54704,999.5949799999999,984.5746300000001,989.0212200000001,940.3450700000001,1013.6634,928.18066,1010.5971000000001,1012.5952000000001,1009.2263999999999,1007.3417,1005.0061,1003.5105,1020.0191000000001,1000.5776000000001,1001.3587,997.7692499999999,1000.2734,1004.2847,1026.8852,1017.8221000000001,0.0,0.001253395,0.0020874853,0.0
1027.9602,1028.3218000000002,1028.1316,1023.5907,1018.4886000000001,1019.1817000000001,1017.4821999999999,1014.4807999999999,1009.7151,1015.2478,1015.1282,1013.4008000000001,973.15879,982.29158,943.79963,952.71776,1005.6830000000001,999.9638400000001,1002.445,996.0430899999999,1001.2339,1010.5610999999999,1010.3891,1010.4327,1015.1465,1024.7033,1019.0062999999999,1016.1275999999999,1006.7131,1003.3825999999999,999.7742400000001,999.6591900000001,1007.9087000000001,1003.7627000000001,1005.3817000000001,1003.6342000000001,1008.3941,998.11036,984.90639,946.88317,1014.9857,942.82401,1010.6434,1009.4284000000001,1016.3716000000001,1011.1223,1006.5123000000001,1003.7988,1015.8452000000001,1000.7919999999999,1006.5761,1002.6696000000001,1004.7552000000001,1010.0255000000001,1025.6526,1010.0973,0.0,0.0010754777,0.0020699481,0.0
1027.448,1026.6574,1024.7022,1025.6431,1017.7750000000001,1018.169,1015.9201,1013.3986,1009.4905,1013.9083,1014.6739999999999,1012.4609,971.65371,982.0214700000001,947.82315,960.6077799999999,1009.9739000000001,998.01981,1000.9852000000001,993.3681200000001,1006.2058999999999,988.43805,1010.9741,1000.1011,1015.5838999999999,1021.2093,1018.4327999999999,1018.1124,1007.3695999999999,1002.2759000000001,1004.3926,1004.5668,1009.5138999999999,1007.1772,1007.9108,1008.3741000000001,1011.0577999999999,1000.6724999999999,982.3069800000001,947.3143,1012.1139,948.3298100000001,1016.7280999999999,1011.5631000000001,1014.4532999999999,1013.0769,1007.6861000000001,1002.2417999999999,1001.7968,1004.277,1005.9642999999999,1007.1787,1008.6222999999999,1011.3937,1024.5405,1008.2062000000001,0.0,0.00098071649,0.0018607279,0.0
1025.2204,1022.3733,1027.6970999999999,1021.1214,1015.8767,1014.7183000000001,1014.4260999999999,1011.9988999999999,1009.3859000000001,1014.0142,1013.8867999999999,1011.3158999999999,977.10236,982.59005,946.6425,960.0294799999999,1011.1314000000001,998.4576000000001,999.8059400000001,996.71055,1011.2922000000001,990.9775500000001,1005.7422999999999,992.9625699999999,1012.9759,1020.8468,1016.6901,1012.5316999999999,1009.9907,1010.3421000000001,1007.1899,1006.5405999999999,1005.9313999999999,1006.7415,1008.1090999999999,1008.3203,1006.4238,994.5886,986.8360799999999,948.00585,1010.0007,948.5005,1013.4891,1016.5631000000001,1005.5788000000001,1006.7801999999999,1008.9474,1000.8752999999999,996.26508,1007.002,1001.9562000000001,1009.2597,1004.7806,1000.3537000000001,1024.5998,1013.9539000000001,0.0,0.00090416817,0.001988793,0.0
1024.9949000000001,1021.7408,1027.385,1016.9454,1014.3206,1013.6640000000001,1013.6380999999999,1011.1347,1011.2534,1013.2493000000001,1012.7094,1011.5358999999999,982.2968699999999,984.3450300000001,949.01644,960.026,1011.9861999999999,990.3374499999999,994.45439,1001.4002,1008.8197,991.3485,999.2928699999999,996.3639900000001,1015.7091999999999,1016.0844,1018.2065,1014.6871000000001,1008.1456,1011.1318,1007.7725,1008.1421000000001,1000.7512999999999,1003.6388,1003.6635999999999,1004.1231,999.8641100000001,996.5260099999999,978.67909,943.8705500000001,1008.1632,951.09389,1013.2553999999999,1014.2612000000001,1002.1335,1004.4150000000001,1005.667,1005.6533,1006.1528000000001,1007.1206,1002.1991999999999,1000.3251,999.28411,998.5172500000001,1024.276,1015.4147,0.0,0.0009741836300000001,0.003055866,0.0
1026.161,1024.2203,1023.5386000000001,1015.8059,1013.4368,1013.5411,1012.5269,1011.2878000000001,1008.981,1011.9914,1011.8747000000001,1011.6134999999999,981.07975,984.5528800000001,948.2821,964.9949,1001.7529999999999,998.2862800000001,996.31753,1007.9015,1003.4944999999999,993.12834,995.86016,999.23696,1017.2045,1020.4291000000001,1017.5686999999999,1014.9384000000001,1010.2339000000001,1010.2608000000001,1006.0021,1006.1347999999999,998.99453,1000.6539000000001,1001.1833,1000.8765999999999,999.2628800000001,993.08508,984.04034,944.9005400000001,1014.0416,956.74974,1005.8275000000001,1008.8129000000001,1007.3004,1006.8881999999999,1005.7139,1005.9559,1000.8885999999999,1002.0409999999999,999.9044099999999,995.70652,998.4122699999999,993.04172,1022.6908,1012.2123,0.0,0.0016668487,0.0025174568,0.0
1024.8783,1022.1884,1021.2525,1020.8503,1012.2893000000001,1012.092,1011.5625000000001,1011.5790999999999,1006.4156999999999,1011.7642,1011.3692000000001,1011.2897,976.40364,981.19,944.82882,968.88419,1002.5894000000001,998.19076,995.90929,1002.2398999999999,1000.5547000000001,992.51594,998.9830099999999,997.2526399999999,1017.0039999999999,1022.1738,1016.4296999999999,1016.3629,1010.7445,1005.2222999999999,1004.3842,1001.4392999999999,997.14447,999.4198599999999,998.23046,998.1919499999999,1001.0854,999.1293900000001,990.49166,951.88299,1009.7875,958.29159,1006.2535999999999,1007.2755,1003.8915,1008.5717,1008.1055,1002.4145000000001,999.70034,998.0619899999999,994.09905,994.02504,995.4170300000001,994.59958,1020.0536999999999,1010.0449,0.0,0.0012656786,0.0014185436,0.0
1021.3538000000001,1020.2099999999999,1021.1103999999999,1018.5840999999999,1011.7881000000001,1012.0221,1011.175,1010.511,1006.526,1011.2971,1010.1445000000001,1009.71,972.32776,980.5596699999999,946.7006600000001,970.56061,1005.9739,998.92904,997.4511200000001,999.52598,1000.0179,987.6652,1000.3579,997.31412,1015.517,1021.1522000000001,1016.7239000000001,1016.6388000000001,1009.7768000000001,1002.1420999999999,999.7992,998.2665300000001,997.7587000000001,998.9607700000001,996.1690000000001,996.3975300000001,997.11049,989.8554800000001,999.2261,956.1784,1015.1482000000001,967.42212,1005.9818,1006.5526,1000.6972999999999,1003.8301000000001,1002.1794000000001,1000.4514,1009.2078999999999,997.03535,999.9305599999999,996.12127,995.70467,997.4005299999999,1020.3077000000001,1009.4613,0.0,0.0007975349400000001,0.0006963705599999999,0.0
1021.6057999999999,1018.1608,1021.2125,1012.2299,1011.4239999999999,1011.4199,1011.6423,1009.0173,1006.4308000000001,1009.8710999999998,1008.6401,1007.8799,970.15416,981.7519199999999,942.81508,970.35284,1005.8294999999999,995.9703699999999,998.7256,1001.6505,1000.1655999999999,992.5547700000001,997.9245799999999,994.92433,1012.6999000000001,1018.9076000000001,1012.0668999999999,1015.8749,1005.1854999999999,1000.106,998.90751,995.9748400000001,997.74767,998.3900299999999,997.1908399999999,997.6423399999999,1002.3892999999999,986.6422200000001,990.16585,963.49562,1007.9772,941.3461,1007.0495000000001,1007.5640000000001,1005.8775,1002.9387999999999,998.82866,1000.1822999999999,999.7226499999999,997.73572,1000.1899,997.35578,996.9295500000001,996.01495,1020.3781,1007.7851,0.0,0.0005115867,0.00038610637,0.0
1021.0829000000001,1015.8585999999999,1019.9029999999999,1015.6559,1010.7076,1009.9653,1011.3092,1007.7699,1005.4472999999999,1008.3555,1008.4687,1007.0414000000001,972.96048,981.3689499999999,943.28301,969.7178,1003.8851,990.57131,997.68685,999.11068,999.8744399999999,997.59506,996.8403099999999,1001.0815,1012.7739999999999,1015.3711,1014.4271000000001,1014.2682000000001,1003.8206000000001,999.39899,998.13966,997.0513900000001,999.88706,998.882,999.4956300000001,997.92593,1003.5336,991.7559299999999,987.54719,963.37987,1007.1202000000001,927.21843,1007.4303,1008.9503000000001,1006.0021,1002.8063000000001,1002.1028,998.44568,1001.9341999999999,999.0335,999.08399,995.86616,998.1688,997.68629,1019.2207999999999,1009.6218000000001,0.0,0.00034310707,0.0003825195,0.0
1018.6599,1015.3288000000001,1019.1677999999999,1016.3377,1009.8539999999999,1007.8146,1010.3479000000001,1007.038,1002.668,1005.5406,1008.027,1006.2552000000001,976.7402999999999,980.51419,943.97312,964.43103,1003.6642,989.5024000000001,991.4667499999999,996.6254899999999,997.3732699999999,1000.2562,996.4717899999999,1004.1691999999999,1012.0450000000001,1015.2016000000001,1013.5935999999999,1013.5462,1002.0373,1000.7507999999999,998.7068399999999,999.5911699999999,999.06537,999.7771600000001,1000.5202,1000.847,1009.0927999999999,995.89286,994.5203100000001,964.9573,1006.7241999999999,931.85234,1005.7097,1007.0727999999999,1004.4009,1003.4314999999999,1002.6421,997.5729799999999,1000.9862,996.96235,998.21249,997.0881300000001,995.8309499999999,996.67486,1017.4762999999999,1006.8500999999999,0.0,0.00022267198,0.00050783969,0.0
1017.5886,1018.5513,1016.9921,1017.1536,1008.3741000000001,1007.2874,1008.2757999999999,1005.9019000000001,1005.7176,1005.3130000000001,1006.6420999999999,1005.8711000000001,977.2351,983.94396,946.1655,958.6653699999999,1004.6198,993.8974900000001,987.55218,991.1605099999999,1000.3452,996.81845,1001.3705000000001,1003.7233000000001,1010.5327,1013.7751,1012.1583,1012.3406,1006.6492999999999,1003.8667,1000.8663000000001,1001.0818,998.07253,999.36092,998.1580600000001,999.2049800000001,1001.1409000000001,984.51544,994.4846200000001,950.1748,1011.0257,922.89133,1008.0378000000001,1006.8040000000001,1000.2527000000001,1002.1539,1001.4402,999.5200500000001,994.60662,997.00582,996.3525500000001,998.13142,997.7674199999999,999.5129900000001,1016.2534,1008.0738,0.0,0.00025719457000000003,0.0006427130899999999,0.0
1019.4108,1017.6831999999999,1015.5467,1014.4637,1007.3579000000001,1006.4150999999999,1007.4088,1005.1792,1004.4455,1005.6977999999999,1005.7956,1004.9778,978.27702,982.03917,948.22916,945.8491300000001,998.6755299999999,997.2185900000001,990.26682,993.13908,999.6033000000001,987.07613,1001.2001999999999,998.7058900000001,1010.0110999999999,1011.5346999999999,1012.2683000000001,1010.2198,1006.2090999999999,1002.7135999999999,998.8555299999999,998.8772299999999,999.93326,999.04571,998.85644,999.4647899999999,1000.9672,995.0034899999999,991.0164100000001,944.4992900000001,1009.0053,915.28332,1005.4968999999999,1005.7189,996.6698,1001.3376999999999,1000.374,999.82332,995.77949,998.2398300000001,999.37549,1001.2160000000001,999.2579099999999,1001.6804999999999,1016.0009000000001,1006.5526,0.0,0.00041064283,0.0007835222400000001,0.0
1018.8069,1013.5314,1016.9961000000001,1012.1123,1006.6957,1005.9855,1006.702,1004.7344999999999,1005.6646000000001,1005.876,1004.8406000000001,1005.0033000000001,980.1035800000001,978.4702199999999,943.9175200000001,935.2932400000001,999.7887699999999,999.85669,990.24258,995.38824,1000.4903,986.5184200000001,1001.3055,981.99814,1009.2521,1011.2669999999999,1011.0432,1010.0994999999999,1005.4362,1002.3471000000001,999.48844,999.08821,999.1515300000001,999.6350299999999,1000.3038,1000.0995999999999,1000.8601,999.0303799999999,979.3470300000001,940.90704,999.0967600000001,918.5697299999999,1005.9916999999999,1003.5522000000001,1004.2659,1002.274,1001.6935000000001,1000.6876000000001,996.00801,999.1078900000001,996.62784,1001.6637999999999,1000.5126,999.17449,1014.8092,1002.9978000000001,0.0,0.00044959339,0.00097387141,0.0
1016.7819999999999,1013.5275999999999,1017.0876000000001,1009.8486,1006.0495999999999,1005.3683999999998,1005.7308999999999,1004.5751,1004.8260999999999,1005.5661999999999,1004.5111,1004.2329,981.2301899999999,977.59276,943.56977,936.00352,998.87667,994.05088,993.3062999999999,996.74547,1000.5901,980.38719,992.7441899999999,982.1405900000001,1006.7619,1009.7114,1010.4411,1010.5603000000001,1003.0936,1002.6922,1000.903,1000.2515,995.64194,998.2889299999999,996.4358199999999,995.78827,999.6898899999999,992.39497,984.17105,937.78201,997.0528,927.9310800000001,1005.4219999999999,1002.8852,996.1057900000001,1003.0333,1002.3499999999999,997.8610899999999,994.2454,1000.9461,995.0614700000001,995.8992400000001,998.3655100000001,993.6688999999999,1015.0092999999999,1004.6053999999999,0.0,0.00045570468,0.0011125561999999999,0.0
1015.7633999999999,1015.1219,1014.3297,1011.0702,1005.6942,1005.2659000000001,1005.1724,1004.2803999999999,1001.9934,1004.4581,1004.4381999999999,1004.1167,982.0003800000001,977.5941399999999,943.45157,951.38689,1000.9138,991.0333699999999,987.6438700000001,997.2114700000001,999.4274700000001,982.48883,982.5925,973.0596400000001,1008.2744999999999,1011.2957,1009.1975,1009.8436,1004.5003,1002.522,1000.8123999999999,998.0514700000001,992.5881400000001,994.94835,993.4827199999999,993.3613,998.2739499999999,990.01798,983.40927,932.16614,995.5055400000001,938.9575,998.6083100000001,1003.3053,991.9268199999999,999.77117,998.5001000000001,997.81956,990.37054,996.46711,991.0533500000001,985.6079599999999,993.2111,984.58843,1012.5888000000001,1004.3039000000001,0.0,0.00056749254,0.0016374011000000002,0.0
1015.3563999999999,1015.9901000000001,1013.1916000000001,1015.1766,1005.4896,1004.8836,1005.2276,1003.9983,1000.3118999999999,1003.1788,1004.0702,1004.0017,980.54434,978.98498,912.46407,951.66742,1001.7407,991.1980800000001,988.54634,995.71047,989.87311,992.72447,979.31156,989.4103499999999,1009.8418999999999,1010.4952,1009.6045,1010.0259,1001.7699999999999,996.6799599999999,997.48663,993.60229,987.35468,989.4884999999999,990.81682,991.0661200000001,993.5704200000001,989.3024099999999,982.20156,934.1762,998.49257,950.48566,994.5713200000001,1000.4801,996.41298,1004.3280000000001,998.84178,997.01102,996.1925399999999,988.5056200000001,985.89168,981.9757599999999,985.77043,979.80887,1010.4857,1001.7211,0.0,0.0011977312,0.0030101278,0.0
1014.1714000000001,1014.1312,1013.2425000000001,1008.3014,1004.6947,1004.0167,1004.9938000000001,1003.47,998.8024700000001,1003.0364000000001,1003.3199,1002.7377000000001,975.7331499999999,980.9806900000001,909.85828,955.29598,999.64031,993.8846300000001,986.6652100000001,990.0019800000001,989.0545299999999,982.50862,987.28063,996.6831,1008.7456999999999,1009.7362,1008.7244000000001,1008.6743000000001,999.4756600000001,994.79557,993.6973,992.36359,987.8345899999999,990.51393,987.0148,986.8296899999999,988.6209699999999,983.0253600000001,978.20967,937.1055700000001,1005.1719,976.8873,993.93486,998.5288600000001,996.06463,999.3448099999999,992.31547,988.99303,993.8655699999999,987.13592,981.1430899999999,975.80461,985.40175,991.26324,1011.1389,997.4762000000001,0.0,0.001570999,0.0040016139,0.0
1013.0109,1012.2056,1012.0337000000001,1008.4135000000001,1004.2702,1004.0735000000001,1004.3679000000001,1002.5276,997.9964299999999,1002.1476999999999,1001.1607999999999,1002.3642,971.1163,981.03553,938.22793,960.0578700000001,997.6648599999999,991.26112,986.91929,988.1375400000001,984.2472300000001,991.83644,993.17271,991.14399,1006.5555999999999,1011.495,1007.4253,1009.2825,997.0825199999999,992.2255099999999,992.21872,987.8642799999999,992.09784,993.6963800000001,988.02615,990.0120099999999,990.8304599999999,985.49228,967.1148,938.2159399999999,1004.5217,962.4688500000001,998.8770300000001,998.5212499999999,994.99917,997.97832,993.8568799999999,992.77891,985.5233699999999,978.8170600000001,982.99509,982.3415799999999,994.5512799999999,994.39585,1011.8192,1002.4166000000001,0.0,0.0020056809,0.0038787170000000003,0.0
1012.7177,1010.1343999999999,1012.0063999999999,1006.9479000000001,1003.8867000000001,1004.1077,1002.8445,1001.7532,998.0789,1002.3693000000001,1001.3435,1000.1274999999999,957.2114,980.90988,943.96794,963.42601,995.3262799999999,987.2736399999999,988.3546600000001,991.64284,988.19819,998.3281800000001,992.80567,998.30949,1003.8740999999999,1008.036,1006.7764,1009.1919999999999,995.5016400000001,990.06926,990.2167,989.36393,991.9997999999999,991.3826799999999,992.1420899999999,990.56562,992.19895,982.9266500000001,979.31672,947.7235099999999,1003.4123000000001,952.67268,1000.2163,1000.4549999999999,992.0495500000001,996.74848,995.64968,992.4168700000001,992.3391700000001,985.8706,998.0403500000001,992.3217199999999,989.85912,989.3341700000001,1010.8516000000001,998.03314,0.0,0.0020800114000000002,0.002562441,0.0
1010.8687000000001,1010.4915000000001,1011.3717999999999,1006.4434,1003.3666999999999,1003.1750000000001,1001.4866,999.48421,999.4893599999999,1002.2295,999.6530600000001,999.4562199999999,955.54183,979.38326,946.29078,957.77015,992.88083,985.2423699999999,987.74883,991.07314,990.3752799999999,1005.8635,996.9423600000001,1003.6756,1004.5084,1008.2227,1008.5008999999999,1007.9825999999999,993.22142,993.05198,992.3367800000001,991.70737,995.7605699999999,995.40858,993.2734700000001,994.9628999999999,997.07375,987.21451,989.26284,964.6706300000001,1003.4917,941.4061999999999,999.3875400000001,1000.1526,999.49413,992.9438499999999,992.20791,992.8562900000001,1002.2293,993.9712199999999,994.5589999999999,991.8192199999999,994.9236199999999,998.7035299999999,1011.4269,1002.2262000000001,0.0,0.0016086012,0.002236841,0.0
1008.7025,1008.6967,1011.6362,1007.6715,1003.1494,1000.2979999999999,1001.0976,999.1153300000001,997.5050499999999,1000.4147,998.9886600000001,998.8070800000002,962.4440099999999,978.9554199999999,943.8843400000001,959.18659,994.02667,983.7222999999999,987.2320199999999,986.7396100000001,996.63069,991.21013,1011.8484,1008.3561,1008.4821000000001,1010.7874999999999,1007.8678,1004.5828,994.10414,993.49079,991.95541,993.6499,1003.428,1001.399,999.79298,1001.3942999999999,995.7969,995.9385900000001,981.76349,974.5344,1003.7502999999999,951.94367,997.79239,996.95393,997.1079900000001,993.47061,994.63381,996.4835199999999,1010.812,997.33135,1004.2307000000001,997.9303500000001,1004.542,1013.0344,1010.2308,999.1838999999999,0.0,0.0011026489,0.0022398897,0.0
1008.2878,1006.382,1009.8593,1007.5494000000001,1000.9540999999999,1000.465,1000.3188000000001,998.44607,1000.3366000000001,998.3085699999999,998.37808,998.2763399999999,964.9495499999999,979.3045900000001,923.9069199999999,961.66393,993.95156,985.2527899999999,989.5744,982.3516,998.4966400000001,986.41275,1004.5255,994.4438700000001,1004.6587000000001,1004.4873,1008.7999,1007.5335999999999,997.78662,996.54044,996.42938,997.85955,1004.1430000000001,1001.5594000000001,1006.9205000000001,1006.2703,998.99803,993.9912999999999,977.88186,963.51947,989.8644499999999,927.98857,999.10497,998.15005,1004.4619,995.7938399999999,997.8745999999999,996.0319699999999,1009.0552999999999,999.24929,1007.2010000000001,1007.3083,1009.4456000000001,1004.5907000000001,1009.0226,999.55246,0.0,0.0009617423700000001,0.0017110559,0.0
1009.9725,1006.2606,1008.5217999999999,1006.8414,1000.0795,999.7591799999999,999.31761,997.89932,1000.4943999999999,999.6162899999999,998.8996999999999,998.15559,969.6016000000001,978.4461,927.0740499999999,957.6677299999999,994.1204200000001,991.03639,994.14101,985.50718,1003.2724000000001,972.51852,995.9459499999999,989.81463,999.4159999999999,1000.0069,1007.4395999999999,1006.9689000000001,999.58366,1000.7187000000001,1003.5399,1002.6486000000001,1002.894,1001.4926,1005.5184999999999,1005.4154000000001,999.27381,985.0388199999999,975.7578599999999,953.19063,991.44393,928.61635,1005.7794,1000.0966,1006.9098999999999,999.14139,998.7423799999999,995.3861,998.1125499999999,1005.0026,1000.6224,1005.5467,1005.5044999999999,1002.6579,1009.8233,1003.1703,0.0,0.00091490147,0.00086043432,0.0
1010.0904,1007.4070999999999,1007.9957,1000.9928999999998,1000.0206000000001,999.47276,998.70597,998.4922199999999,1000.3028,999.37343,999.1166599999999,999.23475,972.65357,976.3429600000001,944.2871,960.69722,998.7948700000001,992.01101,984.6413699999999,983.9580899999999,1005.3731,973.3889300000001,988.79672,971.24744,1000.5045999999999,1002.6359000000001,1005.0705,1004.6422999999999,1003.8352000000001,1003.3431999999999,1005.9123,1006.1694,996.0206300000001,998.3207799999999,1003.0442999999999,1001.3174,992.54306,981.28319,977.79375,942.33005,990.57593,928.2052199999999,1003.1879999999999,1001.6006000000001,1000.7281,1001.6642,1000.2002,998.1840199999999,991.65162,1001.5198,997.02807,999.9122799999999,1000.3711999999999,987.09058,1007.1780000000001,1002.2776,0.0,0.0006537666,0.0003541955,0.0
1007.6312,1009.9828,1008.2691000000001,1005.8202,999.18274,999.20516,998.4635599999999,999.5150000000001,1001.0386000000001,998.7795,1000.5820999999999,999.7932300000001,974.2212,974.94215,943.7152,961.26505,1002.2884,987.08326,982.5193599999999,988.8697000000001,1001.2889,967.0129999999999,984.6385899999999,979.2844600000001,1003.1952,1005.2005000000001,1005.6435,1005.0857,1004.3667,1004.4063000000001,1004.5929,1004.743,988.92632,989.90687,995.71936,995.1514500000001,989.0519300000001,982.5166899999999,973.60064,935.99374,991.61824,954.35672,998.7848299999999,999.6808400000001,987.2733199999999,998.9957499999999,999.03036,992.72498,987.1855099999999,998.28065,987.3363400000001,989.26686,991.94037,979.49774,1005.6237,1001.0194,0.0,0.0003382229,0.00018012407,0.0
1006.1365000000001,1007.1189999999999,1006.4869000000001,1008.4767999999999,998.8173,999.26994,998.5944700000001,999.95072,998.7526899999999,1000.2947999999999,1000.3545999999999,999.98367,974.90831,975.4768200000001,950.95108,966.07961,996.2023700000001,989.71065,982.94474,991.49718,994.0206300000001,990.67351,981.3448999999999,976.47389,1002.9857999999999,1005.9757999999999,1003.1845000000001,1006.7388,1003.0912999999999,1002.7408,1002.7181999999999,1000.1075000000001,980.52507,986.94819,984.57556,986.53283,989.5460199999999,983.22489,967.85875,933.88865,992.70328,979.60096,989.86958,998.6224,987.3955900000001,998.1536399999999,996.8172800000001,992.66771,981.3745999999999,988.2141700000001,981.80893,981.18671,983.44444,975.7562700000001,1004.923,999.5003,0.0,0.00019211344,0.00011294858999999999,0.0
1006.4645,1007.1687999999999,1005.2367999999999,1003.6805,998.88753,999.3750699999999,999.41598,1000.2964000000001,995.71963,999.4462899999999,999.4137299999999,999.99231,969.22546,976.1715999999999,955.10358,964.7651999999999,995.15796,983.88796,983.2339499999999,991.5820800000001,985.4478,988.99856,981.0564,987.91984,1003.086,1005.9158000000001,1002.9875000000001,1005.6871,1000.6330999999999,995.27906,997.55903,989.55748,980.92083,986.42283,981.1603499999999,980.64712,988.7918699999999,980.2836599999999,961.69333,935.5715,997.36924,987.4815399999999,983.8365400000001,996.68861,984.8483399999999,998.08129,990.6772599999999,982.4746499999999,980.78198,984.5199,979.9136599999999,974.89997,978.6086099999999,976.98102,1003.5713999999999,995.3644400000001,0.0,0.00011685292999999998,9.7270535e-05,0.0
1005.2043000000001,1006.5031,1005.4451,1002.9176999999999,999.19713,999.5645299999999,999.99288,999.6909300000001,991.7368399999999,998.81366,999.3768699999999,998.8481600000001,963.70352,977.4640999999999,950.79927,964.4627300000001,996.71869,982.5167700000001,985.0255,991.8045900000001,983.23903,980.9671800000001,984.3195300000001,992.1878600000001,1003.8428000000001,1005.6152999999999,1003.8017,1005.4319999999999,997.97149,988.4495100000001,993.56454,983.6340599999999,985.6857500000001,985.4787200000001,980.65044,981.6377600000001,991.93028,983.45484,968.51603,944.84176,999.2422,981.57646,987.6481399999999,993.46475,983.45771,994.12126,982.12906,989.8226500000001,984.9483700000001,978.2488199999999,976.19712,971.39368,981.6572300000001,984.90081,1004.1361999999999,994.35829,0.0,0.00011308756,8.9387793e-05,0.0
1004.2852,1004.5262,1004.9099000000001,1004.0925,999.9631199999999,999.27231,999.94889,998.35663,990.5118200000001,998.4162100000001,998.0004700000001,996.2898000000001,961.44402,977.7673700000001,952.00054,964.34354,992.2887299999999,981.7300600000001,982.9886200000001,980.59287,980.8338900000001,982.55972,990.4336400000001,987.8800799999999,1003.3837999999998,1007.494,1004.2899000000001,1002.4164000000001,993.0253399999999,986.73945,985.84511,982.19568,985.0303499999999,985.90938,982.27645,984.3880499999999,986.6957600000001,982.29933,980.2728200000001,964.2502099999999,992.76816,964.2903,989.52078,994.0820299999999,984.3299000000001,992.23868,988.59944,988.01219,979.71014,976.5765900000001,980.72373,981.3572,988.96903,988.78095,1003.9866000000001,994.17877,0.0,9.9341944e-05,9.4691265e-05,0.0
1004.9702000000001,1003.3928,1004.8219,1003.8905000000001,999.75125,998.87821,998.80894,996.35959,992.86736,996.9167600000001,996.40698,995.50392,961.0011099999999,979.02888,943.16917,954.86932,992.01705,982.5979600000001,981.25464,981.6292699999999,983.11697,985.73958,987.6838000000001,989.76995,1002.055,1002.7734999999999,1003.8901999999999,1000.3290000000001,989.16046,985.44592,984.2933100000001,983.3096600000001,988.4178300000001,987.32053,986.08157,986.2383199999999,981.03534,983.6109700000001,987.73961,968.85897,996.56641,952.8006799999999,990.0284200000001,993.27724,981.6797899999999,987.09764,986.7343000000001,985.7126,981.1325200000001,982.0212399999999,988.38696,986.96197,988.6635,988.68691,1003.5052999999999,994.0423699999999,0.0,9.5229368e-05,0.00013090366999999998,0.0
1005.5127999999999,1005.3602,1005.2091,999.15174,999.00502,996.5574400000002,997.60911,994.53782,994.13315,997.3105899999999,995.32906,993.7198700000001,963.3732600000001,978.5356300000001,933.42105,930.81163,990.2749600000001,981.07491,981.7290199999999,980.8847299999999,984.56302,979.21225,987.8449800000001,989.17524,1001.4286,1000.4412,1004.0396,999.18508,989.8641299999999,987.0921300000001,985.8074599999999,985.95824,988.6371399999999,988.7584899999999,988.4186599999999,989.3248900000001,989.59923,980.06938,983.9833699999999,968.3599899999999,1000.7703000000001,946.2615499999999,991.03798,991.9064599999999,988.2464000000001,987.3302299999999,988.2811200000001,986.9990999999999,987.60996,986.7110499999999,989.34461,987.47376,988.13705,987.0657000000001,1003.6422,990.27485,0.0,0.00010483130000000001,0.0002333695,0.0
1004.0602,1004.3871,1004.6203,1001.1054999999999,997.88553,996.03104,996.9444800000001,993.86343,993.76097,994.4702900000001,994.85679,993.1132699999999,963.47037,978.08946,926.87243,928.5874,986.8712700000001,979.7026400000001,977.5508899999999,983.1020199999999,987.7695899999999,984.60642,987.4294000000001,983.9897,1000.1393,1001.3103,1002.7616,999.2098000000001,991.57465,988.40689,988.9892500000001,988.09186,988.14261,988.24,988.41458,988.65687,996.0941499999999,984.98843,978.0914700000001,966.71504,993.99627,940.04414,991.09512,990.3497800000001,991.45094,988.7838999999999,990.09123,987.44802,990.3477700000001,988.9198299999999,988.98487,988.9487300000001,988.0329399999999,988.6022499999999,1003.2909000000001,992.7457400000001,0.0,0.00012508378,0.00036284083999999997,0.0
1002.2052,1002.2885,1003.3065,1003.4236,995.45927,995.38828,994.8717899999999,993.26955,990.9868,993.15921,994.8187800000001,993.5391999999999,968.80868,978.7729,924.6875699999999,936.10691,987.2761899999999,980.35083,981.9015400000001,983.21623,988.9567000000001,979.59452,985.25228,984.65219,997.66147,1000.7153,1000.7979,1000.0613000000001,992.6539700000001,990.4175600000001,988.8087899999999,988.6727,987.0080700000001,985.67485,987.7922699999999,986.2723800000001,994.1433,989.2076800000001,979.9806299999999,953.50338,992.46634,939.5831000000001,993.5466299999999,990.34602,989.76252,989.9561,991.8155,988.29158,986.4766500000001,988.56243,986.67311,989.05361,987.99819,986.3457000000001,1001.9618,994.10356,0.0,0.00019182905,0.00048946343,0.0
1004.2001,1001.6541000000001,1002.0224,1001.5275,995.51533,993.36982,994.3226700000001,992.90475,994.0242000000001,993.5384100000001,993.54185,992.95904,974.69639,978.2700799999999,933.12821,946.28244,986.7765200000001,984.59931,981.6803500000001,981.3946799999999,988.5241900000001,986.49244,983.78063,990.39777,996.85506,1000.3044,1000.9655000000001,1000.3097,992.5139999999999,991.32738,988.17011,987.6565600000001,984.8080699999999,986.0029299999999,986.0991799999999,984.5017899999999,989.7017599999999,987.76181,988.7531,945.2159099999999,993.3861099999999,953.4820100000001,991.90015,989.9480400000001,986.92263,988.9292,990.09279,989.8512800000001,984.40822,988.79141,988.40879,985.6986700000001,985.241,983.2163699999999,1001.7071,993.8408299999999,0.0,0.00026426035999999997,0.00063275821,0.0
1003.4500999999999,1003.2915,1001.601,994.5150399999999,994.90731,993.01757,994.08588,992.8086099999999,992.08558,993.78403,992.7391200000001,992.2651799999999,974.581,978.27706,933.85914,960.82726,984.8223999999999,984.0288899999999,982.0784399999999,978.17756,988.0630699999999,977.3300799999998,986.65736,994.5743100000001,997.9907000000001,998.99035,998.57751,999.4057399999999,991.18577,991.4953999999999,987.5069000000001,986.2252599999999,985.2293999999999,986.8848,984.1471700000001,984.0918300000001,987.2213,981.4684199999999,978.9890300000001,947.93042,996.55079,957.3838900000001,992.79717,990.2752099999999,988.3759800000001,989.30778,990.0395299999999,985.2980600000001,989.43915,986.9104600000001,986.9006400000001,982.2396,984.9163100000001,988.39943,1002.4594999999999,990.3143299999999,0.0,0.00039319103,0.0006701089099999999,0.0
1002.5822,1001.6774,999.9800499999999,998.73435,993.48719,993.60893,993.2929999999999,993.02515,990.79138,992.3507,991.64128,992.2179,973.29781,978.5021,911.4407199999999,969.28876,988.9450800000001,983.38551,976.4963,980.0625799999999,985.1273299999999,976.88029,987.91279,979.0302599999999,999.0676,999.62621,998.15616,999.3084999999999,990.5687500000001,989.2645500000001,985.25157,984.5877700000001,989.9742299999999,987.15913,988.1752899999999,987.01214,986.7635899999999,974.52725,976.6824399999999,944.9824600000001,991.78528,949.22064,994.40612,992.27821,991.72168,990.3449899999999,989.66063,988.5186000000001,989.12687,985.99299,988.12994,985.86278,990.2673000000001,989.5661499999999,1000.5463000000001,992.32572,0.0,0.00040525315999999996,0.00054763837,0.0
1001.9069,1002.3262000000001,999.44986,999.82566,993.10929,993.45684,992.66461,991.9307899999999,988.9639999999999,991.21592,991.29297,991.42914,971.88788,978.2071299999999,917.8352000000001,969.17014,990.3261,985.63641,980.3029899999999,979.8932599999999,987.72794,969.03868,984.70109,974.74285,997.7949100000001,998.3014400000001,998.48863,998.9454499999999,990.3581,988.5936899999999,987.8517999999999,988.1210900000001,986.4472900000001,986.8828900000001,990.15212,988.24251,990.15472,977.04601,975.75154,938.4246400000001,986.82396,939.57955,994.17288,992.6033199999999,991.36227,989.4628299999999,991.2290800000001,987.1075199999999,989.1634399999999,986.3311,989.766,988.47089,987.49296,982.9591500000001,999.00433,991.54078,0.0,0.00032544153,0.00043726951,0.0
999.8662200000001,1000.9377,1000.2624999999999,998.4894600000001,993.2942999999999,992.4444900000001,992.6276,991.20693,989.74429,992.12036,991.3121600000001,990.67633,972.0658400000001,978.24473,937.0097,966.20762,988.9656899999999,985.56562,978.6316699999999,982.04337,990.5484700000001,963.58633,977.4188300000001,971.05581,996.1031300000001,996.80583,997.8055099999999,997.6894500000001,991.4203100000001,991.03951,991.4376700000001,989.7399,980.90678,979.6907100000001,987.34122,984.7985900000001,992.4623799999999,986.38867,976.6406900000001,934.10484,990.5533900000001,942.82834,988.4979099999999,993.9444799999999,989.06679,988.4801700000002,989.29141,981.6888700000001,973.8004999999999,987.18618,973.38227,985.21972,980.3276400000001,970.93385,999.15172,992.24063,0.0,0.00025808511,0.00039456633,0.0
999.01152,1000.3077,1000.3627999999999,1000.3502,992.3986900000001,992.1106799999999,992.79113,990.5950499999999,990.2630100000001,991.52332,990.7259700000001,990.41055,971.91001,977.7867899999999,937.17005,966.15646,985.26155,981.2703700000001,978.5945800000001,985.3933999999999,989.61251,962.06273,977.27552,970.34612,994.40963,995.7540700000001,996.7898599999999,997.83047,991.5639500000001,991.6585500000001,989.40995,988.54896,975.15508,979.09697,980.50306,976.8154,987.7176700000001,986.84839,981.7369899999999,929.4553199999999,990.7658299999999,940.63316,986.84426,990.69039,972.18916,983.5065500000001,988.66076,976.17084,972.3965,985.7279100000001,971.4076600000001,977.1072700000001,975.1330099999999,967.77486,999.7258599999999,992.10862,0.0,0.0002073802,0.0003920089,0.0
1000.5088000000001,1000.3705,1000.255,997.5299600000001,991.54076,991.82062,992.0821399999999,990.7557500000001,991.02488,991.03556,988.49555,990.2846,969.8199,976.8551699999999,936.78225,966.53377,981.3904999999999,972.34956,973.69164,985.14022,981.8212699999999,962.32034,974.03294,970.87501,993.76916,998.62376,996.15594,996.9618,990.97089,988.83852,983.9389500000001,981.22997,972.13324,976.45809,971.53849,972.38194,983.6805800000001,984.47207,977.3925899999999,934.23582,993.86343,957.65692,988.9585199999999,988.6855700000001,976.49154,982.07436,979.65696,980.2885200000001,969.2078899999999,978.1282500000001,971.0676000000001,972.5813,972.0999800000001,968.7765999999999,997.74061,988.2345999999999,0.0,0.00016754168000000002,0.00045826164,0.0
999.5160900000001,997.31472,998.6717199999999,999.0048,990.9259099999999,991.73754,990.66911,990.22326,986.83112,989.99445,988.06548,989.2581600000001,970.08028,976.6231399999999,932.98316,963.7173899999999,980.83359,979.05419,973.9733,981.07165,975.91716,971.33383,973.3086900000001,966.9140600000001,996.1510099999999,997.9233,995.4912899999999,997.02371,988.6872000000001,978.0679899999999,979.9773,973.54592,971.59807,974.87338,973.0313199999999,973.77535,989.3459899999999,980.2000999999999,973.08627,939.45979,986.17158,972.35244,980.4007,985.83234,979.3410700000001,987.44131,974.58011,978.5549100000001,967.77916,973.03494,969.045,970.65764,969.59749,965.3161799999999,996.7536,985.0909200000001,0.0,0.00014249467000000001,0.00050601906,0.0
997.13426,995.9827999999999,997.6287900000001,996.0975300000001,990.8736200000001,991.0610100000001,990.74389,989.2219600000001,985.8489099999999,988.64202,987.00976,987.9925900000001,960.8031699999999,975.53682,931.0668400000001,956.20866,982.64435,977.2430899999999,979.4772700000001,976.76025,972.12044,964.12621,965.91704,973.94941,996.13212,996.75715,995.10771,997.8935700000001,985.7531500000001,977.1890500000001,975.03324,972.3399099999999,966.4282000000001,969.6793700000001,969.96115,969.3634500000001,986.9287400000001,976.69158,975.12437,948.84993,982.82714,965.61697,977.39405,983.58948,968.8697800000001,982.1933,979.69586,970.11672,966.45074,970.89859,966.0119500000001,968.3505,962.40418,961.4981399999999,997.1460300000001,985.43191,0.0,0.00014670722,0.0004495058,0.0
996.37386,995.15466,996.67664,997.63314,990.35942,989.7189300000001,991.1441500000001,988.86322,978.52012,987.6618199999999,987.8497100000001,986.05171,952.51017,976.25549,917.73127,955.6641599999999,982.3854699999999,974.24255,977.48724,975.59806,971.24276,970.85287,971.13046,976.4104100000001,994.0415399999999,994.66618,996.3029799999999,995.9086800000001,982.4929299999999,974.68942,972.59059,971.0475399999999,965.41462,969.86987,965.51468,966.5316300000001,986.8162199999999,978.5591699999999,978.8702400000001,946.93018,988.601,946.13131,974.59501,981.07921,967.6565499999999,976.0808599999999,978.51193,971.9683,966.59198,967.43907,963.4933199999999,965.20137,965.00411,966.85062,997.43193,988.97475,0.0,0.00016181782,0.00034564056,0.0
997.8168300000001,997.9673399999999,995.86155,997.14344,989.4949499999999,987.83284,990.16271,986.5776200000001,982.89558,986.6302,986.46964,984.57194,949.38016,975.99663,915.62833,954.47436,981.69265,975.0799400000001,976.6668699999999,974.9580000000001,970.4323,970.14536,971.37306,979.6081499999999,995.51767,995.48771,994.8747,993.98021,977.2669700000001,978.1445199999999,967.81871,966.91398,970.17444,970.41909,966.8545399999999,966.82274,980.9603699999999,978.84548,982.47716,957.27412,991.94917,950.19305,970.3005400000001,976.1780299999999,967.56471,971.75259,977.29493,970.06204,970.86864,966.079,968.51512,968.69507,967.84442,970.14284,995.9925900000001,987.05524,0.0,0.00018942469,0.00031978953,0.0
997.75573,998.7764599999999,996.38131,988.69042,988.3619800000001,986.7697800000001,989.5990999999999,985.42762,983.56158,984.8260399999999,985.1538300000001,983.33999,955.2899,975.51684,921.71023,953.54966,977.7719,974.37213,973.3054,977.7626399999999,971.82418,968.5847,974.99279,970.06993,995.73591,995.6692999999999,994.34207,993.1096699999999,972.14175,973.50102,966.9750200000001,966.80154,970.80149,971.8702,970.54715,970.1280800000001,980.5823700000001,976.8338599999998,975.18253,961.3468,993.7259799999999,954.11064,975.61037,977.39833,974.0627900000001,974.43747,973.39994,974.84534,968.1884600000001,968.46804,968.61343,972.8288100000001,972.20736,973.52949,994.76612,974.66959,0.0,0.00018858006,0.00035265811,0.0
995.8393,994.1585100000001,995.6862500000001,989.10416,987.6006100000001,984.9641999999999,987.7015700000001,982.1818300000001,977.6922999999999,981.83939,983.5208599999999,982.6052999999999,958.7255600000001,974.3810100000001,924.84913,947.14462,978.0731600000001,969.7002600000001,971.8962,976.0981300000001,974.2745299999999,962.1367799999999,970.26761,968.8406200000001,994.49511,995.62163,993.9455300000001,994.34609,977.3976799999999,973.82712,970.9914799999999,968.3130199999999,970.86324,970.51188,969.923,970.43534,985.8047399999999,975.86523,969.62796,952.6075500000001,988.0682,953.10361,971.72379,978.8344800000001,975.53277,975.7371099999999,974.55888,974.0935499999999,964.19903,971.00366,971.33542,976.0792,973.90948,967.32549,995.29483,983.58254,0.0,0.00019113139,0.00026800421,0.0
993.1250600000001,992.6372799999999,993.75354,990.7301,986.95949,984.42925,985.3471099999999,981.4181900000001,980.7148300000001,981.0076999999999,980.85625,981.2355,969.5126799999999,972.84526,924.58483,930.4806500000001,974.28586,973.8610699999999,973.97072,973.41651,973.82955,961.68349,966.24611,965.28357,994.5609999999999,996.3799,993.07048,991.73892,978.54971,976.87911,971.28726,970.01183,966.06837,965.65634,968.37759,967.21686,988.61452,982.85443,973.73733,954.6304299999999,988.42799,966.18403,974.83039,977.742,970.9041500000001,972.44849,973.39026,970.26382,970.33394,973.97835,970.36881,970.74976,968.14374,963.7954100000001,996.56324,984.35548,0.0,0.00014983067,0.00020813396,0.0
993.01893,991.1441899999999,993.78752,992.25923,984.5903700000001,984.0804099999999,983.1489099999999,980.9386699999999,982.40067,982.53351,979.95952,978.8474000000001,970.21121,972.7683800000001,929.11513,946.87283,972.82852,972.28851,970.33199,974.75139,972.10845,956.26019,964.57037,955.61966,993.2461900000001,994.2213399999999,992.04358,990.0405,977.85097,976.00447,969.26657,968.14216,964.92053,965.44962,965.01721,963.9517099999999,987.5756000000001,985.77521,980.69252,952.63743,990.4486899999999,973.14116,975.26279,976.6821699999999,973.9126600000001,972.43209,970.5133400000001,970.7228899999999,967.1775399999999,969.41464,965.5398,967.11796,964.52256,961.78317,995.03201,980.61765,0.0,0.00011682189,0.00017306753000000003,0.0
993.6927400000001,993.3247399999999,992.75319,988.9246099999999,983.23713,981.39623,982.47402,979.8485600000001,974.89569,981.7201699999999,978.7899699999999,978.7730799999999,971.96904,973.39742,918.32217,952.0795300000001,974.03125,969.66118,972.02368,976.16544,969.02166,951.01842,958.2519599999999,952.75787,992.2020200000001,992.61405,990.68366,989.4254399999999,975.4727,971.91845,969.74274,965.90784,962.31992,961.49173,963.86613,961.62045,982.8269600000001,983.16213,981.0819899999999,955.7976,991.20555,969.09418,975.32732,978.04902,966.67071,974.56904,971.77723,968.99578,959.85999,968.64454,962.66449,963.7501500000001,961.4928699999999,955.50485,991.4818399999999,979.9576299999999,0.0,0.00010420005,0.00017402012,0.0
992.4336000000001,991.7247899999999,991.9902599999999,987.31236,982.1077499999999,981.0754300000001,981.92987,978.74104,972.79362,977.80495,978.80922,978.2669999999999,977.62625,973.54582,911.0327599999999,957.41524,973.83065,967.5719300000001,969.90784,971.10196,968.33111,956.51383,958.70656,950.77888,991.04697,991.63631,989.39291,990.1603,975.04226,969.66876,965.8104099999999,964.05649,956.6679800000001,957.35931,959.8794899999999,960.03116,981.2621100000001,977.32451,986.93912,961.8028,985.50496,950.9341099999999,970.40775,978.0012999999999,961.67538,973.80088,974.2909500000001,967.63777,956.51115,963.76788,956.7720300000001,959.2015100000001,953.03054,951.4997,992.12425,976.7882400000001,0.0,9.7227477e-05,0.00017335360000000002,0.0
992.0841899999999,987.01711,992.75889,985.55098,980.7381700000001,980.4696799999999,980.1374599999999,978.0631099999999,973.11165,978.18417,976.5330200000001,977.2374299999999,980.16356,972.45429,913.3985399999999,957.64582,974.2329,969.2139500000001,965.8701599999999,966.82787,964.1339,958.33218,954.3190099999999,964.99573,989.7050199999999,990.04872,988.91411,990.0258100000001,972.05178,969.35266,961.8504800000001,960.8074600000001,953.49505,957.37725,955.1284899999999,953.98172,983.0598200000001,974.97411,983.2051799999999,958.61005,986.8302900000001,937.90225,965.77196,971.90993,967.3604,969.5026,970.08816,964.1830100000001,956.57542,957.6434999999999,954.8021299999999,956.66167,952.1512200000001,949.07007,990.53881,977.1411800000001,0.0,7.7078648e-05,0.00017984172,0.0
991.70107,992.14146,992.21684,985.14126,979.99742,978.5157499999999,979.18242,976.25135,973.60229,978.5120699999999,976.26091,975.4860500000001,974.89806,972.11856,919.18405,954.80074,969.92822,970.0054,966.25764,968.79381,960.08942,952.39819,958.0086299999999,958.6471399999999,989.6557700000001,989.1985999999999,989.3198600000001,989.41988,969.2774599999999,966.7476899999999,958.38316,956.7544800000001,954.9444,959.02375,954.1393099999999,955.27253,982.7756300000001,977.4111499999999,980.81603,962.48884,986.52035,934.42869,967.24969,973.74376,958.52595,964.05055,967.53681,964.65602,958.78568,956.22825,953.3516,952.8932100000001,952.21373,954.16975,988.8444999999999,969.1387100000001,0.0,6.171895300000001e-05,0.00022206774999999998,0.0
991.3237100000001,989.6061100000001,989.99761,983.69476,978.2647300000001,977.3275199999999,977.4731,976.26442,970.0610300000001,974.7565900000001,973.3376099999999,973.85204,968.97975,971.9757900000001,920.1791900000001,958.70281,969.3732200000001,970.02057,966.7343500000001,967.79845,959.24458,948.18607,956.23966,953.13145,989.50197,989.0267500000001,988.8412599999999,987.4576900000001,966.0361800000001,964.9789,954.38712,954.76761,956.09324,957.65521,955.4864200000001,955.93473,983.5027,979.73368,974.7445200000001,962.96285,986.65487,934.80133,965.86748,970.06106,964.70665,966.3801,963.1121300000001,961.5154,951.16718,954.31078,954.21299,958.98912,956.83856,955.28816,988.8442899999999,977.02484,0.0,9.5222663e-05,0.00022215774,0.0
989.46043,982.68165,988.9823700000001,988.90728,977.0644100000001,976.45695,975.1744,973.19479,969.12058,974.06296,972.8595399999999,971.74132,967.06336,971.49382,918.81978,960.8925399999999,968.6852,967.80494,961.03519,966.88962,958.68954,940.94713,955.04613,953.95079,988.82288,989.14148,986.4785799999999,987.1313100000001,968.7675899999999,961.6627599999999,959.75893,955.63192,954.78443,951.80948,955.3077599999999,954.40094,983.8967200000001,978.2880399999999,972.6910399999999,953.54844,983.4409299999999,941.95252,966.19336,970.26193,954.57691,965.10775,961.60059,963.16031,948.45222,956.10883,952.6350299999999,956.3782100000001,953.41282,949.99838,986.7145900000002,966.2754100000001,0.0,0.00010765396,0.00016521078999999999,0.0
984.38186,983.3227,989.0860599999999,978.38833,976.32119,975.46947,975.7165,971.08115,964.06834,973.43608,970.3579699999999,970.03718,968.09323,970.4385100000001,920.31347,950.2684800000001,967.0538399999999,970.1351999999999,961.94165,966.01704,957.07788,946.56585,948.93092,946.0332999999999,988.76157,989.4955600000001,987.55621,986.7062500000001,966.78903,961.63126,959.4339,955.6428599999999,951.48688,952.04554,953.7696,951.42164,983.4222599999999,979.4424800000002,969.29875,938.6399,980.17311,945.32974,967.17043,967.8858,951.53156,960.47505,961.11995,959.1795,951.42766,957.7032,951.39129,955.96337,948.91798,947.5968,988.2314700000001,973.1225800000001,0.0,8.2287394e-05,0.0001277367,0.0
988.0565100000001,985.66836,985.95482,981.4417199999999,975.9344199999999,975.7397699999999,974.75581,969.7200700000001,967.1489399999999,971.59942,970.52589,968.60223,969.64002,971.34345,917.0237699999999,938.2745600000001,964.86531,966.80445,965.0738699999999,967.60045,956.62085,949.26277,947.24033,941.18148,985.95526,988.57506,986.2365000000001,985.7246399999999,965.6266,959.94427,955.85544,954.8677200000001,947.70135,948.1911,950.572,949.60933,979.57475,981.03655,961.62324,931.05255,983.06276,932.3766300000001,953.0284,967.49078,951.43248,955.03644,958.5451,958.40147,948.62477,955.1716299999999,945.92213,949.94278,944.06592,944.29505,986.62127,964.56471,0.0,7.0047428e-05,0.00010478521,0.0
988.49653,985.3932899999999,984.70827,981.75874,974.03896,974.23021,971.8899799999999,968.5781199999999,968.37767,969.2575800000001,966.32043,967.19468,969.36918,970.58253,916.341,933.4565,961.59988,962.82594,962.88424,963.07254,952.82889,945.45305,945.55782,953.78322,983.3723,986.37143,985.3802499999999,984.6679499999999,961.53142,960.39918,952.92155,951.6694299999999,944.4692699999999,946.10468,946.28819,945.4544,975.81467,978.54524,975.4304999999999,934.2597099999999,985.64196,930.9765100000001,953.4601,961.48258,946.49718,956.6460099999999,959.31367,951.04608,945.9876800000001,948.19138,942.97384,946.59671,942.6297900000001,941.3074,983.50427,960.54083,0.0,7.0429316e-05,7.8504652e-05,0.0
982.2275800000001,980.92069,984.66359,985.8495200000001,970.79923,970.9185600000001,970.1973,967.5693699999999,965.44349,967.82836,964.3197299999999,966.59959,969.43486,970.10451,915.42017,941.05611,959.82093,961.29738,960.5707,963.3811900000001,950.9064900000001,947.49267,946.53622,951.50396,982.69066,985.2124800000001,985.10104,984.7258800000001,958.46487,956.9892600000001,948.87278,949.47509,944.62419,947.51733,943.91333,944.72766,973.13673,973.0349,980.00472,939.8659,983.7103599999999,943.54476,951.60307,961.1921100000001,946.87472,954.5086,953.86374,954.09404,946.6143500000001,943.51364,945.89035,939.32998,943.4517699999999,948.1585,982.94263,962.95398,0.0,6.2837059e-05,6.7364638e-05,0.0
981.3961500000001,982.2186300000001,983.3792300000001,978.1771799999999,969.63695,971.0298,969.4170700000001,966.14162,957.27878,964.2852200000001,966.0012499999999,965.98111,966.25585,970.31697,910.32916,949.27716,959.11661,964.35572,958.7095,962.81755,948.65996,950.49267,950.34288,949.09414,980.59813,985.38914,983.9134,982.9917100000001,955.37991,955.82403,945.52965,945.32815,946.8861099999999,946.9734,946.37292,947.24694,975.34507,968.5416799999999,973.54665,932.93315,981.08161,943.05245,951.5272699999999,958.25484,948.35125,956.20319,953.83567,952.7580499999999,941.2469100000001,942.24337,943.91436,947.78469,947.23942,945.655,982.36782,964.51179,0.0,5.1827337e-05,6.6218367e-05,0.0
986.2653599999999,981.7491100000001,982.67323,971.26089,968.95637,967.7891,969.00834,965.5861900000001,964.2441,964.69934,962.04482,962.98657,961.3068999999999,970.3830800000001,901.8536799999999,957.1939199999999,956.29926,960.06583,959.98027,961.8156700000001,947.48602,949.88048,950.7407499999999,950.54578,978.99339,984.5756399999999,982.7615499999999,983.95742,957.92931,956.46473,945.4815,945.9690400000001,944.73469,944.26325,946.0311,944.63833,975.42678,970.99306,971.14361,934.89563,981.4156199999999,949.48797,952.83686,958.9998,945.49797,954.20402,948.89361,953.40308,943.69049,946.83637,945.96356,949.54385,945.1319,945.21693,980.5630199999999,966.1186600000001,0.0,4.5422103e-05,6.1459277e-05,0.0
984.4049699999999,974.0461,979.39941,972.90342,968.7030699999999,964.23927,967.3601199999999,963.67244,960.82371,965.23978,959.5476699999999,960.80094,963.5246099999999,970.04674,901.78214,961.06166,957.37377,960.37545,957.67131,960.56321,951.28104,952.55125,948.9303600000001,948.3453900000001,979.46095,983.34003,982.74407,983.6659099999999,957.40193,953.86449,946.58019,946.06475,946.26536,945.78624,945.19403,945.3301,975.15337,973.24869,967.2352,931.34005,978.52826,950.84379,949.89811,960.45645,947.6201100000001,953.24869,950.7144400000001,954.2583999999999,942.66192,950.26241,944.80889,947.63036,945.49892,947.5334700000001,979.30788,960.05371,0.0,4.3636979e-05,9.4212324e-05,0.0
976.0372,975.8559600000001,981.01627,971.96204,966.04708,963.7951400000001,966.1373000000001,962.84267,962.10438,960.69935,956.0741399999999,960.8016,960.25024,969.9171100000001,916.38947,959.72639,955.62345,961.23499,956.79258,960.56239,950.65154,939.33389,949.02169,950.12091,980.7846599999999,981.64981,982.5153600000001,981.98269,957.97674,953.90126,945.5909300000001,945.44818,945.84071,946.07205,946.2237799999999,945.66303,977.1003800000001,970.93252,970.82097,930.0787700000001,976.6849100000001,956.3776,952.42455,959.38603,944.07162,952.92798,947.76728,953.90184,943.37792,948.90014,943.33403,949.58506,945.7581,946.1911,979.1021,962.6048400000001,0.0,4.6846291e-05,0.00019451463000000002,0.0
978.2970599999999,978.3206200000001,979.2661700000001,971.89867,964.97416,964.19411,964.3623,959.85756,955.8084799999999,959.23245,958.85594,958.81056,963.2564199999999,968.96807,919.72087,962.81366,955.1156100000001,958.01062,956.29889,958.5042900000001,952.3451299999999,942.63937,949.12043,945.1736599999999,979.16293,979.81992,979.9205900000001,977.95059,953.69234,951.89215,951.13206,946.03215,945.08837,945.49597,945.02534,945.5316899999999,976.3635800000001,972.4794599999999,971.94838,928.55058,976.24429,954.56876,955.90005,959.22105,947.20623,952.95273,946.9980700000001,951.22022,944.32701,949.00811,945.1152500000001,949.91092,944.9398799999999,946.0603,976.9112600000001,963.09567,0.0,6.6850169e-05,0.00021012502,0.0
980.14577,969.41938,971.33341,969.71251,963.96559,962.00769,961.8946699999999,958.51209,951.7087300000001,956.57466,958.86593,957.52935,964.79242,969.1688,916.0586,961.58205,954.2436299999999,955.24453,953.8593199999999,954.2611,949.23384,938.64702,946.55778,938.70843,978.5104600000001,979.6466299999998,978.6428999999999,977.6516599999999,956.09725,951.59333,949.4105,945.33691,944.24345,944.83163,945.42224,944.9850799999999,972.93485,973.32305,969.44593,928.8527899999999,976.9387399999999,960.8478100000001,954.99755,959.0136299999999,949.81187,952.61516,949.4277599999999,947.31859,941.3408400000001,948.7334099999999,945.29837,949.88213,945.04237,943.21814,974.48008,952.76369,0.0,0.00010090707,0.00014413898000000002,0.0
972.45508,975.09625,977.1192499999999,974.03805,962.64889,961.08515,960.25871,957.1003099999999,957.98037,958.36832,956.4798499999999,956.33345,966.58051,968.58701,915.6666299999999,964.01716,951.15909,957.3914100000001,952.32133,954.535,949.55949,939.11488,940.0625699999999,942.26974,977.56105,979.99528,977.37294,977.9292399999999,953.0763900000001,949.02124,946.58593,945.38189,940.67619,941.3114499999999,942.63018,942.0232699999999,973.19304,969.07466,968.23991,932.30758,976.11033,963.73682,954.76981,957.96934,948.07303,954.1733700000001,946.29598,949.04938,942.05517,947.82597,942.1313399999999,945.0470600000001,942.49252,938.24089,973.5469,957.50586,0.0,0.00010214926,0.00010926184,0.0
972.0004200000001,969.41779,973.9885999999999,963.79814,959.7976,960.0728999999999,958.83885,956.5601700000001,951.3526999999999,957.83772,955.6759400000001,956.4664399999999,966.21483,968.3185900000001,916.5013700000001,962.68434,952.40538,957.12485,952.49577,952.99631,945.8083399999999,941.42433,940.42105,942.2001799999999,977.2073199999999,978.0954100000001,977.4056199999999,979.3519200000001,951.39246,950.94198,944.76587,944.14762,939.5964,940.3054199999999,941.3523700000001,939.95273,972.49497,970.51169,969.17433,945.77409,974.19445,953.58434,951.52728,958.2621399999999,945.82499,949.6221,943.22762,949.2749,942.4866,944.36343,940.14581,940.69206,938.53264,936.41509,976.52013,958.97473,0.0,6.5061124e-05,0.00012582274,0.0
973.27867,968.19768,970.7395499999999,966.5055199999999,958.64721,959.71036,957.7750500000001,957.2360299999999,948.8340499999999,956.4887699999999,954.19866,955.11819,961.97056,967.85259,911.711,954.7055700000001,949.453,952.9626099999999,951.16192,952.3249800000001,941.9046699999999,935.78022,940.0681400000001,941.55314,976.60027,977.8097600000001,978.0184600000001,979.3576999999999,953.53164,949.12953,943.35318,941.91829,939.4813800000001,941.50547,939.2769999999999,939.60248,971.92879,970.40408,969.4865000000001,955.92183,973.79578,946.82941,949.2221000000001,956.92609,944.42375,951.58353,944.08681,948.42189,944.40171,940.63509,943.5153399999999,940.68519,939.78479,937.93288,973.40264,958.49725,0.0,7.0599621e-05,0.00014745349,0.0
969.48415,966.4139,970.93185,965.499,956.89611,956.91679,955.76378,954.47845,951.98531,955.99144,953.70277,953.30542,959.85204,967.31382,918.85848,950.4214499999999,948.83865,955.646,950.06673,953.1027600000001,942.16091,933.92152,939.7393400000001,935.1847799999999,975.3485400000001,974.74366,977.08378,976.8667,953.28378,941.82064,942.31149,939.33908,939.3788599999999,939.89547,939.73048,939.2648800000001,972.772,968.09953,969.64406,959.06624,973.49396,952.20767,955.16553,955.23366,948.6552300000001,950.3205399999999,943.83635,946.033,936.02222,940.26945,935.11121,940.82262,941.44685,938.9839099999999,970.8933,943.76328,0.0,7.6072238e-05,0.00017756165,0.0
971.15231,966.0404900000001,969.15589,958.98897,957.0808,955.79585,955.97114,953.10389,951.7676799999999,954.59519,951.4727800000001,953.1457700000001,956.11672,967.66859,912.3009400000001,953.37833,950.03174,953.03296,948.29927,952.75251,943.5291,934.9382899999999,935.8442100000001,931.91494,974.0323099999999,974.33519,973.81957,975.76436,953.33658,946.71597,944.40084,939.60477,936.4743900000001,938.7629400000001,938.59839,937.7567200000001,970.93695,967.28007,966.64443,951.25208,972.86357,950.39757,949.87978,953.9629500000001,947.70546,947.55803,944.4164800000001,943.31679,930.6989900000001,938.27655,930.5416,941.1104200000001,938.9584299999999,931.5129,968.40356,951.65047,0.0,0.00011052941,0.00035883259,0.0
967.0577000000001,964.5487099999999,969.00571,961.12517,956.6061100000001,953.8072000000001,955.0874,952.23816,947.3718600000001,953.6523099999999,951.5945399999999,951.93944,955.98884,967.76443,910.67502,958.7282200000001,950.81395,954.4552600000001,945.94121,952.40094,941.4413400000001,938.37655,936.2287699999999,931.80931,972.89265,973.96636,973.6279099999999,974.2574099999999,948.3906099999999,947.23355,941.24646,939.25656,933.59678,936.95444,936.32396,935.87169,969.91843,967.50716,962.7070600000001,938.3570699999999,971.4154,945.38239,945.78424,950.93953,944.3288,945.94475,938.84058,939.83346,930.86056,933.8273999999999,934.9956900000001,935.8275600000001,934.1327100000001,931.99054,967.02913,955.40079,0.0,0.00019841,0.00059198671,0.0
966.8419799999999,962.6425,967.5568,964.4103700000001,953.6292299999999,953.6748200000001,953.21684,951.26065,950.47231,951.6638399999999,950.25405,949.3345400000001,955.8859799999999,968.25439,913.99412,960.94465,948.05127,952.88977,946.04599,950.5521,936.7183399999999,932.34736,933.0696800000001,932.82735,971.26557,969.35675,972.3731,973.33797,945.9883600000001,945.06237,939.59009,937.32712,933.8313400000001,935.55087,933.46729,933.64013,969.81299,967.83236,961.41501,930.30322,967.51417,948.4155999999999,951.5636,948.64051,941.02921,945.4927600000001,939.8266,940.71456,933.02972,934.2027099999999,932.31006,933.5564800000001,932.6432599999999,932.30293,966.18417,950.9986100000001,0.0,0.00025957473999999996,0.00064618274,0.0
967.6166000000001,964.80674,967.54304,955.65937,952.9887699999999,953.08009,952.41288,948.80982,945.31499,951.28188,949.32725,947.82776,957.5527500000001,968.56532,909.0087599999999,959.94778,946.1975,954.74756,946.24382,943.7167499999999,935.30711,939.96353,937.43674,937.2803299999999,970.04059,967.23259,971.7573600000001,972.44817,946.48963,938.09276,939.5252499999999,934.4941799999999,935.34537,936.31795,933.55742,934.10346,966.17905,967.7171500000001,960.13448,927.15254,965.6145200000001,947.04301,948.07849,948.43603,939.01232,945.19033,936.70184,938.73648,932.13474,934.06447,934.49398,934.46032,933.65037,935.88618,965.16342,942.16696,0.0,0.00024873957,0.0010030042000000001,0.0
965.37402,964.8654899999999,966.57517,954.55832,953.18819,951.8698400000001,951.67696,948.42938,946.33927,948.07443,946.00961,947.9852500000001,963.13634,967.8013500000001,910.9013900000001,951.39399,946.9732200000001,952.1209799999999,944.0001599999999,945.5271299999999,937.16286,931.32668,934.9740400000001,933.1284899999999,970.26098,969.67783,967.8739499999999,967.47247,943.4525100000001,935.57869,935.15882,933.9392399999999,935.14217,936.79252,935.48033,936.97595,961.61072,964.90432,962.13793,935.4099299999999,968.7298800000001,945.75089,937.48072,947.4043099999999,941.3994,942.52098,938.3383500000001,939.0089300000001,931.2532,933.80795,934.55146,934.5867499999999,934.2706900000001,933.28579,964.9808899999999,948.23013,0.0,0.00054277116,0.0020947965,0.0
962.0346000000001,957.7010499999999,963.3861899999999,955.1429300000001,951.9522099999999,949.4597,950.18412,947.56037,946.95872,947.8035000000001,947.18001,946.18283,961.50122,965.94979,903.0135,923.2007,944.7200300000001,950.1153400000001,942.71106,942.9291999999999,934.88219,938.9564,933.33941,929.06719,971.42072,971.37822,970.61549,970.8723,943.39092,935.64174,936.30165,935.97742,931.74339,933.0865,934.29458,933.5014500000001,960.82929,961.4230200000001,964.4736600000001,951.62581,968.62451,933.98109,935.4941799999999,946.0773999999999,939.15239,940.04892,939.45272,936.48009,926.87366,931.58564,930.77751,934.90896,932.78443,931.34066,962.34553,943.2771299999999,0.0,0.0011767996,0.0023865749999999997,0.0
960.32855,957.8471,961.86568,949.1339099999999,950.15439,948.74695,949.33632,946.6935199999999,942.2810099999999,946.2607,945.79091,945.36869,956.88463,966.4786,891.30796,912.26836,939.17698,948.27305,944.74741,942.66236,937.2952799999999,938.87653,932.45945,934.39009,970.19998,968.62888,970.32138,971.60817,943.01177,939.7324,939.58154,935.1233000000001,929.48722,930.5584299999999,930.79365,929.6108499999999,963.04797,956.79669,965.37599,955.04716,965.70618,928.37811,938.83596,945.6689600000001,929.19955,938.19691,937.2155,936.4245500000001,926.06764,932.0915299999999,929.85693,934.18899,929.64385,927.66907,961.23599,944.4918799999999,0.0,0.0011654328,0.0025918181,0.0
961.59129,959.14989,961.5742,955.6075599999999,948.4096,949.04032,947.6326399999999,945.9841399999999,942.76242,945.54153,944.78452,944.6929700000001,954.58876,966.48887,901.06145,912.71395,940.8031900000001,944.9932600000001,943.12796,943.69591,935.94646,934.04622,930.5608500000001,936.95488,968.78869,967.64765,968.2779,969.68466,942.07601,939.20301,935.69761,931.97455,927.61838,928.73892,928.86374,928.26167,962.8619199999999,959.24693,961.1443399999999,947.20596,965.3306,929.57993,938.59583,942.86483,926.7415900000001,939.5851299999999,936.1098099999999,938.82106,926.35376,932.02955,928.29844,931.4095299999999,927.0018600000001,927.28945,961.13768,945.8012100000001,0.0,0.0011828992000000001,0.0027258048,0.0
963.19658,957.92389,960.70898,950.1843799999999,947.67,947.94285,946.89684,944.29834,943.9546700000001,945.50529,943.40467,943.01464,948.24794,965.9070800000001,911.49207,929.8035000000001,940.63833,943.67641,941.79511,941.26591,929.32465,926.74411,934.54635,929.5862500000001,966.5455199999999,964.09505,967.36909,968.34198,943.00765,934.1672500000001,933.79393,930.4983,929.93214,931.14929,927.8037499999999,928.67204,963.19831,960.62493,958.25634,931.44894,962.73954,945.34204,933.89834,940.03991,928.9261899999999,938.38188,939.75203,936.2379099999999,926.5102899999999,930.5485100000001,927.2798799999999,932.87429,930.59824,931.87898,957.85626,937.3347100000001,0.0,0.0013528013,0.0028529803,0.0
960.5897,958.7529599999999,959.31614,947.59664,946.9571199999999,946.24614,947.12483,942.9309099999999,940.30405,944.1447,942.05885,941.5983,954.0336,964.74419,906.08904,946.62581,939.16191,943.5018299999999,941.5973299999999,940.2931600000001,928.6965,919.65908,933.48504,924.85454,966.30269,963.2928899999999,966.33383,966.0689199999999,937.7819800000001,932.32466,932.35289,928.74113,930.3995,930.56432,928.6178500000001,929.20069,961.21453,961.0267699999999,958.81554,931.4282300000001,960.86576,958.68686,934.12377,941.5209600000001,929.1751,935.80159,939.13815,935.41355,928.09104,931.6053499999999,932.7498,935.24742,931.43353,931.18024,955.8186400000001,943.123,0.0,0.001629405,0.0025418204,0.0
957.6133199999999,953.09892,957.29251,958.1946,944.86718,945.63109,945.36086,942.20228,941.0371,941.71584,940.63978,940.979,956.19336,962.24153,905.65944,956.3053100000001,938.8580099999999,942.2564199999999,941.40912,941.69364,929.42785,925.08138,928.32646,919.82475,964.47471,962.80066,965.43143,965.26978,938.27549,931.46717,932.6677500000001,929.1228799999999,929.02551,929.1006299999999,929.8152,929.29869,959.94578,960.36937,951.26309,920.98067,960.90561,959.99528,935.9212399999999,942.8096400000001,931.4938599999999,937.16202,933.92264,934.28793,922.2546799999999,932.1305199999999,928.0554999999999,933.4462199999999,927.67167,924.8778,957.3142700000001,936.51779,0.0,0.0015313059999999999,0.0022794089,0.0
958.31854,955.5370399999999,956.32556,948.7093199999999,943.93597,944.51085,943.66511,941.0343700000001,939.14669,941.79148,940.3067000000001,939.25408,957.48494,960.51358,906.74997,955.70731,938.8146,942.48651,941.06417,942.5412,930.31954,923.16202,923.99354,923.70932,963.48466,962.2882099999999,964.8963699999999,965.5169500000001,937.83575,934.81866,931.53859,929.65718,925.5894000000001,927.04924,929.47434,927.37162,957.5152400000001,958.7382,952.27657,930.80026,960.47828,959.0944,937.3541299999999,943.77045,923.77881,935.0673,936.36682,933.0343399999999,921.79841,930.4825,924.24946,930.00696,922.1777,919.34832,955.21446,942.18762,0.0,0.0013166327000000001,0.0019642379,0.0
959.06696,957.59422,956.47406,951.91114,943.2453700000001,942.8875400000001,943.2167,939.70521,937.7825399999999,940.01931,937.63982,939.01133,958.79175,960.05566,912.39624,959.78189,935.80948,942.34001,938.60433,941.85269,930.3509200000001,927.73532,924.66701,929.48893,962.28288,960.83461,961.34068,961.68769,936.6656,936.97257,929.68484,929.02015,921.1493,925.2272700000001,923.3172900000001,921.45651,955.33424,955.7718,956.63672,950.56969,958.45149,957.1069,935.09919,939.98427,924.0543200000001,930.7037799999999,932.4871099999999,930.1601099999999,921.80875,927.56256,922.0919100000001,921.63472,920.7886,921.4807199999999,953.74341,943.2442100000001,0.0,0.0010279351,0.0014776419000000001,0.0
957.1048099999999,953.61919,954.32039,953.9157,941.96421,940.12193,941.64552,939.01296,934.6902,939.24098,938.5635900000001,937.9234,953.68252,959.8112000000001,910.42809,962.97308,935.21763,942.61175,934.81124,941.99811,927.19637,921.03606,928.0614,927.4886600000001,960.97568,959.32533,958.8810900000001,959.50001,935.72354,936.1662,926.40553,924.38245,924.00291,926.12329,922.45278,923.1936599999999,954.84771,954.45572,953.75828,960.76404,957.41085,956.50402,934.95498,935.95204,922.88444,930.18121,932.24285,929.03465,921.5888600000001,921.90689,921.74374,922.75858,923.46121,923.58042,952.9947,933.2932999999999,0.0,0.00077169577,0.0010033728,0.0
955.33121,952.11826,953.18453,944.78464,941.25452,939.9309999999999,940.3858,938.11339,936.79559,938.14821,936.88401,936.73933,944.71529,958.65877,898.3518700000001,963.48854,934.13335,944.27006,935.5471699999999,940.3112199999999,925.6546999999999,921.7944200000001,925.04815,922.7269,958.9907,957.40337,960.74428,959.9224,936.8802800000001,929.4442499999999,924.4127500000001,922.68633,922.0279499999999,924.79304,920.88454,921.04316,954.23297,952.72701,955.5083599999999,956.9217199999999,956.00617,943.13387,928.30769,935.16767,925.16126,933.6018899999999,928.81764,930.07037,918.38135,922.73582,922.07138,925.17247,923.23618,922.24465,951.38964,937.76357,0.0,0.00057532539,0.00069416393,0.0
954.12479,957.00806,953.6535700000001,948.8829900000001,940.29069,939.84186,939.586,936.94195,930.6200600000001,938.06525,936.08699,935.42101,946.26786,960.0847600000001,894.6195299999999,962.9578,932.21284,942.92611,934.72463,938.23496,923.81182,921.3231400000001,924.13391,917.90882,959.6344,958.85682,960.76955,960.73223,937.9056800000001,931.6018300000001,923.5263199999999,921.50016,921.5522500000001,923.61505,921.6937800000001,921.21149,955.4091,950.27466,954.5676,951.673,954.89268,935.40963,927.2776700000001,934.6314199999999,923.16789,930.57413,931.59384,927.9956699999999,916.44378,923.83829,920.80681,925.82602,921.70515,921.03318,952.52637,937.06535,0.0,0.00043468093,0.00061577596,0.0
954.3037899999999,951.44166,953.32496,946.14357,939.5776500000001,938.69854,937.64339,935.74211,929.04706,937.2715,935.52758,934.71672,950.91155,959.20374,899.80395,961.26466,932.2745699999999,936.18144,935.47975,938.75943,924.558,919.04084,922.5372600000001,918.01644,958.94646,958.7636600000001,957.21851,958.4348,929.359,931.22802,922.27505,922.71943,919.40611,921.66772,919.69704,920.01347,955.44149,951.77893,954.0726000000001,954.5188499999999,954.8426000000001,935.52891,918.8278,934.45047,922.3442500000001,925.8384199999999,926.97049,929.79173,913.53293,923.2066599999999,918.2533199999999,923.9509400000001,919.50672,918.0234399999999,952.92639,938.01798,0.0,0.00038499361,0.00042372148,0.0
950.52551,953.56097,952.56579,940.54146,938.0648,938.0183599999999,936.98601,934.53655,929.12285,936.2113499999999,934.9907000000001,933.5616,950.2000899999999,960.57738,902.12742,955.96144,930.5708,931.2079100000001,932.07645,935.64372,923.79135,920.39253,920.70062,919.33967,956.83743,957.04702,957.36059,959.8316199999999,931.34577,929.25409,923.5242,922.16003,916.3332300000001,917.71702,918.66593,917.46432,954.5457200000001,954.5777899999999,952.66504,952.5369099999999,954.4773399999999,931.95663,920.8253599999999,930.86627,917.44543,926.83848,926.77792,927.4187900000001,916.17303,921.9332499999999,917.93688,921.99685,916.03847,916.61563,948.77861,936.0187,0.0,0.00027981791,0.0003157052,0.0
950.7506400000001,948.38022,951.3000599999999,945.1308300000001,937.86088,936.77574,935.86974,933.41904,927.9159,934.17577,935.17937,931.9354599999999,949.44436,961.59899,899.28963,953.87096,929.40422,936.8232899999999,930.28412,933.25712,922.3430999999999,915.05998,920.80013,918.2052500000001,956.35144,955.17772,955.7383699999999,959.93163,930.2100700000001,926.15655,921.85795,919.2521700000001,916.76842,917.34928,917.0292999999999,916.75309,953.3039600000001,954.21805,948.83892,943.87622,952.58451,934.4943,921.66801,933.6644299999999,919.5334799999999,926.51357,927.95697,923.8611999999999,914.55015,920.17606,914.58579,918.84038,916.53137,917.09533,948.60388,927.0847699999999,0.0,0.00018119439000000001,0.00028321476,0.0
950.07019,948.93824,949.08567,943.6563,936.3462499999999,935.42066,934.8065399999999,931.64312,927.8005499999999,932.36963,933.96574,931.01466,951.35207,960.8009500000001,903.83794,946.18709,927.90075,937.12088,927.03223,933.50886,922.10225,912.7740200000001,918.53648,914.81194,954.3647,952.94657,952.86718,954.7338100000001,929.20318,924.37306,921.5840000000001,917.94643,916.3340400000001,916.74854,916.0645999999999,915.63696,949.54078,952.898,947.14828,925.3274,952.0631,945.7878,924.9709,931.67183,917.8623299999999,925.10804,921.9832299999999,924.8075,913.49975,919.00662,915.74584,919.42298,916.32291,917.01275,946.57192,931.74553,0.0,0.00016117284,0.00029358102,0.0
947.59903,949.2509,947.6577,942.38318,934.89464,934.55068,933.90466,930.68611,923.74765,931.24071,932.07914,929.73728,951.45484,960.0191699999999,903.01589,944.6069799999999,924.41295,932.4674399999999,928.48834,932.75851,922.82565,917.1080199999999,915.7079299999999,915.35936,952.44039,952.19475,951.60497,955.1105799999999,929.50361,922.9333399999999,920.68575,917.46262,914.3317099999999,917.0535,915.3451,914.72867,948.89874,950.82242,949.7123399999999,919.45141,951.99714,940.3652800000001,931.07889,930.35629,917.52239,926.45518,923.8259300000001,922.81366,913.80718,918.1239499999999,915.9116,919.42352,915.82102,913.11316,946.5287599999999,928.31493,0.0,0.00019432292,0.00025914811999999996,0.0
946.94966,944.24254,945.8654,948.44714,933.41259,934.02688,932.5740800000001,929.35568,928.79452,930.54913,930.9430199999999,928.81152,946.67026,959.9894099999999,901.85951,946.99769,926.88174,933.2547500000001,928.17093,933.46398,917.17695,918.47985,914.00476,915.7818,953.40508,952.82509,949.9013,954.2711400000001,926.17517,920.92071,919.00103,917.01908,912.0645199999999,913.89979,913.79083,912.9414800000001,947.96959,950.38693,950.3389099999999,928.05931,951.9529500000001,934.4393200000001,922.19871,928.09388,919.6518,926.76485,922.2849299999999,923.75956,911.44017,917.9229,914.61178,914.86632,913.51986,911.22169,946.07456,921.84433,0.0,0.00015618638,0.00018897085000000002,0.0
947.4847100000001,944.56678,946.36045,939.5641400000001,931.5848500000001,932.4726,930.99006,928.6407,925.79639,930.6513,928.87281,928.73991,946.0047500000001,959.8189199999999,902.3042,948.22839,926.68695,932.80679,928.46998,931.30655,915.98938,930.44305,915.43956,921.4729,953.54214,954.23374,951.34002,954.31462,925.67592,923.3406200000001,916.04154,914.41541,911.56642,911.93354,912.20087,912.05941,948.18855,947.6780299999999,950.15229,932.67856,949.9563499999999,930.0767900000001,918.89228,927.53638,913.44028,924.14235,922.6665,918.4956999999999,913.5692700000001,915.5707,913.22598,913.7211299999999,911.02936,912.2098500000001,944.0064900000001,928.7647000000001,0.0,0.00011533255,0.0001520405,0.0
946.12797,943.8015300000001,946.5078699999999,942.13827,930.5436199999999,930.9173499999999,930.46708,927.80024,921.19806,928.08062,928.09103,927.44524,944.8610299999999,959.3287799999999,907.0694900000001,950.3328700000001,923.64612,931.02121,926.73114,927.94258,918.3263099999999,924.16312,917.4715799999999,929.95599,952.0511399999999,950.11975,951.5957400000001,950.25095,922.00501,920.54336,913.80632,912.71283,915.53576,914.35447,912.81746,913.44951,949.1567,948.21835,948.23442,937.3778500000001,949.0801600000001,940.85131,922.72564,926.89143,915.76108,918.44788,919.80787,918.72161,927.67497,915.71117,923.03823,914.08533,913.79865,919.28863,943.01783,927.7074299999999,0.0,9.2428866e-05,0.00013445039,0.0
946.03621,939.16288,944.69945,933.69921,929.39576,929.3173,928.89449,926.5314400000001,924.89787,927.85791,925.90149,926.10626,946.59479,959.1947,909.48203,951.36636,921.57237,929.24465,926.58475,927.13914,918.82085,917.50603,923.10668,922.34069,948.9999300000001,947.1818099999999,947.63918,947.7385,921.0545,918.8844,913.80474,913.82593,921.8208500000001,916.8122400000001,921.0649999999999,920.47216,948.16911,948.54906,948.38536,932.89241,949.5182,947.40693,929.8474,924.3630099999999,925.52601,922.06239,924.05555,919.91485,926.6743,916.6902699999999,922.1218100000001,920.06204,921.96086,926.9022,941.36838,926.46512,0.0,9.1041449e-05,0.00013927824999999998,0.0
943.78795,938.34336,943.74583,929.6886099999999,928.78033,926.2399800000001,927.79443,926.30772,923.34075,927.2124,924.00177,924.0473099999999,945.8513300000001,958.68129,911.04012,945.5652600000001,921.04153,928.20875,927.28709,930.02633,920.76225,911.78129,923.8907800000001,916.75334,948.17337,947.07671,948.19453,948.47005,924.30564,920.70132,918.4974,919.7948899999999,920.48459,919.93309,921.9385500000001,922.7642999999999,946.48379,948.32537,947.7708799999999,923.84648,948.62674,945.65946,930.91679,926.3318399999999,927.60074,922.702,923.96145,921.3055800000001,918.5604199999999,923.17707,920.0478499999999,925.31708,926.63386,923.34942,940.37014,924.0276200000001,0.0,8.8221471e-05,0.00013763045,0.0
939.91773,940.05101,940.29882,931.38551,927.39012,926.53872,926.95798,924.7078300000001,924.69598,924.30237,924.75427,924.24842,945.44763,957.6888,903.8906900000001,930.32605,923.3494599999999,933.73551,926.6469000000001,928.48796,924.88839,916.27,917.0112799999999,911.82559,950.3261600000001,949.1988399999999,951.30067,951.73034,925.7561499999999,925.87763,922.7617300000001,921.88388,919.31401,918.45967,922.4857199999999,921.1355900000001,945.63971,946.6891300000001,947.3718,922.49382,948.07422,944.7484,930.7512,928.40062,921.0165000000001,925.44121,922.75154,923.43339,914.57919,922.40329,915.3748899999999,926.02115,920.22621,915.94962,941.58855,927.95919,0.0,8.0777091e-05,0.00015626941,0.0
941.46708,938.33092,938.71483,931.52179,926.60476,925.24456,926.29523,923.4203200000001,925.45042,924.9740400000001,924.01261,922.97164,945.23218,956.8360299999999,900.19848,912.09908,925.19401,932.12544,924.67485,925.5226,923.2114799999999,914.69124,913.46024,914.94424,947.74881,950.83575,950.1546999999999,949.29603,925.00265,925.55782,922.9871,922.72002,915.05823,917.34383,917.75398,917.81109,944.9830000000001,946.31764,946.78918,929.2136399999999,946.07232,934.9604,928.6384099999999,929.21483,919.99203,922.83007,920.3991100000001,922.8569299999999,914.72234,922.94187,917.29183,920.04842,913.86466,911.24816,940.38095,927.21766,0.0,7.6361233e-05,0.00017309393,0.0
940.43341,935.93946,938.4092800000001,932.62778,925.6343999999999,924.2511099999999,924.1962699999999,923.5771,922.0251900000001,924.62527,923.67606,923.23765,945.46426,955.80444,883.0344,907.19679,925.14148,931.92731,926.04205,927.66899,919.52495,910.88645,913.3431400000001,911.7342000000001,944.4346300000001,945.27598,947.28583,949.89122,927.49355,923.42283,921.36827,918.7145,912.7234900000001,914.82479,915.0035399999999,915.41787,944.94993,946.2117099999999,945.9648199999999,933.1573599999999,943.98306,934.93569,923.0905799999999,927.54618,917.55818,922.2497099999999,920.49074,921.92196,909.29741,916.7746900000001,911.9245,914.1638,910.03191,909.30136,936.69906,925.26063,0.0,7.7665612e-05,0.00013849339000000002,0.0
935.56768,939.07387,936.81135,946.0815,924.64678,924.2961,923.94668,923.5588300000001,919.34794,924.31497,923.6393400000001,923.7645699999999,945.46609,953.38544,881.18651,917.06104,923.5616500000001,928.55745,924.41051,924.4635400000001,917.52385,911.53986,913.0395400000001,912.79695,945.1027700000001,942.02781,943.38441,949.6005799999999,927.1232500000001,918.10338,917.7348900000001,916.34427,910.8535300000001,912.7696,912.02147,911.23563,945.18457,945.24412,944.33179,932.6289,942.92287,934.6863599999999,925.26363,924.5766299999999,912.80956,923.21417,923.82091,920.24418,910.0407,913.29486,910.94566,913.45092,909.92862,910.80733,934.32602,924.41192,0.0,7.3509034e-05,0.00019714289999999999,0.0
938.9806000000001,937.73258,935.07267,937.81302,925.34402,923.81647,923.96449,923.51916,921.48409,923.9957499999999,922.14405,922.5433300000001,944.10658,953.3129100000001,896.86148,930.98018,923.04724,924.71006,923.13346,926.39746,916.17134,914.79205,912.8231800000001,909.43808,944.95854,940.4112700000001,942.41403,944.2136499999999,924.2798399999999,917.95742,914.82255,912.27811,910.78867,911.9153,910.75404,909.9557900000001,944.13217,945.28902,942.65524,928.57706,941.73375,931.17166,918.74176,923.6038,910.87291,919.26482,921.92058,920.29668,908.84362,909.58849,908.92194,912.2248,910.0014,908.54564,934.31542,919.30317,0.0,9.9921913e-05,0.00024988121999999996,0.0
935.86534,937.33293,934.93403,931.81676,924.41963,923.90323,924.21692,922.43242,922.3829,922.40927,921.79655,921.59264,941.48672,952.99965,896.45642,939.6441000000001,924.2385999999999,924.6291100000001,922.7052100000001,926.3267,913.38239,910.78242,912.84086,909.99935,942.75487,941.74346,941.9593699999999,945.06406,922.76353,917.73752,912.78927,911.3357599999999,909.27531,910.52367,909.6419900000001,908.414,940.39661,945.03443,942.22103,926.66452,941.03679,932.05603,916.32583,922.23086,911.7712899999999,919.09205,917.91238,915.12265,906.25176,910.8010999999999,906.8402,911.51771,907.61407,906.82246,934.5713000000001,915.60519,0.0,0.00010908677999999999,0.00021232977,0.0
930.76356,932.9105900000001,936.43211,930.00153,923.16009,923.3941799999999,923.3066699999999,921.2172400000001,915.4186599999999,921.24274,921.432,920.70965,939.4695800000001,952.25162,898.13526,944.90367,919.41069,923.30103,923.40617,927.06837,913.0798,911.16582,912.01588,907.72975,942.89197,942.20306,945.20942,946.26576,920.88562,918.25601,912.02788,911.0070800000001,907.88427,910.1982399999999,907.9562599999999,907.6879700000001,940.79895,943.33505,941.0037,935.8704399999999,941.14283,934.44608,917.9010000000001,923.04966,908.49444,916.63027,914.4257899999999,916.85939,902.3519399999999,910.0993000000001,904.44765,910.25875,907.2115,907.03134,936.1493499999999,921.10096,0.0,9.6188733e-05,0.00014737784,0.0
936.88146,928.03116,935.0093400000001,936.22454,922.99838,922.6185399999999,923.18363,920.50048,917.02403,920.7230999999999,920.28742,919.48489,938.49766,951.99907,887.41075,947.31866,920.01243,924.48617,923.98135,926.78083,913.9794,907.17214,908.5489399999999,908.85735,941.2079299999999,943.03748,942.73245,943.52197,918.38637,915.51268,909.52734,908.8620599999999,906.3722,908.98249,907.15246,906.95112,940.69629,941.63878,941.88921,938.29706,940.99154,939.91674,920.53037,918.7846900000001,909.09033,918.5540199999999,914.6884200000001,917.5647799999999,903.00331,908.6351500000001,905.58133,909.28269,906.07172,906.07163,933.92149,918.13355,0.0,8.1900692e-05,0.00014478235,0.0
935.56411,931.9374,933.47915,937.77602,921.85715,921.54439,922.17836,919.82388,916.0143999999999,919.6772,920.1488800000001,918.34968,937.7402500000001,952.20573,891.29819,944.43285,919.7234199999999,924.31073,923.3307,925.33491,911.93454,909.15251,907.8394499999999,907.98918,938.25168,939.08361,940.38351,940.84863,918.81336,914.04492,911.59123,907.47139,906.53569,907.73225,905.67046,906.31099,938.90494,940.64495,942.17026,937.42622,940.97869,944.8885200000001,909.28338,918.5043,909.61471,916.22347,915.2135499999999,914.1837400000001,903.40984,907.89946,903.1966100000001,907.30623,905.68436,905.92805,931.74262,921.24718,0.0,0.00011194467,0.00036476065999999996,0.0
934.6771200000001,939.5590900000001,933.82586,928.26656,921.64702,920.3982,921.2149800000001,918.18994,913.68959,918.6643,920.07669,917.6794600000001,941.47866,953.6611,894.93821,943.5077,917.55633,924.65286,923.4233,922.34285,910.15771,909.0224199999999,906.85406,901.83329,937.5249,941.025,939.6716299999999,941.1062099999999,918.8044,913.38686,908.8657999999999,906.2316,906.5301900000001,907.36662,905.49659,906.07178,939.95627,940.54776,942.3343100000001,936.89885,939.11544,943.75439,912.62437,918.3007699999999,906.4391899999999,912.39318,914.32464,914.7821,903.12801,905.24211,904.86916,907.2252299999999,905.74851,904.3725000000001,932.2103800000001,915.9499599999999,0.0,0.00021255169,0.0004232094,0.0
933.75945,934.9090600000001,933.22098,927.80488,920.9478,919.9327900000001,920.1156599999999,917.1799000000001,916.71839,917.9415,918.6441299999999,916.5662,940.5092999999999,953.08211,883.7847700000001,940.0060900000001,915.84003,920.36989,922.8464,918.17821,908.4748099999999,901.7205,906.03457,902.94001,937.81473,940.08948,938.11123,940.35875,915.36938,913.7266500000001,909.4962300000001,905.6356099999999,903.8675,905.6831000000001,905.5361899999999,905.65291,940.58128,942.15926,940.37989,933.02247,936.93816,929.25412,906.23693,915.90916,909.09371,912.7159200000001,913.09294,910.44615,902.93031,907.2520400000001,901.88225,907.90105,904.03323,900.94778,930.76175,919.04173,0.0,0.00017779983,0.00027477653,0.0
930.11948,930.24205,930.8684599999999,932.0459000000001,919.9329,919.5394600000001,918.67388,916.4080600000001,912.47312,917.9041,917.30854,915.76203,937.9868700000001,951.19506,892.60593,936.59247,915.0192999999999,920.52034,919.92889,919.003,908.2349800000001,903.35733,903.1108099999999,906.3113000000001,937.17493,936.83516,939.62886,942.56488,914.72874,914.0052999999999,906.4648500000001,905.65437,902.59528,904.5516,903.0295,903.57052,940.46606,942.66776,937.19241,930.11076,935.41398,923.1641099999999,906.17862,915.90894,906.68007,909.9989300000001,910.31629,909.44021,901.82276,907.2381399999999,902.24708,905.56448,901.10075,900.84283,928.81875,918.11965,0.0,0.00013376973,0.00016904001,0.0
