0.0,0.0,0.0,0.0,0.0,0.0,0.0,0.0,0.0,0.0,0.0,0.0,0.0,0.0,0.0,0.0,0.0,0.0,0.0,0.0,0.0,0.0,0.0,0.0,0.0,0.0,0.0,0.0,0.0,0.0,0.0,0.0,0.0,0.0,0.0,0.0,0.0,0.0,0.0,0.0,0.0,0.0,0.0,0.0,0.0,0.0,0.0,0.0,0.0,0.0,0.0,0.0,0.0,0.0,0.0,0.0,0.0,0.0,0.0,0.0
1.2677319828000002e-54,8.95770123e-73,4.3829567858400004e-62,9.246740221199999e-83,8.556164498399999e-55,1.20470776584e-72,1.5737097580800003e-62,4.0833879751199997e-82,9.8347740816e-69,1.0330681346400002e-89,4.6265846542799995e-74,0.0,1.32331837116e-20,1.36511632248e-19,3.7356716844e-12,1.0863448672800001e-13,1.0061343558e-18,3.5495637109200003e-19,4.04009813904e-12,7.168650321600001e-12,2.0220590918400003e-30,2.45681076252e-31,2.6547128072400004e-25,1.7964403441200001e-26,5.3300840736e-46,4.43996212608e-42,1.0225239837600002e-55,3.15476443632e-51,2.28908796072e-46,2.7674004381600005e-41,1.7712387948e-55,2.2034286858000003e-51,1.29406423716e-57,5.4967916556e-53,3.8232266252400005e-67,2.79772574316e-61,7.1633634240000005e-40,9.36047625e-32,3.56182929372e-31,9.8792474328e-24,2.2889537760000002e-35,2.06080652484e-26,9.17799681e-39,3.8508346160400002e-31,6.430255954799999e-32,3.76285007796e-23,1.84833272628e-34,1.92261726948e-27,1.77018126804e-49,1.8446302292400002e-41,3.20299260384e-43,5.275639138799999e-35,1.9752771155999998e-46,5.0505886884e-38,8.0132577348e-46,1.19536126512e-45,0.0,2.21009895228e-100,1.4227949421600003e-97,0.0
2.3269246652399996e-46,9.7984553724e-61,4.82905786296e-52,1.76892182616e-68,2.5319407578e-46,1.4354804043599999e-60,2.1910222434e-52,8.4038010372e-68,2.70762585708e-57,1.98492521292e-73,1.47558067848e-60,3.62911085712e-77,1.8486300038400002e-17,1.21437583872e-16,3.4083824406e-10,1.59392114748e-11,2.17207167012e-14,7.708144062e-15,1.0311462600000001e-07,1.37750190588e-07,9.1469939556e-26,1.32204631572e-26,2.2611904960800003e-21,3.4828119170399996e-22,5.878721418e-39,6.9378079404e-36,6.675715341599999e-47,2.32683484884e-43,4.9237217964e-39,6.9650807148e-35,1.2346427866799999e-46,1.5663202242e-43,1.50197384112e-47,4.69009196568e-44,2.7939157118400004e-55,1.1102649378000002e-50,3.7340413449599996e-34,2.7338339881200002e-27,2.7540262854e-27,1.85448637668e-20,1.82906391828e-30,8.774206815599999e-23,6.4883347728e-33,3.24801226452e-26,9.7544777292e-28,7.826052872400001e-20,3.3855416392800003e-29,3.3285067528800006e-23,2.7262521588000005e-41,1.00826550756e-34,1.11086479356e-36,8.203822123200001e-30,7.851967603200001e-39,8.5755908532e-32,3.52693626036e-39,1.2079527882e-38,0.0,4.1480023840799997e-81,8.910370932e-81,0.0
5.09184141e-43,1.64897305464e-55,1.01221738008e-47,1.9337493006000002e-62,1.1045476086000001e-42,2.52619604196e-55,6.2225651004e-48,9.741299749200001e-62,2.78693511252e-52,6.587736496799999e-67,1.08944068644e-54,1.06673382444e-69,1.5968151005999998e-15,4.10983218096e-15,3.1812119796000004e-09,1.18262559408e-09,3.8025480433200004e-11,6.0868387776e-11,3.8404688218800003e-05,3.76852456032e-05,3.09066826308e-21,3.92546963952e-21,9.0399725616e-16,1.029762204e-16,4.7946186232799996e-36,3.248043234e-33,7.570657730400002e-43,7.6148415096e-40,1.88942495628e-35,8.8152985548e-32,1.8750747004800002e-42,6.902495862000001e-40,5.3553053040000006e-42,5.91788235e-39,2.0451675264e-49,3.4733113542000006e-45,3.17100412488e-31,4.08053947008e-25,9.2414312376e-26,1.6160370862800002e-18,4.02296961168e-28,2.6190114262800005e-21,1.8390878702400002e-29,1.53327603444e-23,9.4058885016e-25,9.8046409248e-16,1.47867031356e-26,1.5045573632400001e-19,1.5080147056799998e-36,2.138642595e-30,6.685330113599999e-32,8.4438846732e-25,2.28370545528e-33,1.446783921e-26,1.0854947035200001e-36,7.374356871600001e-36,0.0,6.380986506000001e-73,1.1742151962e-72,0.0
2.98200848052e-41,1.59753638028e-52,2.92865528124e-45,5.926088526e-59,9.9163779252e-41,3.0464513058000002e-52,2.22684367404e-45,3.83138205252e-58,1.07853457056e-46,1.8147570982800002e-62,1.86669846228e-50,3.96707097636e-65,2.81759798976e-14,4.0822330245600004e-14,1.42008965256e-08,1.15886635872e-08,3.48936777804e-10,6.65007006e-10,5.3576812668e-05,5.4080182056e-05,3.89279458044e-12,3.77450716692e-12,1.59213841464e-05,2.6221055276400002e-05,1.2010754531999998e-34,1.42791408432e-31,1.3679715514799999e-40,6.9771107136e-38,1.8885621789600002e-33,4.6358131666800004e-30,4.9907763648e-40,1.0251561441599999e-37,1.17226510056e-35,1.48580551488e-32,2.65561141296e-43,4.0871023004400004e-39,2.4784485148800005e-29,1.63931455236e-23,3.2420771673600005e-24,3.22678732404e-17,9.219012966e-27,2.96339660832e-20,1.21919942112e-27,7.7977332216e-22,4.00855064388e-22,5.674632054000001e-14,4.9191293808e-25,1.4687571351599998e-17,1.5629398882799999e-30,1.72977463656e-24,8.5438704492e-24,1.72463277036e-15,4.50903903588e-27,2.81213597472e-21,4.487510830080001e-35,6.6286127748e-34,0.0,4.5775232556000006e-67,3.45450424176e-67,0.0
1.4480040498e-39,2.49736914936e-50,1.9952143932000003e-43,1.9507051645200002e-56,2.96707942428e-39,5.4157856064e-50,1.98257698032e-43,2.23212365136e-55,2.40299709468e-41,2.35055938464e-56,2.3371135259999998e-45,2.1001519485599997e-60,2.3582943435600003e-13,3.2123892643200003e-13,3.74668440204e-08,3.10391004708e-08,4.69407495492e-10,7.8796708092e-10,2.3720087188800003e-05,2.41317245844e-05,0.00052133409132,0.00094634838816,0.0007604916061200001,0.00112886660136,1.8232770918e-33,3.49684285836e-30,4.9417022544e-39,1.87184386224e-36,6.2345744856e-32,1.16647218816e-28,2.6543519710800003e-38,5.0313056472e-36,3.7569698031600003e-25,1.3499945290800002e-21,8.098766874e-33,1.71822076284e-28,6.993686011200001e-28,2.8119701334e-22,6.901813159199999e-23,2.94517698348e-16,1.3126475448e-25,1.7513170755600001e-19,2.49466704996e-26,1.16081576724e-20,1.09762006476e-20,3.11104932204e-13,7.5340111668e-24,1.31892055776e-16,1.82391199068e-20,1.02274788672e-10,1.2795585450000003e-13,1.23021827376e-05,1.67618717844e-16,4.868393961480001e-07,2.06070586176e-33,1.1496936012e-31,0.0,7.25624487e-63,6.576507483600001e-63,0.0
1.61030483676e-38,9.857175666e-49,3.5931062108400005e-42,1.5573780936e-54,6.0246426383999994e-33,1.9352473694400002e-48,9.4669420584e-39,1.7972327898e-53,1.34979295752e-31,3.49053411516e-49,9.5605356552e-37,1.56089977992e-54,1.0389326547600001e-12,1.72375065552e-12,7.4839750884e-08,6.2771361708e-08,3.8019640404000003e-10,3.87670041408e-10,2.64998311488e-05,2.18017713396e-05,0.00069287463,0.0031850716308,0.0018956029994399999,0.0016295274114,1.67786021748e-32,2.5326050556e-28,9.24221799e-38,2.5772730090000006e-35,8.7299567784e-26,1.01010046152e-22,3.39049886652e-32,3.72408443628e-29,1.6115309042400003e-14,4.42703725164e-10,1.0919792022e-22,2.6213677080000002e-20,1.18509088248e-26,2.056394331e-21,8.695918816800001e-22,1.6047076553999998e-15,1.3362252823200001e-24,6.027136393200001e-19,1.3309115870399999e-22,1.8750984061200003e-18,8.467504914e-20,5.5063671636e-13,9.0881966064e-22,3.04381526808e-16,6.3335909316e-09,0.00058125110256,4.5760084014000005e-06,0.00049973226552,1.08920210856e-07,0.00093103930548,1.9480849796399998e-31,4.79523202512e-24,0.0,3.85170632592e-60,2.28727524e-59,0.0
3.8274635544000004e-36,1.3045326576e-47,1.59114886368e-39,4.1071099587599995e-53,3.21887582436e-27,9.067616871600001e-42,1.37181260136e-30,6.5386349016000004e-46,1.2703369528800001e-26,2.47331366712e-41,9.649037692800001e-30,2.20631110512e-45,2.5387687674e-12,5.5011455424e-12,1.10069468136e-07,9.614478501600001e-08,5.5954346028e-10,2.2879828263599998e-09,1.99840645824e-05,1.53073251252e-05,0.00102462318444,0.00473355058788,0.0018706637336400002,0.00332211324852,9.7846388616e-28,4.04758828692e-25,5.6301174756e-33,1.30979712564e-30,1.3870193522399998e-20,8.9221825248e-18,1.7394239118e-25,2.1592498146e-23,7.008429643200001e-07,2.48195807844e-06,5.8232541468e-16,7.2408695784e-15,1.43283459972e-24,8.5219999104e-21,5.8463266548e-21,5.7544042320000004e-15,8.736745524e-24,1.0390726309200001e-18,2.7601711995600002e-18,1.2710141587200001e-14,3.56124484908e-16,5.6466966996e-13,2.45563986096e-17,1.3505666055600001e-12,0.00038275406100000004,0.0021465636162,0.0011792650864800001,0.000247972523292,0.00051632042208,0.0020079339169200004,6.606770702400001e-28,2.12688096564e-20,0.0,3.62859512448e-58,1.8054081435600003e-56,0.0
1.555125567e-32,1.8290167523999998e-44,1.0207768339199999e-34,1.5097677942000002e-48,2.06223887556e-24,1.14287388612e-37,3.1115382570000004e-27,2.05487854428e-40,7.4141219784e-24,1.24563901344e-37,8.5852434168e-27,7.660261613999999e-41,3.85089611328e-12,1.2007114759199999e-11,1.64874920076e-07,1.12614482088e-07,1.46260186512e-09,1.5703140601200003e-05,2.0111887062e-05,0.00020650221042,0.0010410852544800002,0.0051882919536,0.0021850862628,0.005216269026000001,8.813489956800001e-24,1.07416458552e-21,5.1979150692e-28,2.299953831e-26,3.13346764272e-15,1.82981194656e-14,9.0045672312e-22,2.48841258924e-20,0.00157052422068,0.00011038354578,1.1891399334e-07,9.098018496e-11,7.0286893764e-22,2.89940055828e-20,3.8382867741599997e-20,1.41778760424e-14,1.47968833092e-21,1.96950589656e-17,2.70070925808e-11,1.13652646788e-10,5.032327492799999e-10,5.301690312e-13,9.5458774224e-11,1.35371528388e-09,0.00295119919764,0.00277831735164,0.0026763324981600002,0.000272607861192,0.00293715583908,0.0021958234944,7.526776284000001e-25,9.654376615199999e-18,0.0,6.8057758692e-57,3.3716149438800003e-54,0.0
5.5973045508000006e-30,1.5517655502e-40,9.846720644400001e-32,1.83548736144e-44,2.87728329432e-22,2.8404761900399996e-34,1.06504100616e-24,7.259185743600001e-37,1.97494965384e-21,7.3779652332e-35,8.6275935672e-24,1.44347553636e-37,3.72154390824e-12,3.86211987492e-11,2.08625003856e-07,1.68024486744e-07,1.10493406452e-08,0.00077128120608,2.19875033112e-05,0.0024803846717999997,0.00122913846468,0.007045681363199999,0.00282394820556,0.007738217832000001,3.23957703216e-21,4.2236824680000005e-19,5.7100059732e-24,1.32967324956e-23,5.8720524276e-10,1.3098859604399999e-12,5.2914109968000006e-14,5.2954223052e-19,0.00481273341324,0.00022182653244,0.00218499016416,1.3586964130800002e-06,1.8940946728800001e-13,1.4653734127200001e-18,8.922499090799999e-15,2.6575143427200002e-14,2.51790014772e-17,5.5951327608000006e-15,0.0006485551936800001,5.8055927088e-08,4.51744531104e-05,1.7877862149600002e-12,2.40867501264e-05,2.1918910575600002e-07,0.0059313018036,0.00442035442068,0.00214194754404,0.000283876521216,0.0050261468484,0.00319151745444,4.0511113965599997e-22,2.0963039784e-15,0.0,2.1122553710400002e-54,1.4597901210000002e-51,0.0
2.8450318447200004e-28,1.65933889788e-38,7.2270928224e-30,4.81225684644e-42,9.0499269672e-21,1.5205590138e-32,3.26624219616e-23,6.0941649492e-35,5.0756253780000006e-20,5.8310667012e-33,3.82296939696e-22,2.332676694e-35,2.5697185172400002e-12,1.3404202971600002e-09,1.45778800056e-07,4.6029120941999996e-07,1.11270656964e-06,0.0019508075454,1.76606291616e-05,0.0049783149528000005,0.00136096597044,0.010299815916,0.0037976905466400005,0.011495948522399999,1.9463778300000002e-18,1.469120229e-16,1.20071456796e-20,5.563468308e-22,3.2413136298e-08,3.37783907316e-11,1.7305265421599999e-09,1.0087553259600002e-14,0.0061575090696000005,0.0011282005366800001,0.005135186412,0.000159030135024,2.9097311130000002e-08,3.9385723308e-15,5.1125796732e-10,3.99980129952e-14,1.6046021334e-12,5.609094057599999e-13,0.00512989068,3.21729333792e-05,0.00153157801368,1.5061993346400001e-09,0.0015743079451199999,2.88700358832e-06,0.01006073742,0.004804557372360001,0.00394941773472,0.0006020149364400001,0.0065036462604,0.0042224329402800005,7.156983514800001e-20,1.4949064192800002e-13,0.0,7.5373147416e-52,9.992820025200002e-49,0.0
2.9458074160799996e-26,6.664835778e-37,5.771554747200001e-28,7.455014943600001e-40,1.2754626226800003e-19,5.3987995092e-31,1.26089086884e-21,3.97578360888e-33,5.942399773200001e-19,1.8679573152000002e-31,4.1020504488e-21,2.0593658796e-33,2.500803915e-12,2.63057825712e-08,9.2322626028e-08,1.11107264736e-06,1.79896030764e-05,0.0016958442583200001,8.641715355600001e-06,0.00358875556332,0.0020466083679600003,0.0097345272,0.00282337136832,0.0133778111832,6.2852579292e-17,6.8218314096e-15,9.5431780224e-18,5.834487086400001e-20,1.1023827388800001e-07,7.981672300800001e-10,4.881315007680001e-07,1.4375904517200002e-08,0.0083044410312,0.0022836546084,0.0066596067948,0.0019020269333999999,3.55649788056e-05,2.3529960594e-09,1.53633690864e-05,8.044947709200001e-13,1.42000975032e-09,2.54301080088e-11,0.005038054147200001,0.0009415325113199999,0.00316025717544,6.1730423988e-07,0.0033995789610000004,2.52184460916e-05,0.0105307908132,0.0059945811384,0.0082479622212,0.0022178032852799997,0.0080905121088,0.005081475714,4.499659504320001e-18,8.4116931012e-12,0.0,2.1667023181200002e-49,9.279073143600001e-44,0.0
2.0920913438400004e-24,2.1377643084e-35,3.53815452504e-26,5.1494843976e-38,1.16739189828e-18,1.32578081292e-29,8.956956195599999e-18,1.9578981820800003e-31,3.47948178996e-18,3.83338952268e-30,5.189824231200001e-20,6.5406515988e-32,2.2229237035199998e-11,1.0878088746000001e-07,1.607746689e-07,2.5484871963600004e-06,8.404224597599999e-05,0.0008213528184,4.9124240712e-06,0.0064181052192000005,0.0065874155136,0.0093951964236,0.00409361349864,0.0143966948052,2.87912551212e-16,1.0084042076400001e-13,8.9551529964e-15,2.23814105568e-14,3.65887444152e-07,3.25292060808e-06,5.6648955636e-05,0.00049781284488,0.0111373160544,0.00437020423128,0.00991812321,0.005190511842,0.00025707529764,3.10349311248e-05,0.000240180626664,4.195118938680001e-09,4.48099334964e-08,2.2610304462000002e-10,0.005035507386,0.0021358505810400003,0.00305219410752,0.00042568024863600003,0.0027173943476400003,0.0002501103303,0.013000550892000001,0.0084580683024,0.009498782217600001,0.0056755238376,0.0092512815936,0.007502017878,1.4504338042799998e-15,2.9408550477600003e-05,0.0,1.92562813116e-46,3.5556681831599998e-40,0.0
9.8026634916e-22,7.459315824e-34,3.68151200256e-22,2.7510664178400002e-36,4.59366365532e-14,2.5383878575199998e-28,2.20850861304e-14,9.205404554400001e-30,6.5295094572e-16,3.6923410628400005e-29,1.50466529016e-17,1.11914341164e-30,7.1284194455999996e-09,1.7175857658e-07,1.90585041264e-06,4.39854037296e-06,0.0018570698988000002,0.000452738833008,0.000237688388436,0.0050995484424,0.0137582631468,0.0110847553008,0.006709928028,0.0189054559992,1.46015247864e-14,1.6924776648000001e-09,3.18015415836e-12,8.013383870399999e-09,4.5428710578e-06,0.0011487155349600001,0.000356801136144,0.00276750208284,0.012721685694,0.006670321940400001,0.0131147006652,0.0087883340028,0.000639184791,0.00048874656642,0.00131525918976,3.001526664e-07,1.99807585536e-07,5.5805442216e-09,0.0090194016612,0.00268691129952,0.00475788675864,0.004264045418279999,0.00214851248484,0.00100547795988,0.0167336066124,0.0097771345296,0.009812202680400001,0.0078813724128,0.0117635105964,0.0097907105484,2.85609270984e-10,0.00102107366976,0.0,4.9423530552e-44,1.20162598356e-37,0.0
1.35709262592e-18,3.8951355492e-32,7.707163934400001e-20,7.571075892000001e-34,3.2046355077599995e-11,8.7173127888e-26,3.555884380560001e-13,1.1123215861199999e-26,6.0063225468e-13,1.1318399659200002e-27,3.98441957844e-16,1.6731034820400001e-28,1.17469318632e-06,1.50722294712e-07,4.9718177424e-06,6.5100845748e-06,0.0049747257324,0.000274735430112,0.0034563321282000004,0.0083129465952,0.016940008625999998,0.0152224991796,0.0089367902052,0.0193097107812,3.2869903735200003e-11,2.94896291652e-07,2.79744152088e-10,5.31147441e-06,4.31173547268e-05,0.0028364164396800003,0.00096975768312,0.00352044400704,0.014511160162800001,0.0104494564188,0.0143851992876,0.0114173302152,0.0016344532274400001,0.0006660247288800001,0.00218629677192,1.02687698712e-05,3.0173350866e-07,6.997359158400001e-06,0.0120434820576,0.0045903559578,0.00874734435,0.0074781915012,0.00307964896872,0.00211410912264,0.0179426276268,0.0104655315912,0.012516227979600001,0.009905820817200001,0.0156008107644,0.0107360703672,1.0164978922799999e-07,0.00170423031252,0.0,1.8681964329600002e-42,1.5134088430800003e-35,0.0
1.48481802528e-16,8.305277354400001e-30,3.02521075788e-18,1.98085545024e-31,4.77882644616e-09,1.04759375328e-23,1.94242409244e-12,2.52356015148e-25,2.59532625264e-09,6.298403516400001e-25,5.405909238000001e-15,1.73593452012e-26,6.2101935048e-06,3.4934041172399997e-07,2.93736153336e-05,8.1989558412e-06,0.0040993117848,0.000281888751768,0.00486821153112,0.0080143414212,0.0191162761944,0.019973876555999998,0.0112032520896,0.01924485696,4.9293802296e-09,1.03967965236e-05,9.9804808224e-09,8.250087385200001e-05,0.0005126253852,0.00300459372228,0.00236251355484,0.0071181774312,0.015855171790800003,0.0126418502028,0.017040247164,0.013290469887600001,0.0018593427935999999,0.000420603045336,0.00218984417616,0.0006673400237999999,2.5312240425600006e-07,0.00019958350098,0.015321878817600002,0.0080120960112,0.013025754944400001,0.0120627469392,0.0066906106308,0.0039566196848400004,0.020243141706,0.0135759167136,0.016501024836,0.011378504499600001,0.018710857234800003,0.0126617752104,1.75805826264e-06,0.00239038657764,0.0,1.48821377232e-40,6.497686476e-34,0.0
5.7623664804e-15,1.19203997244e-27,6.96996123e-17,8.833142079600001e-30,4.78824833376e-07,8.7849170532e-22,5.2394288964e-12,1.81645330308e-24,0.00031340818298399996,8.9634298476e-22,5.571654852e-11,1.90473335184e-24,1.8389598205199998e-05,1.16246441352e-06,0.000188210521416,1.06890733224e-05,0.0042179132612399995,0.00116470908732,0.0059921192856,0.0087161594088,0.0188619313644,0.017078205636000002,0.0146371941672,0.027323747906400003,1.53480590712e-07,5.8023534287999995e-05,1.5085174321199999e-07,0.000190907840424,0.0039541686787199996,0.00277306937448,0.00427926414468,0.009862232378399999,0.016711737055199998,0.0134284980624,0.0175323261888,0.0152814732168,0.0011517235990800001,0.000296594705052,0.00151398445332,0.00156418602948,3.0131505258e-05,0.00026804234634,0.017205611426399998,0.010369767676800002,0.0174303703416,0.0139429693464,0.0102274778856,0.007011826960800001,0.0230262505908,0.0161890630308,0.018768911022000002,0.0127045459764,0.0197836733964,0.0134199178968,3.7626528745200002e-06,0.00319526147316,0.0,8.9242806948e-38,2.32461446964e-32,0.0
1.0725439148400001e-13,4.27787827272e-25,8.4732845748e-16,3.9828119630399997e-28,6.6869576064000006e-06,1.68726477984e-19,2.7589291810800003e-11,4.06820448816e-23,0.005684509404,2.40593158788e-15,1.82221141776e-06,1.9909098808800004e-21,5.632268652e-05,1.04905820232e-06,0.0011810944944,1.65148806108e-05,0.0068631233952,0.00215977492152,0.009311766804000001,0.0079149858324,0.022663970988,0.0208882683672,0.0166545195912,0.0321279628476,1.95332500584e-06,0.000105178665768,1.9072955241599999e-06,0.00019261173606,0.007621933569600001,0.005236740294,0.005506160536800001,0.0096283200432,0.018247114547999998,0.0146267347284,0.0188108454648,0.01543096059,0.0007497168774,0.000263217232644,0.00047782602102,0.00108455550864,0.0005642818398,0.0014635288881600002,0.021147742548,0.0106414509984,0.0207830226876,0.0166404203796,0.015843049030800003,0.0128781070896,0.026668401807600002,0.020161398966,0.022149784368,0.014607037452,0.021659775537600002,0.015181777503600002,3.5335225018800002e-06,0.00351510503556,0.0,4.13031375576e-31,1.4145322260000002e-25,0.0
1.0449905500800001e-12,9.920739174e-23,1.48241178012e-14,1.4451617779200002e-25,3.0319851230400002e-05,3.50242737708e-16,1.93907614932e-10,1.36170722568e-19,0.008659399370399999,8.3414017068e-09,9.7224368328e-05,1.96679962536e-15,0.00010455008348400001,9.133648122000001e-07,0.0020905267716,2.3343241132800003e-05,0.0086996518416,0.0053941629216,0.0121643867112,0.0136504819944,0.023654015202,0.0205543128324,0.018410377695600003,0.0446858366796,0.00037892948236800005,0.000106065359772,8.944540428e-05,0.000173225690664,0.0091038658872,0.0062914469172,0.0074666464128,0.0101144643144,0.019890558348,0.0166536965196,0.020467042212,0.0165624774132,0.0006649334841600001,0.000244959364668,0.00032619857331599996,0.0010142357950800002,0.00104685927108,0.0009681763746,0.025214237972399998,0.012371258420399999,0.0184784501832,0.020019687828,0.0193650160884,0.0155657838408,0.0254974565664,0.0231450183012,0.0248621105676,0.016098236073600003,0.0248055517572,0.0176032649484,4.0277180526e-06,0.0051084800208,0.0,2.32351753164e-25,4.88506977492e-22,0.0
4.14215106648e-12,4.56247194108e-21,1.2747682388400003e-13,1.00720891332e-22,4.9986640116e-05,1.5947693480400002e-13,4.5314489638800006e-10,1.5533198647200001e-18,0.00723382758,4.5198138627599996e-05,0.00118594934076,1.1666132931600001e-08,0.00017369745744,1.8771238886400001e-06,0.00230777443452,3.58148720796e-05,0.0110936839344,0.0090480859764,0.014187326887200001,0.0142175439708,0.0237731485584,0.028180272925200003,0.023266480994400002,0.0369974517348,0.00145032425772,8.492680990799999e-05,0.0008498738935200001,0.000223613034624,0.014365035751200001,0.0072940811328,0.0113176546248,0.011239842211200002,0.0225081891048,0.021359674896,0.0203983331568,0.019001254760400002,0.00059649878616,0.000248242963908,0.0007717113432,0.0009629005690800001,0.001978320321,0.0029580206305200004,0.024731956788,0.019678181335200003,0.02004368304,0.0163974964656,0.0227729325144,0.0139782014244,0.029073541686,0.023492012428800002,0.027204245959200003,0.019604841582,0.0240099340368,0.019834400521200002,2.80408341912e-06,0.0076589865156,0.0,3.4353230415600004e-23,2.50689371232e-20,0.0
9.888869076e-12,8.573326792800001e-20,3.4249192104000003e-13,2.5497163558800002e-21,0.000289682866812,1.7931390270000002e-11,8.4636212136e-10,8.9515583772e-18,0.0071483046984000004,0.00125094519948,0.0026409442966799997,0.0005681824728000001,0.000282251364624,1.5473419207200002e-05,0.00351822868308,3.93520112376e-05,0.0215904500376,0.013059250572,0.015593854656000002,0.0089127576924,0.0317164491336,0.045654526676400006,0.0260599158204,0.0426492498096,0.0012167523414,9.9574495416e-05,0.0013151962692,0.00046028728302,0.018406448350800002,0.010382177063999999,0.017118421788,0.0128846789016,0.024707539488000002,0.0245172911748,0.0237855550008,0.0207906472656,0.000446591219448,0.00024343102328399998,0.00062734134528,0.00063440528244,0.00240879197028,0.007339970932800001,0.0257099140704,0.0167366451552,0.0274197847056,0.0126223757496,0.0214371952836,0.014470289774400001,0.030269548647599998,0.0274317194892,0.028648266430800002,0.024557555916,0.026207539135200002,0.026793773232,8.2919099256e-07,0.0083354252352,0.0,2.3474631728400003e-22,3.02421507192e-19,0.0
5.407801272e-11,6.824331544800001e-19,3.9705389691600005e-13,1.95008449884e-20,0.00050382769704,1.0665385842e-10,3.38659514148e-09,4.0256525698800005e-14,0.013101204646799999,0.00255528870276,0.00263450804364,0.00336182849004,0.00043471741284,0.000102289743348,0.00438180600708,3.03660801732e-05,0.0180434664132,0.0113941065408,0.0156849113076,0.009594318400800002,0.036949556526,0.0470152578972,0.0289426742832,0.043146562234800005,0.00089325236808,0.000128435999232,0.0010929217836,0.00080125141728,0.0165424714236,0.013263687913200001,0.0165873673536,0.0171376503504,0.028899864743999998,0.0237910406724,0.0248932052016,0.0231570664596,0.000413486062512,0.000166652582952,0.0005503248620400001,0.00063337366992,0.0024516586386,0.0106881152808,0.0290733090468,0.0156570957084,0.02822260737,0.020344286260800003,0.0182177072844,0.0190176995052,0.034467367428,0.0309404413272,0.029433724100400002,0.0277647974736,0.0280499252796,0.0302067237936,1.8545245118400003e-06,0.009263338095600001,0.0,4.66055694684e-21,3.8432641242000005e-18,0.0
3.5740874654400003e-10,5.413826823600001e-18,1.06328296056e-12,2.39099831076e-19,0.00050672096304,1.25697835848e-07,2.69508645696e-08,1.40182104588e-05,0.017360840178000003,0.0019456683786,0.0022471784996400002,0.005548590196800001,0.00038758497595200005,0.000307416840144,0.003323805576,5.682524118e-05,0.018977629120799998,0.0122061626256,0.0171090882444,0.0110785368648,0.0398131845864,0.044403883368000004,0.031994313099600005,0.044887179036,0.00073207197936,0.000238048557108,0.0008921696632800001,0.00084282963744,0.016133552569200002,0.0148303656852,0.0177681816012,0.0179620353312,0.031130378964,0.0264761686992,0.0295120930812,0.0264087470124,0.00049290661176,0.000131012399844,0.00076710376188,0.0019390762474800001,0.00307929348228,0.012277180404,0.0279781786632,0.0202041142716,0.030707758446000002,0.0229426256328,0.017324425272000003,0.022737541908,0.0365629278444,0.0366876474864,0.0325188958452,0.0301794947004,0.031193472285600002,0.036811455222,6.3871862916e-06,0.0108993266436,0.0,6.1874228388e-20,3.49304784552e-17,0.0
1.29626336472e-09,8.5074275676e-15,7.5024831564e-12,2.2813675294800003e-09,0.000403971408804,0.000115156664124,1.07627252244e-05,0.00329226028944,0.019173030834,0.0025349460243600003,0.00398373162408,0.0056100584796,0.00018070014276,0.00080734646616,0.00345302541228,0.00015319379664000002,0.0228957650304,0.0146057235804,0.0199127263116,0.0134573369796,0.043513093147200005,0.040067969173200005,0.033061615614,0.054429189936,0.00056703557136,0.00031744237248,0.00079007722644,0.00087947512128,0.015548841915600001,0.0149698854012,0.0227914989876,0.022874263082400002,0.0358930094028,0.0303736458552,0.031832544437999995,0.0297659098104,0.000287261132004,0.000315996755436,0.0014173769518799999,0.003956641770840001,0.00304963448736,0.0132589688712,0.0332162745468,0.020750763385200002,0.033915392643599995,0.0265590147576,0.0211113556176,0.0236069676048,0.0415614289104,0.040071003789600004,0.0371249988756,0.0322027779456,0.034723363800000004,0.0370193968752,1.37875796124e-05,0.014438607162000001,0.0,8.717103217200001e-20,1.8781129487999999e-16,0.0
2.1471363798e-09,8.587854472800001e-11,3.48928159356e-11,0.000438569230872,0.00071805944304,0.00087215449572,0.00041742941965200003,0.0057547924548,0.0157257831684,0.00374687954412,0.0061764460968,0.007967306094,9.8031003036e-05,0.00185523028224,0.00489534580176,0.00024225070327200002,0.0198215464692,0.0184154820156,0.0199658750436,0.0169546855092,0.0430164437928,0.040374712302,0.032690935478400004,0.054413494152,0.000659544402,0.00054467918964,0.0005827437235199999,0.00109958876172,0.0190851133392,0.0195450238596,0.0258930752316,0.026704694504400002,0.038942582441999996,0.0337605305196,0.0349771353756,0.032888917818,0.000259309208196,0.000375219230688,0.005253962466,0.0057437038104,0.00258114502836,0.0120656613096,0.0359070914364,0.01841691417,0.0404983242084,0.031038692125200003,0.031751868206400004,0.02417392455,0.049001142182399995,0.046417616136,0.0444204027144,0.036298927506,0.038229658632,0.0386010828204,1.4911630876800001e-05,0.020733985878,0.0,3.07598293812e-19,1.14950086404e-15,0.0
3.0680884692e-09,5.635846584e-07,2.11019464908e-10,0.00392720928012,0.00259997442312,0.00323655934836,0.0011160713472,0.0077755431719999995,0.0135094741728,0.0061838866248,0.0096610156668,0.01119043632,0.00011987077358399999,0.00179427439464,0.0050033246483999995,0.000258662216004,0.0205133806032,0.020237381186400002,0.0247311744528,0.017956983526800002,0.0437004894216,0.0436898827428,0.0364087238832,0.059535846143999996,0.0010607011071599999,0.0009117457120799999,0.00053966885784,0.0012595699788000001,0.0221774625432,0.0235774867212,0.0245710249404,0.02981448036,0.041949779809200005,0.034995852524400003,0.037929789648000006,0.0355105353432,0.00026920304907599997,0.000458610062364,0.005733061794,0.0062382157308000005,0.00340875927684,0.010967620972800001,0.032646916608,0.0263118498408,0.0440394589692,0.0382809575388,0.040148814240000004,0.027777471402,0.051600954936000004,0.048576076008,0.05034717198,0.0435526904004,0.044992029130800006,0.039873370408800006,1.88506925352e-05,0.0240209117604,0.0,2.5608436753200004e-18,1.00283534544e-14,0.0
1.6393326138e-08,1.11952245648e-05,1.11986910852e-07,0.0053378828856,0.00416229438192,0.0056391737172,0.0019047008608800002,0.010820488458,0.02264012547,0.0072217313232,0.0106425238872,0.012881121583200001,0.00024065616769199997,0.00269901634164,0.0040720910352,0.000335041915692,0.0268856936916,0.020553990376800002,0.03257375796,0.0208742771316,0.0448501226544,0.049712597028,0.037263758342400005,0.050212378668,0.0010470858734400001,0.000433415286084,0.0005935045626,0.0011644239816000002,0.0287117234352,0.0241903796016,0.025146434934,0.0312835350672,0.0419757097548,0.034623742688399996,0.0423948652248,0.0394385122836,0.0006211977072,0.000424133732928,0.006079132236,0.00469411358088,0.0055525833456,0.0120775092216,0.0291500902896,0.0305090168388,0.037041784717199995,0.025938021223200002,0.0414975615972,0.034438626670800006,0.055010989164000004,0.049118704488,0.052291687224,0.0473811659844,0.045986255451600004,0.043295863104,2.40394335708e-05,0.0268029448116,0.0,5.9261920848e-18,1.1918276523600002e-13,0.0
2.80079270328e-06,7.7266653816e-05,1.4603560134e-05,0.0047096925054,0.00424962586152,0.006560804337600001,0.00319166690304,0.0115540621872,0.0245858863644,0.0105069178104,0.0118499125008,0.0140908051776,0.00043525493700000004,0.00371521356984,0.0027194268486,0.0005744208352800001,0.0271143338532,0.0236849998968,0.0368587614708,0.0280524018564,0.053069644488,0.054347746583999997,0.0416184799932,0.057753471588000004,0.00053626054632,0.00018057519489599999,0.0007852176684,0.00102323736156,0.037642701096,0.02620853595,0.0267892352952,0.033346445013600005,0.0466025952204,0.0421173855552,0.045397326372,0.043018070304000004,0.0014461644823200001,0.0009437275161599999,0.0056565563808,0.0052584228564,0.004968501897600001,0.0101648576952,0.0378517460676,0.0317903214048,0.030259020496800005,0.0198722961708,0.035732643938400005,0.037070160319200005,0.05646894492,0.053492139852000006,0.052018905492,0.051526426956,0.04901795061,0.0470935400064,9.0687334416e-06,0.030723498892800002,0.0,9.8326832736e-18,1.17011937204e-12,0.0
0.00051139426248,0.00145663933224,0.00011973005631600001,0.00317739424272,0.0056520243335999995,0.0087476015292,0.00447033729636,0.012874832471999999,0.0326922817428,0.0161346480348,0.014743219237200001,0.0147294218676,0.00066112585776,0.0034696505260799998,0.00279048919164,0.0010471797144,0.0244245093612,0.0276860319264,0.037951610616,0.033420165136800004,0.057006312024,0.049641440844000004,0.04977332862,0.06755601876,0.00031732812405600003,0.00021274174591200001,0.0010745534463600002,0.00084942466428,0.0346313324196,0.0308424300396,0.0327662438304,0.0363805446012,0.0459588526152,0.0454544932836,0.0476168623776,0.044603489274,0.00310838481792,0.0025778510241600003,0.0050950743096,0.0051476227932,0.00390493618716,0.00294768472608,0.044426353664399995,0.0338055192108,0.050253973968,0.0234675141468,0.034513559070000005,0.0333404425296,0.062020756728000004,0.059934969612,0.05760477882,0.051110007696,0.050139543948,0.0475664287512,2.9627880654000003e-05,0.027350346321599998,0.0,3.48216199968e-17,1.99489336092e-12,0.0
0.00249930761304,0.0042660955880400005,0.00023216712402000003,0.00468056691192,0.0072807372624,0.009983285744400001,0.0055029708276,0.013556352444,0.0323435624532,0.013782944988,0.0161144835168,0.0175697364372,0.0025530947286,0.00333755617236,0.00367804695456,0.00191751054456,0.026177897760000002,0.0283678846608,0.0355421693664,0.0326382078528,0.058988231136000005,0.055439266152000004,0.05311210359600001,0.062884873932,0.0005248650537599999,0.0009199562071200001,0.00086423514324,0.00069903387552,0.0335022396576,0.0340915191684,0.0371632537908,0.041054703432,0.05207775732,0.047843493204,0.049549214616,0.0467012897016,0.0038457762349200005,0.00369467383524,0.0049667448336,0.0037587048793200004,0.0050060112876000006,0.00139617414648,0.0423102473784,0.033519831402,0.059129321412,0.046640645472,0.038832095509200006,0.0332968727412,0.068905311396,0.06479494483199999,0.056821388400000006,0.05146509168,0.051660861983999995,0.051638123220000005,0.000296733856668,0.020549885325600002,0.0,1.2456485840399998e-15,2.4575980548e-12,0.0
0.00379850517648,0.0066464621892,0.000284311669404,0.0090266154396,0.0100028637564,0.0132290816052,0.0071837973912,0.014529989704800001,0.033601625185200004,0.014027851734,0.018729288737999998,0.0223198701264,0.0033964191906,0.00247587240384,0.0045244491252,0.00298233942696,0.0312940224816,0.0306618534312,0.040642598304,0.031060020820799998,0.06201651130800001,0.06526580853599999,0.061639306968000004,0.065647538052,0.0015681845770800001,0.0034207763185200002,0.00048438156790799996,0.00088333752096,0.035761499052000004,0.0362017093512,0.041086166166,0.0449180660616,0.05792119758,0.052299785424,0.053814163548000005,0.0483733918044,0.00344837100864,0.00323236163412,0.0068451689496,0.0032161683752400002,0.0069634277004000005,0.00132744899304,0.043967978366400005,0.0381327001104,0.053050704516,0.048164042046,0.0456571171188,0.0423678967464,0.070581771312,0.06812529768,0.06068597704800001,0.060098003556,0.058086238896,0.056995676388,0.00156497464692,0.0231702429672,0.0,1.06718805984e-14,5.0924588364e-12,0.0
0.00399737075976,0.0083580550416,0.00040393095216000003,0.0094551216312,0.0124809517296,0.0149173315188,0.011098217944800001,0.0169575537444,0.025108286522400002,0.016339895686800002,0.0240160670736,0.022758324834,0.004151702917920001,0.0038395163263199995,0.00427229257608,0.0024894286434,0.0331434496428,0.0333557407656,0.049424060616,0.024326037703200003,0.065302760868,0.06359421244800001,0.062604047988,0.072148709208,0.0027485737918799998,0.0053518824648,0.0006070593297600001,0.00104007803472,0.0431662560756,0.0357042796248,0.04241601919560001,0.046888789044000005,0.062289160524000006,0.053540066472000006,0.057352487988,0.051480924888000004,0.0040855048445999995,0.00343369500888,0.005837994834,0.00352664752272,0.007000047760800001,0.00127504770036,0.059793334547999996,0.033348046494,0.053579291208,0.037420606734,0.04878632982,0.044195807726400006,0.076179409116,0.075746175048,0.06613574172,0.066771582936,0.061686291252,0.06072309134400001,0.00279532131396,0.039542711577600004,0.0,1.32242359368e-14,7.9948753116e-12,0.0
0.004938088494,0.0086291685444,0.0008339578875600001,0.007683550564799999,0.015540879176400001,0.0143690627652,0.0172875583392,0.0205252982088,0.0278803744932,0.0201392624136,0.0230384160504,0.0246307862208,0.0054986100695999995,0.0067901620488,0.0032569715731200002,0.00181121234436,0.0361609140552,0.0295638400884,0.047837822991600006,0.029333437464000002,0.072770729496,0.0767041872,0.07491686538,0.07823868812399999,0.00387171221736,0.0063158185728,0.0009939936816,0.00114370991484,0.0484441165752,0.038564784234000005,0.0450204592116,0.048607150519200004,0.065306623464,0.056452105572,0.06322895418,0.054816171012,0.0037105348225199997,0.0038898254858399997,0.00323088898872,0.0043060870027200005,0.0067827809076,0.0014384734500000002,0.050264972796,0.0345160734384,0.058767223896000004,0.038313005797200005,0.05210097216,0.048355966932,0.081913803432,0.079655828952,0.072065503884,0.0690848853,0.06489234409200001,0.071814155388,0.0042038658781200005,0.04333291605,0.0,1.669009572e-14,2.58420693324e-11,0.0
0.007110356533200001,0.008443291786799999,0.00255900356796,0.0084249260508,0.016533234567600003,0.014285887379999999,0.0204453738828,0.0236656761192,0.037796804934000006,0.0259994708556,0.025351507861200002,0.026166397334399998,0.0079119796824,0.0055373960304,0.00298128587568,0.00268945968036,0.0380183726676,0.034811951236800004,0.049572267492,0.0426449479476,0.07327683264,0.07661749228800001,0.074241274272,0.09318184014,0.0052178361504,0.0070764039708,0.00303084862656,0.0017489288427599999,0.050324222172,0.04606738371,0.048437562432,0.051759125052,0.07020896454,0.066026101908,0.066026592708,0.060555566580000005,0.00397251296676,0.00281151943176,0.002717494569,0.0043676973230399995,0.007086644512800001,0.00140891192796,0.036345485775600005,0.046697756432400005,0.069163766676,0.0412965461136,0.057251073984000006,0.051789323976,0.08278834522800001,0.08888227508400001,0.077531450232,0.071926892148,0.071435405028,0.073933851876,0.006431220376800001,0.0347577674076,0.0,2.4491533009200002e-14,2.37405962484e-10,0.0
0.008014533324,0.0087390797688,0.0054268987908,0.0088358743632,0.0176526831096,0.0159991901796,0.0217530751452,0.024935934740399998,0.0329337607416,0.0277341126576,0.028310454680400002,0.0270544302408,0.0070285696212,0.00453463190004,0.00312151322712,0.004008005316,0.0404768791932,0.0395964394536,0.0477263063604,0.0426300178116,0.083351317368,0.082329707352,0.07371526428000001,0.082754214996,0.0074251222788,0.0079091109564,0.0052913530824,0.0023233460461199998,0.049605028392000004,0.04993539078,0.053595772272000006,0.058775930688,0.077190089016,0.07098407025600001,0.071978431056,0.06822206871599999,0.00340658689788,0.0061315688172,0.00325764558876,0.0049855321668,0.007179721788,0.00156180800532,0.06992188580400001,0.0455736197688,0.06034783548,0.053563816284000004,0.065413691484,0.050358249336,0.08604033204000001,0.089156440872,0.07874483544,0.075126171948,0.073888698276,0.076937567508,0.008065970145600001,0.026989460590800003,0.0,8.984902838400001e-14,5.7220075056e-10,0.0
0.0088538253732,0.0092664772524,0.0072040743023999996,0.006907852944,0.0201770785536,0.019325119938,0.0240452338452,0.027807954008400002,0.040153494999600005,0.0274356331284,0.032498766174,0.031927499514,0.0095437012152,0.008193248328,0.0030163961862,0.00359421080532,0.043247646912,0.0353745636204,0.054653460996,0.037993667268000006,0.075950377296,0.085125608448,0.074606370576,0.091822265244,0.008717898804,0.00878439975,0.0064712171412,0.0027229554552,0.050315078568,0.047170215727199996,0.05793898908,0.066028369404,0.084392628096,0.07692077724,0.077987673372,0.072940271448,0.0036148207734,0.0079180744368,0.0064806007464,0.0063939981048,0.0051482519988000006,0.0015110853468,0.05931421068,0.0479379540444,0.073394251632,0.051689892804,0.056400640284000006,0.059511433752,0.088999237632,0.08936473148400001,0.08069436175200001,0.079243056336,0.080415415572,0.089348265144,0.0092255244096,0.045395532988799996,0.0,7.778399627999999e-12,7.282589050800001e-10,0.0
0.0096830506236,0.0088407229764,0.0078983324976,0.009902444604000001,0.023347183238399998,0.0231450060312,0.0246276181068,0.0310957868892,0.052689210684,0.0298115826768,0.0355484339376,0.0375528591744,0.008208502882800001,0.0095105933196,0.00354482174856,0.00331965502764,0.0471739826172,0.03983972067,0.059336792388,0.0469819271784,0.081627495252,0.097965368352,0.077541938628,0.100985285292,0.0096947238108,0.0098793117276,0.00684065997,0.00358531858908,0.052767939912,0.052596788136,0.053096996772,0.069607984848,0.092035714164,0.079002853908,0.08520683094,0.07983700777200001,0.0038115023948399997,0.0056803901196000005,0.005902818225599999,0.00868896369,0.00276715876824,0.0015210890287200001,0.0461223719604,0.0489733707552,0.08179024944,0.0712645281,0.056822090244,0.05899148514,0.09349517667599999,0.08983486389600001,0.08809203309600001,0.080900424132,0.089722721004,0.092278733784,0.010914519357600001,0.0396372813756,0.0,4.56873234048e-11,4.43200615992e-10,0.0
0.0117596671416,0.0089932464384,0.007554648816,0.0176571243588,0.027935111454,0.0250117265304,0.025595109079200002,0.0339426698352,0.05449295958,0.0330625712016,0.035725572982800005,0.0377193733812,0.006148012089600001,0.0090852704568,0.0036064342284000002,0.00322333817796,0.050884337856,0.043019200125599996,0.061298053728,0.052271476080000004,0.08037817857599999,0.09146772604799999,0.084168180348,0.10673503674,0.0086792379972,0.010500468698400002,0.0061725888996,0.00428481882276,0.054697544651999996,0.055232099472,0.055449837984,0.06772176192000001,0.09259638936,0.083258953716,0.095936435508,0.08836791177600001,0.0050780469852,0.0088639672644,0.00331306814808,0.0096811276692,0.00284216110644,0.00173187383724,0.089870937696,0.055361253492,0.073860629424,0.061578359424,0.065826945084,0.061675155,0.10278507834,0.090458008116,0.092220259872,0.08318942208,0.091222679424,0.097507226184,0.0125316091608,0.0294775157304,0.0,4.43150186292e-11,1.93076003412e-10,0.0
0.0139055806932,0.012129763716,0.0086789361552,0.017463162652800002,0.029393915803200003,0.026408453023200003,0.027769597497600003,0.0366844970412,0.050031759360000004,0.035426125105200004,0.0357958545612,0.040590080740800005,0.0092655363888,0.0092980818276,0.0038865705984000003,0.0059190960983999995,0.0547287399,0.053298023544,0.063018219384,0.0605520819,0.094942997412,0.09948368760000001,0.08700905835600001,0.112081144452,0.0078559568256,0.0114826429344,0.00593826282,0.005304262104,0.059022881616,0.056727675048,0.062459188368,0.071432936304,0.094271666448,0.089503618068,0.09407880168,0.09070334921999999,0.0050547865008,0.0088471740516,0.00359481129912,0.0081613998252,0.00286445049396,0.0023237176308,0.103238474472,0.070050539208,0.082808090112,0.053547796572,0.06704149348800001,0.067644848652,0.104002394856,0.093778294656,0.09476400756,0.089150747592,0.096938065056,0.09955210512,0.012970405465200001,0.0341135688492,0.0,3.60508487196e-11,1.43335254096e-10,0.0
0.0147906491676,0.018025393684800002,0.010787141052,0.0172963137204,0.0306336240876,0.0293731412208,0.0328412223648,0.0432189095904,0.058913124012,0.037460536749599996,0.037012511442,0.042281937543600004,0.00808520607,0.0090305840484,0.00487509367596,0.006695760595200001,0.053221424388,0.050533877208000004,0.06363321141600001,0.06274842171600001,0.10402425999600001,0.097825833912,0.09152798156400001,0.130062063804,0.009701865932400001,0.012476477106,0.0073191791724,0.0072391085879999996,0.060083632932,0.053599512168,0.069451208604,0.06875364438,0.105176913612,0.093932155548,0.100687085028,0.093342267936,0.0051125870352,0.006623033851200001,0.00452897523372,0.0075540755615999995,0.0050173512216,0.00254135489076,0.08872925346,0.06939798625200001,0.089423033616,0.06515311104,0.07305533460000001,0.07123181628,0.105715124892,0.095823502428,0.10125377743200001,0.09581797602,0.10202791136400001,0.096696596364,0.0143237741952,0.052194842568000006,0.0,2.94245515392e-11,9.5347181028e-11,0.0
0.016268169684,0.0218335049952,0.0129474787248,0.023561352162,0.0350571686592,0.037594838770800006,0.0359264525148,0.044539191529199995,0.059750203044,0.0400569934128,0.043238296190400004,0.0461314174044,0.0067662453648,0.010194300296400002,0.0047672311979999995,0.005932991137200001,0.052472969112,0.059791469508,0.063548062524,0.050069776728000004,0.105468924888,0.101648940144,0.09585026575200001,0.117640725624,0.0132559965864,0.014472314815200001,0.009078393858,0.009153613375200001,0.06187281979200001,0.0641786031,0.06989561327999999,0.076253745684,0.098513385816,0.096666539772,0.105404271804,0.098966845752,0.00458916493344,0.005056162704,0.00393497790792,0.0058970660496,0.0068540008956,0.0031882321374000003,0.101057850072,0.067939166688,0.093423323556,0.06620062548000001,0.07179260926799999,0.07544932448399999,0.108155838936,0.102002433936,0.102831665076,0.100236913452,0.10603333998,0.100114576644,0.0177602571444,0.046177374444000004,0.0,2.3231539960800002e-11,6.2458648488e-11,0.0
0.0173873502492,0.020524662132,0.014479815711600001,0.0180813650076,0.0382726026504,0.042073888405199995,0.0381589446588,0.0466002339816,0.067743425832,0.040738761238800006,0.0489847808736,0.051599163515999996,0.0065540170644,0.0110219854164,0.004993460059200001,0.0071348351832,0.06592555662,0.067320528012,0.075768688044,0.064523164332,0.104769485808,0.107573583264,0.10405173498,0.143444147892,0.0171666816612,0.0174245744844,0.0117178117176,0.0107247829488,0.07420329126000001,0.077583494664,0.07186490901600001,0.08640641975999999,0.10173886942799999,0.101778246312,0.101256697692,0.099692689872,0.00472017677868,0.00474021790956,0.0066183236436,0.0057744244548,0.0067275639444,0.0043301863134,0.106272663876,0.06949804074,0.097988818776,0.066073861656,0.07254856396800001,0.081645139512,0.116065826952,0.109252634604,0.105900387168,0.102407304672,0.10499920474800001,0.10558536718799999,0.0193693783188,0.058815454812000005,0.0,1.65027436176e-11,3.17256295476e-11,0.0
0.0183660309708,0.0208343186496,0.016966907410799998,0.015596950131600002,0.039872943412800003,0.0448003751664,0.039985473055200005,0.051933943104,0.07632646752,0.0428227112904,0.052209311352,0.055290269088000006,0.0072356597364,0.0094951301748,0.0047065231643999995,0.008408675172,0.067235860104,0.073372592628,0.086934883752,0.06082422559200001,0.10547053962,0.113920947516,0.10871460492000001,0.126963329292,0.0169111731444,0.0190836669516,0.013644507976799999,0.012641078174400001,0.079448637732,0.07554869675999999,0.07877778284400001,0.085052405628,0.110194190232,0.10213567632,0.107662413156,0.102042900396,0.004493583989280001,0.0044469419892,0.00884993382,0.0071899397532,0.0063224429004,0.00488164840812,0.108867503844,0.067516013652,0.102691085232,0.07925617542,0.07927149328800001,0.08471387632800001,0.11760075978000001,0.11322090966000001,0.112358039088,0.103565003712,0.113822650092,0.111009409032,0.0206000573556,0.063174804216,0.0,1.2118295683200001e-11,1.9265284056e-11,0.0
0.020367642942,0.021566939736,0.020094705626400002,0.017152718892,0.0416939650332,0.0465272775432,0.0467204122512,0.053731478472,0.078900276708,0.049272481943999996,0.0526535148,0.055698251496,0.0055377253572,0.0110815307448,0.00477689990892,0.0069855779952,0.07184432977199999,0.073481722008,0.085821327264,0.06870799998,0.11248365934799999,0.115736485428,0.106931081892,0.129700731936,0.0168660553728,0.0207635241852,0.014498153962800001,0.015474405715200002,0.07449529272000001,0.073246069296,0.080026162092,0.094640389764,0.114527139504,0.102047734776,0.110634643968,0.10564460183999999,0.0052052942472,0.0052950615672,0.0081720079764,0.0069741129072,0.0076759971528,0.0055688253900000005,0.10778042110800001,0.0793283721,0.10737932953200001,0.078750572892,0.092939870832,0.083437482216,0.11984637591600002,0.118266044088,0.117217764,0.113058984924,0.123127899072,0.111071833884,0.0227121685296,0.053035926528,0.0,9.6078954012e-12,1.62101144244e-11,0.0
0.0213277733868,0.0212269714104,0.0242629007004,0.0220535993472,0.04777326954,0.0467653032732,0.052084574532,0.0563006496,0.083543323236,0.053909737032,0.054347201796,0.060237415296,0.0065174666976,0.0118123049508,0.00472904931384,0.0102284555592,0.07401010256400001,0.08427235264800001,0.09307275493200001,0.071703833364,0.12196671044400001,0.1198383906,0.114374034444,0.143945338128,0.0193369050276,0.021210660654000003,0.016412275926,0.0165048594564,0.07914396872400001,0.081779559816,0.0842060652,0.092110330488,0.118273882164,0.10527736074,0.118612809012,0.112355094288,0.0058565161536,0.008078363827200001,0.006739758361200001,0.0070719190404,0.0094377679248,0.006161804060400001,0.10228965009600001,0.071809355364,0.11475144492,0.088531912596,0.09055228098000001,0.087818299212,0.123574944252,0.123926082204,0.12690632778000002,0.11822463038400001,0.121600544196,0.112461848196,0.025476272656799998,0.058969168464,0.0,9.518862318e-12,2.6236158174e-11,0.0
0.0219555591024,0.023956577205600002,0.027634415962800002,0.028730798868000004,0.05139098088,0.0483596606928,0.052720911456000004,0.061330770456,0.0751260198,0.053700332304,0.056825545476,0.065888815332,0.0083926814724,0.0145135626288,0.00463524163008,0.0100019116044,0.073220851992,0.08741518554,0.09344657766,0.078019590096,0.12977317401600003,0.12674075640000002,0.121586590752,0.1446663675,0.0191159498124,0.0212297827128,0.017673310942800002,0.0165193100808,0.082795005384,0.081070182036,0.085223557404,0.08718122118,0.12255939070800001,0.115310853852,0.11916163629599999,0.11754024414,0.0066151167564,0.011795597628,0.0088541463564,0.006817487338800001,0.009486700194,0.0070192439304,0.110944741224,0.079321334028,0.11747782910400001,0.10277594946,0.089316539832,0.094367990856,0.128920305948,0.127880659032,0.125598242712,0.122680529964,0.12481854801600001,0.12068532980400001,0.0252800321664,0.054307226135999996,0.0,8.9166330492e-12,6.0748289016e-11,0.0
0.0238529894484,0.027881084190000002,0.0292068729048,0.031605669684,0.053771429592,0.050024318832,0.054337621380000006,0.062462344212,0.07612423338,0.05818615596,0.061344144756,0.066916982436,0.010640254918800001,0.015101210229599999,0.0052468964184000004,0.0076105499544,0.073543175076,0.083200175508,0.092370591912,0.08454034908,0.130756673412,0.130645163652,0.124200562104,0.15112736667600002,0.019604534341200002,0.0214074326808,0.0186483597444,0.0183495744468,0.088659231024,0.088487735688,0.091326915528,0.088121235696,0.128342104284,0.11840019936000001,0.125364288168,0.123635283204,0.0073788305136000005,0.012039080563200001,0.011439068728800001,0.0071472072696,0.010516009389600001,0.0076013592336,0.120917988636,0.10254254461199999,0.115667636004,0.09121725117599999,0.095790402876,0.09789993980400001,0.1323243426,0.1317763644,0.129068026932,0.12531225846,0.127114456428,0.131541673656,0.024697308762000002,0.06520245607200001,0.0,8.189420088e-12,1.22333676696e-10,0.0
0.0255539226156,0.030622621333199998,0.030843425382000002,0.026087350068,0.056896814544,0.053344310892,0.05963435952,0.064416454596,0.08630138856000001,0.06221579574000001,0.066238790088,0.069684873576,0.0123038519484,0.017561108664,0.0054539654292,0.0124667185296,0.079233044016,0.09418753842000001,0.09831543636,0.080083845816,0.131916826452,0.13435719693599998,0.12621966422400002,0.150737627304,0.0203746849404,0.021746050324800002,0.020443601604,0.020099052641999997,0.08234046078,0.083500869036,0.093678019308,0.106806315624,0.143282365488,0.124039525716,0.137504299788,0.12426051823199999,0.0075220219044,0.012548532435600002,0.0122913605976,0.0098505906024,0.010994375462400001,0.0069464229528,0.136191925128,0.097507599192,0.125315826576,0.10533715981200001,0.10071601768800001,0.101855198844,0.145715212008,0.140061475764,0.134069166048,0.127286977536,0.136428785208,0.12822140184000003,0.02929264953,0.070494698484,0.0,7.7213696496e-12,7.4180336544e-11,0.0
0.0284628107796,0.0320757608688,0.03371429127,0.0302351435676,0.060056683104,0.055981830828,0.05887069926,0.068522791692,0.083928503076,0.06451257286800001,0.07101634035599999,0.071230790508,0.0122638654908,0.0180529879332,0.005800645444800001,0.0125617712748,0.09564865002,0.089287322508,0.099509493864,0.104380997976,0.132098545152,0.14189630702400002,0.129451155228,0.15845139348,0.021239642394,0.023015943790800002,0.0201572134236,0.02067991935,0.082103006832,0.086700443316,0.091015404768,0.107675429172,0.139151031948,0.12207530485200001,0.140687211408,0.132096012624,0.0093110782116,0.01162137099,0.0126865660092,0.010131348816,0.014948028113999999,0.0075220381008,0.13599248364,0.094880606916,0.13759815547200002,0.127016590908,0.103752116304,0.104730850032,0.15104785707600002,0.14944239628800002,0.139671441912,0.135305260572,0.134234526384,0.132378217716,0.0317534898096,0.07188794226,0.0,7.467885192e-12,3.0568167073200003e-11,0.0
0.029782141548,0.0314120265072,0.036845400422400004,0.0327170681244,0.061944319536000006,0.058907597604,0.063930596952,0.071628313968,0.089688453348,0.066893443668,0.072572063472,0.07579570658399999,0.013748765676,0.0174683337216,0.0056870011956,0.0146004494436,0.09984988820400001,0.095005535148,0.101360614776,0.096120907596,0.140581547076,0.146259543564,0.1326734241,0.169766954352,0.0239134172352,0.023932750338000002,0.0211170572412,0.020341871034,0.089184185796,0.08035723123199999,0.10070058693600001,0.10611189742800001,0.14157384160800002,0.126673187964,0.143022221856,0.135995443164,0.0146175513696,0.012140333094000002,0.010027321792800001,0.0084418247856,0.019084752110399998,0.009878433195599999,0.143170575972,0.110423285856,0.13256995855200002,0.12303566302800001,0.108262126584,0.10941376424400001,0.15403565606400002,0.1453309107,0.14721515570399998,0.143499971484,0.140195012628,0.137617532256,0.032543810816399996,0.070679980392,0.0,8.6811668412e-12,3.65619491892e-11,0.0
0.029945374756799998,0.032288311134,0.0386378255808,0.0329751773904,0.061437018839999996,0.06297991735200001,0.065847190584,0.077797979172,0.08927346722400001,0.07108649040000001,0.07256470638,0.08015305352400001,0.015312833864400003,0.0201663030396,0.0061795086888,0.0186860919576,0.10604664066000001,0.10233074478,0.104317297044,0.09145073455200001,0.144860719392,0.148149923568,0.145160882856,0.163950228336,0.0246910034544,0.0243115134588,0.0246177839472,0.0220336311492,0.094053569652,0.089673199284,0.105244987572,0.1118934429,0.145921775004,0.13699561012800002,0.151422121524,0.139912817352,0.0179814822996,0.015435880860000003,0.011298182625600001,0.0087068896692,0.020510956051200003,0.0089927674176,0.147695202276,0.12452644348800002,0.13361949018,0.09851522140800001,0.109212977964,0.113457274032,0.158250528672,0.15228068778,0.14945007240000002,0.1486959582,0.147313148832,0.1540267824,0.0347347002984,0.071996036052,0.0,6.5866812768e-12,7.888135146e-11,0.0
0.0302129383032,0.0355713660768,0.040543490078399996,0.030954246058799997,0.067792736508,0.067552234692,0.0664117431,0.080212955664,0.096177506652,0.07553615682,0.07514280516,0.08228281632000001,0.0141938216436,0.018086393253599998,0.0083816669388,0.017858636532,0.09350837428799999,0.11072099532,0.11065434958800001,0.09608025954,0.152661038148,0.15406893230399998,0.165904427064,0.18081559364400002,0.026845428950400003,0.026104925616000002,0.029525143944,0.0272397082224,0.104289022056,0.095383382436,0.11042911165199999,0.111016378392,0.160196030424,0.145554401388,0.154586966796,0.143167032396,0.02016522966,0.018845208826800002,0.0105378755112,0.0115894626096,0.0234388028376,0.0084177579168,0.157494834096,0.112664720376,0.14308875961200002,0.110197498224,0.120887485416,0.115607115456,0.160344085152,0.15927304175999998,0.157605151212,0.15466041992399998,0.156507477012,0.16262319347999998,0.0376383344484,0.076608324144,0.0,4.424555865e-12,2.64330013668e-10,0.0
0.033322228450800004,0.0378101468412,0.0423861471444,0.030644163526800005,0.075212567472,0.074115109224,0.07305332722800001,0.08248878544800001,0.101851149744,0.078152434932,0.07769863634400001,0.09022374927599999,0.0151410582816,0.0199990590132,0.0098677543692,0.0185973980172,0.09943089715200001,0.113690835936,0.1194035418,0.095146517448,0.15381578748,0.161131127124,0.159717299196,0.189940993872,0.0284491793004,0.0261724336836,0.032688841234799995,0.030356547855599998,0.11367023706000001,0.09696286518,0.112356213312,0.117993095484,0.16873037984400002,0.147043316808,0.164887955724,0.152491481472,0.023530962316800002,0.0204739374612,0.010082144643600001,0.0161285729124,0.023605213976400002,0.0098758388268,0.14641387071599998,0.116160811476,0.146555422344,0.123713030832,0.11533706748,0.118481731056,0.168122425884,0.16447901134800003,0.15895005609600002,0.158574785508,0.166310789832,0.164318681712,0.040483093702799997,0.07821792728400001,0.0,7.7903250864e-12,2.23463487864e-09,0.0
0.0367734172404,0.0360277609968,0.0444169715316,0.034104788928,0.077102510664,0.07396914530399999,0.075274923612,0.090496295424,0.10685803122,0.083726828448,0.08165618742,0.09496698771600001,0.0156130876356,0.020025287856,0.010428933126,0.018644998746,0.104932406868,0.11815710612000001,0.11308484517600001,0.102204722064,0.16248662838000003,0.156145207716,0.16503616750800001,0.191322394644,0.0292439582436,0.024886367376,0.0317110081248,0.0323878026744,0.10314785316000001,0.101115926436,0.11342014010399999,0.114507792168,0.173372223912,0.15936499314000002,0.16927995314400002,0.16091846839200002,0.021737868198,0.0215833334376,0.01142995899,0.0173931578856,0.0213718329936,0.0100549057344,0.12774482031599999,0.109438127556,0.15943293458399999,0.13658991484799998,0.117620372148,0.12147799143600001,0.171989782644,0.169561618356,0.17054713493999998,0.161448458772,0.167721471732,0.172179795864,0.0424481636508,0.07791808284,0.0,1.21619145516e-11,7.10382693e-09,0.0
0.0402284853132,0.0358260235464,0.047203141536000005,0.0372999847812,0.077840884908,0.074595975432,0.078998314008,0.09385363245600001,0.110661691956,0.09002256054,0.087217162464,0.095219558304,0.017577319788,0.0240733969308,0.012696683851200001,0.020919271221600002,0.11024290704,0.115721187192,0.117606639564,0.109513337748,0.16864688985600002,0.165192035772,0.163125713784,0.194245128276,0.031308370038,0.024616622714400002,0.0335023029708,0.0317138734152,0.095718971844,0.09794299768800001,0.10494341551200001,0.116966552928,0.17733962043600002,0.16180920168000001,0.173465809656,0.16955854594800002,0.022622029183200002,0.024372749593200002,0.0126134157048,0.0167314755588,0.023629103175600002,0.0109898566668,0.161179834116,0.12151686279599999,0.154518132096,0.138960110748,0.1283579424,0.12275509720800001,0.184479906444,0.17039542866000001,0.176572460772,0.170385843336,0.17560174671599998,0.17386417729200002,0.0425956348176,0.076143119364,0.0,3.10833853548e-10,6.0119319e-09,0.0
0.0408710249676,0.041064366793200004,0.0486691616268,0.0358224853692,0.081046019952,0.07934148136800001,0.085043257116,0.096374852424,0.112982047116,0.0938688129,0.092169069432,0.101681161164,0.020109799198800002,0.0247834500516,0.0131194898916,0.023791625706000002,0.112162936272,0.120632274324,0.11859118436400001,0.113587404744,0.171588588,0.173676220524,0.169222166352,0.18731315742000001,0.033734969164800004,0.0256027915716,0.0363766221276,0.030768365865600004,0.10274379715200001,0.09831319340400001,0.12040018972800001,0.12313872612,0.175212375444,0.166894434468,0.178054720944,0.1702569249,0.024516233991600002,0.0250484683092,0.015816317118,0.0174546482544,0.0297625085664,0.0135605100108,0.181313304108,0.15059055908400001,0.16663056075600002,0.111566309976,0.133952924976,0.12743869363200003,0.18540336627600001,0.18196171962000002,0.18437061019200002,0.17814681956400003,0.17983796912400002,0.175298432316,0.0408894790476,0.08585606118,0.0,9.4081667952e-10,7.0725202704e-09,0.0
0.044458776894,0.0438549716664,0.0470967611268,0.040936244434800005,0.08503601781600001,0.084151478424,0.086726799276,0.09987052634400001,0.120449917584,0.09740991036,0.09854227430399999,0.106176054804,0.018903338688,0.020872700682,0.0146167459668,0.0209092952208,0.10600290056400001,0.11912520912,0.12739200873599998,0.118769707956,0.174080374692,0.176502438336,0.173242402404,0.206364869856,0.0360829224996,0.027788594402400002,0.0360261624612,0.0346587705936,0.10716075666,0.10390572198,0.12106534152000001,0.124043604264,0.18281732635200001,0.178948227252,0.177134681988,0.167345685804,0.02052661797,0.0235666410228,0.019073092665600002,0.019456850658000003,0.0327562786272,0.014223359460000001,0.181065464832,0.128765998428,0.180072252504,0.123215212392,0.132890583468,0.136606685484,0.193699785672,0.188546233524,0.18302055681600002,0.18039484062,0.17452041124800002,0.17470268946,0.0441205842828,0.093266949768,0.0,1.10447712972e-09,6.496253340000001e-09,0.0
0.049287721284000004,0.044492281356,0.0476490230292,0.0438699602076,0.08957933869200001,0.08953013599199999,0.09115457601600001,0.10471444749600001,0.125472902208,0.10240686786,0.100164677508,0.10876069104,0.019755799392,0.022730329602000002,0.0157792484664,0.0213011185296,0.124928398872,0.11830371298799999,0.132017838,0.12242419494000001,0.18497589420000002,0.17759087568,0.181303370316,0.19585281729600001,0.041611567566,0.030707157216,0.037876221282,0.0376039460556,0.10702014246000001,0.12233592456,0.12038544118800001,0.12417371043599999,0.189704575512,0.180635018508,0.186825184428,0.17714194092000002,0.0231013704756,0.0243350939448,0.0194721533112,0.0199474955652,0.0333687199716,0.0159518412312,0.18750160008000002,0.14984261423999998,0.144159533064,0.114354907968,0.14906631588,0.135748403892,0.193640168196,0.18540846078,0.191154388896,0.18209903073599998,0.185133627504,0.192944763492,0.0452820973296,0.09540487456800001,0.0,2.22967549188e-09,2.88206540412e-08,0.0
0.0463152293664,0.048699821412,0.051551281068,0.0431833982472,0.091229231604,0.099175038204,0.09183589476,0.108482441796,0.113634398844,0.10616462898,0.103465140636,0.110047180908,0.0215362858404,0.0222163766028,0.016508126712000002,0.023520736008,0.146688056136,0.12148290925199999,0.130055487084,0.125259036108,0.18542661547199998,0.185426625288,0.18049881169200002,0.198843978264,0.0406365742248,0.0363783379644,0.038284404918,0.0373783694676,0.120077498544,0.131826578148,0.12315536914799999,0.133595053248,0.186964777764,0.184282447788,0.19026361143599999,0.186245368032,0.022814926344,0.0272113748292,0.0221430638436,0.0212924701428,0.0312608831748,0.017236142622,0.178089292896,0.134211797436,0.149981284872,0.127842931236,0.149010359772,0.142199130624,0.19315521853200002,0.185154329448,0.19093355834400003,0.183801203664,0.193954672836,0.19176940056,0.0447283546836,0.105857432352,0.0,3.4174752468e-09,2.65912956552e-08,0.0
0.0442695754572,0.04188326463,0.056495134008,0.0452643765048,0.096087258348,0.09816666506400001,0.095050227396,0.11093132766,0.13055421841200002,0.107178852456,0.107318681376,0.11854361602800001,0.0221927215152,0.0257142085704,0.0195161113224,0.0261128682324,0.13702760538,0.13802206434,0.136206457716,0.141210360036,0.185727412068,0.1890744423,0.18892969556400002,0.20638580247600002,0.0347266555956,0.0368488841208,0.03807190176960001,0.0393901287288,0.12241680349200001,0.125464391736,0.12697246798800002,0.13826314039200002,0.20045648693999998,0.190754161128,0.192213098484,0.188385943152,0.030075856881600003,0.029821450701600003,0.0248781288072,0.0245392407324,0.0278864746464,0.019005118337999997,0.194941887588,0.137444991516,0.183860938932,0.159739959432,0.147062752488,0.142514396004,0.201294258,0.19656951290400002,0.196134561036,0.19037001687600003,0.19813908148800002,0.198523662552,0.0461846613516,0.101654608884,0.0,5.1432733236e-09,1.01837240472e-08,0.0
0.0483807140496,0.039744217861200005,0.060312438984,0.0489149940216,0.100298224188,0.098812597128,0.097824665808,0.117527429352,0.13207173274800002,0.11106538968,0.111837781272,0.11798659238400001,0.024066821683200002,0.0258151651488,0.0192875850264,0.0257518755072,0.14258812398,0.151168839276,0.1348058274,0.150623221824,0.1952160681,0.201875649864,0.187831010316,0.21927628165200003,0.0330364267764,0.0322424110272,0.03794034921,0.0414009250404,0.11443484456400001,0.123467483592,0.13261717842,0.137928341172,0.20209638716400002,0.194920346376,0.201563029896,0.194818608444,0.0347029160904,0.030155408690400003,0.0272690551176,0.0264996264852,0.0267113026356,0.0200929510164,0.200796989256,0.150848096568,0.184648324464,0.15925181466,0.157889741592,0.139948989312,0.21001543534800002,0.200676105216,0.20074156812000002,0.194710686432,0.20925132355200002,0.199693214412,0.046846660244400005,0.109072407936,0.0,4.11614337816e-09,3.54632403828e-09,0.0
0.05210477586,0.053322740231999996,0.056884122456000004,0.0501196371,0.10074440556,0.103259397276,0.102483525912,0.114997610568,0.13150653237600002,0.116916280284,0.115674404136,0.117760951992,0.0248505772584,0.0275017860972,0.019549130874000002,0.024898371362399998,0.143227155396,0.151415814744,0.13632357732,0.156497607024,0.205959577032,0.19966698115200002,0.19611025662,0.214133919744,0.03525069011760001,0.032515649694,0.039855210808799994,0.036858599506800004,0.122592136884,0.122650689324,0.139527131988,0.13972924342800003,0.201904342032,0.19477504503600002,0.20074243683600002,0.1989866391,0.0341147718,0.0318724631652,0.0279628117152,0.0238808771952,0.033785899971599996,0.0219870321432,0.207676542672,0.191627098008,0.177651695616,0.14727655969200001,0.159712072176,0.143350601412,0.210364924212,0.206211062952,0.204805235064,0.201632767668,0.201058953756,0.199326307056,0.0470466239436,0.105465346956,0.0,1.90532599284e-09,3.0983111479200004e-09,0.0
0.05389550874,0.054138189708,0.04873040316,0.050652110928,0.103086831996,0.105649966284,0.101950207908,0.12208727055600001,0.139284382308,0.116398682604,0.12070409799599999,0.125118333564,0.024689782344,0.0294602690184,0.0202539672816,0.0240571401624,0.14466668652,0.152995822644,0.142277270892,0.147856994496,0.215147681868,0.202469483508,0.199860709728,0.222487998324,0.0402648113844,0.037447647359999996,0.042099992094000005,0.0431712794136,0.134469884616,0.138558960276,0.14921799762000001,0.15337401839999998,0.208774673316,0.20476809622800002,0.203543427528,0.199456869672,0.0351417006156,0.0315567501756,0.0279765820908,0.0257636277132,0.0332811318036,0.0209581548516,0.20104407270000002,0.175549059336,0.175269676344,0.154220859444,0.15659625291600002,0.14884052334,0.220576965456,0.215216060124,0.208535246352,0.205561577496,0.204274906032,0.19402914192,0.0468271823556,0.10804800036000001,0.0,1.19678988576e-09,1.0183838894399999e-08,0.0
0.057568096427999996,0.051525990144,0.049619556072,0.054015234492,0.10550958276,0.106752892044,0.10856449374,0.12667413030000002,0.14737392459600002,0.11784985550400001,0.1253277432,0.128442536688,0.0278829767148,0.0347969376648,0.0234125160804,0.0248102413512,0.13548050071200002,0.171623395536,0.15012568314,0.145754633064,0.21475201854,0.20133621649199998,0.204669597576,0.235826906736,0.0426886458348,0.0382715700072,0.045590659854,0.0466584094872,0.135382021692,0.141308986296,0.160286622288,0.15936729008400002,0.212779670028,0.207589435488,0.21060345792000001,0.207488934372,0.034282325030400004,0.030698064655200002,0.028319835831600002,0.028289834700000002,0.0312516762576,0.0212005590084,0.217367133456,0.179545329624,0.18779779788,0.173287624716,0.169393347576,0.155115607476,0.224920236252,0.21833496651599998,0.213008515344,0.20742665185200002,0.21198545746800002,0.21523101479999998,0.049688263164,0.112416822204,0.0,1.55872376904e-09,2.65868779644e-08,0.0
0.059137316544,0.055174940904000006,0.057721176948000004,0.057345847464000003,0.108768921756,0.11097012540000001,0.117032084544,0.12937595485199999,0.15387836448,0.12224860142400001,0.12901961932800002,0.13298920482,0.0271304782284,0.03312820048680001,0.0231780138036,0.030388413045600002,0.154774741968,0.17690493850800001,0.156179794392,0.12063598477200001,0.214066154988,0.21478660521600001,0.206741779716,0.24271240864799998,0.0418242881388,0.0393059236452,0.0447548583744,0.0415451314056,0.14420390138400002,0.14012291901600002,0.15737860774800003,0.165734512104,0.217812372492,0.205060259652,0.21596122703999998,0.209153919384,0.0309962045508,0.032205067036800004,0.029557114165200002,0.0276172526868,0.0312593332284,0.023804759514,0.199062816168,0.193104170424,0.198480388716,0.17861415932400002,0.179763740532,0.14476381584,0.227031260304,0.22290576728400002,0.220967396856,0.212544287256,0.21444216177599998,0.209370995316,0.05304389712,0.115578158256,0.0,6.0944604108e-09,2.85566316168e-08,0.0
0.06393535771200001,0.060978233724,0.06052646214,0.055379241312000005,0.11794436886,0.119054960916,0.119857006644,0.13241089027199998,0.151341330936,0.125287585944,0.132358345224,0.137611176396,0.027324861531600003,0.0366215298552,0.0212153252172,0.0303542833044,0.14874244677600001,0.186894986004,0.150805431324,0.12917401028400002,0.22163943948,0.220774924728,0.214595335548,0.238571852976,0.043569609258,0.04023797542200001,0.0472611850164,0.0470187533748,0.147820071612,0.147708964308,0.149313674172,0.167019254724,0.215569755144,0.207706599264,0.220238764992,0.216831410532,0.0314443800432,0.0342924654492,0.0286495974804,0.0254515525332,0.032646684459600006,0.023751440965200002,0.21203286384,0.16281900304799998,0.21394645868400003,0.171413809212,0.179313966504,0.15027342375600003,0.230520386952,0.230344008156,0.225765786492,0.220611719004,0.21961084038,0.215287118148,0.054774688596,0.123542870472,0.0,1.07664616848e-08,2.44026967368e-08,0.0
0.066831705936,0.059413985412,0.059414201364000004,0.063843401424,0.121221106716,0.12276178681199999,0.118415360172,0.136873140804,0.156099445524,0.127965974796,0.13391064255600002,0.142640870256,0.0287338462452,0.0369093413556,0.0212723056248,0.03550279101,0.160247142336,0.184415111028,0.144324976836,0.176991000288,0.22067661258000001,0.221106214728,0.22019248746000003,0.250178669292,0.0460150771908,0.03970738086720001,0.055262057903999996,0.053829761172,0.144302198808,0.155561528724,0.16652726208000002,0.173241617124,0.22951365799200002,0.21810607212000002,0.22122213678000002,0.216098459628,0.0351497826192,0.0399807437064,0.027801422442,0.0270958007544,0.033386722024799996,0.0221182563576,0.224503605948,0.190274148912,0.198326130276,0.163214057784,0.17197406722800002,0.171321632064,0.231899225748,0.229561574796,0.23140872513600003,0.22814432108399998,0.219634217184,0.22098041778000002,0.055976687244,0.127542556728,0.0,8.432719954800001e-09,2.31444681144e-08,0.0
0.06618165606,0.06133255206,0.061951882763999995,0.068560234824,0.12373339412400002,0.12433909531199999,0.12316274587199999,0.139996395684,0.16596673412399998,0.13220890644,0.135810259416,0.143504908932,0.0272309233932,0.0321509563368,0.024854040834000002,0.0386298098352,0.170688038712,0.160200756828,0.154949540388,0.17538625606799998,0.22831503604800002,0.228563822568,0.219829128588,0.25745751304799996,0.049909447092,0.04224877271520001,0.058004275296,0.049341355908000005,0.150413699304,0.15933613410000003,0.17146289412,0.166767096408,0.237019619448,0.223309352124,0.233856761916,0.22191529852800002,0.038769898388400004,0.03832179897,0.0295567239792,0.0312548168868,0.031702636549200004,0.023390105661600002,0.22987779232799999,0.20736481105200003,0.19429937149200002,0.177760746468,0.178841193588,0.181407145068,0.237318114192,0.23270847642,0.23855147495999998,0.22897670316000002,0.233813385012,0.223460680488,0.053021045472,0.12363807094800001,0.0,6.480039762e-09,3.13688876412e-08,0.0
0.067376464488,0.06909308656799999,0.06609885809999999,0.061297695443999996,0.12844060293600001,0.128977793352,0.131681316072,0.14435620153200002,0.16586808332400002,0.1346150289,0.13851068518800003,0.148097412876,0.032406529639199995,0.0328258190976,0.026594290026,0.03810658955040001,0.17650129477200002,0.167409651768,0.157969388616,0.182150584368,0.23367307020000003,0.23037136534799998,0.22752847015199998,0.259936897224,0.052892367528,0.048298722474,0.053965280868,0.048752270754,0.149720105652,0.16006878070799999,0.165845182596,0.175786189356,0.235537535964,0.22655272048800001,0.237249367836,0.22748364048,0.0372813996576,0.0321146989776,0.033473870436,0.0342605727744,0.0317785799964,0.028073922945600002,0.23862797595600002,0.22925375976,0.17419308200400002,0.17101359616800002,0.190156744644,0.179395434396,0.243942697008,0.23972477653199997,0.23776717656000002,0.233449353744,0.231849713844,0.23022606891600003,0.05558722272,0.131420475504,0.0,4.89241179936e-09,3.85980167928e-08,0.0
0.07253182278,0.065899382256,0.065267379096,0.063557265024,0.129715779864,0.13389647316,0.125917454124,0.147361114716,0.168578050248,0.138452338884,0.14365190844,0.151575476892,0.037464658488,0.03952614855,0.0248294399748,0.035926596319200005,0.179528078004,0.18150255168,0.176176159404,0.16277104698,0.237070966944,0.239517815988,0.230429044164,0.27069217553999997,0.050550667476,0.052682359116,0.05362986324,0.054285022344000004,0.14736909512399998,0.164281714656,0.169975912452,0.179695460436,0.241271837028,0.23442739544400001,0.23540413161600002,0.231209023524,0.032791136224800004,0.0315664660524,0.03982805386320001,0.036341700726,0.034690779097199996,0.0294927992424,0.245841469692,0.225763543536,0.193355955732,0.174395576268,0.190909190124,0.167919578244,0.24734420113199998,0.245521134348,0.23971430286,0.2326634946,0.235239644904,0.22952971206,0.06024663252,0.134169372684,0.0,3.809121818519999e-09,3.7552199048400004e-08,0.0
0.073185759792,0.05999136744,0.065360209008,0.06906045327600001,0.13139989626,0.135184906596,0.131366732904,0.15182599593600002,0.171932619168,0.141362714172,0.14698991776800002,0.15324911961600002,0.0432704288664,0.0369993707628,0.025748023218000002,0.03586031427,0.163522397976,0.17636178978000003,0.19075643353200003,0.174400621692,0.242530213872,0.247599039216,0.23497423989600003,0.260581778976,0.053645146752,0.049762241448,0.058753991928,0.05738583294,0.155416389348,0.16116011377199999,0.178285446024,0.173434894164,0.23697615910800002,0.2332205526,0.2421612108,0.238118844576,0.029493999248400002,0.0331016570412,0.0457638690636,0.0342734111208,0.0397679539308,0.0297968930328,0.24691627261200003,0.201362587176,0.21261264097200003,0.184567784184,0.191133294312,0.168815906652,0.248308279572,0.250391661768,0.24461472490800001,0.231608264784,0.241143777492,0.229180979028,0.06217517222400001,0.13283507398799999,0.0,3.1553664516e-09,3.34263531432e-08,0.0
0.07130163258,0.063009178848,0.06906119929200001,0.058658850348,0.135335950296,0.140825999832,0.13918322842800002,0.155038213224,0.177102907596,0.144237663516,0.15030730368,0.157026311508,0.046674149443199996,0.0373029781704,0.0295816021404,0.0356770308996,0.175179776508,0.180184415028,0.18737335404,0.182749296564,0.24798897,0.24495897202800002,0.23834216348400003,0.259157894556,0.058004888796000006,0.050872789332000005,0.060636445512,0.05587654932,0.16031109357599999,0.159658030188,0.179377785228,0.17026566114,0.24665046514800001,0.23548365594,0.24139493457600003,0.234159811284,0.0321891567732,0.03728770791,0.0342364303224,0.038313683592,0.039440350820400004,0.029396235324000004,0.24695042738399997,0.215000770704,0.22306888466400002,0.195693169872,0.190438905564,0.176699789016,0.25362221043600003,0.251556629556,0.245448064044,0.235829753376,0.23602257888000003,0.237842794116,0.060046116180000005,0.135132695292,0.0,2.8330120054799997e-09,2.40008007396e-08,0.0
0.074714160072,0.07339496820000001,0.06667697142,0.06464204100000001,0.141247322184,0.14625849816,0.14014302218400002,0.158755871076,0.17406399178800003,0.151288751532,0.15520045698,0.164474201508,0.051709956708,0.0384804824628,0.0340310692956,0.0359730245268,0.19125489982799998,0.18492943507200002,0.176034681396,0.192809680608,0.24842430469200003,0.24822431841599998,0.238239365424,0.274713452088,0.055833246036,0.055933442856,0.056982243192,0.064844486184,0.160058012556,0.168457706088,0.17950117725599998,0.18916805258400002,0.244574469492,0.24070334829600004,0.245000253216,0.23950690059600002,0.0416420359392,0.044133721035599996,0.0320425768992,0.042125361546,0.0380782188564,0.0310507353756,0.252819438324,0.234251615424,0.22211534370000002,0.195068180244,0.19680371775600003,0.186429442572,0.258737975892,0.25271286110400004,0.245076543168,0.240735858888,0.25569256679999997,0.24720513295200003,0.063269783832,0.13956903158400003,0.0,2.47348520172e-09,1.00591143444e-08,0.0
0.07264340616000001,0.066033022188,0.065661560208,0.07605598764,0.144517797432,0.146612870484,0.143217162708,0.16473856602,0.184185372456,0.158209443804,0.159892303752,0.166685147532,0.050761569144,0.0392290290276,0.0345421118508,0.036337038616799995,0.183378453084,0.179748059472,0.17960570293199998,0.18043215123599998,0.25209667642800004,0.24931644657600002,0.235593555876,0.270188634372,0.05572148106,0.06128472850800001,0.058099976388000005,0.06709545694800001,0.170703508728,0.167174239548,0.197377786884,0.189773012664,0.2516649393,0.2418455037,0.24704656038,0.24497843715599998,0.0455019030912,0.0409008111288,0.0362754127872,0.0476244059736,0.0394599730044,0.0317046817128,0.256724297112,0.23380940462400002,0.23450973696,0.19597715166000002,0.199000194996,0.188089269276,0.260508900084,0.254099194416,0.253880037492,0.24617920880400002,0.252696434028,0.24327036972,0.07111474084800001,0.14408238912000002,0.0,2.15891616876e-09,4.30228330272e-09,0.0
0.070042274136,0.06648357168,0.076138162284,0.069617128452,0.147506808696,0.152169310536,0.148757313108,0.16718168498400002,0.18663030738,0.162417798588,0.161897099052,0.167013109908,0.045745083202800005,0.0384949267068,0.0338658223344,0.036951789666000004,0.19832904072,0.19043554358400003,0.19134578617200002,0.186071551212,0.262514142012,0.25363676265600005,0.241636658484,0.27008153199600005,0.057922267524,0.053652395868,0.061172040828,0.062929988268,0.171517549608,0.17288400552,0.182661683856,0.205742594352,0.25571639514,0.245320966476,0.254512875012,0.248857970664,0.0489444479112,0.0384882866736,0.0438512803596,0.0442995672636,0.037344681446400005,0.031626398622,0.25835794945199997,0.24658951269600002,0.192618106644,0.17557446805200003,0.201877529628,0.202344854664,0.26247449518800003,0.261060014496,0.250840768308,0.25067029383600004,0.248577321408,0.241312293672,0.0655805733,0.145514980332,0.0,1.78283949084e-09,5.2696788636e-09,0.0
0.079166226504,0.06945590556,0.082270261656,0.069452121492,0.150182424528,0.15786083838,0.15815325702,0.168503949264,0.197518028076,0.16440344778,0.16435561932,0.17224255446,0.0401231139888,0.0377164752072,0.03238721715,0.039117805404,0.191175203724,0.19274374162799998,0.20107840416,0.202268707044,0.266812951236,0.26004465236400004,0.250765700448,0.264604326696,0.059321960412000004,0.052612248336000006,0.06648179989200001,0.06214696594800001,0.175026205188,0.17573764432800001,0.19028438209200002,0.18877471074000002,0.255946698132,0.248940739176,0.25588446960000005,0.253114502376,0.047470627536,0.038288558067599995,0.059021193264,0.047549187438000004,0.039637181252400004,0.0302511922368,0.263710624068,0.23968769168400003,0.232886224548,0.196705979844,0.21094288538400002,0.21463977258,0.263007273312,0.264602491104,0.256287867936,0.24948244495200003,0.251579044392,0.24512203542,0.06961504746,0.14847426874800002,0.0,1.52585140836e-09,6.2571139848000005e-09,0.0
0.083719171968,0.07843395781200001,0.0737165649,0.086524363908,0.157496679504,0.160812813876,0.153755698836,0.174319188156,0.191033279088,0.16432576395600001,0.16894527171600002,0.17626420401600001,0.0448609344876,0.039256080942,0.032330655394800005,0.036425321266799995,0.192620305428,0.200269963308,0.19261731154800002,0.2042180763,0.2702971797,0.261213620172,0.2511282495,0.29033453632800005,0.055041026124000005,0.06222703506,0.06471798739199999,0.07205542285199999,0.171516239172,0.18051210746399998,0.198843992988,0.206610588876,0.26417534295600004,0.256850795904,0.26273391243600003,0.25309350595200003,0.04819687411200001,0.05006986998,0.052147220244,0.056671046544,0.0441856673076,0.0304856773356,0.265382460648,0.24052881490800002,0.235453295052,0.199761509232,0.20612048581200001,0.217913992632,0.271218465288,0.270268556244,0.265287677352,0.249923949,0.261384850476,0.25064491456800003,0.07652745012,0.153249463176,0.0,1.614906234e-09,5.349615459600001e-09,0.0
0.075400067796,0.078222000924,0.076458767568,0.08187842166,0.159344835984,0.163326765096,0.157422539256,0.17539629292800002,0.19730199264,0.169141856748,0.173703720048,0.180382241784,0.0477524733624,0.0406459264188,0.038501934349200004,0.034811027551200004,0.196434817752,0.206445660444,0.182093018436,0.194769552984,0.271410230664,0.266895685392,0.25209213162,0.272668229592,0.05510134053600001,0.06140437573199999,0.0646222863,0.073828874664,0.180840653892,0.184851422412,0.205104407112,0.20263650274800002,0.268639458528,0.260207892444,0.267995028312,0.259996750284,0.053531256612,0.052792568256,0.046244134532400005,0.052470436584,0.0457021141536,0.0344471999652,0.26603797312800004,0.24157866064800002,0.219652479852,0.19633322706,0.225778296984,0.219601868556,0.272093576412,0.27669343254,0.26338984209599997,0.254259990312,0.26100407802,0.25746759408,0.074997989712,0.156479157852,0.0,1.91075821632e-09,4.19964661776e-09,0.0
0.077364813816,0.08259610868400001,0.08771719932000001,0.077752987536,0.160602751476,0.16528413930000002,0.170602953624,0.177688319112,0.20669176228799999,0.17197230525600002,0.177165415884,0.183507724896,0.0439888192068,0.0430934861412,0.047540684328,0.0357947944332,0.197786343528,0.201513714312,0.198556909344,0.203938389012,0.27505760104800003,0.268204379052,0.245677046784,0.273550786152,0.062616126576,0.052476483239999996,0.065115766068,0.06412412920800001,0.183837621024,0.186987207324,0.20528474666399998,0.20433839592,0.27222341755199997,0.263022699156,0.26837699832,0.263182390752,0.057222018624,0.050385277692000005,0.053242273572,0.0481305724308,0.047527690398,0.0370585715496,0.27290439273600003,0.259088716296,0.238243291824,0.209219730756,0.21805085712,0.220591792524,0.275148114384,0.281767499628,0.265441243764,0.260251617816,0.26441869141200003,0.259598470992,0.06904964586,0.166214455608,0.0,2.0607358496400002e-09,3.25814483052e-09,0.0
0.08978882685600001,0.090159655704,0.07986781528800001,0.08456102157600001,0.168181464216,0.16995847923600002,0.169888034712,0.18188919901199999,0.20597487036,0.17609443138800002,0.17995932433200001,0.186588805332,0.0464830024752,0.0446755799412,0.049086974267999996,0.0382088084664,0.200167096536,0.192560516172,0.21436004111999998,0.196613542572,0.280040006328,0.269683453932,0.25922569366799997,0.27620393316,0.059543114892,0.05596867248,0.06260077926,0.067883254752,0.187941940932,0.196095841824,0.200336132964,0.21500394618000002,0.27677557773600003,0.266314293528,0.27380910400799996,0.263520282012,0.061064815752000005,0.0460984739268,0.053721156948,0.049728498948,0.054534127884,0.0401086402968,0.272628204852,0.24617177809200003,0.22863224008799998,0.21035733644399998,0.225451394736,0.219504906108,0.27386964909600003,0.28485499482,0.266398868184,0.259715423724,0.272526255876,0.26865918378000003,0.069151256184,0.172919946804,0.0,1.74198029268e-09,2.51383917036e-09,0.0
0.0846618957,0.083147110212,0.078224189892,0.085896665064,0.169530889368,0.17344360586399998,0.1702485813,0.187685350692,0.21635368544400002,0.178652755836,0.1827185823,0.188526356124,0.0476281036608,0.046151393946000006,0.046120412196,0.0419424708156,0.213308806416,0.221375379264,0.198462376356,0.195105132576,0.27778946256,0.271970724264,0.255469218444,0.277953532092,0.06464533426800001,0.063008256144,0.06507090694800001,0.071888766804,0.192033004332,0.203467132668,0.2106324642,0.21971000652,0.275473446072,0.27011364994799997,0.27701510286000003,0.273140938704,0.059460945156,0.0454445967924,0.049529484456,0.045117830005200005,0.06423187944,0.049220309904000004,0.27213444042,0.269263525452,0.224902955184,0.208827625728,0.23870801071199998,0.22372160940000002,0.284866312668,0.284638488216,0.271389656328,0.264419304912,0.271697319216,0.259694348772,0.072457054308,0.174564926808,0.0,1.34882912448e-09,1.895873283e-09,0.0
0.081434291832,0.079635166272,0.088887546276,0.092005642848,0.16884576201600002,0.17859819850800002,0.176695857708,0.191964979452,0.21777682875600002,0.180181524216,0.185433167652,0.19357078870799999,0.05546957796,0.053270416044000006,0.0442113430188,0.042564585337200006,0.198642161304,0.232946509512,0.20176718797200002,0.196242669552,0.276130808868,0.281328807864,0.26018161501200004,0.27140885642400003,0.066040119156,0.065288557116,0.066809359812,0.06961047811200001,0.18760827055200002,0.20883356440800002,0.21639317030400002,0.20978733114,0.27792831969599996,0.274839568056,0.27649248429600004,0.271938508152,0.055415001000000005,0.050032981452000004,0.0487566850092,0.044820289867200006,0.057490270272,0.055612921008,0.284829271992,0.26851277323199996,0.229519591764,0.208796327412,0.22695067585200002,0.234527876928,0.29324663432400006,0.287683853136,0.278046523968,0.270798477912,0.262345709268,0.257731070244,0.07344772919999999,0.176648755632,0.0,1.32255002376e-09,1.26695254332e-09,0.0
0.09362770740000001,0.082758666552,0.087066015696,0.08001916328400001,0.174123933192,0.179398634412,0.179045057184,0.19400714917200002,0.214117983468,0.183881047008,0.192631431864,0.20057927037599999,0.05220649416,0.051760469844000005,0.051603703416000006,0.0391698733944,0.194793985008,0.218214470208,0.205455491076,0.218249292468,0.283253725464,0.28221083436,0.274054616892,0.277817447976,0.05861118876,0.06600069809999999,0.064769025684,0.0722104224,0.189009985536,0.207551874564,0.210773701716,0.222616828416,0.282521108304,0.27026319670800003,0.282306064284,0.275514197196,0.055204040435999996,0.05391641682000001,0.054190116348,0.056300389476,0.058109183796000004,0.058787601912000005,0.29187218818800004,0.266627919636,0.240193686852,0.22361206284000001,0.235327694424,0.233461378344,0.289961027712,0.291187335684,0.275506820472,0.272295143064,0.27610999894800003,0.275889237108,0.078482635356,0.178564706316,0.0,1.46125942896e-09,1.06612380912e-09,0.0
0.10082535811200001,0.085354571556,0.08567745906,0.079391493888,0.179388803688,0.179549059704,0.18801128606400003,0.20054220516000001,0.21435671349600002,0.187258889664,0.197322247956,0.203290616448,0.048526676988,0.052856274096,0.0490648725624,0.0400497565668,0.21911725263600002,0.20695553784,0.180962656956,0.21884423532000002,0.28687838162400003,0.278721869676,0.279569334036,0.292146780972,0.070574875572,0.06551514966000001,0.063555429432,0.06987031254,0.20322905540400002,0.193688889912,0.223792029384,0.219371761884,0.28734137780400004,0.27656788590000003,0.288156645684,0.28181065567200003,0.05942527872,0.054168133416,0.0569023704,0.0487015529544,0.06133662570000001,0.058565097732,0.291591951204,0.26155239978,0.23062420587600002,0.223581962076,0.247322851332,0.219085581312,0.28732000346400005,0.295838519676,0.281892359148,0.27086663530800004,0.28424138684399997,0.27162410657999997,0.086891791512,0.180052762836,0.0,1.12510815312e-09,1.90186148472e-09,0.0
0.091900346616,0.08974309902000001,0.090349585488,0.080864566284,0.18111904056,0.181688854452,0.189423214596,0.20244668094,0.220833796188,0.190535200524,0.198687246192,0.204768866784,0.049255367748,0.056376635256,0.045552482485200003,0.04296199395,0.22466696381999998,0.228405058584,0.203369149356,0.20452835515200002,0.291319797696,0.285874941024,0.279280297008,0.296862986148,0.074760010608,0.07205368542000001,0.07225012321200001,0.07570449140400001,0.205424987856,0.198562082376,0.221963804292,0.234344204844,0.287038524756,0.277737506472,0.289135624812,0.283906803576,0.054739208664,0.0509652855,0.05137012188,0.0481597176072,0.068194731156,0.057878821908000005,0.29170703889599997,0.276205273044,0.23244693400799998,0.228513589188,0.237310153416,0.217608528528,0.295872311256,0.298851148236,0.28935591057599996,0.274537564092,0.275770301544,0.274663473924,0.080758445508,0.183942352836,0.0,7.9529006232e-10,1.24772250852e-09,0.0
0.091811948628,0.09347560848,0.08916881394000001,0.077131374612,0.184032606048,0.183161352612,0.19336471651200002,0.204628316388,0.220839891924,0.196200789588,0.20036906073600003,0.210800936208,0.049741662204,0.052765549716,0.0453306271428,0.0424956833976,0.20309596516800002,0.23584797678,0.21198881454000001,0.216469823448,0.291218030316,0.29188832569199996,0.27810674512800004,0.295926171648,0.066612892572,0.070617761676,0.07515467761200001,0.079877533128,0.209591178012,0.20711653987200002,0.223288556928,0.225583096008,0.290832747408,0.28162744984800003,0.28578404486400005,0.283808884068,0.052028004924,0.04944670122,0.052810580616000004,0.049785907824000004,0.062375001443999996,0.061751076852,0.286898798904,0.27285684894,0.2571512244,0.225816525396,0.23041166984400002,0.232659847956,0.30311967019200003,0.29803368648,0.293282673768,0.27879071910000003,0.28445656337999997,0.27918179835600004,0.07149849736800001,0.191425870008,0.0,5.912455574400001e-10,4.57146644004e-10,0.0
0.093195234072,0.089344014816,0.084772173552,0.08818733664,0.18995730806400002,0.185043634416,0.192107527404,0.207670127916,0.223104374412,0.199881313512,0.203802682812,0.21592554588,0.052289385372,0.051551344872,0.0463129584348,0.0429634437732,0.216489210048,0.219214435944,0.22695443538,0.219308806968,0.29612691866400004,0.29002900842,0.280651631472,0.29848294516800006,0.068250667632,0.068338290156,0.0689944554,0.07392154752,0.211160574816,0.20702474064,0.221576994996,0.214373700084,0.291059506824,0.28272167863200004,0.29015986060800003,0.281710851492,0.054512743728,0.054788529156,0.0559519362,0.052878355188,0.057176546003999996,0.057575291556000004,0.29444268447599997,0.251511461232,0.26878084819200004,0.237009189948,0.24221159141999998,0.22030041438,0.307599937992,0.302565522636,0.29892385044,0.28490841349199997,0.291195399528,0.285319836408,0.07463051793600001,0.189343209288,0.0,4.78128250752e-10,2.49150502188e-10,0.0
0.087743722152,0.08900120574,0.092709852504,0.08861730198000001,0.19378806586800001,0.19054247908799998,0.18814468550400001,0.21387417366000003,0.224350770828,0.20281016742,0.20779005489600003,0.217595335824,0.055891140804,0.052169659619999996,0.0477759311484,0.0480208162992,0.228042273948,0.22272419582400002,0.19719943998,0.21321640840800002,0.296110997112,0.289413996756,0.28585744891200005,0.30763355779199997,0.067700259972,0.07088631271200001,0.066052173204,0.06855777100799999,0.20227980894,0.206677558536,0.222098911716,0.223145537808,0.291301682268,0.285541766352,0.290193382248,0.288872261532,0.055142425404,0.061552523712000005,0.055805147736,0.051925074348000005,0.06605485788,0.054236276088,0.30330134472,0.272307403248,0.267259647948,0.247324701648,0.256325571192,0.234830165556,0.306315853044,0.308091817752,0.29600999538,0.289160837208,0.28889106408,0.276795965568,0.077650042236,0.19197526662,0.0,4.17091695264e-10,1.72008511572e-10,0.0
0.087996150408,0.08563746867600001,0.098874143448,0.08767674267600001,0.194473791996,0.204441159624,0.18919510548,0.216017983152,0.22571033100000001,0.20684060229600001,0.20864784078,0.21901718342399998,0.056324860764000007,0.055015484892000005,0.050527133616,0.050985756768000004,0.227052850596,0.239424740676,0.200028401364,0.21676626174000002,0.297505620036,0.289701036228,0.28378564959600006,0.3066084042,0.067622394552,0.068869777476,0.07063880227199999,0.07119408848400001,0.205202169564,0.22339709244,0.22643060454,0.236325441744,0.294822524412,0.28674931104,0.292188670752,0.287959260648,0.057664666236,0.058761265584,0.052516831908,0.051917687808,0.063962449872,0.05486925103200001,0.305839350048,0.2693512854,0.259896960828,0.22410769721999999,0.251123955,0.246231572256,0.305734932348,0.30460729480800003,0.292235635404,0.28321476576,0.290616230988,0.28847975895600003,0.074346585228,0.19921371262800003,0.0,3.70370003988e-10,1.42201329408e-10,0.0
0.0922841424,0.084984876456,0.09119220565200001,0.095569989504,0.197577611196,0.20335210878,0.191804139384,0.217354097808,0.22871044416,0.211346867772,0.210876681372,0.220063559208,0.057368061072,0.056865908868,0.054328291272,0.05003917044,0.217933320336,0.24130568259600002,0.2007477522,0.227906592288,0.301545812016,0.292831741452,0.278317028388,0.31418956112400004,0.058312532052,0.064338741324,0.068966666304,0.070192071204,0.20912834870400002,0.22850391552,0.237344691012,0.237418654572,0.2953300656,0.288242035068,0.297613331004,0.295427901672,0.056297395596000006,0.056898748296,0.053242685844,0.0596572308,0.059348630484,0.055882851191999997,0.30461194268400005,0.29042461776,0.27001204944,0.232072409436,0.22654398915600002,0.24895163493600003,0.302405860488,0.308176868484,0.296867437704,0.282217941144,0.29100768816,0.28235066818800003,0.076799785224,0.204481773324,0.0,3.01356657696e-10,8.6678460384e-10,0.0
0.089918128116,0.092753214684,0.083909896848,0.082383881856,0.20384293332,0.201563736648,0.198203656044,0.218556410568,0.23488357932,0.214496380452,0.21483940057200002,0.223666340412,0.061196487576,0.05569375086,0.057540184632,0.0471855910188,0.224270500488,0.248294227968,0.215553833592,0.233363920188,0.303757194852,0.29439668669999997,0.282442329996,0.31579134582,0.056826571248,0.061576999908,0.061630516739999995,0.062180345256,0.209580233172,0.217756063008,0.231108679464,0.22737973812,0.29708329154400004,0.295460294472,0.29556841280400004,0.293997700656,0.055526658,0.06184454480400001,0.059972461824000005,0.060577834175999996,0.061581677232000004,0.058098322392,0.280050592884,0.29039285318400004,0.258807193416,0.228256002624,0.25633031722800004,0.24892413541200004,0.30447938742,0.30622845628800005,0.296480250492,0.290461437576,0.291334776912,0.283946043036,0.06887116643999999,0.206746270536,0.0,2.09238096492e-10,2.10495143268e-09,0.0
0.084151223208,0.092562479988,0.077746960512,0.08927402182800001,0.20505356514,0.205231489956,0.203732513136,0.220889531436,0.23386795215599998,0.2164690578,0.217442623404,0.22663466445600003,0.059615664948000004,0.05564621688,0.055121482968000006,0.045302168595600004,0.217104427848,0.24787520256,0.218273493816,0.227869330752,0.305790539988,0.29769432282,0.28709700848400005,0.315688636104,0.050362843224,0.062620057884,0.06658176603600001,0.07008677988,0.21527845062,0.217913305512,0.21567602316,0.231557408088,0.299147694504,0.294756202608,0.297915045396,0.296094628932,0.063306201192,0.06562211952000001,0.063619886196,0.062494952964000004,0.064126465416,0.061580219556,0.300770941884,0.28583269296,0.264996215772,0.237131507124,0.26512767164400003,0.253409424096,0.305665842432,0.301623647988,0.298315273164,0.291121583208,0.292645335612,0.281417048796,0.07058880447600001,0.204897549636,0.0,1.9123614636e-10,2.1823637952000002e-09,0.0
0.08757235442399999,0.088303180164,0.080913646284,0.094721710416,0.207482151516,0.21373724536799998,0.204180103104,0.2217947286,0.24011801040000003,0.21731338104,0.218608813284,0.23076978697199999,0.06138113144400001,0.05527809234,0.055268109468,0.0460841994996,0.235631985516,0.22470192841199998,0.220880608692,0.22770927105600003,0.30586940664,0.3043850802,0.288906980724,0.315577671132,0.052577362272,0.069728063976,0.072314908812,0.071659617192,0.22453030056,0.21760413096,0.232164959592,0.234142515492,0.301433674032,0.29665482314400005,0.300427764708,0.298594062288,0.06834809634000001,0.067978361976,0.068160802152,0.06520349166,0.06639105588,0.059177076252000006,0.297587392224,0.29159799785999996,0.25880750262,0.24316159862400002,0.250041824436,0.25217961672,0.30362031564,0.303034285716,0.30300038125199996,0.290487607032,0.287928816324,0.283761070332,0.07790741775599999,0.208804617024,0.0,4.15908940884e-10,1.92649861404e-09,0.0
0.09862303053600001,0.073340499216,0.090533439168,0.085422449196,0.20868200046,0.219438599028,0.210790285848,0.225786728928,0.233163246792,0.219281714808,0.220787150556,0.230929993908,0.062583341136,0.059287923432000005,0.05807705112,0.0480641009328,0.240444166632,0.22086591904800001,0.236584849176,0.23104194538800002,0.310636272192,0.3043292517,0.28488351520800004,0.313722933024,0.058210587984,0.076122230916,0.0712288224,0.07321585564800001,0.218741471616,0.22505772405600002,0.24347997076800004,0.23967074436,0.299645709264,0.296469536328,0.301322017032,0.300286914924,0.072320867124,0.065735479596,0.069499503324,0.05803584846,0.070234908228,0.060269498892,0.294988724016,0.289589801316,0.261484198212,0.25507762384800003,0.257614279476,0.24083974161599997,0.30498253104,0.304733592372,0.298238531676,0.289889626128,0.296897077116,0.288742827756,0.082089323328,0.21649718554800002,0.0,5.982428930400001e-10,1.5639567768e-09,0.0
0.096047734224,0.07396143483600001,0.09247748815199999,0.08092737395999999,0.209017153056,0.21811829304,0.20979783916800002,0.22934560316400002,0.24175541736000003,0.22446450391199999,0.222598526484,0.230396543388,0.061066577724,0.059223736608000004,0.05539036284,0.053043690984000004,0.24396327625200004,0.23476263147600002,0.229469481084,0.21443177154,0.310499137764,0.307732488348,0.2904956856,0.31966716888,0.06098202269999999,0.07396302502799999,0.070618257384,0.075002554152,0.22253486481600002,0.225668529564,0.23809065793200002,0.235853341224,0.30332493256799997,0.300300117444,0.30164202354,0.300342493116,0.06931404472800001,0.06132020844000001,0.060962228736000004,0.057264526812,0.075090377904,0.061827833064,0.30614035278,0.292545924072,0.235661099772,0.24559245740400001,0.252881490168,0.238558061496,0.303396824952,0.30378805144800003,0.305133545292,0.28834119139200004,0.291629374704,0.286133204892,0.088105598808,0.21553332306,0.0,5.8439207532e-10,1.74096914652e-09,0.0
0.08288126839200001,0.091852689936,0.090218429004,0.093350287608,0.213160123464,0.219363899268,0.21125327712,0.229318623888,0.24602754178800001,0.227200016976,0.22411888746,0.233698940268,0.06371190138,0.058216521756,0.056328512316,0.0533214936,0.245550660876,0.245097014436,0.23173605438,0.208479638712,0.314771875692,0.309420702924,0.29047769778000004,0.31385857542,0.057998851956,0.071589113772,0.067985679804,0.075066554472,0.229517309544,0.22720344766800002,0.239308200216,0.22901822484,0.302247680556,0.298276014072,0.305831350008,0.29882374196399997,0.067800127956,0.067400817984,0.067700736048,0.05405681016,0.071167418412,0.067500597624,0.302257393488,0.298188882348,0.2598886614,0.26051957989200003,0.254191685676,0.22941807960000002,0.305679629004,0.307833617688,0.306066924192,0.297965062824,0.294218619552,0.28360556526,0.081980596404,0.21070760077200001,0.0,5.529156480000001e-10,2.4167514211199997e-09,0.0
0.083925347232,0.099864052692,0.086638676136,0.10349107450799999,0.21428321128800001,0.225322751148,0.213100717032,0.232901733828,0.24027968973600003,0.23056257612,0.22932471962400003,0.235380533952,0.06167586666,0.059339447616000005,0.058224963516,0.050919636192,0.25612572724800003,0.236619853032,0.23601264018,0.212384070504,0.31570278096,0.313887100716,0.29819162592,0.295733606268,0.056681495676000004,0.07164234594,0.065943534624,0.073646213628,0.227609977308,0.237873464208,0.237017621892,0.229264228524,0.29992651557600003,0.297053622684,0.301680860544,0.30334971306,0.07041092874,0.072045557772,0.063724937028,0.06501312997200001,0.06769953849600001,0.07042205026800001,0.30176419347600003,0.305276927604,0.26856139188,0.259369115244,0.260786486748,0.222958606812,0.310708429608,0.31010164866,0.30420291977999997,0.2969136318,0.29372245510800005,0.286572642672,0.08093431878,0.213585676512,0.0,6.6188640144e-10,2.7434002690800002e-09,0.0
0.091472049996,0.100115705484,0.091466759172,0.09242235658800001,0.217076481696,0.226682011932,0.217604611944,0.235312263672,0.24002281483199997,0.23491741998000001,0.231229146324,0.23850605142,0.063228080556,0.060979274220000004,0.058466412576,0.053900460912,0.23835363348,0.244275891312,0.230283036072,0.222355766988,0.317920936836,0.30349500949200003,0.298485703464,0.30261699774,0.056227490952000005,0.07801765143600001,0.07240503441599999,0.07929067866,0.233829846444,0.24213290145599997,0.250219695264,0.244192553472,0.30167728752,0.295318733028,0.299450179452,0.295358919732,0.066629874252,0.065045267556,0.06428027722799999,0.06732344336400001,0.068161562892,0.067823117028,0.30934907066399997,0.298114663572,0.28198458537599996,0.26611665327600004,0.270544906092,0.236983153008,0.31400085343199996,0.313100024388,0.301710230016,0.29595909451200003,0.299653272492,0.300677473932,0.090832326552,0.225183928368,0.0,5.7081424056e-10,2.31308263284e-09,0.0
0.097575177444,0.09626389235999999,0.1037635863,0.087571421904,0.22464036246,0.23093025403200002,0.223152644592,0.23859056718,0.250270517604,0.235438492524,0.23305871130000003,0.242764359828,0.06553017795600001,0.062268488027999995,0.056134361652,0.056911087008,0.24025418286,0.2647333482,0.245218595412,0.227361338028,0.316329228264,0.303809082228,0.28819743116400004,0.307193501604,0.05956198615200001,0.07427210142,0.080915265924,0.083579819124,0.24288142544400002,0.24673208518800002,0.26279164524,0.261106723932,0.31031247670800005,0.29933437519199996,0.304854427332,0.29227376565600005,0.06127755792,0.067188699132,0.06510815376,0.064370716944,0.06344794423200001,0.073728083976,0.314643516768,0.299783849832,0.305407701264,0.253748596344,0.2777521863,0.247484977296,0.315437022576,0.319132005468,0.304023100476,0.29453846409600004,0.309259077576,0.30164878676400003,0.09676944089999999,0.21818756946,0.0,4.3861281882e-10,3.55096254e-09,0.0
0.101336462508,0.099397719072,0.1046670264,0.10289974394399999,0.224793335004,0.231112213224,0.225315079944,0.241675053768,0.25351785163199997,0.235349726436,0.23454497640000002,0.242608398312,0.060390181704,0.06156748820400001,0.057575478060000004,0.057014577096,0.228803642172,0.256855571388,0.256803890148,0.235937528148,0.31550529285600004,0.30037249572,0.292702842648,0.30415901772000004,0.07316729098800001,0.071626610892,0.07580441337600001,0.072952664148,0.23976056566800003,0.24357739947600002,0.255139945632,0.24817809978000002,0.311143857552,0.30720713112,0.310571226468,0.300554719944,0.064025390064,0.071306089044,0.063460886628,0.062574624528,0.061441023768,0.074489167536,0.31930260264,0.28788038418,0.268474166904,0.231130740924,0.250202482908,0.26029739473200003,0.31635849466800003,0.32124540499200005,0.30444338724,0.296825783508,0.30549926982000003,0.303632531652,0.089995649976,0.220802021796,0.0,4.39347359916e-10,7.1287522080000005e-09,0.0
0.097898128752,0.103041187596,0.0991825818,0.104962939536,0.225891372396,0.231659008596,0.22474677280799998,0.240963850212,0.25653022988400004,0.236929351512,0.23670632708400002,0.24386377146000002,0.061048737144,0.059988869268000004,0.059074646292,0.058660946064000005,0.233117293188,0.26588365088399996,0.241297461696,0.219069016812,0.315757672032,0.30163328730000005,0.300858770544,0.305645729448,0.075730013004,0.071274471708,0.073995628872,0.066772348584,0.235518483108,0.241651451196,0.245903310492,0.236032139664,0.30759526557600003,0.305946889236,0.309181050192,0.309521802816,0.065848172184,0.07708502836799999,0.072419120376,0.059826669684,0.06116788866,0.068693099292,0.31541820039600005,0.273844745904,0.259833529836,0.24328550108400002,0.25905023266800004,0.23696305474800003,0.31296660531599996,0.32262524502,0.307066629804,0.300831776544,0.298557046152,0.292010309124,0.072649968156,0.224759459988,0.0,4.9183661868e-10,9.0957524724e-09,0.0
0.09517202923200001,0.111071289096,0.097927424604,0.111819719832,0.228759136428,0.235288690548,0.22780663596,0.24414157898400002,0.25132646398799996,0.23856602718,0.239511288348,0.24695286175199999,0.062818714092,0.061328635476,0.06153234692400001,0.063391104684,0.22485744330000002,0.248966942988,0.25015634280000004,0.230544043512,0.31423902885599997,0.310423009776,0.300736899996,0.30846772638000003,0.070307301228,0.07529817280800001,0.07135377026400001,0.07363990194,0.2396020569,0.23947432620000003,0.23362958532,0.241379081736,0.306392889012,0.30441877361999997,0.30851506404,0.30730359786,0.068633565252,0.078455660988,0.073245185856,0.058821737052,0.06995006754000001,0.062763661056,0.31181645968800004,0.27367129718399996,0.25239948039599996,0.23105602644,0.26010083914800003,0.235899923052,0.315759949344,0.32059256246400003,0.30753886284000004,0.30472487576400004,0.29732376882000006,0.295608849816,0.07786007518799999,0.2333060745,0.0,1.8520684014e-09,8.966366303999999e-09,0.0
0.105753637968,0.11387423808000001,0.100253860776,0.10373509536,0.229677045312,0.239349447048,0.234783892932,0.24633146478,0.258431166996,0.241743903192,0.24156357345600002,0.24872316753600002,0.065347129188,0.064721472072,0.06141555615600001,0.063541422,0.226560931572,0.23995334209200003,0.251336731524,0.213569058024,0.31369143348,0.309105702576,0.308335072956,0.298015875348,0.079335670296,0.080980213488,0.078799544916,0.078401084028,0.244206232068,0.24423709357200002,0.24734717538000003,0.24752109526800004,0.309519702192,0.306045559668,0.30764423269200003,0.30729844936800005,0.06977427770399999,0.067905060996,0.061000030152,0.069309244704,0.066996943572,0.064174225164,0.317537769276,0.27829904547600004,0.265309027152,0.25648018300799996,0.266624552748,0.25059987876,0.317669966256,0.317179284048,0.31123915128,0.29952088410000005,0.30418952094,0.2992461588,0.09015287284800001,0.235560583932,0.0,3.16682324508e-09,7.6712000736e-09,0.0
0.11041549686,0.09654002134800001,0.1071763641,0.09715812505200001,0.232720756236,0.242093436228,0.23799720961200002,0.24943425330000002,0.25106422464000006,0.244844851212,0.24435189660000003,0.24817446295200002,0.06634694277599999,0.06492091846800001,0.060735096312,0.06193657962,0.222647940228,0.237802411092,0.2403658644,0.216414417036,0.314030164008,0.317130282576,0.307791634656,0.298962103392,0.087974810424,0.08407296024,0.087816748284,0.08741702604,0.24905672503200002,0.25134226284,0.25597052156399996,0.24759344900400002,0.31142866879200004,0.3062406723,0.309001795308,0.30729312418800003,0.06812740812000001,0.064646551452,0.067294255488,0.080372946648,0.062960491488,0.068632274448,0.319739296848,0.26495624992800004,0.295505276292,0.263034409644,0.275193184548,0.24663671293199999,0.31991686338,0.320640984792,0.313642716672,0.305632649628,0.3073465674,0.29574423699600005,0.086431529088,0.23446856374800001,0.0,3.1465525179600003e-09,7.279939712400001e-09,0.0
0.099022473024,0.087616330104,0.11221474512,0.09656671105200001,0.235136473836,0.24480538598400003,0.235513260996,0.250554808596,0.259702854336,0.24603355899600002,0.24641136702000002,0.251727609552,0.068264945004,0.06341501155200001,0.061088315256,0.062934591972,0.243722165844,0.229277543928,0.24229560656399998,0.21828566074800002,0.318343520544,0.309669209688,0.306633744204,0.29523716206800005,0.08544048609600001,0.07928233506,0.088587476064,0.091145368608,0.24936617443200002,0.24876069410400004,0.255806010312,0.250033353228,0.309573371172,0.30490392942,0.312084353052,0.30931673676,0.06554390563200001,0.06561804097200001,0.07487971182,0.070545010392,0.062630384316,0.064898150256,0.31799443904400004,0.27584751910800004,0.280024266372,0.262501572624,0.277702630224,0.247452692472,0.31992518244,0.32374925064000004,0.312310759092,0.307238777904,0.302680914624,0.297633296748,0.082542096144,0.23923717164,0.0,3.06001736136e-09,6.4485382548000005e-09,0.0
0.099203509512,0.09708860323200001,0.104067258984,0.113393857764,0.236970475644,0.24193137406800003,0.228775386816,0.254674146984,0.261006168828,0.24840854510399998,0.248409384372,0.256670392548,0.06950299782,0.060457794312000004,0.06280757784,0.064026415836,0.251430965124,0.24825728545200001,0.228564607848,0.236290221936,0.322287913272,0.308701037976,0.305220038976,0.29190151348800003,0.07919538493200001,0.07572879582,0.086932365948,0.084812738172,0.24807460969200001,0.247622774304,0.255826741704,0.251681935704,0.31155217861199996,0.30823313870400004,0.30940974336,0.307072156212,0.065749565556,0.066411630216,0.077312847912,0.067375767552,0.070275144012,0.065803092204,0.321928544604,0.29504077335600004,0.284384975292,0.26554005162,0.276379462872,0.261374960856,0.325252070424,0.3255677628,0.31132728423600003,0.303880763568,0.305986148328,0.298506292524,0.07867186820399999,0.23966249401200004,0.0,3.07358263164e-09,4.8047918766e-09,0.0
0.105261061272,0.11321319428400001,0.10182828337199999,0.10033738512000001,0.237404215236,0.240860389572,0.230819824032,0.255087847212,0.261188785692,0.252957907728,0.250182409188,0.255888096612,0.065435090364,0.060728902416,0.063465868248,0.06395332590000001,0.23245225428,0.24954200844,0.231950848092,0.2332717185,0.31505280470400004,0.30909041415599997,0.29966666151599997,0.30455920622399996,0.076654488792,0.078565256628,0.08310956892,0.08585862315600001,0.24668304936000002,0.249266512584,0.252718961748,0.256360285476,0.31175143359600005,0.30800820997199996,0.308556791856,0.30655154502000004,0.068145233976,0.074318045208,0.073623980388,0.072340096668,0.080890706292,0.068118387216,0.317793132516,0.26703285417600003,0.27618681405600004,0.26543644374,0.271317017928,0.27913197234,0.322771395444,0.32038296141600003,0.31157809776,0.303932361372,0.308111680428,0.299007517116,0.08307687673200001,0.232758773604,0.0,3.26907686064e-09,4.18617715164e-09,0.0
0.105393763776,0.11896276904400001,0.112826890512,0.102131470164,0.238502169192,0.24890368377600003,0.24394165160400003,0.256588109928,0.26265799549200003,0.25475729832,0.251334370776,0.25797535122,0.064369519392,0.062383747499999996,0.065374206624,0.06541755408,0.254200564248,0.24565948105200003,0.245832905232,0.221061851316,0.318623865504,0.309935581572,0.300704899836,0.306928346904,0.077226138276,0.082712555892,0.073745639892,0.080763736332,0.24664524303600002,0.244119213228,0.25695154241999996,0.262720425252,0.31166058651600004,0.309615663408,0.311405601192,0.311109197256,0.071753011524,0.081240371844,0.069953979216,0.067695940932,0.080150089092,0.07146885304799999,0.316792680888,0.26084186862000003,0.283592171328,0.25822615492800005,0.273223039728,0.27387960252,0.322334730684,0.324463374456,0.30964772246399996,0.311370371568,0.303002329728,0.294455690676,0.101336786436,0.234995835096,0.0,3.34766071368e-09,6.781894032e-09,0.0
0.110826595848,0.108554952588,0.10912101186,0.12464769072000001,0.239962711464,0.24923635783200002,0.246597655068,0.259657852884,0.26606946285599997,0.255814250844,0.253569449436,0.260451083844,0.066816010152,0.06352552989600001,0.065601294876,0.068312130516,0.254592899952,0.242697792624,0.24641114125200003,0.21467747092800002,0.319075107024,0.30905023236,0.3014318139,0.313631835636,0.07720144612799999,0.078831893544,0.08050617921599999,0.07698246098400001,0.244389992496,0.24604414555200002,0.25377368604,0.255392727264,0.310191523956,0.310672208568,0.308925048912,0.310170880908,0.07680949815600001,0.077928826452,0.074710056984,0.064030631808,0.073617457656,0.074005577388,0.31504169299199997,0.30017784444,0.27470819071200003,0.270055151496,0.272547684204,0.27705961842000004,0.32189215178400005,0.32429971719600004,0.307478195052,0.311729180724,0.299235537888,0.290482208232,0.095947934952,0.24404963742000002,0.0,3.5038905991200004e-09,6.3390986892000005e-09,0.0
0.10588921656,0.112399050336,0.105216369024,0.09729902391600001,0.24428908401600002,0.24940690592399997,0.243696968172,0.260257649748,0.262271156748,0.25843874004,0.257902806072,0.262980961524,0.067704922572,0.06474785257200001,0.066329421216,0.069286427412,0.24890427764399997,0.253072107072,0.264646972308,0.199285899492,0.318984083256,0.302228426472,0.306716522532,0.309650932296,0.07661887634400001,0.075714655872,0.083978991672,0.082134589812,0.24790501375199997,0.258063076812,0.249054379008,0.252266689548,0.309065702376,0.307628919732,0.309644704044,0.308649180048,0.083374566564,0.0728753337,0.069554610348,0.070793860716,0.072775372464,0.06996080133600001,0.313109511552,0.302345943624,0.26593092473999996,0.268802148912,0.277253396076,0.282760549992,0.317967322344,0.32159759816399996,0.306736125084,0.308200628112,0.292905297648,0.29435504232,0.087277894056,0.2443505469,0.0,3.90045174756e-09,4.400596923120001e-09,0.0
0.092364564888,0.11461946880000001,0.111356438988,0.092831001576,0.24532691497200002,0.25636793214,0.252150713508,0.261347765628,0.26531832781200004,0.260418646872,0.25871085919200004,0.263743851228,0.068796937848,0.065200016796,0.067645525956,0.07005399444,0.227827092504,0.24481686579600004,0.248850083508,0.21783625482000002,0.31967648426399997,0.31050349606800004,0.31191983198400003,0.308549307156,0.06943718154,0.07873886240399999,0.087030221652,0.08443822832400001,0.257212171944,0.24922236021600003,0.25521857670000003,0.259854531168,0.304410925728,0.30843445014,0.307387004412,0.30957105950400005,0.08388712863600001,0.073230829956,0.06880842747600001,0.06589866078,0.07187487225599999,0.06979826310000001,0.32041092229199997,0.295256946216,0.277709354184,0.275137542552,0.280934646384,0.26182226616,0.320909766504,0.323200943604,0.304067905608,0.302086325148,0.302399372112,0.30758732443200004,0.095217889584,0.24467516202,0.0,2.77657869264e-09,4.42334216568e-09,0.0
0.098604748236,0.095742751104,0.103509013248,0.119671165224,0.248357310492,0.25639368932400003,0.24924758242800002,0.26020760777999996,0.265252658772,0.26089735356,0.258582141984,0.264837638292,0.07267231918799999,0.06579070441200001,0.067107987072,0.06902336842800001,0.22982725956,0.24274927754400002,0.259877049072,0.21508175761200002,0.32329496125199997,0.30011943924,0.309734422284,0.302557026888,0.07175785572,0.08350157088,0.08575682142,0.085306335732,0.26002920198,0.252095846976,0.269679414648,0.253165638828,0.311777244768,0.306930157956,0.30833656008000004,0.305514960696,0.078482713884,0.080134565088,0.06601860739200001,0.06416886072,0.07118656452000001,0.075089784036,0.307376216628,0.265891081596,0.273498010428,0.27055373067599997,0.282577653372,0.25398743434800003,0.324258755028,0.329049502908,0.31116088340400005,0.2978435751,0.30891509548800006,0.297990098532,0.09737019973199999,0.24968408522399999,0.0,1.94875472532e-09,5.8802325912e-09,0.0
0.100785259752,0.100112490744,0.105734717628,0.105016417104,0.250808905572,0.255983174388,0.251895045972,0.261935464272,0.268135932084,0.262005791004,0.261325669812,0.264309655284,0.071579199612,0.06595986354,0.067721668668,0.072689487372,0.24080131197600002,0.246949180752,0.26661360790800004,0.21167436879600002,0.321782855532,0.309781828656,0.306020150952,0.29643502327200005,0.081251135088,0.082389162864,0.077599048116,0.08194775697600001,0.254932715148,0.2539508403,0.252475686912,0.257113172676,0.310618892964,0.305877018948,0.3103327173,0.30697356430800005,0.06911320446,0.088570754508,0.0662766504,0.068116001928,0.07246354759200001,0.075733438788,0.319151652192,0.264745466052,0.273175358508,0.272593554372,0.28045837897200004,0.25276741843199996,0.32486378872800004,0.328899661668,0.31169705786400004,0.30184219632000003,0.30933844975200003,0.302788012092,0.08889730828800001,0.253585851972,0.0,1.6779397270799998e-09,7.152040668e-09,0.0
0.101261183604,0.105753942264,0.110284448352,0.10099340312400001,0.250518391236,0.25811866482,0.248244078024,0.26566555899600003,0.267449847672,0.263338391532,0.261978797004,0.26507374254,0.07451923394400001,0.06810351597599999,0.066981517728,0.077526925056,0.254302395432,0.227215334844,0.25916694,0.227592102372,0.32011168644,0.31546253436,0.30441078830400004,0.295603284144,0.081368416656,0.08295283684799999,0.07982871816,0.078043894512,0.253926388644,0.25576790460000004,0.26832783979200003,0.249806333688,0.31069818170400004,0.30586886676,0.31287699996,0.30631649599200006,0.07282775064000001,0.078881675388,0.076072841712,0.075760398432,0.07526683032,0.07430553962400001,0.32423897088,0.307605199368,0.302908341528,0.27238009563599996,0.28453425701999996,0.263855007612,0.326889801312,0.32980500607200003,0.314846074836,0.304028460012,0.316637990544,0.30777902600400003,0.092252107884,0.25794300750000004,0.0,1.75786272792e-09,6.8322373512e-09,0.0
0.110004883764,0.108230200044,0.10462854768,0.103317733764,0.253110041004,0.26009421825600004,0.24594688371600001,0.2656797333,0.269837157768,0.264033545928,0.26351223289200004,0.26559690589199997,0.07741189135200001,0.069365274432,0.07314866022000001,0.07422025330800001,0.253926388644,0.2215039296,0.25867867252800003,0.24354235144800002,0.32215402794,0.312935302092,0.302750932152,0.307845352716,0.08172132639600001,0.088801479588,0.074662596624,0.088071920112,0.258635702988,0.25965093751199997,0.27060893586,0.26699734970399996,0.31792259574000004,0.31087566970799996,0.312280157712,0.30786765466800003,0.075404185608,0.073557835272,0.073542173844,0.07419556116,0.087043399632,0.07839901776000001,0.32811827371200003,0.29225223426,0.30575346495600003,0.2800225044,0.277918130688,0.274710909744,0.329849482368,0.330570403764,0.314189193024,0.310430911656,0.310338626532,0.309934595064,0.097282606656,0.25148403042,0.0,2.3990596026e-09,5.6960647992e-09,0.0
0.105628223844,0.100592718912,0.116614384296,0.11584964918400001,0.251867109636,0.26061924174,0.247980022716,0.266663276868,0.27335159988,0.26522888442,0.26575892388000005,0.266166832668,0.074078019468,0.06936031244400001,0.07878900253200001,0.075186447096,0.23135350032000002,0.240367920852,0.260647286052,0.22730955372,0.323254028532,0.31788422499600005,0.306268642992,0.313872420888,0.080816139048,0.088926569784,0.07736501504400001,0.085696129092,0.263818320312,0.26224882534800004,0.258293968764,0.26223993696,0.318426981084,0.313351853868,0.31833129962400003,0.312277571196,0.071815873188,0.077190123372,0.073517628936,0.069021184368,0.086188710696,0.0838266768,0.324221410056,0.302718549168,0.2680186407,0.245970108372,0.282666257496,0.261576488244,0.329504037696,0.330266667276,0.31735870580400005,0.313105040364,0.31695061542,0.29993026528800004,0.10775918419200001,0.25105024174800006,0.0,2.73364355772e-09,3.74285140128e-09,0.0
0.107592042252,0.102681558804,0.119338206504,0.107120888976,0.25275731776800003,0.263771507808,0.246573758016,0.26575337784,0.273845482104,0.26574886738799997,0.26669929668,0.267027563352,0.06882221895599999,0.069157356828,0.078573781824,0.075664687524,0.25733986338000003,0.23982746661600002,0.259982880276,0.234732545436,0.328195123176,0.318646226352,0.30971915840400005,0.323091215448,0.093068426076,0.083593090356,0.083201157108,0.07775831271599999,0.256331971224,0.263105246808,0.26702711672400004,0.273529132056,0.316444075464,0.315000922236,0.317967548112,0.31805465529599997,0.070557417816,0.082345854672,0.08420681612400001,0.064678109892,0.076880811396,0.082104430152,0.326864721432,0.31815106314,0.27401835658800006,0.24387363163200002,0.286860756996,0.255928980252,0.331529426964,0.33274181094,0.3215743686,0.31288228587600003,0.311239627356,0.30347152962,0.105747885792,0.250381271532,0.0,2.3972462929199997e-09,2.56872710124e-09,0.0
0.120378766308,0.117248139612,0.114942876552,0.105578206416,0.25554031082399997,0.26372923520400005,0.24962037938399997,0.26575489932,0.27770746951200004,0.269565882792,0.267578545248,0.26684712564,0.067368488988,0.068611464528,0.076372951188,0.080369623932,0.276072732504,0.257775762492,0.261377498292,0.223673923272,0.329465603148,0.325087137084,0.320276580516,0.30938014812000003,0.085382321388,0.09433875880800001,0.086748517176,0.087141765768,0.260354435508,0.26571201812399997,0.26180272250400005,0.26375086476000004,0.317502652536,0.31854345774,0.3157017012,0.315512124792,0.0747958341,0.08333555287200001,0.07056448042800001,0.068316228696,0.072150613512,0.078777066276,0.32863663704,0.313549219272,0.27533983068,0.271163647836,0.26650086624,0.284614890552,0.335475954672,0.33410934661200004,0.317881064244,0.30940506112800004,0.30686892084,0.299754524532,0.10951995864000001,0.25510776387600004,0.0,1.62710742384e-09,2.13938208336e-09,0.0
0.117903652092,0.113193871488,0.118420042404,0.115197528132,0.259877652756,0.263830418532,0.256665165528,0.267362774844,0.275587375476,0.270759518208,0.26725044544800003,0.268835459508,0.072511390776,0.06765505238399999,0.073198716912,0.081750048012,0.268812494976,0.253366228788,0.254394062148,0.22394001049200002,0.327140246736,0.324368733492,0.31384156920000006,0.320392703796,0.07818816026400001,0.0960904191,0.087647245596,0.103296010956,0.258061015452,0.25625779662,0.25834035427200003,0.2665127436,0.31352503264799997,0.315731281716,0.314961295044,0.3154991235,0.07610511671999999,0.087613409844,0.06881941158,0.074917145136,0.08367106866,0.07637588126400001,0.334383330804,0.296278860528,0.27784713156,0.280027638168,0.27462809706,0.28040935295999997,0.33212127286800003,0.33225491770800003,0.324564597048,0.316388153712,0.307361080356,0.29852559078,0.105066375636,0.25374935217600003,0.0,1.1985080784e-09,2.10224869524e-09,0.0
0.110463771948,0.11080813195200001,0.119098342728,0.118319310612,0.26045683601999997,0.263193227616,0.255454891992,0.271786939296,0.279077243232,0.270645436656,0.267677146968,0.27342298674,0.07344603594,0.06704695609200001,0.071326260924,0.07321778940000001,0.252935787372,0.241161161628,0.250044239172,0.23010421309200002,0.32868290475600004,0.32334029644800005,0.305986035444,0.318581435844,0.088788620628,0.093366837384,0.0889188495,0.095964106812,0.265655384712,0.25998054406800003,0.264495069708,0.263025796104,0.312714334116,0.314647335192,0.314552041464,0.314036421708,0.08650102146,0.08180116483199999,0.076362742548,0.07361038032,0.07991567810399999,0.078624054468,0.331432420344,0.278272503012,0.290708727156,0.277528116468,0.286479817668,0.288366403788,0.331073699532,0.33244221189600004,0.322772789316,0.316297105404,0.30470995053600003,0.303834152292,0.115933139172,0.258395466204,0.0,9.6026305896e-10,2.39605281456e-09,0.0
0.117144286332,0.12391971162,0.12522742858799998,0.10748422821600001,0.26211758052,0.26399986723200003,0.254804454384,0.27429454938,0.277237911336,0.269170882044,0.268862566392,0.275827396308,0.07235814829199999,0.069897394884,0.074079005976,0.070921154604,0.256199946024,0.245832969036,0.25881315663599996,0.237488048784,0.32945348529600005,0.32067392728800004,0.308237384124,0.315483005628,0.095318483952,0.092540649204,0.091480020588,0.089683128168,0.266152123392,0.26284265899200004,0.270787454544,0.266134690176,0.314681583216,0.31330031496,0.31258838992800003,0.31268058670800003,0.09041597600399999,0.077113887408,0.0759497049,0.07934362616400001,0.07443715746,0.079732850196,0.327762610584,0.312022684032,0.293934603408,0.284777144124,0.297005421216,0.289986784896,0.33411902028,0.33298834959600004,0.31359958026,0.320017369404,0.30739096026,0.306270959568,0.10565925712799999,0.259728748944,0.0,1.00223185776e-09,2.4237950391600002e-09,0.0
0.13046467686,0.1365965112,0.126270707424,0.10943508950400001,0.265600233516,0.269808691368,0.261167897244,0.274545308916,0.282410501616,0.27032245590000004,0.269857074432,0.278763180312,0.073026603168,0.070269018828,0.07503109908,0.07047952785600001,0.265120510872,0.255900877044,0.24776170996800004,0.231163187712,0.32950124013599996,0.32509285981200003,0.299730617664,0.31852942086,0.085402179156,0.09496382696399999,0.097358832804,0.092727477132,0.264819223476,0.265008721356,0.268776666576,0.272052128352,0.314752204428,0.313324727352,0.314785112568,0.31183422664800003,0.082763103384,0.07719432952800001,0.074996021604,0.084224794128,0.07865062147200001,0.083490812544,0.33169879713600003,0.307583618892,0.30042339168,0.290925655848,0.29126659006800004,0.290206486608,0.334915117512,0.33500209708800005,0.3124722372,0.31301844852,0.31067711166,0.306396535656,0.110994424908,0.262646731632,0.0,1.3507029007200001e-09,1.89990559764e-09,0.0
0.130349868924,0.118362569724,0.132401810472,0.12122880736800001,0.263956024068,0.270207912996,0.264098851776,0.276551694408,0.27971965626,0.271984486296,0.271490741496,0.277912231272,0.076158697356,0.06996961119600001,0.076399999176,0.07081145589599999,0.26116483956000003,0.26972008233600003,0.23181711,0.235154324232,0.32827364136000003,0.321384129612,0.30007965499199996,0.311116986252,0.095300545212,0.09049986354,0.09509550369599999,0.095977466388,0.27027398939999997,0.271908760764,0.274280924772,0.272913128976,0.31708367130000004,0.31282494080400003,0.314212653264,0.313794683076,0.076836035712,0.08036305702799999,0.075360808704,0.084448780524,0.08150452040400001,0.08707683783600001,0.32927851509600004,0.30930256736399997,0.29150221824,0.27798404022,0.277573319148,0.28690177806,0.332351340276,0.33508562143200005,0.311438180496,0.31846890522,0.311074286652,0.30448171872,0.112406137488,0.264908019012,0.0,1.88432603508e-09,1.511628417e-09,0.0
0.12854901084,0.105263819568,0.144035964348,0.115436719512,0.265298322804,0.272458235904,0.26609432678399997,0.276078136212,0.28004514500399996,0.274006224012,0.274060678272,0.279246122604,0.076211885352,0.069484553556,0.07651116046800001,0.073003609188,0.25261190354400004,0.27965064487200003,0.25437248658,0.24066283766400004,0.32903622186000003,0.321628469484,0.30488365938,0.31748899848,0.091876856928,0.085079502696,0.09179049085200001,0.096122021712,0.26122622391600003,0.270150965472,0.27174327282000005,0.270882070968,0.317168368656,0.31328181180000003,0.317097943764,0.314759556612,0.07517799552000001,0.07658431420799999,0.08245491534,0.07544545698,0.081364907436,0.08661349809600001,0.33270774942,0.323301336744,0.295090957656,0.277711543152,0.285929076264,0.286721679,0.32837508971999996,0.336375649968,0.3117981234,0.310822663308,0.31185377030399997,0.30176298120000006,0.106044093408,0.26111659392,0.0,1.91441452908e-09,1.5830069334e-09,0.0
0.13460707794,0.12250812664800001,0.14020411206000002,0.111805059636,0.26795547964800004,0.27402827565599996,0.267999730176,0.27822099846,0.28140928434,0.27463771674,0.275346412308,0.281339482764,0.077255409588,0.07153905708,0.07454615432400001,0.07701319488,0.263236413108,0.28253851698000004,0.271410760728,0.261692753856,0.332152036212,0.319835694876,0.306330007716,0.324216771996,0.085349953128,0.088940012796,0.091037525124,0.09272505258,0.262014502704,0.27013436170800004,0.27084154070399996,0.266183681832,0.314975763828,0.314859272448,0.31601363404800004,0.316079460144,0.07489329716399999,0.073334040288,0.076838759652,0.079209117516,0.086391077352,0.078366953796,0.327656784288,0.32136977371200004,0.284914008612,0.27717041652,0.29095217868,0.286811220552,0.322665608412,0.33529380406799997,0.310763978352,0.30610924096799996,0.30793560592799996,0.302033888076,0.10967787354,0.26371781919599996,0.0,1.43229727188e-09,2.09054895576e-09,0.0
0.13870714752000002,0.130025774052,0.127945238496,0.112249773516,0.270561102492,0.275250642504,0.260519359032,0.275738428992,0.281206637928,0.2754450582,0.275847793956,0.280806125496,0.083772129288,0.06899009218800001,0.075390551184,0.07406152368,0.26594219350799997,0.281126917284,0.262054674684,0.26066120514,0.331319771928,0.316483167684,0.300547814388,0.31688087274000004,0.080249854008,0.095565400524,0.093232215852,0.094296221172,0.263916578472,0.271543389612,0.27986760792,0.266441440176,0.313002998136,0.313482588264,0.314326582668,0.315187475316,0.073362791352,0.07462649337600001,0.08417182208400001,0.078628937928,0.090500349432,0.07714220165999999,0.31925872512,0.311088191016,0.293547489816,0.27556022442,0.29122732116,0.281036241984,0.319247014632,0.332767396344,0.309899718816,0.30580636338,0.307095140376,0.30111664668,0.110865383772,0.268880357892,0.0,1.12143986484e-09,2.72315565252e-09,0.0
0.125379821988,0.112531198236,0.13076263663200002,0.12701062278,0.273863715324,0.275453146584,0.264150164916,0.278654384676,0.281222799972,0.27617878456800005,0.276364120464,0.281461745952,0.080432996028,0.070703897076,0.07993458372000001,0.07738323844799999,0.247126958328,0.282932379072,0.266433351792,0.262504959144,0.331982268492,0.322218754644,0.304409944128,0.320246592636,0.081784487448,0.098269463124,0.09344739238800001,0.10015253020800001,0.26752988733599997,0.2724886017,0.275182951368,0.278346378228,0.316253517456,0.313316275776,0.314685013908,0.313900190352,0.074834307912,0.077692545516,0.081830239824,0.08241882681599999,0.090480467124,0.07870022172,0.323451570624,0.31117029204,0.29897852065200003,0.27344163714,0.292450571448,0.269637456156,0.32665272037200005,0.327475222644,0.307309212612,0.306779713032,0.310090203204,0.30315658326,0.1154695344,0.271925295816,0.0,1.19171143092e-09,3.4590624486000003e-09,0.0
0.110879955624,0.11666398454400001,0.13659928912799998,0.130177352724,0.271243707132,0.273726836112,0.263347814892,0.280014008652,0.286864344744,0.27669836508,0.27741997850399996,0.28275140148000005,0.085171262664,0.072765531924,0.078801822228,0.079272283476,0.25324693494,0.278125797984,0.270392389992,0.23390145907200002,0.33257999418,0.325032059508,0.31199894403600004,0.31028245938000004,0.0916580043,0.098112407124,0.092052126516,0.09215576384400001,0.26748759019199997,0.276044074692,0.283983255492,0.273565313832,0.315749200824,0.314176437132,0.315814163112,0.31460718284399997,0.074438575872,0.083148572796,0.07931648492400001,0.080866750344,0.097929549768,0.085494645876,0.32715747872400003,0.307521419808,0.298714519332,0.28210094424,0.29033919892800003,0.259431024756,0.322131922308,0.32115858737999997,0.31112177155200005,0.30697032993600004,0.303117873864,0.300291543168,0.114451134216,0.27278129028000003,0.0,1.73281710576e-09,4.358662529399999e-09,0.0
0.126127864992,0.139858230576,0.12476943856799999,0.12527644478400002,0.267848053344,0.275073949596,0.261966433752,0.281286711948,0.28490960122799996,0.278574516792,0.278951058552,0.282471930144,0.08613397177200001,0.07382758385999999,0.07834990340400001,0.07671228540000001,0.25543521582,0.267812656848,0.277729540788,0.22852864693199998,0.32680051497600004,0.325860019476,0.312355088148,0.31287484534800003,0.094588659444,0.09644655830400001,0.087748958988,0.089300745888,0.267768165828,0.27823239483600004,0.279227172816,0.2732336361,0.315586422096,0.312865814628,0.316589764536,0.314972465652,0.07724080338,0.084645640404,0.083270781996,0.079606719504,0.093688988688,0.09174727591199999,0.32557943893200003,0.312293198268,0.30292860666000004,0.289587548544,0.29030669324400005,0.25991224924800005,0.325364463624,0.322340487768,0.31557745517999997,0.30839973585600006,0.304262414556,0.304130001624,0.105604670352,0.27103283982,0.0,1.7912686372799999e-09,2.3743908166800002e-09,0.0
0.13609022646,0.137326536936,0.12001874487599999,0.12984500259600001,0.267932073396,0.277936059612,0.263396291208,0.281455537332,0.28522542612,0.280021935072,0.28112844858,0.283350859692,0.084600638952,0.07432748329200001,0.083890421904,0.07766204720400001,0.25773557088,0.23560638048000002,0.261216893808,0.24931487601600003,0.321227849076,0.324679468788,0.306298679952,0.315005638824,0.08584442922,0.09675904084800001,0.084997882656,0.09474432648,0.2685748398,0.27710256342,0.274555939644,0.277540342296,0.316746182496,0.313619379132,0.319363712148,0.31524184614,0.085889906748,0.08792156844,0.080769920412,0.082598165136,0.091561355964,0.088530911364,0.325229042088,0.309849151692,0.28667665300800005,0.283522826196,0.286175963388,0.279275413548,0.32412446724,0.32522133162,0.31646557741200004,0.309044264232,0.311255082648,0.307890206928,0.116488867104,0.2682053901,0.0,1.15981767636e-09,1.01450190684e-09,0.0
0.11882214012,0.119569471464,0.141291042648,0.140191910772,0.269436527544,0.280404111216,0.26132394710400003,0.283306653336,0.289455356472,0.28212250017600005,0.28173224055600005,0.285618586368,0.078860065464,0.07299997726799999,0.090266115132,0.078508623216,0.271992172224,0.26183602819199997,0.25779873193200004,0.254203401072,0.32774435282400005,0.328010076852,0.31615200038400004,0.33112924827600004,0.088962712296,0.101583590124,0.090040774128,0.096834270672,0.274679881368,0.27588633648,0.288861709332,0.283494992928,0.32159989019999996,0.316290420708,0.320264477388,0.316814791428,0.090310969344,0.08256301404,0.0833877789,0.08172485524800001,0.08740147258799999,0.088490817912,0.3258823656,0.309964636932,0.298883791344,0.28432793451599997,0.29194302044400006,0.286675799016,0.32406346080000004,0.331813369488,0.316256251212,0.307998654096,0.31118891299199997,0.301226129436,0.122173975284,0.26931065697600004,0.0,7.8406193256e-10,5.8327560348e-10,0.0
0.126385682232,0.123843927192,0.13976621048399998,0.132948144492,0.275880579396,0.27972292498800005,0.262822992636,0.28500100782,0.28666635111600003,0.283049287632,0.282402643908,0.286852217076,0.076411317024,0.073354928736,0.083042643432,0.078221142024,0.2639342031,0.272140310388,0.244622165436,0.246067625424,0.333009463812,0.332436921072,0.318281404896,0.327050754264,0.09086607396,0.111894444132,0.099914310612,0.103935577344,0.27761066412,0.282726694608,0.289815726372,0.29348387232,0.32085955275600003,0.319211500344,0.321462191352,0.319151593296,0.08476358455199999,0.080053411308,0.094042992912,0.077749031688,0.080758695816,0.087982088988,0.321074336652,0.325292605596,0.303064047828,0.28549430599200004,0.29109480516,0.2850080508,0.31864221160800005,0.33107554494,0.31623568178399997,0.31383609678,0.3120686769,0.31284504888000003,0.12511066236,0.27290757802800003,0.0,7.6071001212e-10,4.72173776808e-10,0.0
0.156356398956,0.15314214975600002,0.13499655228,0.11030303004,0.278940280584,0.28001460252,0.273786070764,0.286351772856,0.29302081724400003,0.284296523316,0.283110868308,0.28913767144799996,0.08008202004000001,0.07365339894,0.079685988612,0.080264808684,0.257913323916,0.258139563084,0.2296315776,0.227550399096,0.33499459766399997,0.327500808048,0.31202310121200005,0.332670237576,0.095140274472,0.11147771076,0.104248074612,0.106810757364,0.277320930156,0.28167026233200004,0.282811043496,0.282529343928,0.32115021433200003,0.316486451136,0.319102758696,0.319435368948,0.080962893156,0.08075647249199999,0.08150209585200001,0.08156230719600001,0.08347229956800001,0.08599508028,0.322017134004,0.32496906042,0.28973146582799997,0.281623086636,0.293166805704,0.284102078172,0.324111549384,0.329216379816,0.31870215792,0.31469583114,0.31730664664799996,0.303503451252,0.132807520476,0.27157968918000003,0.0,7.3182191676e-10,4.30576788456e-10,0.0
0.150440953428,0.15266179888800002,0.151715983116,0.129500986152,0.279925458516,0.283281509652,0.280323080136,0.286392396372,0.295116253488,0.28684867350000004,0.284611371516,0.28847045829600004,0.079916379948,0.07602962677200001,0.081019084848,0.079522296996,0.269647910196,0.260200412652,0.246599475936,0.235883172048,0.339728064276,0.334722910416,0.31418355864,0.321615600708,0.104594549964,0.095779561104,0.112536042432,0.110846586132,0.27675797764800003,0.285889346004,0.282554212764,0.281274643176,0.32068729668,0.31491307885200004,0.32104220397600003,0.31913018950800004,0.083724718008,0.082943025756,0.077849473908,0.088034609496,0.084257805336,0.08374177821600001,0.327600568056,0.32123452395600005,0.293263566924,0.279208767816,0.29562409406400003,0.29269811624400005,0.326943651888,0.33134636838,0.315114699492,0.311357193588,0.307592821392,0.311179710492,0.13105469208,0.273951048276,0.0,6.720658879200001e-10,3.27612838056e-10,0.0
0.13753535270400002,0.12788683820400001,0.15874132376400002,0.138434709348,0.28053770697600006,0.285981925608,0.28190914941600004,0.288192714576,0.294922196076,0.287426605224,0.286115128728,0.290733571452,0.083229486084,0.075785512668,0.08241424274400001,0.079818249396,0.253889765148,0.24686215209600001,0.273296468316,0.24691865299199997,0.33956131006800006,0.323171073516,0.31468004210399997,0.324728877624,0.10568835666000001,0.095123268252,0.116956697664,0.11555996430000001,0.2802542847,0.283333843656,0.28441134597600004,0.28416342817199997,0.3235294704,0.319444232796,0.32048714353200003,0.31979700511200004,0.081823309728,0.083510930436,0.083511298536,0.102197733072,0.083396922504,0.081995075004,0.32495820883200005,0.30567316026,0.30555050934,0.29336264472,0.29558039814000003,0.296919997476,0.325498530552,0.338537663232,0.323559158892,0.31410637052400003,0.3117939516,0.305591677644,0.130692241188,0.27589190706,0.0,5.6781402924e-10,2.36739961608e-10,0.0
0.14837023878000002,0.129978446208,0.153274022808,0.135576746592,0.283302996876,0.285588210756,0.279259182792,0.28951536168,0.289912168572,0.28887686032800003,0.28698163122000003,0.291293387748,0.08776888056,0.074524794708,0.0849009153,0.079392082848,0.24992370850800003,0.24843667776000003,0.266510598804,0.250399220088,0.33852834294,0.324288350268,0.314051769024,0.325908996408,0.108720631944,0.102056736048,0.108903528564,0.11050458687600001,0.27915493687200005,0.27904649952,0.28452118210800004,0.28921877124,0.325759557624,0.320033423472,0.32553711234,0.32158444472400005,0.081477104316,0.08952871267200001,0.10032610162800001,0.091349541408,0.083582719752,0.082500108204,0.32840021867999997,0.326458962348,0.307170527256,0.29441499354,0.29774887524,0.2940128811,0.333646875588,0.33767795831999997,0.324567227736,0.31833911316,0.31032997863600004,0.307797543888,0.129115133916,0.278406947856,0.0,4.76347564548e-10,1.77250574592e-10,0.0
0.165432478692,0.15079960062,0.157181993268,0.12755135677200002,0.283486114356,0.286393927668,0.26790137385600005,0.29036345917199996,0.2931013428,0.289144282524,0.28794212191199997,0.29123975803200003,0.085607294292,0.07542570718800001,0.09005667114,0.080390797044,0.245050923408,0.280003549704,0.27752197656000005,0.230301014076,0.34098300552,0.322684528752,0.3178903011,0.325799916108,0.119029557108,0.105469636548,0.106220540916,0.109015916856,0.283106603256,0.284627563008,0.28171732514400005,0.284926200084,0.327218161236,0.31813942627200004,0.3288148956,0.32255187042,0.087798578868,0.086309300256,0.08681891262000001,0.084686739996,0.094358037432,0.08469745416,0.33133747999200003,0.330635336604,0.297005592996,0.274857658944,0.30162175350000003,0.294068616348,0.33628445442,0.33882596406,0.323801805504,0.31818696516,0.319601902296,0.309292947684,0.132713875836,0.284950744992,0.0,3.7534518469200003e-10,1.4870660855999998e-10,0.0
0.16725452952,0.15235820964000002,0.160448699172,0.13295955068399998,0.284158284588,0.289061239164,0.273747081612,0.290140851924,0.296706602544,0.289227203184,0.28864161498,0.291485501592,0.086405251656,0.076364224764,0.085675461504,0.0809937792,0.26507980882800003,0.281077469184,0.28243899255599997,0.238437589728,0.33971984337600003,0.322958331348,0.318382750188,0.345252808464,0.116524077096,0.111757569828,0.115021497804,0.12218205876,0.286387498188,0.286575361704,0.290483076948,0.28918522506,0.32457215046,0.32056778688,0.327284267088,0.324444130188,0.081242703144,0.081862264524,0.092856189432,0.09677358816000001,0.105662358984,0.08828342055600001,0.33170810761200004,0.30880691826,0.31990321914,0.29120128912800003,0.29709787321200004,0.288826165596,0.334017385416,0.339524161416,0.324793727028,0.31684839159600003,0.32207478828,0.315196785792,0.143427200568,0.283374236496,0.0,3.1311157782e-10,1.20103898676e-10,0.0
0.158163681612,0.147620281656,0.15947583050400002,0.16610155688400002,0.28539848710800003,0.28886682837600003,0.278822380608,0.29176606250400006,0.30065020017599997,0.29028326736000004,0.28963807640399997,0.29226394965600005,0.08450124213600001,0.076024885644,0.083621483136,0.080830215192,0.27275497849200003,0.2762417493,0.287944232352,0.202714279824,0.34100045346,0.333878057112,0.32807051396400005,0.330842017392,0.11005949508000001,0.128670572184,0.121831411608,0.135978167004,0.290198241168,0.288084880908,0.2968872513,0.302857519188,0.327911411328,0.325375732392,0.326790070752,0.32166157885200003,0.082792261812,0.08718833778,0.095395966548,0.10093709364,0.119709845172,0.090119719308,0.33525012777600005,0.328117508064,0.320519462712,0.2916105378,0.303579912984,0.27256909780800004,0.339192724176,0.341546625516,0.33091586806800005,0.320257508028,0.32618245544400004,0.31336296558000004,0.132962304072,0.282944172996,0.0,2.7305435667600003e-10,1.0487518940400001e-10,0.0
0.15582440611200002,0.158738251356,0.15702512868,0.177430614756,0.285994406652,0.289688879112,0.274450913352,0.29314283993999996,0.29904177495600004,0.2911586337,0.29070558112800005,0.294174859824,0.08175316459200001,0.075748040088,0.083912169252,0.081312637236,0.29760405488400005,0.252737994972,0.29351989704,0.20191872738,0.340113926328,0.332012781528,0.327744642396,0.309903350736,0.1115372448,0.131533619628,0.12383922042,0.12555820815600002,0.289703259552,0.293921180028,0.29451142101600003,0.29501327874,0.32968655149200005,0.32477511589200003,0.323901207228,0.325391801184,0.087530930904,0.096586603176,0.109856956644,0.09764039004,0.13067370367199999,0.095174890596,0.345325520484,0.33517293966,0.314666069028,0.29475121608,0.30921089574000005,0.278518506696,0.343876453116,0.343063649052,0.336613953,0.32022783426,0.325785197016,0.321503565792,0.13157493026400002,0.280037311836,0.0,2.43005588028e-10,1.21418555556e-10,0.0
0.17270889298800002,0.17152841592,0.160407236388,0.154839076032,0.287305784988,0.291076385436,0.27805568720400003,0.29235959676,0.301237746672,0.293203360488,0.291536662584,0.29500721736,0.082819928208,0.07573323756,0.08751590751600001,0.08199779403600001,0.309479132664,0.26429690920800003,0.287113690776,0.237682189632,0.341462551476,0.333810974568,0.326629034364,0.347891265828,0.110410529964,0.12462538876800001,0.118778856468,0.1216191357,0.289434016488,0.293978284608,0.296386394808,0.285964089936,0.33487806702,0.323575095168,0.32807989806,0.32201219164800005,0.087521870736,0.092545007508,0.109801388268,0.095848808076,0.12726792468,0.10350643164,0.340141587816,0.301360078572,0.328398520512,0.296537129304,0.305131518288,0.29391931008000005,0.343281475908,0.34353407103600003,0.33994003588800004,0.328547331072,0.323467477452,0.323862016848,0.147442715124,0.281745295836,0.0,2.1317453826e-10,1.2643531192800002e-10,0.0
0.182170147656,0.166269449748,0.171604990536,0.155326779084,0.288777164124,0.29201913370800003,0.282471247932,0.29195860334400003,0.30219731956800006,0.29417266104,0.29213092322399997,0.29684839957200004,0.086805975132,0.078217946916,0.096893412072,0.083120984928,0.27283557276000003,0.27646452342,0.28548614398800004,0.259430813712,0.3444700659,0.34264428008400005,0.3307080339,0.34706015001600005,0.11278062770399999,0.125712834696,0.119321141388,0.137511789396,0.286905478692,0.292743387636,0.29257118064000004,0.298314281748,0.33468520225200005,0.325191623496,0.332438820468,0.330772063668,0.084926868804,0.08751477867600001,0.094743339972,0.09288175520400001,0.106773765768,0.103053820788,0.33640011144,0.314961113448,0.327186416292,0.30417010980000003,0.301156200252,0.302157201576,0.35138648330399996,0.34855106789999996,0.3395897961,0.340108895628,0.326835052572,0.325939622328,0.148394180004,0.28608110647199997,0.0,2.02051189392e-10,1.04743831692e-10,0.0
0.17653368757200003,0.15723307082399998,0.179275895148,0.154618755912,0.28975636902,0.29415346094399997,0.286019304936,0.295014859116,0.30346025103600005,0.29446738644,0.29346403909200003,0.297491975796,0.089013755496,0.074766317388,0.09583495279200001,0.085745709708,0.276561372984,0.261159941376,0.28309913818800003,0.25910694951600005,0.344877194316,0.34313278314,0.327553284384,0.347737630704,0.127661605176,0.120017989044,0.128809713984,0.128414109552,0.29261984346000003,0.293326575828,0.303063557028,0.307295322972,0.33566116296000004,0.330607900884,0.33564108923999997,0.33262205574,0.090337462728,0.088539809568,0.09549862718400001,0.092655599472,0.09336606192,0.102475079244,0.34910611362000005,0.34041566035200005,0.314393051712,0.291908389596,0.309321630036,0.308935743444,0.357162708504,0.353479725672,0.341480215368,0.34091394996,0.331175648508,0.323736700884,0.15847139848800001,0.287932963584,0.0,2.0296152032400002e-10,8.6645866356e-11,0.0
0.18512614280400003,0.173504504328,0.18021665568,0.147642833916,0.291415631304,0.29405722488,0.28393327242,0.29771829839999997,0.307550318112,0.294972130068,0.295268430936,0.299607304164,0.089624124192,0.07555949436,0.100155097092,0.08513055571200001,0.270419698104,0.284867308992,0.29778740304,0.23829878658,0.347237422068,0.337203644292,0.335074912176,0.34609348506000004,0.115214082816,0.11858492175600001,0.12995737616400002,0.1303010196,0.296787918288,0.298177623396,0.300453531708,0.31012138863600003,0.33639092857200004,0.334374638736,0.33728897478000003,0.330163849584,0.09415932232799999,0.097169452716,0.107159730888,0.09193221425999999,0.10383492408,0.110862684372,0.34600367356800005,0.30998589348,0.31187116916400004,0.29869187382,0.312456894792,0.30884851356000004,0.35719853690400005,0.353330399772,0.339942735288,0.340258064472,0.331155069264,0.32905187838,0.166454393004,0.29216756635200003,0.0,1.59644346684e-10,7.771103886000001e-11,0.0
0.19656420244800002,0.19511206758,0.17979272718,0.165752357592,0.292138771116,0.29170894319999996,0.28657934700000004,0.298775486508,0.30443875899600004,0.295606955328,0.296901302904,0.300821877108,0.08546995372800001,0.077911908576,0.09922236114,0.083373486804,0.267476237988,0.28883980983600005,0.29868713760000004,0.26794944771600004,0.346010250288,0.34045522374000003,0.338632152048,0.364747482624,0.108816146532,0.126258746628,0.130160164908,0.145581228516,0.299158860204,0.299430940092,0.30257959878,0.300487549056,0.344355773304,0.334517957244,0.33892716702000003,0.333414020436,0.098471432232,0.103501430388,0.097688002548,0.09302486757600001,0.10799135713199999,0.10737205096800001,0.351355950636,0.31553676786,0.322844701332,0.301276981224,0.31504864272,0.314562937224,0.36060621038400004,0.353118604848,0.34167752678400004,0.34431045774,0.339995339232,0.33202936566,0.16767256842,0.294999384192,0.0,9.4378567596e-11,7.68153534e-11,0.0
0.194152710636,0.18767178498,0.18472707332399999,0.15822330399600001,0.29357032674,0.29025538010400004,0.287128277352,0.29938024536,0.307885873164,0.297087237576,0.29833572480000004,0.300758873112,0.08530069644,0.080322575844,0.10110102084,0.08684259372,0.28008488508,0.279562026024,0.281167987428,0.272060334528,0.349988994108,0.3490194138,0.342633629724,0.363006865332,0.133865081592,0.12933100738800002,0.138541752828,0.14239609847999998,0.29862338758800006,0.29701615992,0.30681137454,0.304209236376,0.345493217028,0.336958607484,0.345860948928,0.33923029982400005,0.09816633132,0.100364712864,0.092963537208,0.088875408792,0.11000924697600001,0.102476232624,0.351417330084,0.303526960572,0.33084103579199997,0.29924797476000004,0.306304554828,0.311779163796,0.35796250146,0.351943531488,0.34919921838,0.34141903224,0.342180051996,0.33450900996,0.174724834356,0.29431224456000005,0.0,7.2648000048e-11,7.3326025524e-11,0.0
0.187403675664,0.174979858944,0.19659758666399998,0.181506468264,0.292844782008,0.295221068736,0.29030989326,0.30089300384400003,0.309954222156,0.299010245964,0.299478488796,0.30211429584,0.087260956548,0.089845656588,0.10110895216799999,0.09271167828,0.26951381382,0.279161243652,0.300013362636,0.28729000086,0.353569566612,0.355224431328,0.344497766652,0.33938292880800003,0.14656291686,0.12711758282399999,0.139222247028,0.14071385694,0.304683918504,0.29700101874,0.30643550026800004,0.305377791912,0.34578134607600003,0.34246733196,0.345196484256,0.34198970994,0.095446558212,0.10342942512,0.108001776816,0.08765318427600001,0.09945222732,0.106281699504,0.356391431028,0.30705083586,0.316555477248,0.311501253204,0.309894256212,0.312071214336,0.363654019488,0.360046369548,0.348689709084,0.34228018501199997,0.34152707695199996,0.33949102750800003,0.161871636348,0.29051105254799997,0.0,7.0519169772e-11,6.6385274256e-11,0.0
0.197315450376,0.175798950156,0.176381196012,0.20968806684000002,0.29336806806,0.299201579436,0.291399410364,0.30436387273200005,0.310192485924,0.299609664912,0.30215160645600003,0.304673489004,0.094728689592,0.085629105444,0.093322881336,0.09040558576800001,0.273951887544,0.299788743108,0.313508850972,0.26035806742800005,0.359214650052,0.361357050948,0.34321909032000003,0.357397330536,0.14598193236,0.13546759267199998,0.13454574266400002,0.14487180165600003,0.303834628368,0.29627187644400005,0.3154943382,0.30879409365599997,0.347926775208,0.34375693350000003,0.348248779272,0.343757787492,0.096412599852,0.100076588724,0.100209502272,0.090091262724,0.098885824488,0.113185949976,0.368185796748,0.31574835174,0.310948092156,0.311776169916,0.32002746516,0.313276344288,0.373115357592,0.369482819184,0.347890284228,0.344201902596,0.34474825134,0.34003768054800004,0.158951724816,0.29132634496800003,0.0,7.0730719296e-11,5.3957256288000003e-11,0.0
0.200436614448,0.182432097432,0.181968669348,0.182654984436,0.297157343448,0.299780546748,0.294937553208,0.30596137274400004,0.315291328596,0.301039262244,0.303970913712,0.30735402756,0.093201045144,0.08787531054,0.08938346532000001,0.092327853048,0.27690290598,0.29301775956,0.3170085789,0.24541520007599998,0.36202600153200004,0.35248279308,0.33953026206,0.35313064908,0.15978500014799998,0.15325875402,0.136962368244,0.139583402208,0.3083134434,0.299841391224,0.314218719552,0.317079828336,0.348700349628,0.34450805382000005,0.34890363408,0.34590337368,0.101353331304,0.10522825620000001,0.09859518745200001,0.0960669834,0.10721623669199999,0.12169973487600001,0.364032112176,0.311670937488,0.339081337116,0.323711331432,0.322008324144,0.300368196312,0.37378646769600005,0.371934905064,0.3552169908,0.34644373957200003,0.34735713800400003,0.343427935536,0.19035582294,0.29425349089200004,0.0,6.8628436392e-11,4.7527840092e-11,0.0
0.19826315572800002,0.19009159094400002,0.198369080184,0.14845710056400002,0.29893405417200003,0.299399695764,0.300241785864,0.30732372065999997,0.317795557068,0.302758701516,0.305632418952,0.308929711512,0.09339573568800001,0.08766550826399999,0.088860674976,0.09045763510799999,0.282909895524,0.291025646532,0.305694161592,0.276622678812,0.36182222137200004,0.36144973362,0.340982774844,0.364716508236,0.159257247816,0.153121855176,0.157387054416,0.14103140454,0.306928930956,0.302217383472,0.308661381336,0.312432438228,0.352011728148,0.34503563437199997,0.3500666583,0.345052051632,0.098462435868,0.105408345444,0.106112393136,0.096616885536,0.11223906426000001,0.117830051724,0.359060828424,0.328000309932,0.358873087608,0.335139668328,0.3153985095,0.280866700032,0.36960521488799997,0.372158268144,0.35180533693200006,0.35739793422000005,0.34623664651200003,0.343662287628,0.200368147848,0.295461276072,0.0,6.5639017764e-11,4.2660112686e-11,0.0
0.21185064452400001,0.16939346536799998,0.19580868456,0.175000315488,0.299959212672,0.304302979176,0.30103565977200003,0.30908975157600005,0.310663658832,0.30551320363199996,0.306986668668,0.312738805404,0.097186198812,0.08600133798,0.089784257508,0.088677459336,0.303889431096,0.278100595404,0.304250939652,0.26261056948800005,0.358802716704,0.361228952148,0.345287939928,0.36071027961600005,0.155582039256,0.14830255746,0.164640837924,0.160719777828,0.304503942144,0.305822638308,0.309988735212,0.315342931308,0.35134106958,0.345495877164,0.347097642228,0.348252229596,0.09492129914400001,0.114280085508,0.10357890807600001,0.100406102028,0.10719853844400001,0.111200929008,0.373168251108,0.339966956268,0.34712814544799997,0.32458442045999997,0.323019416316,0.309194007312,0.38015563819200004,0.377858267196,0.351003683844,0.361840081584,0.344602743864,0.342015948108,0.19355761563600002,0.299008857,0.0,5.146231866e-11,3.63408732372e-11,0.0
0.22510177826400002,0.16626713808000002,0.19920715554,0.18040001856000001,0.30169876002,0.306665273196,0.300392112996,0.31153008770400004,0.323538074124,0.30692922052800004,0.308904459852,0.314335230564,0.098607231684,0.08709000600000001,0.095981353524,0.08972627930400001,0.29284534152,0.287404730268,0.295663598556,0.28916787528000004,0.366570824256,0.357005480724,0.35211452130000004,0.36239597638800003,0.16724827182000002,0.14834115888,0.16966997718000001,0.172719935988,0.31034655786000004,0.307249580412,0.32098835830800004,0.320562201576,0.359646936876,0.347664589848,0.357079017288,0.34782291702,0.09798919178400001,0.114411227268,0.09763673358000001,0.11337805891200001,0.101096755788,0.1109338062,0.37200357289200003,0.35314384178400005,0.33557205822,0.318704768976,0.34268079560400005,0.321843430068,0.381933963648,0.38064429830400004,0.356473448616,0.36257697361200003,0.349432976604,0.347003909244,0.191472643248,0.300546445056,0.0,3.3950753802e-11,3.00297344424e-11,0.0
0.223959922248,0.201448648956,0.211596866568,0.172807985508,0.30486502370400004,0.306850137924,0.300699682632,0.313009619028,0.327015411756,0.308331436128,0.311381905368,0.31376228046000004,0.09680436622800001,0.087309526116,0.105658447308,0.09084119040000001,0.26720510043600004,0.289994932176,0.301120013568,0.29053587721199997,0.370347559704,0.361156883076,0.35729248584,0.36654691248000004,0.158562063972,0.151293649716,0.174176792352,0.186130447212,0.314539884348,0.315851989068,0.317558628276,0.32682392613600003,0.362811767424,0.35100171573600003,0.361135052292,0.35721786460800004,0.096196736196,0.111141478404,0.10813155906,0.115170862968,0.103075847892,0.10838881188,0.352101451296,0.32692204687200005,0.34200774683999996,0.328633785492,0.34268059437599996,0.31553406355200003,0.374861545464,0.37883158249200005,0.359280608664,0.356234527176,0.355562867376,0.352653110496,0.197967232776,0.304752556884,0.0,2.6483393766e-11,2.59211288688e-11,0.0
0.215844421548,0.212641215348,0.21265407921600002,0.19178581782,0.307093398036,0.30606928494,0.30234450558000003,0.31315842468,0.32417693376,0.310955699556,0.312239853216,0.315946826352,0.097251956196,0.09161592310800001,0.100459358736,0.09324977176799999,0.299040302556,0.310309522092,0.29907109044,0.294469712832,0.371014974084,0.35848972863600004,0.36097606254000003,0.374922944544,0.149534892456,0.148443377796,0.17590008440399998,0.175003937592,0.31420355874,0.31338529698,0.324514010292,0.323480041932,0.365805603252,0.35392120518000003,0.363803296308,0.36069569794800005,0.09831844496400001,0.114677461728,0.113478000516,0.103733456088,0.11345813784000001,0.103210881696,0.365099891748,0.325786851012,0.346702293012,0.331131923136,0.330849178164,0.32459896777200004,0.380865791436,0.38360370942,0.3662304201,0.362348496396,0.364433704368,0.357457350468,0.204096102684,0.31064732009999996,0.0,2.3663895006e-11,2.3573028294000003e-11,0.0
0.215363270676,0.19490252052,0.21524897808000001,0.21101191149600002,0.30684376734,0.30728534009999997,0.302835727668,0.317215151712,0.323997885012,0.312414941208,0.312556595904,0.319524733812,0.09433835144399999,0.085996572312,0.0990220902,0.09419725626,0.290171183364,0.331396155132,0.292748398704,0.29465700702,0.375210985248,0.37009890079200003,0.36224626766400003,0.38403745392,0.155748734568,0.145530116604,0.154505906268,0.169821820884,0.314381709324,0.31893704007600004,0.319847346468,0.329198936784,0.37663285248,0.356443823928,0.373550692284,0.36089777012400004,0.10837322407200001,0.1203181476,0.124583582424,0.09366780085200001,0.131926922208,0.104750236632,0.371494662372,0.33657059082,0.32730575431200004,0.321189944592,0.328451512188,0.32975708436,0.38795230048800006,0.38780446662,0.372266268684,0.362117265792,0.373311034644,0.360942580164,0.193818068472,0.31131420441600005,0.0,2.12692494132e-11,1.91211203904e-11,0.0
0.22780856971200003,0.19593805944,0.22047960546,0.211304987808,0.306306262812,0.3089298882,0.30051282525600004,0.318363216348,0.327818267304,0.314451373476,0.315286062312,0.320313096036,0.09691407475199999,0.08548493785200001,0.102538421892,0.092170855944,0.29452873644,0.319051278684,0.30467134911599997,0.280160586072,0.384663513492,0.37058945048400005,0.365704974528,0.390151256268,0.156080775492,0.144475549368,0.140565571536,0.16449452062800002,0.316480988532,0.322997934,0.32532983768400003,0.33012665676,0.370651281468,0.36134995398,0.37125446485200003,0.36786123561600004,0.107928259884,0.120765354744,0.125610473448,0.096242876304,0.13488039955199999,0.114075971604,0.38714557743600003,0.355693174776,0.32802632723999997,0.325252973496,0.333170927196,0.32027657070000004,0.392252375976,0.38875323209999996,0.379607512752,0.366864464988,0.36494314495200003,0.353223400464,0.182585791452,0.310516036008,0.0,1.9204633446000003e-11,1.7838908826e-11,0.0
0.2415646434,0.217104074472,0.206271230124,0.20163649284000001,0.308304986916,0.314812994916,0.30792016536,0.31983623966400004,0.327353239212,0.317466539472,0.319710054984,0.321440242776,0.096509051868,0.08550969871200001,0.10457285660400001,0.09143336514,0.30296988784800005,0.297468083652,0.291592628508,0.303695250984,0.389583749136,0.37421700727199997,0.37152272631600003,0.410173785828,0.150821431404,0.15541191816,0.147218836704,0.16343416195200003,0.315305890632,0.322774197912,0.33121262538,0.325053262068,0.36661130053200003,0.360665646264,0.368777495412,0.36807420355200005,0.10179694579200001,0.109535428656,0.118444263384,0.12120778640400001,0.117493117524,0.11823757278,0.390035883912,0.372617308476,0.338188596456,0.329242858476,0.335339114724,0.304465036428,0.39848224270800003,0.395110485972,0.381803489376,0.37749961509600005,0.3635675847,0.356168318256,0.191436265152,0.3049357578,0.0,1.7073451747200003e-11,1.8720667836e-11,0.0
0.232755362544,0.21938772760800002,0.21936421338,0.21168519093600002,0.31208877025200005,0.316279186296,0.309516914448,0.324282411588,0.335323364952,0.3165098034,0.322239775608,0.323802939252,0.103368914388,0.08403669012000001,0.103190042328,0.089656266684,0.29652479550000005,0.313584615768,0.298727918172,0.271302303744,0.389550993144,0.38518513082399997,0.37536930260400003,0.392583037752,0.15985809990000002,0.17242137744000002,0.15824785872000002,0.178243723116,0.321128560236,0.32176866159600004,0.33111870098400004,0.33941610198000005,0.375820544124,0.36175758792,0.36469698912000004,0.36542705412,0.109249419864,0.10234453626000001,0.118739499216,0.1302813876,0.11415423457200001,0.116878356168,0.398162437428,0.38635614036,0.35432439738,0.32994750003600004,0.342067212168,0.286618949652,0.40389839739600003,0.398015604792,0.385130548956,0.368027553012,0.367000298796,0.36328809864,0.216754600332,0.30905100782399997,0.0,1.51940529024e-11,1.8947146023600003e-11,0.0
0.21822432056399999,0.20048765274,0.23913778954800002,0.206791345608,0.31320743596800005,0.31671819708,0.309637258608,0.325922331444,0.33185689854,0.318040937436,0.324927656532,0.327794306448,0.10099172949600001,0.09041839074000001,0.103477027812,0.092327882496,0.319738315248,0.312462853104,0.31782840140400004,0.273457990596,0.391890877236,0.391745894916,0.38241732312,0.398445835164,0.17329470696,0.17248545138,0.16652415531599998,0.173271114204,0.330421902408,0.32189586714,0.33529968876,0.335985159672,0.37608159573600003,0.36601003617600003,0.372602878956,0.365691035808,0.109399079508,0.108973074924,0.12047273978399999,0.106874365044,0.115247633904,0.12162362161200001,0.400373309832,0.374103730632,0.35853810679200004,0.33187922994,0.34440153058800005,0.303444623964,0.406194158568,0.401892419268,0.39131937008400003,0.372439418016,0.382088433132,0.38094358814400003,0.224576013672,0.314061158028,0.0,1.32411228924e-11,1.85565070152e-11,0.0
0.2304513363,0.201118041168,0.22873177432800001,0.191249358696,0.312947788044,0.320526741276,0.31707419886000004,0.327987441156,0.3328279218,0.32226424198799997,0.325529303712,0.33110245059599996,0.092713047612,0.090030909048,0.103336501956,0.097941098292,0.316917825072,0.31098407761200003,0.31767673438800004,0.273837236664,0.391289544168,0.39898979862,0.381211584576,0.391480200336,0.184592127864,0.162578790804,0.173306991684,0.18017374012800003,0.327154214904,0.32514838892400005,0.345130103556,0.342960590868,0.383648185716,0.369625607628,0.38485684942799997,0.37295196045600004,0.1044145098,0.118396336764,0.11281264749600001,0.099309934584,0.13252049082,0.12371173512000001,0.40504548534,0.379936221144,0.3880312653,0.35338744054800003,0.348451155744,0.325144045344,0.40846454538,0.40783433364,0.390371389884,0.385370618868,0.38769498877200004,0.383912383356,0.209551516464,0.31284829797600006,0.0,1.2482973334800001e-11,1.7284885933200003e-11,0.0
0.24219647478,0.198864243396,0.20711359998,0.200167047456,0.317572993992,0.319863670476,0.3210483537,0.329787872244,0.340167526596,0.32626634298,0.3264759882,0.33102106614,0.09897634764,0.08770989130800001,0.100734113484,0.096645131076,0.335548588164,0.31137908326799996,0.323089389672,0.272903195184,0.403000876344,0.402670474692,0.38261339281199996,0.394463292552,0.165990493752,0.173095299828,0.165299000724,0.190234246872,0.330799376688,0.330340360896,0.335867878104,0.349516392972,0.39346429369200003,0.376674590112,0.39349590612,0.379064908812,0.102961731984,0.12832411646400002,0.104601607668,0.110138283204,0.135176592444,0.12473536723199999,0.404854888068,0.35637473892000004,0.362092323336,0.34853110706400003,0.35066323551600004,0.3219368244,0.414186306504,0.413902869504,0.395325132444,0.394367144832,0.383234976288,0.37457598329999997,0.201486180432,0.31420780416000005,0.0,1.20046509432e-11,1.60536223536e-11,0.0
0.236106613656,0.216164555664,0.217501642104,0.217578545556,0.321946871076,0.321229056444,0.31707639764400003,0.330086573124,0.344602626072,0.32635251764400003,0.327496793304,0.331214961588,0.10178783654399999,0.0848183382,0.099775129548,0.094069903476,0.307084990632,0.318495133572,0.323505951264,0.313726481508,0.407244779772,0.4010217597,0.363866354292,0.406044474384,0.15181786338,0.168458815296,0.17748056837999998,0.201120745476,0.33283587766800005,0.33562700328,0.343652609052,0.342936492588,0.390612048756,0.386322407676,0.391696574424,0.38963161686,0.1086687642,0.131278678476,0.112105080768,0.107182582536,0.12874151732400002,0.11692698954,0.40925243152800006,0.36140105116800003,0.38436654513600005,0.361133687868,0.35491631199600004,0.3174111576,0.4275633648,0.419028946668,0.40191313102799997,0.39308797770000004,0.387030857844,0.376755385608,0.201671403444,0.32034584221199996,0.0,9.952686327599999e-12,1.42408648236e-11,0.0
0.22772651776800001,0.225070725348,0.233131874856,0.228125292768,0.32179725069599996,0.32418920376,0.31881537075599997,0.332173798284,0.345484863612,0.327141130176,0.328567547124,0.334900305168,0.11084189408400001,0.0892119798,0.113975004228,0.095608414236,0.319324384344,0.342149676384,0.31197106168800004,0.313921068984,0.420175975716,0.41052257284800003,0.367125506784,0.420233821404,0.14204826361200001,0.171372007776,0.186763162032,0.193290252336,0.34045848756,0.34275722298000005,0.359213962932,0.349373094096,0.39842294425200003,0.39846677760000004,0.390702022212,0.387913625448,0.11219899044000001,0.13331857579200002,0.09817656450000001,0.097640895564,0.124624220664,0.118472194812,0.427805098524,0.36467554116,0.386717300448,0.348398973888,0.347642464584,0.33946098564,0.42815839599600003,0.42261534006,0.399304857864,0.39516766908,0.38498330895599997,0.37472072022,0.212795827164,0.327214072872,0.0,9.291327438e-12,1.3033432038000002e-11,0.0
0.24770432563200004,0.221419796664,0.23734604562,0.2096387169,0.32375688258,0.327099691932,0.321652008252,0.334650811896,0.34904338938,0.328792230456,0.33124060588800003,0.337675784076,0.11025129972,0.092920754172,0.12091145117999999,0.096308918352,0.311976499752,0.340954377156,0.337351620492,0.305757327552,0.427603433712,0.406485561252,0.377963931528,0.42198772465199996,0.161857731984,0.18079347328800002,0.16251308250000002,0.181376715468,0.35140132018799997,0.356236917372,0.354875447988,0.356373516828,0.400087109628,0.394499587212,0.397396568568,0.39182118363600005,0.11139312138,0.106934051232,0.10590237981600001,0.112729633584,0.126341583852,0.127990019088,0.422839993944,0.369508772688,0.394159830912,0.35653837164,0.358241585064,0.348980797656,0.428870429004,0.427930247616,0.396152640876,0.411027581508,0.393761473092,0.382640053068,0.220354456368,0.330917060712,0.0,9.4022614896e-12,1.27985287776e-11,0.0
0.258251342784,0.23535806022000003,0.25032134976,0.217941222216,0.32611185877200005,0.329515232844,0.329304802344,0.337062279168,0.35197886418,0.33207528,0.336096703788,0.342187595592,0.10768297276800001,0.095223950964,0.111355162908,0.0980030667,0.31064295197999997,0.328421450688,0.32569615608,0.328399855488,0.41900067168,0.410196048516,0.387285062796,0.40090167075600003,0.172146436188,0.19452202782,0.148257914292,0.170273032956,0.345084714372,0.355925696184,0.35278555778400006,0.371886487644,0.409530724944,0.40008933786,0.408035213172,0.399021813504,0.112370652648,0.10587145941600001,0.115426231116,0.13670875225200002,0.136768580772,0.13254020134800001,0.42160365402,0.38244745824,0.39009206088000004,0.362870192256,0.36722752938000003,0.363137457396,0.430479860364,0.43468170223200003,0.401342045964,0.41658581788800003,0.39850258146,0.391921267572,0.22593458242800002,0.33319837273200004,0.0,9.3409708764e-12,1.4526990426e-11,0.0
0.253717666128,0.252754520208,0.24798152456400002,0.24677893204800003,0.328240154076,0.333857296272,0.33250366987200003,0.342870686124,0.358908253428,0.336238819836,0.33937052138400003,0.346464549492,0.11108137503599999,0.098553160248,0.108476998824,0.099551152968,0.31538515974000003,0.34979467657200003,0.33247050651599996,0.311749661808,0.421022590992,0.426615306072,0.396770018196,0.434447315784,0.175536347616,0.181670204052,0.166442221164,0.17258854392,0.346265255244,0.354651250548,0.365916666384,0.36587546372400004,0.417768773496,0.398384391912,0.412532624616,0.40857275696400003,0.11841586078800001,0.12146075944800001,0.12135626322,0.12264382794,0.149666058756,0.130004517504,0.42235635962400003,0.38603009701200003,0.38739658728,0.35351335528800004,0.37129698776400005,0.36678804742800003,0.443018519376,0.447596107908,0.407400677484,0.40536023538000004,0.402782377092,0.392627229384,0.224855862924,0.338671710528,0.0,9.2579859216e-12,1.38411862608e-11,0.0
0.258686245572,0.25966641243599997,0.25181615478,0.256096549188,0.331589309472,0.333981149652,0.334241028252,0.34622163784800003,0.35691529131599997,0.340879525248,0.341677943964,0.35181236518799996,0.11234560712399999,0.097474386756,0.106964986356,0.09874641765600001,0.32596077580800004,0.359239945884,0.34265327154,0.323349179928,0.442182372864,0.429308757576,0.402039742704,0.44895262512,0.172246907856,0.171037110396,0.186215576472,0.19405193958,0.35798196168,0.358062762084,0.366702844548,0.375461038032,0.412778589036,0.39449075772,0.415701371748,0.413231514,0.122148517488,0.12449685315600001,0.12767551935600002,0.12276894267600001,0.142398375792,0.13310555386800002,0.425455835244,0.37597107739200003,0.368521734624,0.360131498808,0.375951126372,0.356867732796,0.444060954036,0.449780756868,0.410663883984,0.406099409628,0.40674527788799997,0.394981768764,0.20692123582799998,0.33170453458800003,0.0,1.05280914132e-11,2.11173904944e-11,0.0
0.270471394068,0.25606817604,0.26198696391599996,0.22309112772,0.33626233897200003,0.338617653816,0.340221956316,0.35173144208400003,0.371924249796,0.342964453464,0.34567687438800004,0.355083341052,0.114226465608,0.099460443312,0.111658688352,0.09955083885600001,0.35106760072800003,0.351675554688,0.34523241572400004,0.332700770244,0.446376597516,0.43332445863600005,0.399440171424,0.434078842776,0.16927363163999998,0.198890069292,0.19641109248,0.201339740436,0.360574190592,0.35300198586,0.367537067124,0.36871953193199997,0.41927333562,0.409641464148,0.41889107604,0.417319347936,0.12177354138,0.11931795118800001,0.140701002888,0.122702419644,0.15133162782,0.136871540796,0.43814091952800005,0.397160768616,0.353036999532,0.363911841636,0.37533503004,0.37949671956000003,0.442853757816,0.442594158972,0.416493140124,0.408374684808,0.411132455652,0.40233753560400004,0.23688370220399999,0.3340008111,0.0,1.0672690418399999e-11,4.33042076856e-11,0.0
0.27271401141600005,0.250604276328,0.261565293096,0.212850467928,0.340442040852,0.34095875509199997,0.343134186828,0.354333840372,0.36609841944000004,0.347168989824,0.349034731668,0.356590548588,0.1136071938,0.10016874624000001,0.11432406118800001,0.102677013996,0.34370559091200004,0.344043369288,0.333300287352,0.32202004935600004,0.444527739192,0.453266776752,0.41972715384,0.456884792388,0.190205701944,0.21504777952800003,0.20974929414000001,0.202542696144,0.35071306644000005,0.359204161656,0.378463570836,0.376879440216,0.430247751228,0.42200127564,0.42676832769600004,0.421864406244,0.125362967916,0.121045822404,0.165043190856,0.112645387764,0.16329820053600003,0.13895096223599998,0.442111177416,0.38932079322,0.40709622933600004,0.381416748792,0.381411904596,0.37915746878400003,0.453295969536,0.45549260873999997,0.423849711876,0.41582132326800003,0.422074399932,0.4129577703,0.252760861344,0.339181219824,0.0,1.02549293112e-11,4.2510966418800005e-11,0.0
0.26277557154000003,0.23293628614800002,0.264648724464,0.22761123866400002,0.34292362872,0.34625189075999996,0.344943334524,0.3578150406,0.373994326404,0.35071765542,0.352933823556,0.36127077321600004,0.116978734584,0.09969274876800001,0.118654546644,0.105694530924,0.36116899602,0.336032831076,0.36057316482,0.299581492992,0.45562456032000004,0.454746205008,0.413867875464,0.444152223204,0.20743498563600002,0.1889202084,0.22583761998,0.205367608428,0.360817784448,0.364806079236,0.37186340532,0.389824275492,0.44461575435600004,0.42392063247600004,0.441688166712,0.431258789412,0.13889603680800003,0.133756737492,0.142626632148,0.111537671796,0.17526154378800002,0.13881643395600002,0.456146025504,0.436952383524,0.414715982772,0.3822406842,0.399067698396,0.37511880810000003,0.45827493430800004,0.465870761244,0.428901300324,0.422521911372,0.436438265616,0.424945938216,0.229280012652,0.34718980956,0.0,8.804796907200001e-12,2.6456485656e-11,0.0
0.2541677739,0.246106010892,0.272279859552,0.24386412974400004,0.34644587946,0.347239385268,0.34645562184,0.360739501848,0.378028398108,0.35360593489200004,0.355373168268,0.362853637572,0.109476728976,0.099948740232,0.124736731656,0.102185757552,0.34948316090400006,0.348537983172,0.375093227604,0.34166659176,0.45587744011200004,0.443687489592,0.410216549232,0.433407109356,0.20675888900400002,0.18571400832,0.23002992069599998,0.21540424266,0.366820400964,0.37174261944000003,0.36841553532000004,0.378534020268,0.442256498388,0.42587062995600006,0.446282251032,0.43953738786,0.13716279624,0.11890474666800001,0.13555615753199998,0.125563606956,0.153412747428,0.139358939736,0.47287863432,0.391818999576,0.425396418996,0.407222188248,0.392112443988,0.384708951756,0.457937126484,0.47697685358400005,0.440326368492,0.433524925896,0.435730536924,0.42257691042,0.22738669275600001,0.356098924044,0.0,6.2909801664e-12,1.2421015233600001e-11,0.0
0.263615629728,0.26028944377200003,0.26892585996,0.242894716308,0.350443401288,0.346317564708,0.3510114483,0.36432977256000004,0.37516368194399996,0.358111032264,0.360474327516,0.36793003596,0.11081580315600001,0.119794174428,0.134355699996,0.10171340672399999,0.36678127929599996,0.39163707474000004,0.3856702719,0.342945145392,0.469528251924,0.444594080628,0.430843592244,0.459403023384,0.194060302812,0.21822266166,0.22053763274399998,0.22281340854,0.37850314404,0.371901329436,0.380052491664,0.391585354236,0.439572347544,0.431096226636,0.44232073429200003,0.436388866596,0.133727893176,0.11566663477200001,0.139993009164,0.118069262736,0.14735060178,0.14297043264,0.45506946552,0.430531595592,0.421368629532,0.3699216042,0.400895074404,0.36760959264000004,0.47618071218,0.477960554208,0.44753452232400004,0.443761497324,0.43676693474399997,0.429827945448,0.24295941847200003,0.356795334888,0.0,3.9634920627600006e-12,1.14414407652e-11,0.0
0.277359747528,0.26684802380399997,0.27238393369200004,0.267502054068,0.34711015272,0.348687652632,0.35553767952000004,0.36766311438000004,0.385565029656,0.36278691822000003,0.366600527472,0.372023474832,0.113103799872,0.106557774504,0.139750504884,0.104510505372,0.357748532292,0.369072083388,0.37646399764800004,0.318301537512,0.47146387878,0.45255148483200003,0.44087562277200004,0.49111759668,0.205227843312,0.237391694928,0.22197848902800002,0.2156188695,0.387987790236,0.38412140526,0.394491700056,0.41368826720400004,0.452115993084,0.437265322512,0.44876307816000005,0.44088110500800004,0.137444436912,0.127667283732,0.12386032481999999,0.133286860296,0.14228456418000002,0.143020783812,0.474252010512,0.44293615332,0.44391144163199997,0.389445844152,0.4084605699,0.36369896204400004,0.469882977624,0.489625756092,0.446558841372,0.44273093511600004,0.45163577964,0.437623154976,0.259331534688,0.357007654968,0.0,2.99181702036e-12,1.4514843126000002e-11,0.0
0.29485288530000003,0.26832745696800003,0.29033929218000004,0.247620531348,0.355255508784,0.355778323668,0.36096735574800004,0.371941633932,0.39393605556,0.367661244432,0.37178019018,0.37404754875600005,0.1092880311,0.102636017472,0.13633578351599998,0.10815039105600001,0.37160789484,0.40806186852000004,0.374873928348,0.32899344373199996,0.47573448172800004,0.486131088312,0.448161421164,0.45890463561600003,0.216313724508,0.225132703572,0.22349200825200002,0.225114224952,0.39342918186,0.393089391204,0.397615843284,0.42810702396,0.46091160515999996,0.435107431968,0.456039762396,0.447993106212,0.13069612341599998,0.138671235684,0.129952816632,0.137653586424,0.15049649235600002,0.139694264112,0.484425970584,0.412124617668,0.435108070008,0.400699716372,0.413814687468,0.386790665232,0.483558064404,0.488062543368,0.454711235508,0.44172088344000005,0.45090475267200003,0.4371510201,0.253252436808,0.3726662805,0.0,2.7023303213999998e-12,1.6460754696e-11,0.0
0.301960955196,0.261160873896,0.289040331084,0.27414837441600004,0.36798363132,0.359536747368,0.363194080992,0.376399958064,0.402068744076,0.37174551516,0.374929207152,0.378824632764,0.107480036784,0.105382725684,0.13287313062,0.10877813898,0.38050565221200006,0.408649655508,0.35825607348,0.330377298504,0.48151557566399994,0.48163228299599997,0.44749831110000005,0.474220599312,0.21332489484000003,0.22248137743200003,0.222222298836,0.236461152852,0.39569906314799996,0.390453417288,0.40381630128,0.417020485092,0.46162461486,0.43919674321200003,0.46007645006400005,0.45688376170800005,0.1627534518,0.147740704344,0.151386921348,0.13451716338000003,0.144699187296,0.139957568496,0.483150666048,0.455336298756,0.414182861088,0.405883006092,0.41717930306400003,0.397266055032,0.49182852048,0.49319245368000003,0.45697232166,0.456784845876,0.454091526888,0.442937301792,0.268178989968,0.36799398229200003,0.0,2.32890764448e-12,9.5936960664e-12,0.0
0.28529510990400003,0.271489931676,0.28558331748000004,0.271994253216,0.365379603576,0.36238529658,0.362662691832,0.384426457092,0.402564996864,0.374454220728,0.378266612796,0.385519660104,0.110540253312,0.10369374546,0.135360279252,0.110548984644,0.3896066106,0.389572220244,0.356696865684,0.338911942404,0.488762080608,0.48398675366399996,0.454898554236,0.475687669224,0.189047433576,0.215936505444,0.222040221852,0.22687449878399998,0.38456015101200003,0.38534464573200006,0.395151531576,0.409820076084,0.47290515224400004,0.45749117088,0.47437093626,0.457228686132,0.17366226708000002,0.163192246632,0.178067231436,0.15682243809600002,0.140188219956,0.142332284664,0.49031342578799997,0.46360388856,0.45206743824,0.430902576588,0.41313170981999997,0.400196077044,0.5042768281200001,0.50195936868,0.45910985872800003,0.45305657202,0.45876273552,0.44542367496,0.2574788334,0.3775315809,0.0,2.0061985953600003e-12,5.2639463196e-12,0.0
0.28738414120800004,0.30279325383600003,0.29126511276,0.27448605463200004,0.364662721464,0.37280839164,0.374209218276,0.386695376412,0.402295218828,0.379144192644,0.38455616571600004,0.39054644352,0.119071191672,0.10669325984400001,0.14278499858399998,0.11226604844400001,0.395132346204,0.386229165492,0.35732263568399997,0.34813341673200005,0.5015973546,0.50981045088,0.453451553136,0.49917643452,0.17161483598399999,0.20747562387600002,0.21230771184000002,0.224357705832,0.402726401352,0.38842716912,0.405021279084,0.40430554544400005,0.467895748056,0.46852159167600005,0.467207607192,0.469519613844,0.17172996784800001,0.148710888336,0.18563460669600002,0.16378686064800002,0.17427194865600001,0.14993690673600002,0.51105222396,0.465743909076,0.445282329468,0.413038099536,0.420814614492,0.399295817328,0.51506004768,0.52589372148,0.46594016036400004,0.459992714676,0.46110898038000003,0.44973091122,0.236470669464,0.365863998636,0.0,1.7244719352e-12,4.32185699568e-12,0.0
0.30768048318,0.272284909884,0.281612824008,0.271416861372,0.37340261792400004,0.376508979468,0.376728087312,0.390154068552,0.406501649676,0.38175052224,0.393413785464,0.394704815232,0.133043394048,0.11134271622,0.133997092068,0.11347709253600001,0.421417410144,0.387791318088,0.35858094872400004,0.360082580772,0.51432154092,0.5086183467600001,0.453210158064,0.50644552608,0.20727909774,0.229824236232,0.221807239092,0.23270278314,0.40016676156,0.40738662588,0.418364074632,0.42723060240000005,0.472956700968,0.47089994958000003,0.474306042684,0.468410616888,0.157615914456,0.141110457696,0.17745007497600002,0.145020239208,0.203884926168,0.15534250431600002,0.51676219116,0.463077402492,0.465577017444,0.416943861396,0.42031243774800003,0.386442580056,0.50815724016,0.52851375912,0.468296024904,0.466275769404,0.45384928273200004,0.45575619288,0.26337887762400003,0.375106174908,0.0,1.52033025192e-12,3.5302203504e-12,0.0
0.298194001392,0.265292953452,0.304576413672,0.252816964692,0.38208687729600005,0.37584970746,0.37503748254,0.3955925301,0.410578092144,0.382311339768,0.396950274312,0.400425550584,0.138162550932,0.115757256084,0.13407480534,0.120175010688,0.40776471366,0.41254584186000004,0.38553574362,0.361603118436,0.51278352096,0.50905324464,0.46347355662000006,0.5055750922800001,0.263303853936,0.238155001812,0.246862299336,0.235089411024,0.402046780776,0.409841514228,0.421821456336,0.42660063606000004,0.48145117779600005,0.46878777214800005,0.48131787651600005,0.470876921244,0.14301088437599999,0.14585045685599998,0.157510421904,0.152768552796,0.195036135912,0.16323907876799998,0.50734800912,0.481378205652,0.46846394230800004,0.4229373294,0.433570148208,0.42394427922,0.51635659404,0.52952726112,0.47267674374,0.473402180496,0.473653033284,0.466511417208,0.28236393942000004,0.38772235578,0.0,1.399538286e-12,4.52771677344e-12,0.0
0.290367051828,0.283867343256,0.315415991796,0.266059455444,0.38215746906000003,0.384114480072,0.38681524940400003,0.398765939832,0.42202727822400005,0.392104252536,0.39675798378,0.40032047030400003,0.159377847192,0.11602642552800001,0.137918196336,0.11563482602399999,0.401139389736,0.420407589144,0.362797092504,0.366714525588,0.53669730924,0.5293729536,0.47460499878,0.5101245138,0.25549496090400003,0.24286122902399998,0.26536014397200003,0.264367967232,0.40736287606800003,0.411668551584,0.42986566833600004,0.44122253002800005,0.49479290340000004,0.475124054136,0.488487193344,0.47987890490400004,0.163363079388,0.159435069564,0.15136632738,0.166400557152,0.16722463980000002,0.1687817028,0.49637818739999995,0.485910939972,0.480700204716,0.433454054376,0.457871648856,0.424973776392,0.51917702532,0.53401626516,0.48759999381600005,0.48392099627999996,0.4834937597880001,0.47383202313600004,0.291419439912,0.392874661296,0.0,1.52416791528e-12,6.2589883500000004e-12,0.0
0.31075514886,0.289393819968,0.30386122482,0.302182090044,0.38434933278,0.38810484112800003,0.38468771484000003,0.40304800786800005,0.42787404610800006,0.397568682312,0.402456549696,0.406498420212,0.1458480912,0.11551613095200002,0.14396662903200003,0.115036310148,0.38934688414800006,0.412243180224,0.360436580088,0.39064580107200003,0.53773019784,0.51649347816,0.454618130748,0.5050639731600001,0.243830416692,0.24950784875999998,0.260867287152,0.268085826312,0.419324835264,0.412634789544,0.435128683608,0.43863007044,0.5044210251600001,0.474417518088,0.50342862756,0.49655580792,0.155854845528,0.16818985198800002,0.156380943864,0.169368414936,0.163864809504,0.169746929712,0.52233277116,0.48655731866400004,0.466276824624,0.419762869356,0.458558062104,0.418931606304,0.5208520766400001,0.54775522956,0.48760307603999997,0.49265090495999997,0.4978569678,0.476210778588,0.278301494568,0.39984280901999997,0.0,1.8849998544e-12,5.7371000964e-12,0.0
0.308050477668,0.28992285328800005,0.31191471294,0.320610623904,0.389615498988,0.38859840924000005,0.384578629632,0.41179949702400004,0.428071126848,0.398841243276,0.406148710488,0.413440501548,0.132536942436,0.114826861248,0.15201182754,0.11820245113200001,0.41644328956800003,0.39388717188,0.382755980028,0.409343474928,0.5345850042,0.51382961208,0.466670941932,0.55899317532,0.226809119316,0.24677674308,0.24091370517600003,0.255804680244,0.41496565764000004,0.4139442783,0.434527232748,0.447078436608,0.50706982368,0.48951060459600004,0.50790285852,0.49600223460000004,0.152846315148,0.16569039900000002,0.157041830604,0.17898722622,0.184367410176,0.172397603088,0.52810394112,0.472622809728,0.465735639096,0.432828632844,0.45274443794400004,0.427861285308,0.54249022164,0.55184756904,0.50556017196,0.5081842832400001,0.49996289244,0.48498457951199997,0.28119156546,0.38702247498000003,0.0,2.00452668516e-12,7.2507680328e-12,0.0
0.312788233872,0.31833202110000003,0.320642913636,0.299115699252,0.397306933764,0.392463645744,0.39949731526800003,0.41600720886,0.438678949212,0.40241412494400003,0.40873237494000003,0.41923827777600003,0.127602066228,0.117004722444,0.155914418832,0.119142784668,0.41713046355600003,0.457107026628,0.40573556486400003,0.38506911552,0.53809623648,0.54205257528,0.469862260956,0.53444787468,0.22555144431600002,0.26107455690000003,0.24497626781999998,0.24321146881199998,0.426502515324,0.41534700433200006,0.444018313332,0.45029456066400003,0.52142007948,0.4904841702,0.51879420132,0.5086826415600001,0.154415947536,0.163002292308,0.174516975648,0.160541946264,0.219490923216,0.178173239328,0.53112594396,0.509574327,0.5017612818,0.44124051294,0.46139428241999997,0.427956186396,0.5459465824799999,0.5518349064,0.5103084165599999,0.5187844344,0.51321822252,0.49351785408,0.306755698188,0.39627126723600004,0.0,2.3215100124e-12,1.22316420168e-11,0.0
0.32834650062000004,0.33145100694,0.32854836175200003,0.297645188832,0.402609811812,0.399508171764,0.406648035684,0.420576252564,0.431229680064,0.40905187592400005,0.41618757295200004,0.42678983455200004,0.138212013756,0.12073943559600002,0.157275686988,0.12083176489200001,0.438023628144,0.40397063334,0.39481272252,0.40986771804,0.56105217948,0.54659453664,0.49776769128,0.59268821496,0.24334399462800002,0.26741015667600004,0.25635364986000003,0.267225056364,0.44730179478,0.435014091624,0.4472195367,0.46499683785600004,0.52701573936,0.4981784418,0.52542186636,0.51270067392,0.16483419349200001,0.163542668016,0.17659482162,0.158429165148,0.21912679869600002,0.19007947309200002,0.5509554909600001,0.50615433444,0.49046941184400006,0.444175992648,0.46307423192400005,0.43879495960799997,0.5508563002800001,0.56090224008,0.52145257044,0.52460944512,0.52083696,0.5157061368,0.29311812816,0.409986599616,0.0,2.38383847128e-12,1.40043993468e-11,0.0
0.330260316324,0.297678676116,0.33221079969600004,0.349568437404,0.40627260313200003,0.406212224916,0.408975723396,0.42838305478800004,0.452906205624,0.4133798583,0.419591786292,0.432128825664,0.148510352364,0.120745506792,0.162615031476,0.127543616856,0.40929841458,0.397184312292,0.434989905,0.413758530132,0.57254156208,0.5601331074,0.5202621350400001,0.5586220323600001,0.24896717857200001,0.258649033116,0.257065074276,0.271633520124,0.432270126984,0.43986608643600006,0.444325004436,0.46542806946,0.54704116464,0.5186072556,0.5461715652,0.52888956468,0.161941482096,0.147054173304,0.175275899688,0.14847703686000002,0.178742066712,0.188335675416,0.52461126108,0.53060397816,0.5000880464399999,0.451209696528,0.46520840701200006,0.454414473288,0.5443305744,0.56848642524,0.5262594656399999,0.5469642072,0.53340688788,0.51764950848,0.28843784954400004,0.407267493996,0.0,2.20305930972e-12,1.9594510732800002e-11,0.0
0.31789044834,0.314946070428,0.3296907282,0.28895702269199997,0.412708434084,0.414533203944,0.41745374860800005,0.435758807004,0.459054550476,0.421069339692,0.423320919048,0.438793585368,0.156567806148,0.12390295080000001,0.159518382864,0.130133426124,0.415903880736,0.432971951352,0.447770258472,0.4491453132,0.57620464788,0.55382637648,0.54043003956,0.58812701424,0.250037755704,0.2640960444,0.260635919124,0.2670975318,0.43327960442400004,0.437103996552,0.45854604732000004,0.46797485520000004,0.54120177348,0.52351589364,0.5353921248000001,0.53649357816,0.16998129652799998,0.156425552676,0.162741407568,0.153112745928,0.184790116584,0.18418933321199998,0.55111176168,0.476297090676,0.49762810776,0.46907039442000004,0.476188790748,0.464204735736,0.55040015076,0.5828056134,0.5387293194,0.53167411848,0.5425400378399999,0.5364969156,0.3181125108,0.410779025664,0.0,1.88809650792e-12,3.46069980648e-11,0.0
0.32021150043600005,0.33263989632,0.33927784362,0.293195836524,0.41738971393200003,0.42717310518,0.425339486196,0.44025464298,0.460622430708,0.4309901304,0.441532190472,0.446129479716,0.169224630168,0.12817829487600002,0.160020270036,0.131749915188,0.418342592316,0.460126285896,0.452475533532,0.401119227672,0.58588690488,0.55591409244,0.53377503696,0.5767122332400001,0.238583013768,0.289743029076,0.27424218102000003,0.278071117956,0.45998165695200005,0.4495634748,0.471905019636,0.49685657016000007,0.55115966376,0.5312495274,0.55464910452,0.5371219494,0.170091952296,0.156549460044,0.17436554912399999,0.171303300684,0.16184758224,0.169728451092,0.55850836308,0.5176225144800001,0.52659311148,0.47121875362800003,0.48747827541600003,0.478013447724,0.58306740612,0.60411987948,0.56173350804,0.5361976257600001,0.54493705596,0.53364914676,0.330546796284,0.428378480532,0.0,1.52478475272e-12,4.36691498784e-11,0.0
0.346269382872,0.300291847464,0.342584525184,0.30353987352000006,0.422312089464,0.432885374232,0.428826109764,0.442186402332,0.468405051216,0.43956487266,0.44802224500800003,0.446188773264,0.15127255513200003,0.118340071452,0.16685050786800001,0.13543006610400002,0.42778417081200004,0.476816523948,0.466935208284,0.385008462456,0.5819407747199999,0.55514579412,0.54614673072,0.54772156068,0.226326962304,0.26613540183600004,0.272488444644,0.28479064112400004,0.45091253676,0.4640717682,0.467518121628,0.49431363720000004,0.5586467196,0.53637598248,0.5482391092800001,0.54283451784,0.166474245864,0.16048199995200002,0.146618617752,0.17352457314,0.166734325692,0.174039810072,0.57367015668,0.453322669056,0.514966992,0.465493424388,0.48989155374000004,0.48471153274800005,0.6015069093600001,0.60996619092,0.56254592928,0.55120761492,0.54501749808,0.5403840516,0.30660053667599996,0.437500759272,0.0,1.1614034511599999e-12,5.0515280796e-11,0.0
0.337889134836,0.31862728147200003,0.34860036876000006,0.315091469928,0.431694654168,0.438371978352,0.429215662632,0.44817182121599997,0.479187141936,0.44054609474399997,0.446293824096,0.451352337732,0.14789929164,0.117966008232,0.181510620432,0.135714528876,0.462896194224,0.44140533830400003,0.462820311636,0.429513269028,0.5841745527600001,0.5841352887600001,0.54418392336,0.5697188240400001,0.208460610396,0.24047457660000002,0.259123641624,0.259470298572,0.460291170156,0.45698273152800006,0.474708587028,0.49294926227999997,0.56983318044,0.5422513002,0.56544832416,0.54871763928,0.194558607144,0.171325798956,0.158957000916,0.169526079528,0.189208705548,0.17670953139599999,0.61000761444,0.55937280912,0.5332699546799999,0.473413601412,0.5060625548400001,0.496553403,0.6156167222400001,0.6164496098400001,0.5757339216,0.5828706444,0.5641521213599999,0.5568253608,0.290764113936,0.44509341564,0.0,9.2006722608e-13,4.04485026096e-11,0.0
0.33086854022400003,0.341305294248,0.333959672244,0.340825144608,0.43479495924,0.442151344488,0.42965226849599997,0.457560687792,0.47618780424,0.445175560836,0.448193494944,0.462167361132,0.146380908588,0.1161350592,0.181029116184,0.137874225564,0.453334031076,0.467961147156,0.473969177196,0.40856847228,0.59263398156,0.59093188716,0.56176855116,0.58557426528,0.198919306248,0.265468213224,0.257816435088,0.28602227427599997,0.476189085228,0.48263922790800007,0.49630657968,0.50527634232,0.57584086692,0.55685107872,0.5755799085600001,0.55386622944,0.201902329752,0.162803007876,0.178953513168,0.18248247805200002,0.203375834052,0.18257167604400001,0.62129900832,0.57384370356,0.55550663028,0.49428325668,0.52529892096,0.50633961144,0.633707463,0.62814380328,0.58372821924,0.57236894772,0.5669911539600001,0.55702472376,0.323298637344,0.44817940407600004,0.0,9.3654711216e-13,1.63476316764e-11,0.0
0.352924184244,0.33583403744400003,0.345637021428,0.307666942008,0.441380827752,0.440958244044,0.44150326272,0.46349082787199997,0.49128976932000007,0.45569908339200005,0.452447739528,0.465327902088,0.145836856788,0.138046172436,0.173802410112,0.13589277762000002,0.46881559069199996,0.476548257576,0.476422656948,0.42777154743600004,0.6247783386,0.6226326100799999,0.55509612516,0.61316017008,0.239068056684,0.28728406708800003,0.26493740811600003,0.296019207696,0.478316472552,0.483027288744,0.50692557756,0.5277054606,0.5873057586,0.5670725776800001,0.58181679864,0.57125164152,0.19267995726,0.17112166542,0.18393939822,0.157360482504,0.196984582464,0.180402075012,0.60766846164,0.55991082408,0.5622482590800001,0.5137377834,0.53814394224,0.5285482623600001,0.63827003796,0.64344360984,0.58889408556,0.601066809,0.57235687404,0.56042532972,0.344391321948,0.44380385336399997,0.0,1.4649380731200001e-12,9.758792352e-12,0.0
0.36047731158,0.32212789284000004,0.35116371900000004,0.309066291336,0.44849861058,0.455296161132,0.453194221788,0.466348677744,0.49900863,0.46048237602000003,0.459319415604,0.472068686712,0.147447446436,0.12803526594,0.180502046064,0.137537482776,0.48039344489999997,0.450170898696,0.51222852432,0.433577696712,0.63451684128,0.5897165682,0.56326676724,0.62017591068,0.27158428306800003,0.259262219004,0.282562045932,0.278125263012,0.50732489244,0.480976971744,0.5112796116,0.51783159528,0.5925467664,0.56879837772,0.5880246333600001,0.57529131816,0.198797072508,0.170362466532,0.165767533128,0.153607408524,0.197922201876,0.17521937425200002,0.6265648506,0.53843616456,0.59406495804,0.53995695744,0.5189444842800001,0.52550137596,0.6327538876800001,0.64077360876,0.58850866032,0.59609579028,0.58504518288,0.57477362232,0.349223061444,0.460558724868,0.0,1.63526417628e-12,8.021060964000001e-12,0.0
0.34629840878400003,0.33014902742400004,0.356239808184,0.335953645404,0.455961141144,0.464146158756,0.452463454944,0.47779566013200003,0.5081745654000001,0.460352961876,0.46985911002,0.48078949596,0.15277040802,0.125014691328,0.185298281088,0.142943846004,0.470947071288,0.50630505912,0.51679527108,0.376337960208,0.64619110824,0.60966012804,0.57631345824,0.63940035036,0.249474111168,0.256623202128,0.269174607216,0.296764197924,0.49454902487999997,0.49271662308,0.50757883236,0.53097953832,0.606746592,0.58047583488,0.60627930132,0.59498226324,0.19717496869200002,0.159153031344,0.162301135428,0.18018561258000002,0.199546926564,0.176028821244,0.64266966732,0.53810585616,0.5401582836,0.53800573296,0.55843233816,0.52114424988,0.65031186504,0.6690357378,0.60864000024,0.60440223672,0.60304193544,0.58180016052,0.333658728408,0.459904321596,0.0,1.65331668372e-12,6.6902906292e-12,0.0
0.34338538317600004,0.37484939325600003,0.36163371,0.34841889546000004,0.46164284808,0.463219876824,0.464978535924,0.48398585550000006,0.5181390814800001,0.46371107928,0.475614127752,0.48776506457999996,0.16410275916,0.126259762584,0.190774931784,0.14906294899199998,0.46192652066400003,0.49343436900000004,0.5280190818,0.423836764572,0.649019196,0.6053719593600001,0.60464969808,0.60031622856,0.26823789578400004,0.28582542912,0.27208162052400003,0.27990358356,0.5029033243200001,0.49773009600000007,0.52377631212,0.5259591451200001,0.61611223392,0.59459850672,0.610034952,0.60000942948,0.180095555688,0.16400899182,0.166103151984,0.16643351928,0.19248037344,0.180100601112,0.66457323696,0.5724779544,0.58150028172,0.53848352676,0.5632623500399999,0.52250901744,0.67761924084,0.67985365692,0.61465269288,0.62160747612,0.6198692588400001,0.61299148212,0.343170201732,0.467891085456,0.0,1.52339254944e-12,4.90575537528e-12,0.0
0.372364453224,0.373411869504,0.36711314353200003,0.336082087764,0.466696988688,0.46547168685600004,0.47537960388,0.490724887968,0.51822752364,0.473086993644,0.47980099531200004,0.4967960054400001,0.164474432184,0.12969969144000001,0.18861707559600002,0.15131764983600002,0.48994695033600005,0.50791434324,0.545853036,0.440832417648,0.64547473656,0.6527752884000001,0.61586158236,0.6158764536,0.25692252141599997,0.30762136141199997,0.28020680961600003,0.31023698185200005,0.5136403596,0.51323868888,0.53129536812,0.54770865264,0.62934459456,0.61002012984,0.62734880544,0.61680593064,0.186733385196,0.18143696607600002,0.163808117196,0.16503869512799998,0.179192169576,0.17954784252,0.67087407828,0.6163850696400001,0.61545210792,0.53095224984,0.5745416211600001,0.5215068529200001,0.69525712044,0.68211192588,0.642107505,0.63320179176,0.63553255188,0.61571291904,0.358394101164,0.48038357982,0.0,1.39669076256e-12,3.81538928544e-12,0.0
0.370967022924,0.35017061955600004,0.39018378649200003,0.37941787254000003,0.46908106932000004,0.472591894236,0.476397950076,0.49794683328,0.53101767348,0.486080192352,0.48863817324000003,0.505822161,0.15453030884400001,0.13711622913600002,0.19189877544,0.152636179128,0.50160726876,0.5260320780000001,0.53776573176,0.42665774064,0.6505486269599999,0.67491777948,0.6451911032400001,0.62385111924,0.273767214228,0.317032436688,0.290401594332,0.321150155436,0.5238524352,0.5135564328,0.5581284348,0.56488586736,0.64901026344,0.6291849373199999,0.63691498824,0.62566874796,0.182758700292,0.173930852472,0.167938905948,0.167715984588,0.18173889642000002,0.18610531825200002,0.6858368034000001,0.5985003176400001,0.6218684344800001,0.53871857088,0.5813888701200001,0.55767822396,0.6990238632,0.68153258556,0.66060467724,0.65414471856,0.63775867344,0.6387005677200001,0.360515319132,0.4831880502840001,0.0,1.28637443184e-12,3.45544736304e-12,0.0
0.377007980736,0.386479375332,0.39809163462,0.386348086332,0.48284140315199997,0.47759626281600004,0.481972481016,0.50739178848,0.54551163552,0.4935298296,0.5019439575600001,0.51202567668,0.156490912512,0.14672647596,0.18201743032800002,0.15298948641600002,0.49184152668000003,0.5317206954000001,0.53292521676,0.42895401224400004,0.6830491575600001,0.67597918356,0.64949541924,0.64834773252,0.28754023033200005,0.323676042912,0.30488104341600003,0.30275301805200006,0.53170027812,0.54718904268,0.56408547072,0.5845685669999999,0.65447875704,0.61919691192,0.6536411086799999,0.6415181523600001,0.19058420199599999,0.18137073752400001,0.170487262248,0.167232021432,0.179867976636,0.1849328265,0.6547814334000001,0.53039857836,0.6722653981200001,0.6114965544,0.57556577352,0.55689981516,0.7141883562,0.6708379063200001,0.68098833744,0.66454791168,0.64668465672,0.63611832168,0.365232947628,0.51084029652,0.0,1.1483947480800001e-12,3.25848632916e-12,0.0
0.389615989788,0.404818902612,0.396221936928,0.42687806076,0.4914905556,0.487539144432,0.49313424480000007,0.51291112896,0.56069257032,0.50396070384,0.51282126348,0.52696057344,0.158694246228,0.153561778848,0.17987012143199999,0.153056097792,0.5061147759600001,0.55843194552,0.56455506816,0.430320841164,0.68447929968,0.65244561804,0.64738841484,0.6825236089200001,0.285460023612,0.3393356844,0.327670811352,0.329028383784,0.54762133932,0.53898792192,0.59794748052,0.6058230045599999,0.66728475972,0.63667616496,0.66304689804,0.6458615851199999,0.193284382368,0.195627471384,0.213692926128,0.164308154052,0.186338242116,0.18292557229200002,0.7110750154800001,0.52591585656,0.68068011504,0.63746807076,0.5997870970800001,0.57030950184,0.73656800184,0.7058052958800001,0.69532215144,0.67992870024,0.65035525176,0.64016177748,0.377190150972,0.52454112576,0.0,1.0401442436400002e-12,3.4968987604799998e-12,0.0
0.388778405232,0.406529929572,0.41123207823600005,0.45477118182000004,0.50020819428,0.49402975847999997,0.49936917168000006,0.52866261876,0.5717006253600001,0.51619197972,0.52044427092,0.53522839392,0.167967524496,0.158825584308,0.18466760799600002,0.154735507416,0.49305164316,0.54873025284,0.5898939924000001,0.5019275157599999,0.70789929408,0.66548960964,0.66839362416,0.67790174532,0.30745677163199997,0.343070427,0.321913653732,0.33381732552000004,0.54652921116,0.54351859488,0.58709432196,0.5881603886400001,0.6742387576800001,0.64789506768,0.66361882728,0.65831136516,0.19058347070400003,0.201396167712,0.20319574971600002,0.162704676096,0.19496820428400002,0.188399827884,0.73519474344,0.5907490641600001,0.6765192108,0.61856328912,0.62336296956,0.5921023470000001,0.7534918656,0.74216876604,0.69699312912,0.6927268992000001,0.65153425152,0.6458730207600001,0.389276778276,0.51131063016,0.0,9.868579894800001e-13,5.0976539544e-12,0.0
0.411786932544,0.421827684588,0.432732975924,0.383979848724,0.51173149116,0.5006154110400001,0.51139504776,0.53353994376,0.5931282171600001,0.52465656192,0.53164334532,0.54137409336,0.16737647368800002,0.147502180452,0.185568456672,0.155504375064,0.49670054484,0.51426848544,0.5659216516800001,0.452498257572,0.7227920802,0.65312812452,0.6770183544,0.71166206136,0.31577188559999997,0.3443923968,0.325948471452,0.32299847388,0.56939121504,0.5721743946000001,0.59096423088,0.6047991957600001,0.67871961444,0.66923269584,0.6802665669600001,0.6663305954400001,0.208459358856,0.19495542876,0.191254570992,0.169382996604,0.19339937680799998,0.19058053572,0.6978101148,0.63433112256,0.6623470663200001,0.59938734048,0.6165979296,0.596908506,0.7577428807200001,0.74608436844,0.7328053818,0.70598964036,0.67160914944,0.65575527876,0.408847747296,0.53366166216,0.0,1.56708150408e-12,1.0204784275200001e-11,0.0
0.419253423864,0.406809332196,0.438278736168,0.4308287799,0.51873967344,0.5124484518,0.52434578736,0.5403089592,0.58490069136,0.53147936904,0.53842026264,0.5562289406400001,0.18371457255600002,0.13956352480800002,0.19027775138400002,0.16478442146400002,0.53388257124,0.5138244586799999,0.5707057246799999,0.450823618524,0.726333693,0.709452627,0.6605944686,0.71787529488,0.3176921406,0.347898127212,0.342348406212,0.350431038036,0.5688780345600001,0.5678509864800001,0.61582069872,0.60975558864,0.68913885672,0.66706488132,0.6967571034,0.68637427848,0.21521241348,0.202638554292,0.185499999888,0.16964283594000001,0.208611796428,0.199310621088,0.6834441534,0.5971990596,0.68779823652,0.6184259141999999,0.6300371624400001,0.6008716669199999,0.76369937676,0.74857090848,0.7397070114000001,0.71733443328,0.67907613156,0.67515611196,0.42328778514000004,0.5321248201200001,0.0,2.10134096064e-12,7.2879049056e-12,0.0
0.417139989984,0.415253335152,0.433127063784,0.46095905570400003,0.52600356252,0.5195851746,0.52719512676,0.53862836184,0.5917135843200001,0.5377702962,0.55100952804,0.56278656852,0.18373365485999998,0.14495121800400002,0.197098192848,0.170167864332,0.545699661,0.5669244542399999,0.6249495296400001,0.421337144712,0.71480362308,0.73315856148,0.68909704056,0.67514281128,0.330883475268,0.350487278808,0.35399953686,0.330435212904,0.5866885285200001,0.57442284756,0.61141959696,0.59626992612,0.7004854165200001,0.6786129636,0.6941477652,0.68792623716,0.210923749092,0.208602731352,0.196920032448,0.17259699058800002,0.233041194648,0.20546737825199998,0.7666570848,0.6352613358000001,0.69554453292,0.6465912084000001,0.63127152444,0.58887062532,0.7754936934000001,0.76595097084,0.731614701,0.72383640444,0.69290005344,0.67982420892,0.40940754396,0.52118459364,0.0,1.67617044216e-12,5.309238816e-12,0.0
0.41916015223200004,0.44777897508000003,0.419832837804,0.397224768936,0.5352056208,0.53465818248,0.5394255192,0.5609831239199999,0.5943218918400001,0.55011229656,0.55920961812,0.5722615115999999,0.195089765628,0.1511579337,0.19931681989199998,0.16875293210400003,0.56218386612,0.5751412806,0.62230981092,0.478043082228,0.75220381008,0.73549187376,0.7093975101600001,0.72599641524,0.359207847564,0.36735955458,0.35384731524,0.349926039192,0.5956238860799999,0.5956118124,0.62285744556,0.61705722024,0.7074458930399999,0.69986543796,0.70593864624,0.6921352398,0.209799905436,0.196959276816,0.214588724472,0.17485525463999999,0.23285707593600002,0.20980238888400002,0.7634432282400001,0.64354716864,0.7335916434,0.63274824348,0.6586863363600001,0.61062803472,0.7753972512,0.77137485072,0.7183646224800001,0.7199247775200001,0.7025110462799999,0.69223943664,0.417934698252,0.53833039716,0.0,1.1826389929200001e-12,2.71807597068e-12,0.0
0.43122619538400003,0.42131651148,0.41847115246800004,0.466088058036,0.5401973022000001,0.54793505868,0.53841982092,0.56955568212,0.61176909564,0.55908750708,0.5670651666,0.57816966384,0.197015777712,0.161576503584,0.203153693064,0.17261127286800002,0.5453133032399999,0.61726129488,0.63940717248,0.4576708773,0.7688099299200001,0.73851250236,0.71917208664,0.7122113156400001,0.377015882616,0.37512867318000004,0.372746614644,0.371372831088,0.61231633764,0.59262863184,0.64296184056,0.65847043344,0.71219187996,0.69355026528,0.71009896152,0.7040813118,0.18320701664400002,0.220095318876,0.20371753392,0.186411425304,0.24016447934399998,0.233614792608,0.77541305496,0.6541569394800001,0.7173049362,0.6825415722,0.66787484856,0.63857011308,0.7957907274,0.78000949512,0.7266939892800001,0.74914377024,0.7249120908,0.71802287844,0.435130720428,0.5771260758000001,0.0,7.1626718868e-13,2.36556387684e-12,0.0
0.437248502796,0.427508993976,0.457822563948,0.479185026588,0.55255078728,0.54579713388,0.5550103333199999,0.5782804864800001,0.6235245899999999,0.56819675508,0.57563733216,0.59135171748,0.201352731912,0.16119974587199998,0.211670118468,0.172429578708,0.54281051772,0.55145286768,0.6220077726,0.486105458736,0.78908850984,0.75747269532,0.73651479912,0.70721192868,0.348128621616,0.376775739084,0.382500646236,0.377611002156,0.62159986872,0.60812529828,0.6380792639999999,0.67580858148,0.7455696174,0.69117116136,0.74602993872,0.7179468044399999,0.189198118992,0.23361947484,0.211564306896,0.209877280056,0.282680093148,0.22473149420400002,0.79453491744,0.65104237176,0.72171114228,0.68242044276,0.6717252236400001,0.62043947028,0.80806754952,0.8052935479200001,0.77334516732,0.7366470206400001,0.72613801104,0.70547807952,0.444876536028,0.59635792656,0.0,5.0865981936e-13,2.4890742858e-12,0.0
0.44147565522,0.45083422962,0.46535243718,0.462013176312,0.56599576248,0.56507394192,0.56846905092,0.595741629,0.6314168503200001,0.57653353296,0.58493092464,0.6048536745599999,0.206341532316,0.180969307296,0.21159342115200003,0.17366171247599999,0.5609010130800001,0.56971690992,0.6183370794,0.467140382316,0.78245014536,0.7674080578800001,0.74844217164,0.79447209504,0.367157084856,0.37661425115999997,0.369857176884,0.371450632704,0.62698011648,0.61413784368,0.6296642526,0.65813045628,0.73817331048,0.71438256576,0.7401773450400001,0.7336188828,0.2547812739,0.205803713676,0.24628267926,0.214026036996,0.299402640564,0.213756666324,0.76402040904,0.65610310872,0.7543264219200001,0.67859053404,0.69264154908,0.62586015996,0.82632270828,0.81892512528,0.7906597078800001,0.76795741032,0.73516887828,0.73634620932,0.45717093369600004,0.59183196528,0.0,3.899061262080001e-13,3.98663509872e-12,0.0
0.460072773972,0.445225421208,0.477098699592,0.50236737072,0.5823856849200001,0.56743871448,0.5792426017200001,0.6067448742000001,0.64211491608,0.58729132908,0.5979290755200001,0.61567296792,0.214994586624,0.177746577072,0.19960274034,0.176962121616,0.586887597,0.5310362748,0.63155393076,0.43217501976,0.78605835972,0.7723078615200001,0.7567484708400001,0.76820722752,0.39874711765200005,0.39852731778000006,0.38517768048,0.39378474192,0.6332623074,0.6144131334,0.6460790586,0.6603696822,0.7748410275600001,0.75167629824,0.7693848039600001,0.7464357812400001,0.24934835348400003,0.22737135034800002,0.279840599196,0.216087598224,0.267961580292,0.22033943298,0.7920543651599999,0.63494054892,0.75549398604,0.69342295176,0.68803931748,0.64538109192,0.8331672087599999,0.81465300576,0.7805561481600001,0.77458070724,0.76199365044,0.75625079964,0.44997384740400004,0.5823712554,0.0,3.52896581652e-13,4.20377012304e-12,0.0
0.46343183862000004,0.484083701388,0.49652321880000005,0.436504950612,0.58966223664,0.5807323760399999,0.58352949432,0.61099137396,0.65174161452,0.60103250208,0.6071736861600001,0.6219637969199999,0.217538967444,0.176180301756,0.20107857594,0.18396330999600002,0.59152644228,0.59062533348,0.66279173112,0.44646988387200004,0.81936282072,0.77810538744,0.7796870886,0.75245338188,0.424294862568,0.445273671756,0.40183963863600003,0.398452966488,0.6498267092400001,0.6185587246800001,0.66276802548,0.71129489388,0.78170702508,0.74692412724,0.77598071424,0.7579047465600001,0.239942848788,0.226299717996,0.264726364116,0.219475251972,0.369983994696,0.23635119402000002,0.81793410192,0.78581590452,0.77453044932,0.68270584296,0.6914990157600001,0.6563228398800001,0.84816787272,0.84268946496,0.8130942249600001,0.8047804165200001,0.77503351932,0.75504637644,0.480230651448,0.60604028172,0.0,7.0043324448e-13,5.6558903652e-12,0.0
0.4817104085400001,0.467793637116,0.50629980756,0.478377405372,0.5975956259999999,0.6081470898000001,0.5891092031999999,0.62403266616,0.66725698044,0.6128941073999999,0.62639321784,0.62751327252,0.21840306501600001,0.179606326248,0.20471773524,0.188400235248,0.60027966396,0.63108448056,0.6813037746,0.44449034023199996,0.8321891916,0.78842097276,0.80025793992,0.8354721528,0.444415787712,0.45330970212,0.418242341508,0.415899046356,0.6715784744400001,0.6711819080400001,0.68900845116,0.73116458832,0.7941071361600001,0.76168420104,0.79359768576,0.76706871876,0.27918537138,0.227462325036,0.313065594768,0.22567268664,0.367225477836,0.2683625688,0.8439243668399999,0.7549483636800001,0.782434587,0.7306402176,0.6998544931199999,0.6497658500400001,0.88132381764,0.87633488472,0.82521359844,0.80568932904,0.79358644644,0.78223704,0.49583050368,0.61185989364,0.0,9.8321046204e-13,9.205234737599999e-12,0.0
0.49422180852,0.46965255684,0.51364300992,0.55831165044,0.60777349284,0.6062000862,0.6020393292,0.63487281852,0.67896751752,0.6226509169200001,0.62340669984,0.64763975352,0.20628966948,0.182377638264,0.21231985914,0.18920992273200002,0.58271780928,0.66176522292,0.69656608404,0.419350116372,0.85300666992,0.83790789504,0.8016459714,0.81115679196,0.458115169092,0.46403228824799997,0.44552537853600005,0.427476071112,0.6475342806000001,0.65768422092,0.70841816784,0.7309621824,0.81752050476,0.79607926872,0.81264956016,0.79262781588,0.3103112448,0.214326627456,0.285529491444,0.208286140812,0.374916333468,0.31844976402,0.81544329192,0.72908300736,0.82303002924,0.75815132448,0.75446796864,0.64973762904,0.88841666292,0.87328328664,0.8490665766000001,0.82186477188,0.81661767816,0.7732961364000001,0.4955438274,0.64475198448,0.0,1.43996185008e-12,1.5425931853199998e-11,0.0
0.49168422528000005,0.52209517488,0.5171896288800001,0.51117870312,0.6225947694,0.6077890512,0.61835568072,0.65156610444,0.7025313653999999,0.63124173288,0.633399486,0.65458771464,0.21663271996800001,0.173738066232,0.20423063096400002,0.190788693816,0.66571758624,0.6820254960000001,0.67451483268,0.456604040064,0.8562709807200001,0.80978083416,0.8384611248,0.81764153604,0.47094164794800003,0.474465567408,0.445054411764,0.416836228956,0.69924781524,0.6941770659600001,0.7349317728,0.75000895248,0.8191309668,0.78807564588,0.80170015572,0.79893125844,0.254518828416,0.20875773090000002,0.26299904259600004,0.208459731864,0.41971660654799997,0.299691103356,0.86995252152,0.73034024064,0.8620085308800001,0.83495318088,0.7579794954,0.6734730606,0.9199578267599999,0.86698239624,0.8421022718400001,0.82160749452,0.8026673262,0.804143898,0.5198376912,0.6205373358,0.0,1.96232868276e-12,2.6153767578e-11,0.0
0.50678834988,0.52166474328,0.5133466158,0.56432164368,0.6269537605200001,0.6296980196399999,0.63080418468,0.66010033116,0.69410526192,0.64467640128,0.65072683644,0.6779249110800001,0.21409429255200002,0.171715572684,0.20308488781200001,0.198725955588,0.638482947,0.64775543508,0.7455684394800001,0.52403290236,0.87340181484,0.83673453948,0.83190639264,0.79063222308,0.44417152146,0.484498967268,0.460252347876,0.448163497248,0.71499331728,0.69122470764,0.73625776716,0.73707431112,0.8340267958800001,0.8072170422,0.82696433112,0.8085944724,0.222769717524,0.215624322288,0.233654405076,0.22161738783600002,0.412311612468,0.30724401474,0.8974935672000001,0.74075329884,0.8384520940800001,0.83640634152,0.72374379048,0.677280687,0.9267992352,0.88260745596,0.88233020304,0.8416872513600001,0.83980856712,0.82552702332,0.5334808023600001,0.62642551248,0.0,2.12195902692e-12,3.8832922998000004e-11,0.0
0.53542922928,0.5209291813200001,0.5284146175200001,0.52965261144,0.6339105069600001,0.65062048008,0.6327559981199999,0.6710997481200001,0.72584912616,0.66277155924,0.66233695584,0.67692372816,0.24675412210800002,0.18101400936,0.21747802480800002,0.194922329208,0.5937755332800001,0.5967126768000001,0.6859006074,0.55816445952,0.88295371536,0.785158527,0.84477217476,0.85049809296,0.46048249871999997,0.49331279784,0.473199558624,0.44660602688400003,0.7056008286,0.70470526584,0.74823044052,0.77363596632,0.85701576972,0.82398708924,0.85350385032,0.8330248767599999,0.228602453436,0.220741133148,0.267961678452,0.216369430308,0.424256506548,0.314327284512,0.8539483678800001,0.72224910816,0.8891205682800001,0.86237304804,0.76001503932,0.73266776148,0.95434916436,0.8969485338,0.90451573728,0.8861657068800001,0.83346468264,0.83909077212,0.54763149888,0.6468036757200001,0.0,2.11380914568e-12,4.2769572374400004e-11,0.0
0.545381868,0.5136114024,0.5558417976,0.53066120544,0.6500785387200001,0.648376248,0.65586948792,0.68544249468,0.72275757696,0.6708485076,0.6796429074,0.6966854956799999,0.23965732098,0.203851021704,0.246565532208,0.19996848450000002,0.57665166852,0.66909698964,0.7301461292400001,0.5266814063999999,0.8914475001600001,0.86616487068,0.86854795008,0.9559633074,0.471162409788,0.47436330922799996,0.489681579684,0.44626900434000005,0.73851490728,0.71708118048,0.72893557104,0.79245858804,0.8769649246800001,0.8505100684800001,0.86727211548,0.85642651524,0.244172764416,0.247687393032,0.25929686457600004,0.21386096132399998,0.316373591676,0.355070359392,0.91196598312,0.7537227870000001,0.86089642716,0.7832738059200001,0.78937175052,0.72420254124,0.96703595172,0.9258457089600001,0.91202561532,0.90729366528,0.88237511124,0.860631297,0.5418343656000001,0.693604695,0.0,2.9725929733200003e-12,3.80806164144e-11,0.0
0.5326183686,0.55932078432,0.56100152892,0.5688956051999999,0.6612963126,0.65167481664,0.670365315,0.70205263908,0.737613504,0.6793668324000001,0.69159648864,0.7076265074400001,0.221122288428,0.211559619756,0.27602643534000004,0.20394806268000001,0.6881254528799999,0.60551870856,0.74387571936,0.454991762064,0.8909531664000001,0.8851229532,0.87312073368,0.8398049352,0.46965001449599997,0.46862160199200004,0.49122532728,0.468305183232,0.7198641637200001,0.73884673716,0.73290015528,0.82413432924,0.8877079477200001,0.85773685308,0.8870886071999999,0.8785287607200001,0.274177434684,0.27218513515200005,0.327554501568,0.224550408636,0.30729915612,0.358155469296,0.8737415956800001,0.7462562956800001,0.9056001108,0.8766890460000001,0.81495406248,0.7633429578,0.9605818826400001,0.9446779994400001,0.9221086596,0.9177159996,0.8906944657200001,0.8685506494799999,0.5561518359600001,0.68885188596,0.0,5.5422456252e-12,3.52260774792e-11,0.0
0.55590898812,0.55334234952,0.56209184112,0.5599491555599999,0.6744846975600001,0.66533304444,0.6740902416000001,0.7099020525599999,0.75661330452,0.69509510736,0.69838592136,0.7237117412399999,0.249943222716,0.18566914920000002,0.295536721848,0.207205615164,0.6541179208800001,0.6714105717600001,0.76099295832,0.5825411703600001,0.90846299628,0.88133333916,0.87263857176,0.7941306454800001,0.44984595964800006,0.49700219052,0.48089882166000003,0.47219362476,0.74241053412,0.7516938198,0.7864085946,0.8154435864,0.90586774404,0.8831283910800001,0.90407524428,0.88105431936,0.264616454364,0.275111181684,0.30834543374400003,0.22002977744399999,0.33854262522,0.394345736136,0.84561860844,0.79219360512,0.91601999112,0.8096349684,0.8394792893999999,0.76979074464,0.9841020493199999,0.95868440076,0.9632942888399999,0.9536750014800001,0.88075345896,0.87554710164,0.56573823972,0.73663131504,0.0,6.7790910732e-12,2.9972398695600006e-11,0.0
0.57456424704,0.59509715952,0.58465205208,0.54584145312,0.69189931224,0.68836795716,0.70085194596,0.7261381092,0.7852897178400001,0.70494055536,0.71105219328,0.73271389668,0.251513885784,0.22757653910400003,0.28058159922,0.20904806364,0.6530069950799999,0.64282647792,0.77104714356,0.5372269806,0.9268258365600001,0.89579309244,0.89992238916,0.93065122992,0.432340070892,0.53525582964,0.48935833880400004,0.480485572968,0.770794038,0.77865586872,0.78365069124,0.8465904906,0.89901926808,0.89363362152,0.9012737578800001,0.8911016334,0.286844948328,0.262715659584,0.28376532066,0.219293037564,0.459589247628,0.334434967872,0.9697586156400001,0.8562123791999999,0.9322837779600001,0.8229501760800001,0.8265996667200001,0.7562142841199999,1.00293649932,0.9898653173999999,0.9575958554399999,0.95280000324,0.88063625592,0.8762152767600001,0.5847997338,0.70531400508,0.0,5.7855494184e-12,2.7928552893600002e-11,0.0
0.584380836,0.5719284547200001,0.586942812,0.63641083848,0.7028395878,0.69349578648,0.6893195202,0.73861674828,0.7852206132,0.71467370832,0.71882253888,0.74815205976,0.24558528681599998,0.221705054532,0.272842277088,0.208788474612,0.6655714260000001,0.67100737956,0.79107595536,0.472383230616,0.96546156348,0.9237955882800001,0.90569964504,0.95259313104,0.47355172725600003,0.54704131188,0.50799031908,0.50352291024,0.77285795016,0.78836021172,0.82464422136,0.86847172884,0.90225216768,0.8684634834,0.8995325958000001,0.8965070592000001,0.29572691666400003,0.26511127401600004,0.270141409596,0.259372531212,0.44739169461600004,0.32727174678,0.9637523034000002,0.80849523264,0.9456528264,0.9022513824,0.85978299828,0.77332082364,1.0101330015599999,1.0088322833999999,0.95929942224,0.97789735572,0.90265369116,0.91249987536,0.59347074648,0.73811421816,0.0,4.772338364640001e-12,3.1756359517200003e-11,0.0
0.5893717812,0.59685078792,0.60453347664,0.6458626158,0.71870018244,0.7009185966,0.71904295716,0.75420018816,0.82435867392,0.7292460511200001,0.73970740404,0.75960693912,0.263811203712,0.225234912672,0.277559444232,0.213020657736,0.727467441,0.7359061580399999,0.7806656456400001,0.50778408492,0.96155734764,0.92094291144,0.91940420436,0.83736374508,0.51910016604,0.56316399372,0.5384334160800001,0.52784072508,0.79459356804,0.822401658,0.84381830496,0.8772437481600001,0.9435770368799999,0.90818353476,0.919431591,0.9026809305600001,0.28899435784800004,0.252060592812,0.275507483052,0.252291072492,0.37048066466400004,0.333633992088,0.9412432338,0.8662262697600001,0.95672517624,0.89507029128,0.83698293336,0.78793272492,1.03249635264,0.9850957229999999,0.9736325000400001,0.9910498632,0.9352191055200001,0.9157488732000001,0.61406348748,0.7979022962400001,0.0,4.3303819462799994e-12,4.03625149404e-11,0.0
0.62035196064,0.63519596124,0.6118400162400001,0.6604754496,0.7332238869600001,0.72575022996,0.7315521239999999,0.76852614936,0.81207188856,0.74243821524,0.7610147498400001,0.7768082030400001,0.266703061116,0.213189934656,0.273741849684,0.21664558383600002,0.6733082008800001,0.7649918004,0.82801876584,0.5256600516000001,0.9601817334,0.9612992359200001,0.92295617304,0.8254490842800001,0.5215165707599999,0.5761878625200001,0.5470216308000001,0.51582495948,0.79435582452,0.8514875457600001,0.85391268672,0.90337315488,0.93291872592,0.9253095590400001,0.93133820268,0.92641832532,0.307696497984,0.24784985274,0.258658647888,0.254679977688,0.416523447024,0.30242046669600003,0.95951208588,0.9328939896,0.97995037212,0.87963747792,0.8740016706,0.83285721948,1.03334862684,1.0283751541200001,0.9797597944800001,1.00664287368,0.91770314064,0.90444520932,0.6188121738000001,0.7903058901600001,0.0,3.4328625139200003e-12,2.9927779086e-10,0.0
0.65134514628,0.68268473856,0.6226924386,0.7374096747600001,0.74458546524,0.74733286548,0.75101818452,0.78569968308,0.85864154472,0.7617782874,0.7791013678800001,0.79722273456,0.28099391048399996,0.226592480196,0.283504200336,0.231934376844,0.69943161984,0.65968104072,0.85957740216,0.54312693648,0.990850353,0.9697114497599999,0.95478337512,0.86182006368,0.52183627788,0.5635553576400001,0.53313994176,0.53751085932,0.81898475748,0.83213211156,0.87004881648,0.92485218252,0.92971650132,0.90920469324,0.93084912048,0.92516791416,0.28248111792,0.25119803635200005,0.293511887184,0.332182981152,0.39261759498,0.294326865492,1.0383951306,0.95518877592,0.984079767,0.9661303766400001,0.88827693216,0.8083118206800001,1.07504287212,1.04549931336,0.98212800264,1.0122583128000002,0.9206880390000001,0.9071557014,0.63077454036,0.78111448224,0.0,3.2006217453599998e-12,4.60200175836e-10,0.0
0.650468283,0.70909179084,0.63238151772,0.6924063086400001,0.75555366732,0.7716222139200001,0.76382374548,0.79720958112,0.8547486172800001,0.77429751564,0.7850704284,0.8015125228800001,0.27298915880400004,0.227486987736,0.298628374116,0.235726812984,0.7327399581599999,0.69079790796,0.8531500816800001,0.5167511972400001,1.0040220507600002,0.9251597178000001,1.00254508632,0.8877745492800001,0.5443379364,0.56273125536,0.54298465356,0.52855498632,0.8053002228,0.83385108948,0.85440790392,0.8832254713200001,0.9272105256000001,0.93193329768,0.92724875892,0.9265676266799999,0.263609372028,0.292025008584,0.32952148072799997,0.29558633682,0.474392202624,0.36495588611999996,1.0607825308799999,0.90499726116,1.00498033776,0.92693386164,0.86762362644,0.81905130996,1.08645608256,1.07324305944,1.03788136116,1.0125306086399999,0.95390062224,0.9793646514,0.6512089002,0.7873112248799999,0.0,3.50486788008e-12,3.2609141695200005e-10,0.0
0.65237317596,0.66986700576,0.6478485889200001,0.74586620784,0.7753210299600001,0.79290158412,0.7815086437200001,0.80750499456,0.8335761924,0.78265260036,0.79747986468,0.815802852,0.301745788476,0.24051933756000002,0.30097805457599996,0.244645203588,0.72152429472,0.66868928208,0.8210918109600001,0.56514299748,1.0610108019600002,0.94387470708,0.9480778201200001,0.89372672628,0.59167711788,0.6025123622399999,0.5882371497600001,0.54585053292,0.8236453452,0.8380623007200001,0.86033303784,0.90149550132,0.96253428504,0.9402474496800001,0.9670893507599999,0.94578421356,0.284238005232,0.320157816732,0.308400913776,0.260434745112,0.47623484742000005,0.34904652068400005,0.9870392910000001,0.79835407764,1.01974046064,0.9205586150399999,0.8971291972800001,0.85156946028,1.10312070576,1.08270965892,1.08099014112,1.03771694316,1.0115095974000001,0.95839885332,0.68189489412,0.8254411824,0.0,1.7242461181200003e-11,2.43597384852e-10,0.0
0.66039387864,0.6748428834,0.6660529008,0.7202503742399999,0.78665752836,0.79235910288,0.80050181844,0.81407808264,0.87107866212,0.79357839732,0.80946117612,0.8205839311199999,0.304515544656,0.23965719828,0.293875771212,0.251332824756,0.75071585172,0.71198878692,0.85654224588,0.5164828278,1.07490382848,0.9815566623599999,0.97402739772,0.8998398366,0.60907264044,0.6217407774,0.60782379984,0.58569976284,0.86541173808,0.86146207416,0.87870338736,0.9285246916800001,0.9775300900799999,0.93469704156,0.9657930498,0.96385384992,0.33091525456800003,0.34001043624,0.361409453664,0.292629522036,0.51662388372,0.30880154400000004,1.05002669796,0.91484889324,1.04229669612,1.00299338304,0.9763737652800001,0.86921426016,1.0953979677599999,1.09545789444,1.05919459656,1.0674902454,0.9745045044000001,0.93796203948,0.69684147192,0.86235017676,0.0,4.37511213312e-11,2.31448205088e-10,0.0
0.68529515652,0.69191477244,0.69165307788,0.69633437736,0.7979722352399999,0.79275036864,0.80755917888,0.82288602852,0.89885965992,0.8104298680800001,0.81938598648,0.8345531298000001,0.335129695272,0.25030018155600003,0.29353043942400003,0.251050207392,0.74211011544,0.7440740516400001,0.867904953,0.5133223212,1.09387634052,1.00442853132,1.03693455888,0.88744134516,0.6010272505200001,0.61912329192,0.60510280464,0.6139647876000001,0.84952920468,0.88565311536,0.92120759988,0.9467046108,1.00321993632,0.97377385044,0.9852265212000001,0.9781022647200001,0.31470898458,0.3253633446,0.353674416216,0.30572869428000005,0.54962772972,0.38353781952000005,1.1107897011599999,0.91821460332,1.042812576,0.97387559328,0.97562789652,0.8595485431200001,1.1295013530000002,1.11832009464,1.0666033698000001,1.06514564472,0.98284633752,0.99553867092,0.71312317296,0.82733400168,0.0,3.622269645e-11,1.5118391665200002e-10,0.0
0.70819416672,0.71397152076,0.69249293484,0.79748482176,0.81215247792,0.802093581,0.81708231852,0.84218732748,0.88815168,0.82260494736,0.83608064664,0.85224676428,0.3549003021,0.22911766092,0.28139314683600003,0.26319720309600003,0.71610758052,0.7600800212400001,0.8588307972000001,0.6676264056,1.12245709692,0.96877917516,1.05958502796,0.9887883058800001,0.62689987068,0.6780196845600001,0.6127791129600001,0.61139967048,0.86703800388,0.9258348132,0.93416653584,0.97574608116,1.01332541016,0.96460025856,1.01856867564,1.00920907056,0.301856861424,0.30451609926,0.309034880136,0.291479651256,0.5004633612,0.40497890832,1.00478234904,0.8436525618,1.0565195893200001,0.92923571364,0.9626660648400001,0.8310117624000001,1.1670237492,1.13105306628,1.10256556188,1.09991426028,1.0127718859200001,1.03192349088,0.7288780983600001,0.90245884356,0.0,2.3262634594799998e-11,6.6606384564e-11,0.0
0.71219408856,0.74191988136,0.70184468712,0.74362084692,0.8319025644000001,0.83947467588,0.83484284904,0.8458120818,0.87477463152,0.8392769816400001,0.86611382748,0.86626533744,0.360747094524,0.24810966262800002,0.278981718828,0.269750408868,0.81747412416,0.70790405484,0.90721690416,0.51447113676,1.108816587,0.9886117160399999,1.02062532396,1.01757151728,0.6447052603200001,0.63367639536,0.63007254912,0.61777717476,0.89572241724,0.88625164596,0.9356996968800001,0.9566572495200001,1.0502212020000001,1.0052879221200002,1.03120500876,1.02015449952,0.327272193408,0.298964007696,0.378804951684,0.28712296689600003,0.49693073004000005,0.422425243404,1.08819395628,0.8724635524800001,1.11323889132,0.9806898114,0.9930060938399999,0.90206036304,1.17960054828,1.14132629556,1.123057149,1.10491050612,1.0488265938,1.02562716492,0.72751445964,0.8675852458800001,0.0,1.6553827553999998e-11,3.9584829579600004e-11,0.0
0.719163105,0.7545511101600001,0.7210246112400001,0.7388837925599999,0.840704817,0.8373590334000001,0.84340269552,0.8711201347199999,0.91657199388,0.86128170516,0.86750917188,0.87451499832,0.34332344421600003,0.240767495856,0.301858009896,0.26093262244800003,0.827556285,0.79444598448,0.9577032424799999,0.53999563248,1.07547624852,1.07073021252,1.0901941626,0.94151862168,0.63068771784,0.6601986384,0.63852770796,0.64225773888,0.9369508442400001,0.9154840866,0.9587169408000001,0.9895439906400001,1.04905987104,1.0238217571200001,1.05007906632,1.03372919316,0.33820664808,0.3098838807,0.42827121619200004,0.28799584488,0.550645698,0.402874721112,1.1187749680799999,0.90234689208,1.14894886128,1.0881571462800002,1.0389201884400001,0.95152809504,1.17413563752,1.12371418296,1.1287603431600002,1.1161481574,1.05769495716,1.024482423,0.7314183319199999,0.8681053466399999,0.0,1.54212653268e-11,2.86930421148e-11,0.0
0.7052482869600001,0.7907865796800001,0.73378585296,0.83487131544,0.85246026228,0.8570090948400001,0.85885911636,0.87323297964,0.9586622166,0.8603117862,0.87686838432,0.8916896118000001,0.352388358252,0.230576613,0.32519351307600003,0.26155249303199996,0.78221186196,0.80294870184,0.9228055956000001,0.67878297672,1.0974400884000002,1.041346311,1.13364802404,1.02659620044,0.6555386396399999,0.70931878584,0.64121793,0.6300873222,0.94911453696,0.9360171463200001,0.96845132076,0.9929454800399999,1.0358374245600002,1.0628990077200002,1.0463394648,1.04120672748,0.306843026232,0.352145358264,0.355584467484,0.286104100452,0.6157736800800001,0.38201052844800004,1.15408886244,0.91828596564,1.12556641308,1.0796970794399998,1.03207269408,0.97631859936,1.18100570868,1.14752367624,1.15912913304,1.1436664299600001,1.06550918028,1.07908249968,0.76087624608,0.91018354476,0.0,1.47464163084e-11,2.38734391212e-11,0.0
0.7562972293200001,0.7693319448,0.7268523213600001,0.86171463984,0.86702730444,0.87101868636,0.86246801784,0.8961238916400001,0.98326248684,0.87153913068,0.8870787912,0.91032499332,0.346208906496,0.25858813956000004,0.360931826736,0.26851547754000005,0.78183134472,0.84798941784,1.00164221064,0.64320989088,1.11931219776,1.0108064282400002,1.10791807944,1.0917592256400002,0.68048354964,0.70841738256,0.6726838542,0.6570072114000001,0.9650599418400001,0.95527834692,0.9858083646000001,1.0339889736,1.1003620662,1.07091058152,1.08531565968,1.0616136516,0.289805390124,0.347233721436,0.33423889818,0.29669663439599997,0.47472991719600005,0.37762039116,1.07989708044,0.85183218552,1.1596557123600002,1.08357243624,1.03918031244,0.94417272084,1.1876822573999999,1.1875872876000002,1.16521215732,1.1650472976000001,1.106924553,1.0757260657199998,0.75380435796,0.9270662794800001,0.0,1.1984083478400001e-11,1.6174348356e-11,0.0
0.77484686808,0.76260194796,0.74103123888,0.8638397547600001,0.8698264350000001,0.87201427416,0.874977381,0.90402184524,1.00290430284,0.88971850992,0.9004400850000001,0.92405286564,0.33373252018800004,0.25824832927200003,0.3446101893,0.271266593136,0.8041490514,0.8881533487200001,1.03881927996,0.6111691908,1.14636406308,1.1342376711600002,1.0587625943999999,0.98597165376,0.6980320545600001,0.73587626832,0.67552283772,0.6824015960400001,0.9437779704,0.9925165208400001,0.9792682092000001,1.05851905944,1.09173532368,1.08078587016,1.09353538176,1.09051455684,0.29355497942400005,0.32820768274800005,0.345354816336,0.29765773368,0.53388163872,0.39801691522800003,1.0206623302800002,0.9358000164,1.1678112868800001,1.09507693548,1.0482922107600001,0.9918545298,1.2325402976400002,1.2130646665200002,1.17600813768,1.16669427516,1.10463158448,1.0804464819600001,0.7784838924,0.909111294,0.0,9.1528065e-12,1.25734586952e-11,0.0
0.76276808376,0.83765493672,0.77039590104,0.84737660496,0.885932037,0.90124543872,0.90305315328,0.9290017002,0.9917900386800002,0.90428211648,0.92142585864,0.95296545192,0.337567646112,0.26462875872,0.36481737745200005,0.286579577676,0.7942638486,0.84369104052,0.9970061629200001,0.60711925644,1.14031593468,1.1184758745599999,1.1119044061199999,0.995942403,0.7341516462,0.73304086764,0.70014725532,0.7080877122,0.96465768216,0.9760197512400001,1.01522269572,1.0674362083200002,1.12251388248,1.10761888776,1.10992265388,1.09884613224,0.320407133316,0.36878364513600004,0.38298009894,0.300386292108,0.476648586912,0.362562244704,1.1884504575600001,1.01005035084,1.10042969844,1.07217424428,1.10317405572,1.0032032981999999,1.25353593636,1.23310712256,1.18767283404,1.1930191184399999,1.0943914351200001,1.06947376452,0.79319812548,0.94765057872,0.0,6.9071034924000006e-12,1.09935204888e-11,0.0
0.79930917444,0.82525134096,0.78673811772,0.8603828540399999,0.89685287688,0.92167228932,0.91337079996,0.9465677266800001,1.00740596952,0.9183089841600001,0.938393649,0.9595879144799999,0.372407741784,0.274553996076,0.40748155150800003,0.30413738816400004,0.8083361643600001,0.84618199776,1.01685200448,0.6655122846,1.20522163344,1.09939204908,1.1431411757999999,1.06980903,0.69720849216,0.73343198616,0.70339330836,0.71754317052,0.96081378564,1.0271779947600002,0.98846545764,1.0932381042000001,1.13413411236,1.08684872256,1.13503723344,1.1257387329600002,0.337421824524,0.38045971823999997,0.44022755572800004,0.341342918976,0.47761955127600003,0.33832433701200004,1.20806719368,0.9753490239600001,1.2052958424,1.11736568496,1.02723232632,0.9524472162000001,1.2592916952000002,1.23816295152,1.19129385828,1.2035501158800002,1.14057041448,1.0957983624,0.8085130486800001,1.01161188012,0.0,5.400089822400001e-12,9.439877874e-12,0.0
0.81405000888,0.81611976156,0.81334163724,0.87494238696,0.92649695148,0.9185283226800001,0.92479902888,0.9688404270000001,1.01746609344,0.9346809924,0.9616283663999999,0.97587427812,0.357713145612,0.280686684408,0.407088985128,0.304151562468,0.84490596684,0.83128106436,1.01623629588,0.6071559192,1.23388572768,1.04256697968,1.10588955396,1.0507355604,0.67657256076,0.72223664184,0.70742272728,0.696293052,1.0198090254,0.98230851888,1.0236669588,1.0773725034000001,1.1403430268399999,1.13672082468,1.14118523964,1.12785697668,0.43279838484,0.443175928752,0.447388190304,0.35221509112800004,0.62420621304,0.385749997452,1.16164325604,1.0297283388,1.20925532232,1.1823464270400001,1.0227587334000001,0.9632210614800001,1.28104532544,1.2608764884,1.25644598772,1.19053802628,1.1358986856,1.11969040824,0.81552216348,0.9407701026,0.0,4.24661642316e-12,7.172425064399999e-12,0.0
0.79643936868,0.82499956056,0.8192162187600001,0.9271667462400001,0.9318522666000001,0.93143837496,0.94473743532,0.97845608244,1.02617587932,0.9577955128800001,0.9747692419199999,0.97857573948,0.379837928628,0.30325921935600003,0.378990209052,0.288690395592,0.90924219036,0.80804040828,1.01116127664,0.72948963516,1.20669099048,1.11505298628,1.16480660928,1.1070283081199999,0.75512480628,0.7880105167200001,0.73836702924,0.7408973977200001,1.06629004308,1.01571020736,1.07390711184,1.10052270504,1.16663562456,1.1210178750000002,1.16172737916,1.15271393532,0.44803317021600003,0.46849607007599997,0.421576223208,0.37391087077199997,0.49754796011999997,0.53362799328,1.2172466260800001,1.01721558912,1.2521687638799999,1.14518226576,1.0969617547200001,0.96427049004,1.29991162836,1.26731730588,1.2580864867200001,1.2427421646,1.13746198176,1.1101509740400002,0.8480701544400001,0.997300692,0.0,3.7208728374e-12,6.2604101976000006e-12,0.0
0.8262843277199999,0.87676968444,0.82226904384,0.84913445424,0.9546367731600001,0.9632450616,0.96336815424,0.9867025040399999,1.0716927204,0.9696617808,0.98847252516,1.00085913924,0.387688681992,0.30088415471999996,0.379092761712,0.29111925190800003,0.87104504232,0.89173054452,1.0603090561200001,0.70145931096,1.2066092722800001,1.12729785732,1.20200949468,1.1378177626800001,0.8007332797200001,0.8289224268,0.77216930868,0.75685193148,1.0505772774,1.05536989032,1.08273576948,1.11632504172,1.18442206932,1.140917361,1.1591417466,1.1682654241200001,0.4096604532,0.418664787792,0.54706423224,0.374046837096,0.61626403836,0.52393057056,1.2596271079199999,0.9935156424,1.2641729466,1.14230087712,1.05776975508,1.0157584530000001,1.3739744281200001,1.28161961052,1.27368985308,1.2403298826,1.17454187268,1.1858103462,0.85570346868,1.0055845616399999,0.0,3.24207589128e-12,5.519166246e-12,0.0
0.8510247213600001,0.8927040463200001,0.841763718,0.9099904640400001,0.9635649650400001,0.98094630348,0.97844911308,1.0167798078,1.04445410568,0.9869945300399999,1.01210263104,1.02116701992,0.40119905138399997,0.32157775512,0.355368127752,0.295200091944,0.8664395714400001,0.8649348768,1.0090973154,0.7355740336800001,1.27414678788,1.13991077928,1.2064431364800001,1.1848746850799998,0.83628305256,0.860295099,0.7761857214,0.785435829,1.06419437616,1.04717029104,1.10901153276,1.13689392984,1.2194978766,1.19568200292,1.2313419112800001,1.19536445532,0.421980558972,0.41324141834399997,0.5741696438399999,0.35274723612000003,0.73522271904,0.43111291383600003,1.28498963964,1.0877089477200002,1.28410296036,1.1942766462,1.14683601636,1.0728868368,1.37344927212,1.314388167,1.32683892864,1.25931805116,1.1907431806800002,1.18552180488,0.86522965128,1.0491321167999998,0.0,2.6698634106e-12,5.9094886884000005e-12,0.0
0.87391617324,0.90114065292,0.8748666565200001,0.9791963560800001,0.9885973356000001,0.9875892324000001,1.0046587656000001,1.0306793619599999,1.12613780244,1.00286150508,1.02218665692,1.038981882,0.4367912637,0.318639944112,0.34772814354,0.309238562136,0.8587988952000001,0.86839261188,1.09965791544,0.7561075842,1.2924641800799999,1.15533382572,1.22684927532,1.16655910884,0.8636401464000001,0.8756870778,0.7768121785200001,0.77927280432,1.05630152688,1.08327883968,1.1030249016,1.1770118727599999,1.24976448192,1.21122490272,1.2475183848000002,1.2601819082399999,0.40044129054,0.447920335296,0.51849996672,0.359882962596,0.7601586474,0.50742923652,1.25168017248,1.13626418436,1.25916786636,1.19787803844,1.13567448816,1.1216034484800002,1.3766765766,1.3358427528,1.35742749876,1.32396814128,1.2425653784400001,1.2063559704,0.88637601468,1.02722668212,0.0,2.16824990868e-12,7.428535302e-12,0.0
0.88314566724,0.91191013008,0.87795545724,0.9636118855199999,1.01429282604,1.010342475,1.0136035956,1.04350332792,1.1273471827200001,1.0211159276400001,1.0286570205599999,1.06015052772,0.474807615744,0.31840743252000003,0.36680519598,0.320067843276,0.88714180992,0.87837410964,1.14978165072,0.90006727332,1.26788079336,1.1399337978000001,1.3079164782,1.22168870964,0.86090202228,0.8594654997600001,0.7919650395600001,0.81208916472,1.10096197104,1.0945725894,1.13086126164,1.1688161998800002,1.2531885971999999,1.2428790978,1.2745776612,1.2477797358,0.401359876728,0.420938379528,0.66607439784,0.39593271339600006,0.78309805044,0.70202579232,1.2591561362400001,1.0573051638,1.33321761084,1.29348479868,1.19134259472,1.1067854112000002,1.34032076292,1.29723878064,1.36708727712,1.33649041248,1.24864707756,1.22135108832,0.9039978942,1.0455471172800002,0.0,1.75278702156e-12,1.25490742788e-11,0.0
0.9167589396,0.94099994424,0.89471102568,0.93294243156,1.03300550856,1.0241395501200001,1.03684219032,1.06602844668,1.1373831102,1.0335762108,1.0342018826400001,1.0685804103599998,0.4296231297,0.346987457628,0.380555703996,0.342355105632,0.87196696104,0.89433325692,1.16625304596,0.9301088468400001,1.22688672336,1.1420790846,1.31003123724,1.3167984858000001,0.8884171537200001,0.88251440028,0.83013107088,0.84044852124,1.13478275364,1.1375540067599998,1.1910054641999999,1.233472425,1.29303709092,1.24474163472,1.2782242561200001,1.2423681750000002,0.442013920488,0.4993590612,0.7356815679600001,0.416951890884,0.8166571384800001,0.54814124376,1.3678680417600002,1.22938538616,1.3120278607200002,1.20729079716,1.2298861494,1.1474108904,1.4355152020800002,1.36552447176,1.3590732984,1.340095044,1.28197760004,1.28063285712,0.92628060684,1.0888923156,0.0,1.4345558844e-12,1.26723813984e-11,0.0
0.92785798896,0.9631274168400001,0.90256927356,1.05269640456,1.04969418096,1.04192923416,1.0439237472,1.07953653876,1.17092565828,1.05171583524,1.07395226544,1.0910235164400002,0.43662118186800003,0.309349875576,0.402731765796,0.36247759152,0.94279995324,0.88980219132,1.1450910751199999,0.6648965760000001,1.2446867142,1.1117583440399998,1.32871304844,1.33579779552,0.89161029852,0.92108573424,0.86576712636,0.8778412971599999,1.1476722414,1.13696735352,1.1995137275999999,1.21016614896,1.32794298324,1.27356087084,1.32720943356,1.30047712812,0.46209366260400003,0.52641671796,0.71197283592,0.5766967239599999,0.8126058298800001,0.46978039551600004,1.32315935196,1.1550635421600002,1.3809303402000002,1.2951507702,1.23562904928,1.17675351564,1.4272225962,1.37687824632,1.4502797421600002,1.38500255688,1.35470434404,1.32717708984,0.95124735744,1.09165758096,0.0,1.21975353432e-12,1.49567167464e-11,0.0
0.94262331432,0.98878128744,0.9128873619600001,1.0770615325200001,1.0599333978,1.0556832170400001,1.0599232382400001,1.09408232928,1.20248341116,1.0844278515599999,1.10456277432,1.1102065326000001,0.487868692092,0.305689960344,0.386304503292,0.365883684624,0.96353350476,0.8941935752400001,1.18985046456,0.85191944976,1.26900570696,1.16070008568,1.38238168488,1.57400502336,0.8645214759600001,0.91927276812,0.85691230908,0.85368539724,1.18384611552,1.1455831512,1.1720875782000002,1.2483024377999998,1.31625109656,1.2844258576799998,1.33853081532,1.31568005076,0.449011683084,0.58085699016,0.6176318979600001,0.59115760608,0.8045262802800001,0.6654561370800001,1.24282481532,1.03789976616,1.35931030572,1.3432295872800002,1.26694169664,1.1893125968400002,1.42991222928,1.3716803798400001,1.43310095688,1.41088352064,1.32278227032,1.3297950170400001,0.94499608692,1.10670619608,0.0,1.14109115328e-12,1.63362225396e-11,0.0
0.95475873696,1.01882703276,0.9420896184,1.0467078102,1.07576935428,1.0737302766,1.07966120196,1.11943239468,1.19054906928,1.10821201956,1.10463428388,1.12889550948,0.481719296928,0.311032926936,0.4862347158240001,0.36308368044,0.9973881034800001,1.0367712697200002,1.25301907488,0.6784798095600001,1.3226028829199998,1.26115339776,1.3985461338,1.28589050304,0.89642823672,0.93208544568,0.85813847472,0.8507604746399999,1.1823316539600002,1.17173106108,1.21840525764,1.25500328112,1.3685228180400002,1.3310581399199999,1.3674847269600001,1.31524961916,0.437135643336,0.56423850216,0.66010401216,0.5970699792,0.73805286816,0.6405622212000001,1.3414049892000002,1.00162493448,1.38998334252,1.29292671,1.23850906368,1.17615645744,1.46118148992,1.36859035212,1.44151753884,1.4144189493600001,1.35212877288,1.35662734752,0.96810118404,1.11241032276,0.0,1.04455972584e-12,1.64054616588e-11,0.0
0.9794654126400001,0.9967884931200001,0.96720792804,1.0659904096800001,1.0901921012400002,1.09835042424,1.10107382436,1.14104413464,1.2200703948,1.11263471652,1.11932353524,1.1475193572,0.57262141524,0.311433969432,0.5498933997600001,0.3518521887,0.9739619740800001,0.9689779000800001,1.23885924948,0.8953016053199999,1.31112498504,1.28010254772,1.3884396783600002,1.26784908768,0.9164766805200001,0.94117349112,0.8904554461199999,0.8938154138400001,1.1876795580000001,1.16805011016,1.2173238289200001,1.2568121736,1.42112843076,1.38208745028,1.39956631068,1.3606465578,0.42188260019999996,0.53881432596,0.5767159633200001,0.58950714384,0.6133453489199999,0.44446923583200004,1.4072404104,1.26657398928,1.42881538944,1.3951940679600001,1.3397679258,1.24399841628,1.52916563352,1.37523136692,1.4941186852800001,1.470997539,1.39622420808,1.3620330678,0.9746666647200001,1.1473016874000002,0.0,9.432661641600001e-13,1.5797936167200002e-11,0.0
1.0045139305200002,0.9919392909599999,0.9887747598,1.00342332384,1.11713898444,1.11668543616,1.12357268532,1.15979765172,1.26229332984,1.12195147476,1.15403197872,1.17600396588,0.55320958812,0.325889182812,0.53055077544,0.363201737472,0.9694627614000001,0.99246837336,1.21263708156,1.00286454804,1.3413603264,1.25723234748,1.42271307672,1.3727067408,0.9176173488,0.9719046386400001,0.90880709616,0.91487510196,1.21799951328,1.17796520268,1.3053014958,1.33136955252,1.39599608424,1.3822558928400002,1.4026039209599999,1.39988812824,0.40417596442799997,0.55109124624,0.46797024168,0.5589959238000001,0.7179689886,0.4775641056,1.464606096,1.26191315616,1.39331165364,1.30499656176,1.32941930964,1.22502369564,1.5231180450000001,1.48264284876,1.47720439212,1.47401002032,1.37178521472,1.34405413128,1.00004225172,1.15722595788,0.0,9.577623348e-13,5.3086336596000006e-11,0.0
0.9881680819199999,1.0395625965600002,1.00448713284,1.0913900458799999,1.12091721192,1.130756574,1.13925497232,1.19102087532,1.2626102394,1.1489351679600002,1.17138661764,1.2034084710000001,0.58326691632,0.355711884072,0.52358931732,0.404786642328,0.9685957632000001,0.94492884732,1.21668480732,0.8053819409999999,1.439329896,1.29057239148,1.40306571468,1.41474243564,0.9278455226400001,0.97895267388,0.91414832532,0.9277073624400001,1.2326569608,1.25227315704,1.29033513876,1.32290020956,1.4092594634400002,1.39369168008,1.41087272304,1.38220951224,0.442733502,0.54186150684,0.46372419836400003,0.5847616968,0.7243515972,0.62693039844,1.38920267604,1.25941675104,1.4608696356000002,1.3628793542400002,1.31999987604,1.24365878268,1.53079543308,1.45299200112,1.5303362896800001,1.47521630856,1.39671122892,1.3608822890399999,1.0171643496,1.1809975614000001,0.0,1.21286098452e-12,1.9981496226e-10,0.0
1.0004962417199998,1.0710489380400001,1.00693759908,1.1730026748,1.1402539466400001,1.1755840374,1.16022351888,1.20461210892,1.26242771088,1.17600965916,1.195808433,1.2153879174,0.57107299032,0.37525862229600004,0.546354879,0.381930876516,0.96310636152,0.98714594184,1.27309308936,0.8156909496,1.4864590150800001,1.3178739758400002,1.4618124624,1.48021589184,0.93220034196,0.9932576288399999,0.94523623536,0.89557718952,1.25640584028,1.22040404064,1.24804879236,1.31159816532,1.41860066352,1.3955466096,1.39863609744,1.3859954943600001,0.5023296282,0.57732283752,0.5693073864,0.54432262344,0.85331842608,0.70985964744,1.42530189948,1.2156412192800001,1.48646544456,1.42404108336,1.35161372736,1.25679214896,1.57865638404,1.52119489428,1.52978502312,1.5202745951999999,1.4047028271600002,1.39858475976,1.0355721471600001,1.24129101624,0.0,4.0573568265600005e-11,6.9455763228e-10,0.0
1.01775811944,1.06545102048,1.0290467648400001,1.17412847184,1.1717013186,1.19908619172,1.1807229588,1.2250694382,1.26374172972,1.19143550316,1.2020201941200002,1.23225038208,0.52699129752,0.361433277096,0.51794816028,0.380764568844,0.9862466490000001,0.973298118,1.32225829224,0.76573992684,1.4563371466800001,1.35676712736,1.45800248016,1.33077887472,0.9546758899200001,1.03182714684,0.94413826668,0.95416177692,1.3095089769600001,1.2871529388,1.28562606,1.33506571824,1.45360191828,1.41002565132,1.44062973072,1.4208875952,0.53927626692,0.5862404771999999,0.6069378076799999,0.489987740724,0.90337349844,0.7569433184400001,1.4587148763600002,1.2136002274800002,1.43791580304,1.3727310354000002,1.41905048172,1.26582090576,1.5712865312400002,1.54939493712,1.50346513692,1.54018227756,1.43621493564,1.43326822152,1.0636373672400001,1.20345293748,0.0,1.3518380720399998e-10,8.6401472496e-10,0.0
1.06256001216,1.07349587052,1.05554755992,1.15094970564,1.20199167864,1.1970406354799998,1.2213035298,1.2334822900800002,1.33097465484,1.1964608534399999,1.2140552972399998,1.2327471698399999,0.49349213616000004,0.40221226872,0.5259422616,0.41116922148,1.00634211144,1.02086414724,1.30113661608,0.79168680504,1.45282301868,1.2818765934,1.4628978666,1.40835433008,1.0470333087600001,1.09575625176,0.9889622944800001,0.99690432192,1.29844536336,1.2981864172800002,1.3311148764,1.3923819312,1.4542178722799999,1.42243783608,1.4633175006,1.45191199572,0.53899700172,0.55335992016,0.6680284198800001,0.5577832060800001,0.79158471864,0.55243544928,1.51936376856,1.2236750754,1.4654115969600001,1.46342930484,1.3502771317200002,1.219779105,1.6205464094400002,1.5433042563600001,1.5285343174800001,1.53690471516,1.45117716996,1.4252222917200001,1.08528930372,1.2651932216400001,0.0,2.2185009574800001e-10,5.1122984448e-10,0.0
1.1035446588000002,1.1249526186,1.06062503316,1.1963801659200002,1.2082438326,1.2159356992800001,1.2337146347999999,1.2537694590000001,1.32496068612,1.20926980092,1.22812780932,1.24273102344,0.49475491548000006,0.450090903204,0.5072010636000001,0.427105806684,1.080896202,1.0378117657200001,1.2670519794000001,0.91184716044,1.4501373610800001,1.3245027206400002,1.48958030676,1.4907359444400001,1.06490736132,1.1096040756,1.0224965480400001,1.01063945808,1.25090608272,1.30002382524,1.33206437808,1.39159458984,1.4842926729600001,1.43585994,1.4730279786,1.4426650783200001,0.48588135454799997,0.55199044092,0.67691302872,0.49954065719999996,0.8425957712400001,0.66553770804,1.4761134418800002,1.233579174,1.53300614352,1.49486872584,1.39887575508,1.2387713472,1.62938920212,1.5639380282400002,1.5837078939600002,1.58427211764,1.49559093804,1.48632237636,1.1028311828400001,1.35203856384,0.0,2.03877937176e-10,2.3379427326e-10,0.0
1.1265607248,1.18270642884,1.0828289724,1.1798627827200001,1.21956761928,1.2281416008000001,1.2435698988,1.26985017744,1.35524476392,1.23743691108,1.24899780324,1.27891378104,0.49726172556,0.38066416098,0.490425205488,0.43451703392400004,1.21695150804,1.02526407108,1.3291224247200002,0.7172388254400001,1.4224984008000001,1.38649444164,1.48775659212,1.57575889716,1.07041953612,1.10039440992,1.04477867172,1.0192895136,1.34692408428,1.34116086528,1.383425322,1.4194649132400001,1.530956121,1.469290782,1.51713902124,1.48378911216,0.50699993376,0.50796862572,0.65653378572,0.49174822560000003,1.01394229668,0.9681608653200001,1.5053410236,1.303666641,1.59076226052,1.53459044592,1.4516668902,1.3045834554,1.58125659336,1.51968205236,1.59052682376,1.61233061376,1.46604983328,1.48081658196,1.119385965,1.32511489548,0.0,1.64664445404e-10,1.4424908934e-10,0.0
1.1713054393200002,1.22441426928,1.1097944078400002,1.25855127432,1.2494055108,1.2685728213599998,1.24974534072,1.29693099996,1.39007065584,1.2598325568,1.26453186864,1.30089833268,0.50940774948,0.405398071152,0.5081811421200001,0.419834300388,1.09545391896,1.06053016152,1.28102613516,0.7393671324000001,1.43086546104,1.40792649972,1.57532306676,1.3105496202,1.11010709652,1.14342917724,1.06636062012,1.02883395396,1.3552084938,1.39728350172,1.4058195934800002,1.4594047939199999,1.54254552864,1.52434641924,1.53852779076,1.5218628730800001,0.59406314208,0.49345154700000005,0.79305368304,0.4551254658,1.04139377136,1.04675330736,1.52792832672,1.3519526738399998,1.59658967616,1.57628145192,1.44393634848,1.3107029952,1.64752907196,1.58052328908,1.59042650424,1.6145940852,1.5027957348,1.49134286772,1.15266058536,1.3150606120800001,0.0,1.25279065656e-10,1.0780250220000001e-10,0.0
1.1843745598800002,1.2347261736000001,1.1189327602799999,1.2741204319200001,1.27090014588,1.2947645106,1.27268332044,1.3157430694799999,1.41630337596,1.28620417332,1.29976787304,1.3165398832800002,0.57441597636,0.376379241396,0.5349676318800001,0.45031250922,1.2121170298800001,1.1828945034,1.35347312316,0.8087841666,1.5053421524400001,1.43017618152,1.5883892916000002,1.347606738,1.1343026040000002,1.17335070108,1.05996942252,1.03588508124,1.33097813952,1.389829035,1.39286424036,1.4435526410400001,1.51182773088,1.5179794180800001,1.52334572712,1.52227647024,0.77093695896,0.5679213672,0.76098623436,0.47578505376,1.04029702968,0.9964277551199999,1.55028662256,1.39108150752,1.59605848332,1.58774752152,1.40340878388,1.32491592516,1.6982656201200002,1.58019013404,1.6336183766399999,1.5651478993199999,1.52598623112,1.50794859492,1.1766238953600001,1.3694815467600001,0.0,9.0168215256e-11,9.0045318936e-11,0.0
1.16532671004,1.2485213346000001,1.1562938305200001,1.31169529464,1.2789616831200001,1.31776334952,1.29172758744,1.34605865664,1.38797754108,1.3258506537599999,1.33346993112,1.35399042636,0.552433437,0.390954597708,0.6011900488799999,0.480193998504,1.05600640884,1.1904816333600001,1.35872890404,0.94760046804,1.51739516976,1.39584604668,1.56221291532,1.4323852723200001,1.1433134466,1.1592175261200002,1.1131523142,1.0755307273199999,1.3575215360400001,1.3527221010000001,1.38060376188,1.45481139672,1.52948779464,1.5093519393600001,1.52569651188,1.50809819076,0.6365305936800001,0.58867283292,0.60868314156,0.49263475764000003,1.0944178401600002,1.01809083276,1.56502269624,1.28657767212,1.6498983108,1.5396022992,1.5103577358,1.4028734683200001,1.73047868916,1.599399408,1.6239301809600002,1.58258567976,1.50989584392,1.4472567577200002,1.18908761412,1.3550818674,0.0,8.08253121e-11,4.75477071852e-11,0.0
1.192637865,1.26549290412,1.16903337888,1.31533865028,1.30914779724,1.33434424224,1.29853346196,1.36725856632,1.4143803234,1.32910902588,1.352052159,1.3725038440800001,0.53119760076,0.41418842676000006,0.61986513612,0.52097408952,1.03777848948,1.0794223786800001,1.3959332127600002,0.8235468907200001,1.58935896516,1.50218483604,1.5849910905600002,1.46075621172,1.17322005012,1.2169655940000002,1.14838895664,1.1157228792,1.4037633378,1.4003791245600001,1.41356161992,1.4310585417600001,1.5363310190400001,1.5318533034,1.53357272304,1.50839973828,0.6189468984000001,0.57065620296,0.7958680284,0.53032917924,1.10306843556,0.9898300779600001,1.6427618334,1.48322881488,1.6446546526799999,1.6248078786000002,1.51334606976,1.41240077976,1.74332125644,1.66265327028,1.64342387352,1.6705574570400001,1.48350911076,1.4566331481600001,1.21388503872,1.33923329736,0.0,6.9909605988e-11,2.67500046696e-11,0.0
1.2282216993600001,1.27939972212,1.2295861724400001,1.26271384728,1.331842242,1.3364670504,1.33008974244,1.3728395022000002,1.4397398612399999,1.35068729328,1.3643997054,1.3839287846400001,0.56363992248,0.446010018996,0.60660749928,0.5105998045200001,1.1357099239200001,0.93609258228,1.45021323876,0.9257553036,1.58168810472,1.49265094788,1.62847057176,1.55980318548,1.21378918548,1.25885115312,1.16317352136,1.1335278762,1.4132568822,1.41168916884,1.4510511325200002,1.48053118176,1.54720925748,1.54024907544,1.5376741914,1.5214922209200001,0.84116155548,0.57431595132,0.97691639376,0.66275084748,1.1112565991999999,0.9075343045200001,1.6116669540000002,1.40947222524,1.6236057130800001,1.6138868424,1.4530016208,1.3457414526,1.74983014788,1.69926238584,1.64707410036,1.7252643318,1.5237321830400001,1.59211196052,1.25379090696,1.45942354248,0.0,5.4217159428e-11,3.7989105282e-11,0.0
1.24549879188,1.27783578792,1.23929694492,1.30642562412,1.35546302268,1.34463091944,1.3518152007600002,1.38408701856,1.43259332244,1.3712798379600002,1.3891406880000001,1.38586592316,0.5258898441600001,0.45243659346,0.53809844508,0.54982370616,1.21971299424,1.1576649784800002,1.4495208672,1.10898915228,1.63465622232,1.48112990868,1.68011544348,1.4354061463199999,1.2511562434799999,1.2815209106399998,1.18610296116,1.1498567922,1.49094924612,1.4396017010400002,1.4872682952,1.49544350172,1.6011757113600003,1.54736906196,1.59180152952,1.5474762036,0.71168988972,0.67161042552,0.87907688616,0.62485554144,1.15524518724,0.8943050359200001,1.62927543468,1.46370955164,1.67741628888,1.60514942448,1.5623826830399998,1.47065707104,1.7634888174,1.73801295996,1.7269066958400001,1.69793231784,1.60642098912,1.5921538257599999,1.28484480456,1.4654274498000002,0.0,4.41387811836e-11,1.55013398376e-10,0.0
1.27258030152,1.27025307516,1.22223977988,1.3771271310000002,1.3704820916400002,1.36178261256,1.36975197756,1.405054878,1.48121584776,1.38735923124,1.39084960452,1.4071359190800001,0.5705213802,0.447631725264,0.54964294452,0.5194428426,1.30906018944,1.18223619336,1.53147553464,1.10062174848,1.5914508038400001,1.4410421499600001,1.61188074648,1.58955312564,1.2527836872,1.28458149036,1.20998921556,1.2066973218000001,1.48017702048,1.48496713032,1.5204149640000002,1.56330219684,1.61758246824,1.57704253548,1.62904868508,1.5993655428000002,0.69899078328,0.82185044052,0.90457551672,0.60743410464,1.0145022504,0.82017455484,1.68271707612,1.44519181488,1.6840422852,1.62354549192,1.6616252896800001,1.57618127964,1.77886710288,1.68935455716,1.75871568924,1.73236267404,1.6373883586800002,1.5920507086800002,1.28412499728,1.51746486336,0.0,3.72790276212e-11,1.97482641396e-10,0.0
1.2788762839199999,1.3277493626399999,1.2265377154800001,1.38705513156,1.38680801376,1.37414728788,1.3802260422000001,1.41679633548,1.49923542252,1.38948778176,1.4142846174,1.4262007506,0.7091264904,0.443972914332,0.7050266416800001,0.487216413984,1.3311758337600001,1.2070829924400002,1.5717299199599999,1.02919533,1.62970105644,1.46235965532,1.69314873564,1.63704951036,1.22119565196,1.2748940308799999,1.21021424736,1.19058430872,1.5356585739600002,1.5253821054,1.517109426,1.6093548933600001,1.6536443418,1.62564449628,1.64242519368,1.60899906336,0.66068801508,0.75098230704,0.86643888432,0.83348308764,1.01837044152,0.67904349336,1.70090067624,1.5086495064,1.76903078376,1.6986371066400001,1.65357180156,1.5642028639199999,1.86422468304,1.7195461191599999,1.774336479,1.7663415924,1.66917884892,1.67384473728,1.2798115524,1.54348423272,0.0,3.28276865916e-11,1.2758927598e-10,0.0
1.3057234856400002,1.3683787191599999,1.2636410666400002,1.34635770108,1.411036503,1.4108709561600001,1.4060907113999999,1.43472427788,1.5299822756400001,1.41247862064,1.44663996936,1.4437947526800001,0.66630095112,0.471576350508,0.7309362190800001,0.48171176314799996,1.2888681375600002,1.2731986604399999,1.5834383466,1.08762821112,1.65940230924,1.62635330964,1.73782360932,1.6057619919600001,1.2438065625599999,1.3105808350800001,1.2119677285200001,1.19791553556,1.5573829034400002,1.55352462648,1.6081757463600002,1.60607173584,1.7018433558000001,1.67357985252,1.6802997879600001,1.63878056196,0.7365749221200001,0.7897112859600001,0.83110300212,0.81892968972,0.98709332808,0.7149773172,1.6901393954400001,1.41051807096,1.8108248577600001,1.64224585536,1.6916325562799999,1.5877225398,1.8398517513600001,1.67495163852,1.8346031361600001,1.7965896945600002,1.7210783476800002,1.70202215424,1.31440451064,1.55943106092,0.0,2.62864057872e-11,4.17433503108e-11,0.0
1.32264877272,1.3795867752,1.30175355168,1.37024459352,1.41139370724,1.42686117108,1.42009156668,1.44912911064,1.58456610684,1.4510711571600001,1.4467342520400002,1.475858913,0.71442865188,0.48304292072400007,0.71797271868,0.49222032612,1.40971153932,1.1257455550800002,1.50345473196,0.8425212678,1.6621647770399999,1.64522677824,1.7155116940800001,1.5233734573200002,1.33257760764,1.33868713512,1.2585321822,1.2438465136799999,1.5850573485600001,1.59488728728,1.63310553972,1.66897173132,1.7431728876,1.6960387132799999,1.7381468502,1.71195373764,0.6978849618,0.8540236566000001,0.91659520872,0.73656127788,1.16552258832,0.85727903484,1.64300831316,1.4207981714400002,1.817271663,1.71073400148,1.7534822888400001,1.59469626792,1.8575343428400002,1.7578728384000002,1.8499759737600001,1.80200498544,1.72145699988,1.69765177656,1.3291368051599999,1.59065192868,0.0,1.98275253948e-11,2.5363545222e-11,0.0
1.36271581968,1.3612338,1.37239768404,1.46487044088,1.4273565846,1.4344858472400002,1.44700267056,1.48977741204,1.61175034092,1.46787423504,1.47624767568,1.5073608619199999,0.81031241964,0.433225744032,0.65360532936,0.49395388079999997,1.33550159772,1.16361754812,1.5786899547600002,0.96386656164,1.78812290376,1.58274911616,1.74423316284,1.5557287602,1.32526090848,1.3497809329200001,1.28792555616,1.246763289,1.6164686958,1.63152197352,1.64324792172,1.69617196548,1.73296679976,1.7269976410799999,1.73070151236,1.71336989196,0.63508646376,0.79701424272,1.07023524072,0.72310614312,1.28859741228,0.9993374138400001,1.73281533888,1.51750854456,1.8237708856800001,1.6509809665200001,1.66414898328,1.54004333208,1.89460171836,1.88540589324,1.8497020582800001,1.83237004524,1.74736255272,1.74646900224,1.353777321,1.5956548494,0.0,1.57544292012e-11,1.76890023096e-11,0.0
1.38616270992,1.39377020808,1.3429930216800001,1.47071714496,1.4681948256000001,1.46622735564,1.4588428770000001,1.5062407581600001,1.63935293292,1.4867476054800002,1.49355019164,1.53825549492,0.79245736104,0.44285193204,0.65119432344,0.487514260872,1.3144784251200001,1.24199555964,1.5798866724,0.97294111008,1.74049027296,1.48904322432,1.79504475432,1.54579830564,1.33779495888,1.3674123339600002,1.3060798555200002,1.27841336136,1.6125486762,1.6316709804,1.67209950156,1.6895396378399998,1.7201756192400002,1.7462705718,1.7391635914799999,1.7315453938799998,0.68570811564,0.74441908404,1.03883375856,1.00888803828,1.22199074796,0.9617860604400001,1.85568918024,1.52742991932,1.8702321241200002,1.73593879008,1.6754116162800001,1.5404542789200002,1.9108986342,1.8138596214000002,1.84731250032,1.8526127967600001,1.72024953372,1.69482226548,1.37555038692,1.5240964548,0.0,1.3695449581200001e-11,1.039642008e-11,0.0
1.3818052893600001,1.4228885868,1.3996273662,1.4339340408,1.49100814212,1.4912391126,1.48610529552,1.55074586412,1.61771208852,1.5035228059199999,1.5109491498,1.55379162168,0.86562209496,0.48071749069200004,0.79103654412,0.53530456608,1.27053685572,1.05030380364,1.67038312488,0.8856192992399999,1.7130218166,1.59125080284,1.7046721306800001,1.56042026832,1.3792814976,1.39556202072,1.31412990804,1.28572804824,1.6134004596,1.66279167588,1.6787430685200002,1.71756333624,1.71948133356,1.74208252632,1.7410587666,1.74351536784,0.82778239656,0.8663925527999999,1.07419992312,0.94822064292,1.26584686908,0.8848895778000001,1.7253888477600001,1.41126771888,1.8727217562,1.7530120042800001,1.74196851348,1.5605341830000001,1.9368110582400002,1.83072517812,1.9201127661600002,1.88074599264,1.68896196624,1.63733073876,1.39273962624,1.62617362776,0.0,1.18166931936e-11,8.738278783200001e-12,0.0
1.43200509864,1.4769749431199999,1.3892467989600001,1.5058327070400002,1.52859434232,1.51721995416,1.53775389732,1.57271898012,1.64679581676,1.5244827634800002,1.55714957712,1.57747792416,0.9889968467999999,0.457730347536,0.7862250354000001,0.6026358475200001,1.38047767536,1.12855405992,1.6817336110799999,0.86037225276,1.79503341684,1.7403819534,1.76263929168,1.364744247,1.4044852064400002,1.42284942096,1.3190008526399999,1.28501143116,1.63576783524,1.65979362408,1.67102199924,1.7079869448,1.72916663352,1.6864198676400002,1.7267718730800001,1.72057051692,0.9553911327600001,1.09522564788,1.04485533468,0.90160112148,1.26765797016,0.8687015704800001,1.83580103172,1.47635133264,1.89333668136,1.8017801499600001,1.76538958764,1.5707635347600002,2.0590063195200003,1.90272396756,1.9151406186,1.9185633105600002,1.73650497696,1.73676593532,1.41666038388,1.57200722196,0.0,8.7458685144e-12,1.3770043819200002e-11,0.0
1.45852562388,1.49565817764,1.44209781168,1.55122944936,1.54563040296,1.531784346,1.55143730316,1.59346985688,1.65956819964,1.5570256501200002,1.5882088735200002,1.59223574028,1.01691880236,0.45147043402799997,0.77229505164,0.58460483712,1.3403415728399999,1.20326824944,1.6326332919600002,0.9810329296799999,1.76783234832,1.73431213164,1.88292269064,1.5126668516400001,1.4361886778400001,1.4516136874799999,1.3726492681200002,1.31728565388,1.64358205836,1.66812107676,1.66689383136,1.7030120978399998,1.74523037028,1.72705751868,1.7560242402,1.72475286912,1.10617966584,1.1099672676,1.13584631724,0.86404544904,1.27802445144,0.76709173728,1.8411647886,1.5201568032,1.88761920492,1.8077582412000002,1.78122593676,1.60028893392,1.9873786730400003,1.9800711027600002,1.91290104912,1.9360359868800003,1.7707183014,1.7614979853600001,1.4463710600400002,1.59573691116,0.0,5.4209679636e-12,3.50892385128e-11,0.0
1.47917220564,1.53033143076,1.4334647869200001,1.5862911216,1.56137178228,1.5755730312,1.56561769308,1.5999186744,1.6654124987999999,1.58337046896,1.60927538376,1.60136250984,0.96577876752,0.44739639648,0.760090917,0.5680015148399999,1.3912035204,1.2231123732,1.72546158432,1.1418297581999999,1.73892589704,1.5660819408,1.88772546312,1.68968516004,1.45238723736,1.47944783892,1.40496795732,1.34185642704,1.69786331136,1.64631051372,1.67433470292,1.7205617316,1.79220238428,1.7330231926800002,1.7773207884,1.75104767544,0.8404826318399999,0.8901799109999999,1.3241269150800001,0.7944927577199999,1.34614984728,1.06146680424,1.83381510768,1.47341271672,1.954001181,1.8401596302,1.79538747996,1.61553970956,2.02849563936,1.8558738192,1.98759487044,1.9302563260799999,1.8783003362400001,1.86431714976,1.4761319450400001,1.67346098076,0.0,3.05976577728e-12,2.5130663076e-11,0.0
1.5123371322,1.53211941516,1.4519949900000002,1.5765096248400001,1.57733043876,1.59742791348,1.59851665512,1.61214469872,1.6813047009600002,1.60672513788,1.606144227,1.62164280756,0.80909489208,0.484156251444,0.71663455248,0.57443241816,1.38812635164,1.29783878364,1.7617540848,0.95105319696,1.8338060769600002,1.5914143374,1.8331249938,1.75851338148,1.49047547688,1.50824945532,1.43470709988,1.35554483904,1.70428763796,1.71162603048,1.71535984056,1.74603405528,1.81746204432,1.7727763730400001,1.8172382886,1.8050086814400002,0.8164477141200001,0.8862668116800001,1.18468405836,0.76705080456,1.3825914528,1.26382968108,1.86890362668,1.58902178556,1.9755028345199999,1.8480818784,1.8684044830800002,1.78820388576,2.05744793136,1.94388908136,2.02580124552,1.94970241104,1.9323521893200002,1.79932978188,1.4936509038,1.64187377988,0.0,2.13970699296e-12,1.02538789992e-11,0.0
1.55130405096,1.5370913663999999,1.52642907996,1.5517097953199999,1.59403879224,1.59801957288,1.6045586976000001,1.63037261808,1.7014982252400002,1.6198567372800001,1.6321848970800001,1.63354156644,0.75430698624,0.52315358508,0.82244862756,0.58429484784,1.49531623728,1.17739518756,1.81623911796,0.92734152012,1.8603415716,1.6478883375600002,1.83357108192,1.60813569708,1.51899031884,1.5411870433200001,1.42584948504,1.40182585572,1.6870428891600002,1.72415890296,1.7431407402,1.7939911048800001,1.84184641164,1.82617516764,1.8253395806400001,1.83402786948,0.792758565,0.99596502888,1.21310285076,1.11563512416,1.4724445155600001,1.1899031764799999,1.93632923988,1.62965511756,2.01470514096,1.9368890463600001,1.87818357492,1.79531783544,2.0557634566800003,1.97064411084,1.99605042192,1.91231886216,1.8939759974400001,1.83528264876,1.52895836868,1.75482879864,0.0,1.69164732936e-12,6.2779081992e-12,0.0
1.54842658872,1.56798285828,1.54241767524,1.6041839718,1.61656273308,1.6060671714,1.60856922072,1.6583983287600002,1.75869605724,1.63307604264,1.6793324702399999,1.64994464232,0.99398563248,0.45218872964400003,1.0603216696800002,0.5688815192400001,1.4882736008400002,1.1848596175200001,1.8137150808,0.98093638932,1.8196019814000002,1.71135447084,1.9692329626800003,1.6816394265599999,1.52326018068,1.55205742896,1.4712689514000001,1.45477061124,1.72606767324,1.7791331164800002,1.8032485254000001,1.82686081524,1.9194188731200001,1.8773580002399999,1.896265923,1.87004723976,0.8748725952,1.0744718754,0.93508816008,1.0306879509600002,1.48176240264,1.33379184684,1.9174024213199998,1.5406358258400001,2.00279803848,1.8701462832,1.9076740782,1.81315502892,2.08774315032,1.9922369549999999,2.03343588492,1.9643684966400001,1.93060283088,1.9257718374000001,1.55259956664,1.67532229068,0.0,1.4380098894000001e-12,4.40978518992e-12,0.0
1.57304948484,1.5957954636,1.5641502010800001,1.635843762,1.63941173076,1.61922738444,1.62487929,1.67754743064,1.77550566276,1.66705584444,1.69845874992,1.68996197124,1.04162184612,0.5291462530800001,1.0935132466800002,0.6478550184,1.49724557208,1.18383055716,1.81154466504,1.14734816616,1.8242979557999999,1.7401152526800001,1.94782883112,1.67731459512,1.51717357356,1.55949044772,1.49091233796,1.4581531066800002,1.79044242456,1.8253608322800001,1.7772503586000001,1.88903015676,1.91492299788,1.86940090524,1.9378514070000001,1.92735947724,0.7756865778,1.1261965512,0.9762022797600001,1.17558384108,1.38499033596,1.23726763416,1.92593762964,1.6025456814,2.03228657856,1.9500969651600002,1.80591131172,1.7324801224800002,2.07465385788,1.9458494838,2.05015002984,2.03209521564,1.9681970802000002,1.96126315596,1.5646589152800001,1.71538472412,0.0,2.11814713056e-12,2.53450474608e-12,0.0
1.58768862552,1.6137813204,1.5622725966000002,1.6766493648,1.6522795742399998,1.6771804104,1.6509989298,1.69864127844,1.7973948028800002,1.67599478484,1.696527501,1.725385314,0.97744027368,0.6489530852400001,1.03104716748,0.7290378537600001,1.5235833724799999,1.38590847552,1.8303282190799999,1.1476334682,1.9009339218,1.69248360348,1.9596564239999998,2.0178961753199998,1.51722486216,1.54355265024,1.51145977812,1.4613194538,1.80717988248,1.80989685312,1.82524156788,1.8523164026399999,1.9279291978800002,1.92659378016,1.9258941938400003,1.91813091576,1.02255092868,1.08692577816,1.18851951312,1.1608897308000001,1.46364422616,1.3889677791600001,1.9953290931600003,1.58880656976,2.0498046048000003,1.9401835904400002,1.8658544826,1.7735508554400001,2.0943226678799998,1.9919729046,2.0930678886,1.9854548352,1.9140385272,1.85656162632,1.5869317628400001,1.7453127265200001,0.0,1.73027363292e-12,1.98697813116e-12,0.0
1.60084128024,1.6250361987600002,1.57633494912,1.6669922367599999,1.6710677418,1.69430815248,1.68641937684,1.73119820196,1.83719833932,1.70921963808,1.7182841742,1.73751769368,0.870075516,0.55167014484,0.9849906918000001,0.7519442750399999,1.4484251562000001,1.5657302335199998,1.7401728725999999,1.0133748828,1.8973081368000002,1.83530223168,1.96920106068,1.75062313344,1.5775865381999998,1.59243358176,1.5522007425600002,1.5220905552,1.85618017656,1.83820874928,1.87618675512,1.90477610052,1.93987787112,1.9118789090400001,1.9488892045200001,1.9402241796000002,0.88820449008,0.89474945532,0.9645804302400001,0.8552224356,1.54498431384,1.5463103082,1.9973053975200001,1.59493597464,2.0426165934,1.9789599806399998,1.86376652124,1.80530566452,2.1404551194,2.06308624176,2.0671431945600003,2.0592599158800002,1.9574117011200003,1.9672072347599998,1.5889941535199998,1.76395944552,0.0,1.0956468524400001e-12,1.77852491712e-12,0.0
1.62008309424,1.66058381208,1.62655331064,1.7308768751999999,1.6888341128400002,1.73309980656,1.7044288411200001,1.75899515076,1.84737924912,1.73046744984,1.74505250436,1.77846749352,0.93106055712,0.5702035872,0.9297778022400001,0.65499129948,1.3467136292400002,1.38036994476,1.80061862268,1.08965241756,1.9384604898000002,1.8316457226,1.97517978996,1.76080149108,1.6264389542400002,1.63643129868,1.5353965849200002,1.54176029772,1.87317226152,1.85293780452,1.88285638356,1.896645066,1.9953590319600003,1.9657028836800001,1.95734858424,1.94434645788,0.88378179312,0.9254166516,1.3475588359200001,0.8118708078,1.57596783072,1.5594162387600001,1.88201191308,1.391059716,2.1029864658,2.03800641084,1.95731143068,1.86017882232,2.1408115383600004,2.1059667015600003,2.1345335192399997,2.0872841050799997,2.0418020617200003,1.9841200064400002,1.62428610912,1.80885562092,0.0,8.2497570768e-13,1.41348849072e-12,0.0
1.65659169396,1.6658915196000001,1.6437451511999999,1.7197889179199999,1.7170694442,1.73637084132,1.7166474543599999,1.7805298842000001,1.8784718708400001,1.75335369924,1.7660308669200002,1.79347591212,1.05356590584,0.5607727179600001,0.99851718888,0.78526753368,1.43998727352,1.37773287636,1.90265824944,1.0794273357600002,1.96590990312,1.7975822393999998,2.01443525004,1.83733551792,1.6369036446,1.65461372088,1.5533450427600002,1.58675684172,1.8486822249600001,1.88873597124,1.89994687392,1.96439789556,2.01890977548,2.0141887212,2.0222919273600004,2.0107985202000003,0.84164234316,1.03110945,1.39503490152,1.14270357852,1.4514986439600002,1.3285978086,1.78368710244,1.5556113608400002,2.1431171204400004,2.01672915108,2.05044686568,1.92076994736,2.19575389896,2.09056475952,2.15657142084,2.10427172376,2.02408427988,1.98518626944,1.6542416454,1.81382138808,0.0,6.251656288800001e-13,1.03363432152e-12,0.0
1.67219942844,1.69357617336,1.6580138851200001,1.7374180122,1.744087248,1.7491082792400001,1.75118235096,1.79098745796,1.85661973704,1.78256896188,1.8138621244800002,1.80453824964,1.01114915388,0.55050567276,0.81054545148,0.7030837608,1.52511236172,1.56110115516,1.75891539576,1.06181080596,1.9597248906,1.84755392484,2.0635001334,1.6840543098,1.6548522006000002,1.6883748712800002,1.6054182356400002,1.58163981,1.86199272096,1.90850436456,1.91331086712,1.98247067304,2.0446450698,2.0235576024000004,2.03140534716,2.0095933117199998,1.1152009134,1.14038567736,1.32372264312,0.96030889968,1.45908376164,1.30678636212,2.03281767324,1.6544355604799998,2.123962767,2.00573380776,2.0397905670000003,1.89182133636,2.23104654168,2.20403639436,2.1453896225999998,2.1476607995999997,2.04848292948,2.0581756896,1.6888905057599999,1.9159407207599999,0.0,5.693989206e-13,8.9987743188e-13,0.0
1.6815563832,1.7272221330000002,1.67133920328,1.78400141076,1.78487096112,1.79549506332,1.7954818117200002,1.8351499855200002,1.89830931972,1.7965459152,1.83375032208,1.83332362056,0.99459412632,0.53589229908,0.85722180756,0.61683714552,1.54415721768,1.56499908876,1.8038046999600001,1.180264797,1.90649512752,1.822971078,2.04863964192,1.7949350114400002,1.6909260006,1.7117129020800002,1.6193845385999999,1.6221568224,1.8786273072000002,1.97785494444,1.96224779892,2.00591682708,2.06951532912,2.00527476252,2.0574809622,2.0486463168,1.28245073124,1.16632543896,1.38902088372,1.0590113809200001,1.54682633532,1.41228578532,2.17570285392,1.95351622152,2.1744524427600003,2.12592763572,2.0628312220800002,1.91206290996,2.25557333916,2.15446314036,2.15648577624,2.1746523456,2.079533097,2.0776097990399998,1.69693933128,1.85859074076,0.0,5.2170523428e-13,1.30357495956e-12,0.0
1.73215472208,1.7703457842,1.7085255978,1.7754339078,1.7920631443200001,1.80041503884,1.8181818516000001,1.85124783288,1.9601416288800002,1.8183362082,1.85562925356,1.8599717047200002,0.9818107986,0.51991877136,0.87800630412,0.67164291648,1.6109032692,1.5575287692000002,1.9359972136800003,1.29679853304,2.01963753372,1.808319471,2.0396227134,1.81451675352,1.70134082568,1.7391041065200001,1.6261618976399999,1.6001297184,1.90987590516,1.98710544468,1.9761429358800002,2.01012705672,2.0383861428,2.03560021476,2.0727836154,2.0553769026000004,1.1134009044,1.1095751184,1.2462443170800002,0.88889048124,1.4212920143999999,1.4786982400800002,2.17029850788,1.63368453648,2.1516491385600003,2.06474622552,2.0372239284,1.9665456363599998,2.2624952388,2.16624130968,2.19449750004,2.17940682336,2.09520782568,1.95693307296,1.70746016916,1.9089766614,0.0,4.3622117496000004e-13,2.09291515164e-12,0.0
1.7445968947200001,1.8115033396800002,1.72475380164,1.8389257589999999,1.8063334488,1.85096032224,1.8550850545200002,1.87449334788,1.9275342511200002,1.85155644792,1.86559897212,1.88635730904,0.9956522911200001,0.5991061120800001,0.89927291352,0.69831573696,1.65748760028,1.57414637376,1.94686328028,1.19259251508,2.1492924151199997,1.899186183,2.0173460376,2.031643287,1.7235506545200001,1.73558590488,1.66935700932,1.6528161168,1.9672520448,1.9831066026,2.01432943356,2.04016858116,2.06264781012,2.0246892399600003,2.05587447564,2.02692566832,1.05346843296,1.1800177282800002,1.13840475948,1.15655194224,1.6408040322,1.33372529436,2.21357568132,1.70246662272,2.191625682,2.09588714196,2.02191199908,1.99069201476,2.25272689548,2.18970930432,2.2265429118,2.19256625112,1.97990599764,1.97988135948,1.7402862474,1.95355631988,0.0,3.1345817096400007e-13,3.23419590096e-12,0.0
1.7734589286,1.8076529646,1.7455511080800001,1.84036615884,1.8434706651600001,1.86635774892,1.88696545932,1.90527298644,1.97517041568,1.8830254641600002,1.8891062307600002,1.90892596176,0.9797467882800001,0.6748963315200001,1.00370990196,0.6911932473600001,1.670466021,1.5777450666000001,1.91961509496,1.36575912324,2.12848853196,1.92264357636,2.16284536632,2.03310606732,1.72901365116,1.72151103696,1.69607881164,1.6615157922,1.9894364011199999,1.99851973488,2.03041790664,2.0457317991600004,2.12859680244,2.07886433292,2.10202135668,2.06692645728,1.00169673852,1.14836201172,1.41397987968,1.30061062572,1.72333911972,1.3929452714400001,2.17089090348,1.81806813324,2.23136693592,2.1849187527600002,2.06405036928,1.99746819588,2.2916374704000004,2.22474393348,2.23231295292,2.18730693648,2.1082220748,2.1192762650400003,1.75482580476,1.9140213001200002,0.0,1.9805529702000003e-13,5.3768141232000004e-12,0.0
1.78886504244,1.80688137792,1.80558095424,1.85014181508,1.86635819064,1.88643834012,1.90828419168,1.9042284658800002,2.00060278824,1.90058672988,1.91284230036,1.9182680452799998,1.07141797056,0.6472690522800001,1.1520980304000001,0.68323055724,1.67370019668,1.5073886412000002,2.01561660564,1.084787019,2.11878762456,2.01808135416,2.08950600576,1.8008637282,1.76932938648,1.79478718248,1.6956739998,1.67100595008,1.9866582768,2.0281055515200004,2.0316000966,2.0756830164,2.14641456024,2.10572939976,2.14217385192,2.1261715142399997,1.0974990334799999,0.9858817392,1.3051060592400001,1.07055808896,1.73902356624,1.61738938752,2.1428556222,1.84562483544,2.2529598291600004,2.19374873556,2.1521263434,1.89635362896,2.35273662252,2.21992589712,2.25956388672,2.2291888146,2.17610545716,2.147027913,1.78769919612,1.95276917484,0.0,1.2454331228400003e-13,9.5866496508e-12,0.0
1.82247178716,1.83979663452,1.79074941996,1.9105001536800001,1.89161942124,1.8985593332400001,1.91341157928,1.9273357716000001,2.04148804788,1.9131968052,1.92362866104,1.93475229948,1.11717888648,0.64697736984,1.06440708888,0.6944549078400001,1.62517381908,1.5630203304,1.98736115148,1.230856461,2.12039975532,1.9806305166000002,2.15933702976,1.9927503808800002,1.79736339168,1.83581575572,1.73579449488,1.69855514304,2.0129797335600004,2.04459142536,2.07639364572,2.10073629504,2.15951960736,2.1244471375200003,2.17350760368,2.1363078594,1.1743526202,0.9780242766000001,1.5145857323999998,1.14434662968,1.8118360530000002,1.57576846776,2.2408254862800003,1.9351527922799998,2.29415532348,2.2567970508,2.1714990537600003,1.92318983676,2.34914921808,2.2717874079600002,2.30491174536,2.23308998748,2.18443575648,2.1258523470000004,1.8175273207200002,1.9787900166,0.0,9.692699260800001e-14,1.23050465556e-11,0.0
1.84252047636,1.86242683356,1.79705001588,1.90965018624,1.900678215,1.9168803082800001,1.9154915406,1.95718249752,2.07813814524,1.91803565148,1.93478209104,1.9621496389200002,1.03756700376,0.5961865392,1.1070700752,0.75382310652,1.67637662724,1.51804503804,1.99835732916,1.11873766728,2.15984378076,2.1178157424000004,2.12215549416,1.93776865812,1.81716677904,1.85475032892,1.75187761824,1.7262470115600002,2.0522133039600003,2.0552866444799998,2.08496433888,2.1288386196,2.15642064708,2.13871876716,2.15216011044,2.14444954428,1.0867826118000001,1.02296506572,1.72900358976,1.48381227792,1.7510571969600002,1.40455224972,2.15042532876,1.94177275176,2.26889335668,2.26975770456,2.14768612488,1.93730382144,2.34516122268,2.2487970108,2.2989774825600002,2.28410447568,2.17539109776,2.10839905728,1.83145828608,2.04173015952,0.0,8.722460299200001e-14,2.2486763230800003e-11,0.0
1.8693423037199999,1.8923689219200002,1.8048689016000001,1.9594806194399998,1.92320843808,1.9475822041200002,1.94000336868,1.984698267,2.0767824574800002,1.9453800336000002,1.95870245604,1.9961275756799999,1.07359108572,0.65265842892,1.28992708764,0.76611779376,1.777201524,1.3475007252,1.99592782008,1.48622009364,2.2168894647600004,2.0045369919600002,2.09954482896,2.22710114772,1.84031089476,1.8625653373200002,1.7610241179600001,1.74359895108,2.0809683925200004,2.077855788,2.08604071236,2.13491197512,2.10841260336,2.1299647602,2.130973845,2.12446210692,1.21655607048,1.23713978076,1.7281716346800002,1.4025670618800001,1.47790957356,1.18699126008,2.2381500863999997,1.9973300847600002,2.28396214368,2.24770772928,2.18001762396,1.9761436720799999,2.34555239028,2.3071314865200003,2.29975736376,2.32635896916,2.12634525744,2.0049410185200003,1.85879324484,2.0603253936,0.0,8.119774095600001e-14,5.6770070352000005e-11,0.0
1.88614646136,1.91350743252,1.8363993169200001,1.95476035044,1.94570180208,1.9776214708800002,1.97262748272,2.00939664816,2.07243509832,1.9776155812799998,1.97762171628,2.0217951396000005,1.1225999688,0.60948226212,1.00317124896,0.6898602836400001,1.98388373532,1.66438226052,2.02039714488,1.2953842928400001,2.24376989364,2.02671948324,2.1300136929600004,2.5122592360800002,1.8543599466,1.88000591532,1.78829964084,1.76981017416,2.04112142028,2.1080069571599998,2.11034198724,2.12427825324,2.17786129416,2.10798266256,2.15585711052,2.1123524022000004,1.44902084016,1.38911241792,1.504958445,1.1211162803999999,1.55188393116,0.95080249632,2.27701639116,2.18230970904,2.25705364104,2.25973453788,2.1304574252400004,2.0496886778400003,2.32667951064,2.23166205396,2.22862787928,2.2807581031199997,2.14248330132,2.14071828636,1.88063728044,2.03913441648,0.0,7.849467468000001e-14,1.04260747068e-10,0.0
1.90393334784,1.91843187432,1.91631343428,1.93444250652,1.97866815096,1.98310778052,1.99223455008,2.0192708570400004,2.02094257092,1.99614068004,1.9997839375200002,2.0260022772,1.3582037480400002,0.6709303239600001,1.0848689335200001,0.7584734365200001,1.97315273688,1.68917865444,2.04230449368,1.1381124390000001,2.29137847524,2.10603909456,2.1419284519199997,2.04397183944,1.7249432504400002,1.6027099521600001,1.82046608388,1.7967284928,2.00944872204,2.098254663,2.04609960468,2.13071622408,2.18981443368,2.1206685174,2.18296556508,2.1700469238,1.6310709774,1.39352981424,1.5977157186000002,1.414437747,1.59911071944,0.9799133658,2.2975087144799997,2.1899138206799997,2.29453947264,2.23542653904,2.0938911074399997,1.8565692337200002,2.47586754492,2.3528765496,2.32389269916,2.21052364152,2.2307920128000003,2.18280301212,1.9034856400800002,2.0734128210000002,0.0,8.7113328816e-14,3.66320565336e-11,0.0
1.93080273372,1.9452174806400002,1.9299451588800003,1.9671195288,2.00437316292,2.00182051212,2.00165791008,2.0349706656,2.0962331068799998,2.01355127016,2.01634362768,2.03108519832,1.2276510462,0.6152552480400001,1.0835015156399999,0.73970951448,2.00664458532,1.78857129864,2.17977688656,1.1621980563599998,2.23435821468,2.1846646656,2.20948854432,2.25145798116,1.7267907198,1.7452416586800001,1.8387545679600001,1.81240282884,2.04223529088,2.1023778738,2.0730441320399997,2.15805186996,2.2025967798000003,2.17006154964,2.2449223902,2.22974749224,1.32696845076,1.2885347862,1.62466598832,1.41168278844,1.69261258572,1.30200739344,2.23122249348,2.11675075548,2.36610861576,2.38620069168,2.18848009572,1.99763776728,2.38792006224,2.3190467362800002,2.31015398016,2.3003717962800003,2.1625394506799998,2.06085933492,1.93656129012,2.05228554972,0.0,7.1450879952e-14,2.5333429734e-11,0.0
1.9547067059999998,1.9778940121200002,1.9155440562000001,1.98531746028,2.0188572108000002,2.02744557276,2.00723437968,2.04310533204,2.1245311134000002,2.0334418236,2.05188569496,2.0563631652,1.20287958492,0.64373043336,1.02822339876,0.73183477572,1.81884693468,1.82550709068,2.16586305012,1.1982176229600001,2.3163553854,2.2324931256,2.2734176492400002,2.15443987644,1.91040061944,1.94297810748,1.84835849328,1.85456637708,2.07808140876,2.1050966604,2.06577342084,2.13100564884,2.25082435836,2.17052555196,2.19421789128,2.19258269292,1.3247001204,1.32496603584,1.1585645658000001,1.1348985824400002,1.7959721209200001,1.7292964501199999,2.3448465708,2.2172936876400002,2.39943025476,2.2980671958000003,2.1282615860400003,2.06964755064,2.4696550476,2.4570436471200003,2.4009337224,2.3034488178,2.24239162908,2.24091319224,1.9469934404400002,2.06587693056,0.0,4.3356653592000004e-14,2.4381546201599998e-11,0.0
1.97343951132,2.000659083,1.9449228043200002,2.0268289316400003,2.0301771692400004,2.04758393112,2.030491134,2.0665068232799997,2.10781122612,2.04914369352,2.06111150796,2.06852847756,0.962907882,0.85195576896,1.14678089952,0.7538633030399999,1.73782041912,1.68654197868,2.15129929632,1.25534531964,2.3394492432,2.14514309376,2.2465584720000003,2.1336626928,1.9222951574400002,1.9678572993599999,1.89590773716,1.8784158214800002,2.11006463616,2.0981105150399997,2.0948352594000004,2.1741828954000004,2.36603651724,2.29823976108,2.34512274396,2.28839038668,1.24556014188,1.24341711276,1.18793541204,1.0989939612,1.95639466536,1.8706275126,2.1980375422800003,1.866273135,2.37906239832,2.31459699624,2.31156777864,2.18265670464,2.5461135894,2.45633085828,2.3911400047200004,2.38286874864,2.3018664786,2.21131157184,1.96096553484,2.12068932732,0.0,3.5838257718e-14,3.1716883000800003e-12,0.0
1.98334552404,1.9951316934000003,1.98219940788,2.0231931834,2.04650353308,2.05265536752,2.05862825628,2.08004298912,2.1262317354,2.06336506524,2.08874948664,2.0970592214400003,1.06699144536,0.7032420928800001,1.15165272756,0.71880060012,1.7225543796,1.70180880348,2.13177576312,1.400121111,2.39821179468,2.1359954161199997,2.2628831180400004,2.07147087264,1.964926389,1.9980300637200001,1.9067391042,1.87462610928,2.11176201888,2.19246622608,2.1561892348800002,2.19056413068,2.3597217862799997,2.3269969600800002,2.35480897644,2.34428612628,1.1991545110800002,1.15821742296,1.45265374176,1.1690134033200001,1.992344931,1.6485391874400002,2.23673785848,1.80749850984,2.45237751336,2.37396642192,2.1885292248,2.11439884188,2.5089887412,2.41119129516,2.40917764092,2.42149078224,2.31030637356,2.2439172318,1.98203440092,2.1414532102800004,0.0,2.5896428377200003e-14,1.50198193932e-12,0.0
2.00075915712,2.0034215508,1.9847178990000003,2.0793651943199998,2.06327186232,2.07070640256,2.0678464128,2.10653337924,2.2069678936800003,2.07702923172,2.0910483938400004,2.1141717978,0.9566483169600001,0.68033169612,1.2848385714,0.72329230356,1.8500024769599999,1.6136229883200002,2.16975543768,1.3831708422,2.37700555368,2.23390643328,2.1183714261600004,2.28291796668,1.9902131902800002,2.013710682,1.93707329268,1.9110907333200002,2.14029570756,2.17802060784,2.17605588636,2.26811381904,2.35518615624,2.3338692889200003,2.36313245364,2.33091604716,1.11396831828,1.1988641538,1.67917345104,1.03041359376,1.94851334988,1.74724515336,2.2131536424,1.84798504356,2.4760709324400003,2.44351253652,2.31225269004,2.18141399904,2.5417197024,2.450769309,2.4476505694800004,2.4211225350000003,2.32458516888,2.2473573471600004,1.99739025684,2.2035295942800004,0.0,1.6582448556e-14,4.7087924272800005e-12,0.0
2.0231087658,2.05463932836,1.9772530764000003,2.09042193672,2.07637180512,2.09054694348,2.0764454742000003,2.12048024652,2.2382165898000004,2.10839773212,2.13711183888,2.14053673944,1.08880205748,0.75689202984,1.1368355246400002,0.76267797288,1.9636547752800002,1.25224734096,2.3057409028799998,1.84706091624,2.35035830388,2.05552183584,2.1335757721200004,2.46344456256,2.0004511801200002,2.02426857528,1.96341575568,1.94089029336,2.21487693936,2.1963893868000004,2.23274402256,2.26751823324,2.313321996,2.3389033754399997,2.34029371368,2.35443110952,1.10756593044,1.2945432088800002,1.59411270672,1.1471735886,2.00234066196,1.57146778368,2.306174721,2.12167519728,2.39204086812,2.38601212632,2.33098250148,2.2590103134,2.42914299228,2.3644466197200003,2.3763389982,2.39803348704,2.25667022808,2.16846247416,2.01566426232,2.2207086249600003,0.0,8.6269226436e-15,1.01576846532e-11,0.0
2.04977113224,2.0893378576800004,2.0022049066800003,2.12309925348,2.09555496852,2.13312443244,2.10190307388,2.15870350512,2.2426083663600003,2.1235640410800003,2.16411997392,2.16296816448,1.10497048188,0.7421775513600001,1.22862935784,0.826947693,2.2761792335999997,1.32845164836,2.2080446598,2.05999503612,2.3005396008,2.4387852000000003,2.33535518592,2.21058518784,2.0289085494,2.06022163848,1.97081122824,1.9822878991200001,2.1937973247600002,2.26086902208,2.25363742764,2.2884033438,2.29472396436,2.27318466648,2.29039692432,2.27661879408,1.1610791796,1.38719476416,1.9476266705999998,1.6008100162799999,2.04443289696,1.4781376974000002,2.3069337432,2.2945748102400003,2.35515155484,2.3701711636800002,2.2328346242399997,2.1686076037200004,2.41475828232,2.40492677304,2.4506537256,2.36706984756,2.2906546434,2.27363752764,2.0395652898,2.18270176008,0.0,4.9563433092e-15,1.4040566889599999e-11,0.0
2.0424094267200004,2.09692464408,2.03731884912,2.11690467036,2.1159495244800004,2.13213296736,2.12273100624,2.1729463248000003,2.19499271724,2.15424870984,2.16537126852,2.18286107376,1.27740378576,0.75795524988,1.0905722258400001,0.8608501938,2.25090111948,1.24206594036,2.27860358928,1.63481980596,2.3427647935199998,2.1594062325600003,2.3937994536,2.4943619196,2.04117850032,2.06297762772,1.97661837384,2.02162051296,2.1932924388,2.21958591996,2.2165861503600004,2.25867367368,2.29787121936,2.28604215408,2.3161300591200003,2.3017586007600004,1.41172931628,1.4144129615999999,2.04455579328,1.55545351956,1.9346084950799998,1.37377589952,2.13901786068,2.01378170076,2.38093254264,2.39354762412,2.21863798884,2.19829825524,2.4287279227200003,2.4193932011999997,2.4026161357199998,2.39730857544,2.39050859052,2.3695781791200003,2.05182267624,2.19046425288,0.0,4.2948488115599994e-15,1.10956868892e-11,0.0
2.04996087552,2.09143568412,2.0773112454,2.15543340288,2.14569912108,2.1622591548,2.14666462284,2.19447541404,2.20365896916,2.15446098084,2.1654256491600004,2.1874963362,1.51646372952,0.8084581281600001,1.11539173644,0.95258473836,2.25768961968,1.41626362116,2.1883243158,2.0103985182,2.36504770248,2.44349609472,2.33828845212,2.6814231739200003,2.05218900936,2.08489062072,2.0134840796400004,1.99624517136,2.2483577448000003,2.1937069194000003,2.2346700690000003,2.24354922996,2.37838057896,2.3098132668,2.3549587686,2.2971511176,1.66846448952,1.6313962305599998,2.05470951276,1.51082659704,1.89469516668,1.46602097424,2.24959323564,2.26297681176,2.41074427452,2.37345073836,2.31641663724,2.10897064296,2.45080945644,2.34163237068,2.50345050492,2.4621266664,2.4505945842,2.3961812078399998,2.06805539544,2.2134704538,0.0,3.7221515186399995e-15,2.97723510696e-12,0.0
2.09432497464,2.1392931013200003,2.09430180888,2.16617038908,2.1633134913600003,2.16832927104,2.16788136696,2.1855323018400004,2.2391354655600004,2.1782062284,2.1854353688400003,2.18335285536,1.61963170548,1.0419088659600002,1.2427890850799999,0.96887090568,2.27933831688,1.5589539542400002,2.0655583032,1.72538688456,2.38854583224,2.62394725464,2.4184945464,2.58997348968,2.06990561328,2.110914849,2.057027463,2.05136309112,2.32044433836,2.22624956064,2.28905502804,2.26918739496,2.34315866052,2.33396023416,2.36202903708,2.34262010568,2.06172559692,1.7872406416800002,2.02547648316,1.7860839242400002,1.963564419,1.7676885930000001,2.43174094392,2.3549555293199997,2.4749415034799997,2.45326566504,2.4446420636400004,2.3378260694399997,2.51084941308,2.41964453988,2.5422194840400003,2.5425928356000003,2.32014652092,2.20867136232,2.10265748256,2.2520194072799997,0.0,3.8378812752e-15,4.6424070156e-12,0.0
2.1539227695600003,2.1598002468,2.1003204402,2.1883935186,2.18168604948,2.18453740116,2.189677206,2.2028672106,2.29489903272,2.1872744946,2.19904760868,2.21002410528,1.56320251536,0.83734023576,1.32444559152,0.9522146260800001,2.20297793508,1.74495881064,2.3156730752400003,2.4439698148800004,2.5706685588,2.18017487628,2.49473188464,2.70595944384,2.08247406876,2.15989663992,2.04382597368,2.125903881,2.2883673190800002,2.2813654681199997,2.32761546624,2.33754268152,2.25861924396,2.29186456356,2.2983179946,2.32159678584,1.88223758292,1.7239614541200001,1.9858148370000002,1.62875803332,2.1429839664,2.0742866903999997,2.54696861208,2.4779714082,2.4804445494,2.3791259569200003,2.40323518176,2.37924311088,2.62951729476,2.62799983932,2.5854379578000004,2.47167895956,2.27744677368,2.14438058688,2.14342288884,2.31978676452,0.0,6.744249672e-15,1.90185618408e-11,0.0
2.1461380926,2.17246646964,2.11458514956,2.19835023096,2.1909829794,2.1969288741599997,2.2003384126800003,2.23121513148,2.2814381556,2.21176924284,2.2134010056,2.23049660028,1.5887684346,0.81532029744,1.32927938256,0.9628309245600001,2.2334894496,1.83767431716,2.3198421267600002,2.23142033496,2.60393174352,2.4425910104399997,2.6761401045600004,2.51490479532,2.1237328272,2.1751645444800003,2.08976990892,2.16442304292,2.27691562992,2.2919230178400003,2.26823966016,2.279734098,2.30733197832,2.27796687444,2.2806867408000002,2.24481623016,1.88773621164,1.7401708603200001,2.01534902148,1.52407677372,2.1571753011599997,1.63661696832,2.61877731468,2.57100765252,2.443488291,2.30525049552,2.36169931764,2.3349296623200004,2.66640636264,2.65695006996,2.57268103512,2.53790829684,2.51598676392,2.4925452724799997,2.14351039848,2.2741657266,0.0,8.517500256e-15,3.57361889868e-10,0.0
2.1444872868000004,2.17727071452,2.1882071127600002,2.20638997668,2.20375712916,2.2081077276000003,2.2313330216400002,2.24712696564,2.25790409928,2.2137301851599998,2.2176480452400003,2.24477205816,1.5645744486,0.86175017376,1.33020674916,0.9461259576000001,2.3979284558400003,1.5171277328400001,2.3275495027199997,2.244484842,2.60233556376,2.45366488176,2.60841544692,2.4994588776,2.1059165418,2.1648760022399998,2.10261939648,2.11082287308,2.33988644784,2.26655449836,2.32799990988,2.31032472948,2.37336759684,2.31497118216,2.41281270204,2.35281755544,2.01799693656,2.013348717,2.03828788464,1.82308278408,1.7930604008400002,1.3537267686,2.62385709468,2.57011611432,2.6084822448000002,2.55962256492,2.34740295168,2.25746493144,2.72425710588,2.69307201744,2.67675453708,2.50723074468,2.59209413832,2.60112652704,2.15187780228,2.23641800412,0.0,4.85160374256e-14,3.032723139e-09,0.0
2.185224423,2.1891807618000003,2.2048701654,2.22803744688,2.22613446804,2.23082681052,2.23352802648,2.24579807556,2.2970235096,2.2379039992800003,2.2321091236800004,2.2399611384,1.76539694964,0.87327440316,1.4626642457999999,0.95411269692,2.34420524244,1.66413676236,2.16388581324,2.1446300605200004,2.6310615969600004,2.3786852676,2.60341169184,2.6815915674,2.1455709732,2.17624096704,2.10545877264,2.0972350260000003,2.3020974,2.2968279257999997,2.30534634876,2.33080856196,2.4324178062,2.38447071984,2.43826755324,2.42573414088,2.03758579524,1.89247827216,1.7945473776,1.59226690608,1.6326695620800002,1.326917064,2.664636636,2.63458038756,2.57834359104,2.56777126824,2.3299414655999997,2.2135244908800003,2.6749652766,2.65735605972,2.6364905320800003,2.6226647942400003,2.5688456294399997,2.48783089308,2.1734919962399997,2.29391041428,0.0,4.24511918868e-12,4.62435455724e-09,0.0
2.2074719943599996,2.2109608952400004,2.1779674542,2.23835234508,2.2426705507199998,2.24289543528,2.2372649776799998,2.2612085575200003,2.32915486044,2.2499243293199997,2.25016845324,2.2723863312000003,1.7076254706,0.88083601152,1.5184223650800002,1.01990532036,2.4010440542400002,2.06045638812,2.20726463136,2.04389767956,2.6643612481199996,2.3474749029599997,2.4987693036,3.0059439621600004,2.14974404928,2.13648096456,2.11609416324,2.1097501806,2.31789340536,2.30398197384,2.3236332132000004,2.3459606868,2.44852900332,2.438321394,2.44002437184,2.43662361864,2.1186518692800003,1.86947099148,1.64137399824,1.74264081132,1.93005004284,1.60555850628,2.64642741612,2.57478082476,2.652888111,2.6320058470800003,2.48632889784,2.3347986678,2.66972122584,2.6804159050800003,2.6313261381600004,2.57986669068,2.5118755777199997,2.41220710392,2.19598069764,2.2807152562799997,0.0,3.05885367456e-11,4.3019881356e-09,0.0
2.203830651,2.2251502668,2.17283412792,2.24961645048,2.2392646932000004,2.2640993204399997,2.2551851654400004,2.2875120019199997,2.3566670470799997,2.25769099392,2.2691517138,2.2840377759600003,1.7451009954,1.00983837432,1.4767333222799999,1.01085050208,2.3846076530399998,1.9839114164400002,2.45057308716,1.9243046889600002,2.70583973772,2.37561609888,2.5453322358,2.75206337988,2.18375467332,2.20485607944,2.1149905012800003,2.14136167608,2.29948629492,2.33124537396,2.31278133072,2.3682158164800002,2.57057834976,2.5117665219600003,2.55839178576,2.4516892645199997,2.1378347382,1.8003822534,1.8269544108000002,1.55337527604,1.91138418264,1.7470156062000002,2.74595404872,2.61443766108,2.64981540852,2.65999410972,2.5229357557200003,2.4257047910400003,2.75940393192,2.75529706476,2.56739649336,2.62612262748,2.52204348132,2.4551988280800003,2.21259678072,2.3345027644800003,0.0,1.099395681e-10,5.2458313824e-09,0.0
2.22110602572,2.22767479476,2.19004707288,2.25789953484,2.2550671280400003,2.27893085472,2.26581270324,2.2919676315600004,2.3514654996,2.27261057772,2.2956075025200002,2.2925290086,1.75783008972,1.0118588016,1.5078165697199999,1.00458308424,2.289156231,2.1781902773999997,2.4523526298,1.77533825088,2.66636528268,2.85975795516,2.62897972152,2.4029502723600005,2.1656537239199998,2.1440421312,2.14802919408,2.14010537532,2.296350132,2.35836452796,2.3467309974000004,2.35548299208,2.4849714432,2.5031096934,2.48046943296,2.4775426944,2.0967003975600003,1.78798763928,1.86148474296,1.65262706064,2.06074924848,1.5163752382800002,2.71887695628,2.6665325964,2.6285633268,2.6929923606000004,2.4491490800399998,2.37376804056,2.6987807085599997,2.6773527241200004,2.59582858644,2.7118318658400002,2.50989677028,2.52591525528,2.2169015875199998,2.32635391392,0.0,1.83746921184e-10,1.12593711432e-08,0.0
2.2267286305200003,2.23806311664,2.2154903412,2.2907299812,2.26978293168,2.28181651332,2.2734332076,2.31104237724,2.4071135324400004,2.28612976188,2.3172740157600002,2.33368857636,1.655169012,0.9922268016000001,1.5277183624800001,1.13737594452,2.1903259945199998,1.5841784730000001,2.39197357944,2.28798989388,2.678325048,2.99610239148,2.7325711106400004,2.55044740248,2.2172933440800002,2.239423467,2.2098350000400004,2.16341945508,2.4541289822400003,2.3723662666800003,2.44094835192,2.45267371116,2.55839767536,2.51040877284,2.5466593099200003,2.52123945276,2.2076615413200003,1.7448980005199999,2.15163986244,1.86111369816,2.1805054791600003,1.9558642578000003,2.82065493756,2.61404207628,2.73666772008,2.6299500821999997,2.5883304876,2.43304367436,2.95166761716,2.8254601149600003,2.8092861936,2.705371809,2.6501690299200003,2.64642790692,2.23795224492,2.35743078096,0.0,1.46979233052e-10,3.3277579884e-09,0.0
2.2672258146,2.2590886941600004,2.2592073696000003,2.2942042562400005,2.28595165056,2.28835455828,2.29104242448,2.34406708224,2.45940635832,2.30836702644,2.32411463892,2.35550017008,1.46843325624,0.82804453284,1.71211771392,1.1992626343200001,2.2459957207200003,1.41821435484,2.57669553372,2.2785808161600003,2.71277263128,2.36853385488,2.57489415048,2.51801955936,2.23397499804,2.27913326064,2.24470825416,2.28030396588,2.5395721579200004,2.4392477790000004,2.53639727088,2.51568659064,2.7402074678400004,2.6107474340400003,2.69849202,2.588939325,2.0010502506,1.7565620588400002,2.29426732404,1.92934181844,2.3482090416,2.45999320788,2.47919585604,2.19342632904,2.81569663056,2.8320789456,2.612701407,2.5429916106,2.77243859832,2.685837969,2.83779220116,2.75553691872,2.7716278458,2.70355418028,2.25640779732,2.46966196788,0.0,9.6113035164e-11,1.08836598168e-08,0.0
2.2710373674,2.2848504426000003,2.26063196568,2.3242285536000002,2.31310810536,2.31955633392,2.31190986624,2.36597217336,2.5260227404799998,2.33857925112,2.36512819368,2.38462311324,1.7064351333599999,0.7622843022,1.84284877248,1.1061873714000001,2.33400686016,1.54935586944,2.4862148850000003,2.2624813982400003,2.73237061884,2.2812727069200003,2.6188369959599997,2.72897555892,2.2542761056800003,2.30835146808,2.26183108824,2.32026740496,2.50310851548,2.52267857652,2.5777750974,2.63263603428,2.6772020976,2.6516782399200003,2.68235363256,2.66974179036,2.03486578164,1.8750664059600002,2.2917687594,1.9898860230000002,2.3196760891199997,2.2915044636,2.43106054788,2.3245626411600004,2.58482352528,2.58347122404,2.6169714651600002,2.6195702020800002,2.70832819188,2.73673603944,2.738753571,2.78064462708,2.74274348052,2.642219346,2.2718805617999998,2.52497846532,0.0,7.4857360788e-11,4.06432172028e-08,0.0
2.29518781944,2.31385466124,2.24703091608,2.36773203492,2.3318531316,2.38340401512,2.3420829741599998,2.41779211344,2.46059546856,2.37301588956,2.4313401566399997,2.4356087424,1.69231476828,0.7898591149199999,1.8998534746800002,1.02651374604,2.5382016480000003,1.87303478844,2.48923634796,2.4634893726000002,2.6501649072,2.6170354654800003,2.5274125879200002,3.2384684622,2.2886594432400003,2.29808937996,2.25095829768,2.3143271544,2.50578769452,2.57890457544,2.56018865364,2.60443918164,2.6412642001199997,2.6605840022400002,2.6363074146,2.64129178308,2.1682663504799997,2.04884563068,2.36426895012,2.1642612261600003,2.06926502112,1.64062606812,2.65874001756,2.58060686616,2.70181772988,2.68254931452,2.60441464164,2.55571034904,2.78312738796,2.8307109387600002,2.8056983474400004,2.69926586436,2.68084829988,2.65901682876,2.2768988445600002,2.48788861116,0.0,9.5107331976e-11,3.24042974808e-08,0.0
2.3026154394,2.33446929192,2.27546605212,2.37084763332,2.3479428316799997,2.3951005153200002,2.39789895876,2.44020773472,2.52198792276,2.42613684228,2.4253885686,2.43735417444,1.68698443488,1.2795497596799998,1.66198715652,0.9860681450400002,2.79614001744,1.96665852036,2.44294993248,2.3079595152,2.74985502528,2.6701360009200004,2.58549356544,2.9803930614,2.29361014284,2.28786380736,2.26282564536,2.3158150146,2.49017804592,2.5377483451200002,2.52704546952,2.5799428137600002,2.6853002976,2.64858055572,2.7014856055200003,2.6812837376400003,2.46552560364,2.10473950524,2.22034489308,1.92716512044,1.96417045884,1.7068244359200002,2.8883005764,2.7897798384,2.840654694,2.7651657276,2.6174000808,2.53253752152,3.1515287882400003,2.91777787716,2.90600245632,2.72100516324,2.77976742024,2.49838859004,2.2996280870400003,2.48518489212,0.0,7.297019552400001e-11,1.26769679244e-09,0.0
2.31109405848,2.37558135024,2.33573864796,2.44965337704,2.38024547172,2.43255675168,2.4307674912,2.45682411228,2.5133213272800004,2.4283743013200003,2.4472598436,2.47620443004,1.59130272948,1.2027857930399999,1.46896557792,1.03945177392,2.3244575118,2.5190137729199997,2.3743549882800004,2.3076400044,2.78960481912,2.68725657732,2.7993174075600002,2.75923009056,2.24870434776,2.29169185104,2.295126813,2.3322131824800003,2.5156041853200004,2.51024867388,2.47863305568,2.52577478832,2.6006506964400002,2.6492024974799997,2.5829123010000004,2.5988225155199998,1.9312201100400002,1.85514846588,1.8864799108799999,1.48830913476,2.2933814791200002,1.85714528568,2.81535773316,2.62161781968,3.00402198936,2.6218742136,2.6908129141200003,2.5176471403200003,3.0595775064,2.9867308108799997,2.77692141828,2.89100606232,2.54353782192,2.49789882072,2.33941577064,2.4984077312400004,0.0,5.4971008596000006e-11,1.30661860668e-09,0.0
2.3342121618,2.43552393216,2.32818111324,2.45959889916,2.40419008224,2.4589835832,2.44520933028,2.47409644404,2.5005160608,2.4514219748399997,2.45126447712,2.48422822476,1.6013935284,1.05784916652,1.47159665856,1.04433881676,2.06791591008,2.15372497716,2.20005306156,2.9155745778,2.76089463876,2.40906991032,2.9571218284800005,3.0669919238400003,2.33889090912,2.3514947022,2.3209021566000003,2.32879907952,2.46439877592,2.47428883764,2.50830353532,2.53406660892,2.5694624178,2.5889206746,2.56948430748,2.56456781664,2.03779188216,1.9641099922799998,1.78041783456,1.99172588496,2.14531762224,1.5951496198800001,2.81611503756,2.6076719340000003,2.7314562584399997,2.72009566176,2.55797210268,2.44960557312,2.9226367480800004,2.91680903796,2.8101144186000004,2.86729472904,2.5493331883200003,2.62838153448,2.34676334112,2.45262664344,0.0,4.25535644232e-11,1.2635750049600001e-09,0.0
2.38859653188,2.42233024656,2.3587065174000004,2.45031993252,2.45305221612,2.4459310026,2.46266880408,2.47643353548,2.49603117948,2.45701856724,2.46238306032,2.48597031936,1.81617246732,1.24779264384,1.9633769334000002,1.08564159996,2.5834045733999997,1.9855424920800002,2.5432354891199997,2.07587300508,2.78820618636,2.5309834524,2.88187148904,2.92841449476,2.34923177064,2.3604520476,2.30580990936,2.2947331913999998,2.4757066116,2.46583451316,2.4887536952400002,2.49623986764,2.62591526448,2.57772783336,2.59916529024,2.55867802032,2.616146823,2.3548527558,2.2252386108,2.09191750248,2.29777894896,2.13093786936,2.9147184753600004,2.73085296708,2.79188699004,2.7761699544,2.5497882090000004,2.4524493664800002,3.0506001363600004,2.9862703914,2.9129892888000004,2.98415249124,2.67564400392,2.68483079832,2.37492446352,2.4578152338,0.0,4.2397057628400004e-11,1.22910248904e-10,0.0
2.40265854084,2.4208020425999996,2.4075084792,2.44197029568,2.4700868534400002,2.4483141801599997,2.48640507,2.4834871658399997,2.52723413304,2.46484535484,2.47258762668,2.48926083888,1.64175775476,1.4946911053199998,2.1439199710800003,1.33037308128,2.46099763008,1.7907330272400002,2.69764985628,2.54131297644,2.7287743309200003,2.58314572548,2.83474732704,2.71550889036,2.3729005515600003,2.41920689352,2.3627103656400004,2.33834008428,2.5841177548800003,2.4895848650400003,2.50636993056,2.55042350052,2.62787169144,2.6344698103199997,2.6395072342800003,2.6606734750800003,2.6604361242000003,1.87354281552,2.328745386,2.20436478864,2.44402468632,2.51256780204,3.00680094804,2.75276389872,2.99686705788,2.9520923064,2.80337318244,2.53417713708,3.03222811812,2.88065239092,2.9840764663200003,3.0096042504000002,2.7161190038400003,2.60229507276,2.41671259884,2.50341909372,0.0,3.70695664512e-11,6.008376054e-11,0.0
2.40255125196,2.43073475484,2.38534827024,2.47136087208,2.47382287212,2.4724751353200003,2.48676119448,2.4891690102,2.5790902941600002,2.47708021356,2.49140224836,2.49874976976,1.5095066886000001,1.0150628421599999,2.10807615996,1.3272105624,2.40116493828,2.23309219608,2.60139479832,2.4906015081599997,2.76014984976,2.65457656116,2.88424647024,2.5852968037200004,2.38875825048,2.4449201509200003,2.41842774852,2.43347729616,2.6607366901200002,2.56761200364,2.60657568312,2.60135229504,2.61723816588,2.61558210852,2.6296416634799997,2.64142582056,2.1509832702000002,1.72813811304,2.42648319984,1.9200408639600002,2.4638851046399997,2.43544584588,2.40356715888,2.3482549314,2.8291518634800004,2.65451000868,2.7315318416400003,2.6023228029600003,2.92940021748,2.85975353796,2.9320155434400004,2.934164364,2.8204752556800003,2.77057110432,2.41742857788,2.54575118268,0.0,3.2848488168e-11,8.3331341808e-11,0.0
2.44652398716,2.45512113444,2.4131603356799998,2.49971026536,2.486755992,2.4952943905200002,2.4920322392400003,2.52959483196,2.5847862735600002,2.5029543552,2.52291190284,2.52624949008,1.67612734992,1.0408707748800001,1.75478634444,1.6569365791200001,2.51770785228,1.6429608528000001,2.5129750678800002,2.3625555673200003,2.7720193078800004,3.0917519985600004,2.76449902488,2.57921348496,2.408158053,2.44048842324,2.39379930636,2.3935587162000003,2.6398550642400003,2.57843213136,2.58773720856,2.59373488272,2.72232359928,2.67536105772,2.68788499764,2.6591915535600004,2.33451248232,1.94519544372,2.48168568444,2.2508159656799998,2.33872501872,1.93351229328,2.6975569478400003,2.4507761802,2.87963471712,2.82065793144,2.65555821024,2.5528309236,2.97033175956,2.84684986608,2.93322340224,2.89354555968,2.78099432208,2.66905550472,2.42370011844,2.55441380268,0.0,2.2374097636800002e-11,5.6482569528e-11,0.0
2.45250359988,2.47915723008,2.4428814167999997,2.50422842292,2.50101486084,2.5188244713600003,2.5118722402800002,2.5358492436,2.60918693544,2.51827875084,2.5328283696000002,2.54427392376,1.82928222612,1.1911635018,2.1665737776,1.89735383028,2.75510938284,1.35599711124,2.4296720256000004,2.3149640164800003,2.86597251384,2.4022907353200003,2.6985915051600005,2.5778624598,2.43432819612,2.4565786631999997,2.4071531399999997,2.4160455034800004,2.6514591468,2.58357311412,2.67202410852,2.66867464392,2.81134760268,2.7401035654799997,2.77008879516,2.75209714692,2.29635140808,2.15879037672,2.35045965408,2.13673009464,2.37993749472,2.46931364712,2.50353340104,2.5957923654,2.79789241884,2.86180655436,2.90371091112,2.73444258012,2.90305029432,2.8425766668,2.95291694856,2.79800535192,2.84979515688,2.73192296016,2.44925916648,2.63211863292,0.0,1.07001384084e-11,1.32204135864e-11,0.0
2.4706132364399997,2.5039158814799998,2.44766936712,2.5267866216000003,2.5209922368,2.5305108610800002,2.5292802291600003,2.5462984737600003,2.71019509692,2.55357237516,2.5452517446000003,2.54038776936,1.93688875188,1.17944952912,1.88301712056,1.35555190656,2.6246649024,2.07225777228,2.48504835156,2.01402292896,2.86435895976,2.59207195416,2.79488479644,2.43473492208,2.4146531529599997,2.51919379836,2.48003625288,2.582450949,2.67640179912,2.70659174148,2.7712300524,2.7925458399600003,2.9940860378400003,2.9388896882399997,3.0176803153200003,2.94112430064,2.32304528388,2.2234868965200003,2.54953525068,2.03582274348,2.53173741936,2.64441950424,2.67963116496,2.5897522861200004,2.92034657712,2.8599841158,2.9411015766,2.5921832185199998,2.98172941164,2.86489692564,2.93537340072,2.84894891952,3.01575981492,2.82183526248,2.47646376876,2.72109890604,0.0,6.3117356076e-12,6.2665329276e-11,0.0
2.50283293128,2.51600992968,2.4639390435600004,2.55516472668,2.53663717392,2.54919026736,2.54346704856,2.59904381724,2.80897262148,2.5553905928400003,2.607217944,2.6214575244000002,2.2168309614000004,1.06769265132,1.93580879556,1.54725666876,2.74626668832,2.06279063292,2.6897647616400002,2.43050427516,2.95856119764,2.9771415604800002,2.3467248624,2.65240408404,2.46140303088,2.5616420106,2.4916795994400003,2.57946654144,2.70061949076,2.7665082619200003,2.73867347244,2.82882891708,2.75518535868,2.90394615156,2.8177926410400005,2.8990630842000003,2.44850220564,2.41591995684,2.55669415764,2.2957493928000003,2.5416190393200004,2.2678216458000002,2.8620583838400004,2.7269589108,2.9851238826,2.91582753612,2.9024731626,2.5022713579199998,2.94673561704,2.9059604929200002,2.8881008208,2.79648946704,2.8383578481600003,2.42164234128,2.4922181052,2.71307943036,0.0,4.79131048404e-12,5.680660059599999e-10,0.0
2.51510298036,2.5578707034,2.47795123632,2.56608085488,2.5439984377200004,2.56358886696,2.5622240503200002,2.66411108736,2.71208585484,2.590947924,2.61280467132,2.6744410531200002,2.19925477536,1.1245015734000001,1.8357323197200002,1.3462093322400002,2.83469299548,2.23158283884,2.5791954235200003,2.61967071792,2.9242883882400004,2.7722674563600003,2.51286026976,2.83304518356,2.50175611608,2.52359293692,2.51855448228,2.5495677416399998,2.68805280216,2.81987819748,2.76579998844,2.7969585736800004,2.58674083548,2.6466558835200003,2.58784567536,2.64343765884,2.46689385588,2.45668168212,2.50984189884,2.29974244344,2.24853673956,1.8506347746,2.95669237848,2.9163230478,2.86915623528,2.9302966146,2.6706437826,2.6926144936800003,3.00983404296,2.96688055212,2.84064065712,2.7777140112,2.51976985032,2.36218452252,2.50591319208,2.69689922676,0.0,4.5546904543200005e-12,2.6735709628799997e-09,0.0
2.53647923448,2.5792528962,2.5394584395599997,2.65568012496,2.5909845376800003,2.60155332672,2.61044529756,2.7123895128,2.62921893744,2.61512267064,2.627229087,2.69140319928,2.3779682088,1.3530213417599999,1.92013804236,1.38811471968,2.77157258172,2.24858714472,2.5315524859200003,2.50195969992,2.97336068268,3.01951875396,2.56213089648,2.7785996598,2.5443536296800002,2.5246261690800003,2.52412530768,2.5286133792,2.55573430008,2.66749672392,2.57822138184,2.61069324972,2.53636895172,2.58386553276,2.5616510904,2.55760773276,2.6981464967999997,2.37927604356,2.2212019771200002,2.13702953172,2.4191922186,2.04536831268,3.04568830812,2.97638882052,2.8111276261200002,2.86933051836,2.561066793,2.56351554144,3.1183455057600002,3.02744429052,2.80071392988,2.7087919978799997,2.5403498796000004,2.3753074347600003,2.54130630156,2.5880876397600003,0.0,4.593018744119999e-12,1.60903778748e-09,0.0
2.54787374544,2.60143685988,2.52387951504,2.66139406764,2.63286332376,2.65692268332,2.66756381628,2.6601460123200003,2.5829931357600002,2.62840386588,2.65552513032,2.6493830628,2.23715459676,1.19331669048,2.08969417848,1.85923889124,2.6845186986,1.93461791844,2.48192436048,2.18626820736,2.9558929143599997,2.8181233420800003,2.6759747540400003,2.59468723104,2.56266626112,2.5756947925199998,2.52731585124,2.51539063824,2.56400516352,2.55418940892,2.5312362144,2.5486745838,2.4594719292000002,2.5381898688,2.45547293988,2.5232850090000003,2.74756848624,2.47266301356,2.39499936144,2.2062485772000002,2.5188125449200003,2.16633264756,2.9209641016799996,2.9675118681600003,2.73679346304,2.89180037304,2.53076907096,2.56306621404,2.87112188928,2.96762524296,2.45631868644,2.80393190916,2.41572712152,2.43789650844,2.57551407996,2.56503044472,0.0,9.4933637856e-12,8.3701709304e-09,0.0
2.56185099324,2.62638064104,2.5473800988,2.6418632706,2.6517206941199998,2.6461771081200003,2.671248939,2.6167770102000003,2.53341212712,2.64119293596,2.6274987816,2.62229193348,2.2086544788,1.1822086104,2.13773422236,2.02332044784,2.6227967703600004,1.9472380060799999,2.52363980832,2.4697182135599998,2.79356380824,2.4141625002000002,2.7637844200800004,2.57758844616,2.56152426768,2.57359411944,2.54249384124,2.50843011264,2.49374331528,2.52579353688,2.49496378764,2.4979317534,2.3776021210800002,2.43275439684,2.3669254051200004,2.41299891156,2.25707258592,2.04041540448,1.89240298344,1.9870339842,2.54543118108,2.1010961496,2.71203378096,2.8445557687200003,2.52640369944,2.4931501344,2.4841724698800003,2.34316985076,2.6764628055600004,2.8124576941200004,2.61678898572,2.6666469528,2.5282621627200004,2.52933524784,2.5926139446,2.5426940876399997,0.0,2.0443223197200002e-11,5.280899042400001e-08,0.0
2.59584576444,2.6321773326,2.58072372564,2.6313618193200004,2.6462859675600003,2.64438127092,2.64467005764,2.60265070644,2.47324235388,2.6174837622,2.60393822208,2.5999129258800004,2.04556021548,1.0990859371200001,2.06525999496,1.79394531324,2.1370398876,2.13091804104,2.4557857758,2.21068894296,2.6395147926000004,2.4834797547600003,2.32591680744,2.43797361312,2.56522077696,2.6069742618,2.54241845436,2.51662995732,2.35752928452,2.4144964405200002,2.39434041336,2.4222507369599997,2.309401731,2.35259031504,2.325679113,2.36030628,2.38154879112,2.2072702264800004,2.2118506665599997,2.09857996524,2.5464270633600004,2.40377501268,2.7318905673600002,2.77278544668,2.51312093364,2.34098019564,2.4435869418,2.3582554722,2.7374903499600003,2.7851834964,2.4810177056400002,2.55663889356,2.3173430222399998,2.3324801776800004,2.61289051224,2.4650874174,0.0,2.8435043278799998e-09,9.630563490000001e-08,0.0
2.60492978532,2.62838693328,2.5869272904,2.60286175044,2.6250417386400002,2.6154209298,2.59776435072,2.57224657896,2.44018368552,2.59578937152,2.5925886193200003,2.5589375062800004,2.16395162952,1.2618895977600002,2.3662996842,1.9681790187600001,2.5036068738,1.7433570357600001,2.2997304679200004,2.0234759823600004,2.56929672372,2.2971327616800004,2.48964061992,2.0583896784,2.54249310504,2.59079032812,2.53528133892,2.47368667512,2.33579096724,2.4049307976,2.34147737604,2.34305824284,2.3040174096,2.3246686539600003,2.27950459992,2.2976536477200002,2.63701681692,2.6231584408799997,2.46449595432,2.38463337096,2.43320097576,2.50957343124,2.64806487216,2.6012103066,2.48510459724,2.66807743848,2.32580308908,2.4140956532400004,2.75669319444,2.64709794708,2.52660046116,2.47124838072,2.25526001244,2.3138107837199997,2.62029540816,2.42937788916,0.0,4.25070130248e-08,1.02963572484e-07,0.0
2.61843144792,2.6059911894,2.5817760499199998,2.58789372468,2.59406897028,2.58866550768,2.59000038552,2.5367380824,2.40433383756,2.5746930697200003,2.5641990295199997,2.5371862809600003,2.36541923808,1.1295943105200001,2.4618940272,1.9364548356,2.5670124914400003,2.20728902412,2.4339468445200003,2.30604814368,2.55304275288,2.6077379466,2.57540826348,2.31745335408,2.52853283892,2.55326469264,2.49452844804,2.4212717382,2.37545344776,2.34006230148,2.3697299835599996,2.3386402575600003,2.31867775284,2.3075438566799997,2.31737467884,2.30516406564,2.57140039068,2.42065818912,2.64537038016,2.50604143812,2.505416208,2.4223579276800002,2.6008265991600004,2.5856120445600004,2.54757759672,2.61546250056,2.32925056644,2.38404131892,2.63678859492,2.59108819464,2.4326002856400004,2.5038058932,2.34700815216,2.37706302636,2.60646932676,2.38421506212,0.0,7.438763574e-08,2.6769755934e-07,0.0
2.6000028404399997,2.59447736496,2.57677985316,2.54651049936,2.56286758728,2.57952509388,2.58438730224,2.51992513944,2.41131031416,2.5630572814800003,2.51775580344,2.4965999185200003,2.37370816296,1.79238697416,2.39691691704,2.022446922,2.51138708448,2.65078272624,2.41602871812,2.56980558516,2.6447224260000004,2.98520358852,2.52550877472,2.3799371020800004,2.52734745876,2.52652659576,2.49301462452,2.4422979046799997,2.35350349752,2.34566458716,2.3540479910400003,2.34801988728,2.43331415424,2.4009797594399998,2.32065229032,2.31798268188,2.56261050624,2.4920470123200005,2.53014550956,2.46672310656,2.49379985544,2.39189946864,2.50453713612,2.51816974416,2.61976495152,2.5721991186000004,2.3553483165599998,2.3639079176399997,2.769294828,2.6363127152400003,2.72837722464,2.6045147648399998,2.4123742704,2.48703815292,2.59284187212,2.35398163488,0.0,3.40114098108e-08,1.561396764e-07,0.0
2.56752846948,2.57726937708,2.56538813976,2.48586602436,2.5409405574,2.540655648,2.5550343702,2.4730637026799998,2.4161885716800002,2.47688948868,2.4975650276400003,2.47882770696,2.44672084704,2.23512175224,2.33078991156,2.1022094312400004,2.4886314369600004,2.1201996070800004,2.4659149552799997,2.3288064415200003,2.68016657868,2.36827009896,2.61877397724,2.48823094416,2.4828867702000004,2.52402601884,2.4530415657600004,2.4120568209599997,2.39394850956,2.36217932004,2.38741223148,2.4334989404400003,2.852208126,2.6348597509200005,2.78581486152,2.5569528092400002,2.5552828622400003,2.50031144628,2.63954144304,2.4671183478,2.46975919536,2.4101929588799997,2.69333047272,2.48333550864,2.8357727064000002,2.6968819506,2.8176662600399998,2.70718698372,2.8667441496,2.66622638628,3.12537410532,2.82489147408,2.97762779604,2.790451989,2.57681170608,2.46268711092,0.0,5.3617288944e-09,5.6147009568e-08,0.0
2.55279646944,2.53544256672,2.55781882584,2.47142138772,2.54422877016,2.4913667144400002,2.50299661308,2.44741807752,2.60969815272,2.5051030776,2.54543491116,2.43797974812,2.4195467234400003,1.72543179276,2.35108370628,2.14812332952,2.4583487334000003,2.0913261375600003,2.42432922588,2.35312155696,2.6272906824,2.20546324812,2.82225146088,2.5400090680800003,2.5130318534400002,2.5760570520000003,2.4892073907600003,2.54451412128,2.47169623572,2.5623975972,2.5040573791200003,2.6157934960800002,2.9339871852,2.91603661692,2.89135291068,2.87804516316,2.5648786402800003,2.513673918,2.57049785856,2.5122908926800003,2.50978619304,2.44710092256,2.6497670647200002,2.5328936459999998,2.6822515952400003,2.53772100756,2.76382623624,2.7102587536800002,2.65366971,2.7177789876,3.00225422592,2.87722268052,2.99206924248,2.84692775604,2.56599903852,2.6003386458,0.0,4.0840456962e-09,4.52168120952e-08,0.0
2.4910166268,2.5224286120799997,2.47725272976,2.48682440952,2.49791648952,2.48898083748,2.44930814832,2.50172652084,2.6906480053200004,2.54216073528,2.57710432104,2.56198748472,2.1638225982000003,1.27649860332,2.29530197952,2.1001864027200003,2.53120917132,2.10780641628,2.3331364263600003,2.1596137428000004,2.66265341136,2.2516092948,2.6364456729600003,2.53180573872,2.54397507564,2.557989477,2.52017402412,2.52108951336,2.51112818748,2.71542751572,2.6542024734,2.88998313696,2.85275149068,2.87510654724,2.87875044276,2.89356151068,2.5487258724,2.4530213448000002,2.5647792532800002,2.460717825,2.55495898332,2.35745384856,2.52772753428,2.53199877036,2.61480306168,2.51473905216,2.59448703372,2.4847488654,2.60414205132,2.726964555,2.89892251908,2.71810983588,2.9258334757199997,2.792004144,2.54662883124,2.7400426572,0.0,5.9395099428e-09,8.8185623748e-08,0.0
2.47421129124,2.50478243796,2.46450199116,2.5218824007600005,2.49774088128,2.5126513362000003,2.45982535428,2.59564713768,2.5845559902,2.5739911766400003,2.6337986904,2.6089686276,2.32506252096,1.16011362876,2.08835144784,2.0859450554400003,2.5155122093999998,2.0244717174,2.5600540272,2.2328003664000002,2.4711937056,2.24736083184,2.5770919038,2.3937436496399997,2.53435264716,2.5201384902,2.5399515954,2.535059301,2.63434377288,2.7662078923199998,2.73785251128,2.8671638326799997,2.7412426632000004,2.7279704986800004,2.8567960753199997,2.81844982224,2.52705513828,2.28680878368,2.45000719476,2.40589124412,2.52250203576,2.2481248602000004,2.51439505044,2.5316942289599997,2.61295657392,2.5592069064,2.56638691776,2.60783743176,2.6428961592,2.57338076868,2.74556847624,2.5456657344,2.85385731216,2.5995870346800003,2.49285742128,2.66120952684,0.0,6.2019205800000005e-09,2.6583009969600003e-06,0.0
2.48547029232,2.5377416211600003,2.4914181012,2.58721013844,2.52243474708,2.57716979376,2.4989592432,2.6065745052000002,2.66770987836,2.59794015528,2.6150626458,2.63609141352,2.0647858821600003,1.97133250692,2.38858489992,1.8382720624800002,2.5205878176,2.1260273172,2.63560890804,2.50810171836,2.7296795624400003,2.78493475896,2.5680633924,2.9025633716400003,2.533335366,2.5159971198,2.57667874836,2.63475977496,2.66200933452,2.73999877968,2.68989521628,2.76648357468,2.67789152436,2.67081247056,2.7939220922400003,2.76582791496,2.59770835044,2.4798124971599997,2.56079420268,2.4938384814,2.53519142436,2.5476560756400004,2.87882955972,2.60686005264,2.7911124585600002,2.65754933676,2.68456007304,2.66018257692,3.13111965552,2.89630326672,3.1437115221600003,2.8363491019200002,2.98333604544,2.59506583416,2.4864801624000004,2.75214519624,0.0,5.7548793264e-09,2.8258661538e-06,0.0
2.5195896285600003,2.57804808036,2.51116112016,2.61832612224,2.55180853812,2.5989963078000002,2.55645661044,2.6320089882,2.7895869540000002,2.6294025947999997,2.621594703,2.6407930321200004,2.15395884336,1.9642863858,2.5247271757200003,1.9947951518400002,2.47949082684,2.36291326236,2.64434117256,1.99049073768,3.20253777948,2.84564259624,3.26553083064,2.30414398692,2.55477935052,2.5593461954400003,2.58841161684,2.62995042576,2.74332159384,2.763217497,2.74121439312,2.9237616126,3.17948372556,3.0933610372800002,3.2687154355200003,3.17813019732,2.9166982644000004,2.58999425052,2.5961374959600003,2.55137000832,2.6000339571600004,2.6260563204,3.19821152472,2.932920186,3.42500588568,2.7027384216,2.68600920912,2.7014222923199998,3.44390914584,3.42076979088,3.49630086792,3.51402920196,3.26841148308,2.92099600368,2.50111326624,2.75165783184,0.0,3.66332894232e-08,5.074883779200001e-07,0.0
2.5246560587999998,2.60757956544,2.54536011324,2.64084525324,2.5852412451599998,2.61933103524,2.60023734468,2.64659664396,2.91277240428,2.6313203958,2.6602147243200003,2.6752418424,1.21934283288,1.59270126408,2.34477918396,2.03709229584,2.24220183672,2.2591379214000002,2.58400968072,2.27049498432,2.83538183328,3.0219783000000002,3.06117324444,2.89990289208,2.58408452772,2.5488807198,2.55880847496,2.5851260053200003,2.77504985064,2.9346199736400003,2.91734901612,3.09757907064,3.08397291672,3.14761274412,3.13669440732,3.10331230176,2.51940494052,2.41723854012,2.5673181616800003,2.18627478408,2.53277320368,2.54864547936,2.6204601206400002,2.57494180716,2.73509185944,2.57410641648,2.7961232320800002,2.7952622216400003,3.39181700808,3.02066202348,3.17755434168,3.1902254234400003,3.29551331184,3.09903738468,2.52034374276,2.82779347632,0.0,2.1199175934000001e-07,7.0995927984e-07,0.0
2.5686719353200003,2.6339758692,2.597076789,2.65302632028,2.62720523412,2.62607114256,2.65532930112,2.70963990396,2.8918682016000004,2.7170997694800003,2.73502776096,2.7235790166,1.74937174068,1.2304493424,2.1824253415199997,2.00231415876,2.51099454264,2.29315610376,2.5208808252,2.16982645644,2.5810897152,2.8925179717200002,3.0688438104,3.06255597528,2.57102458512,2.57059336824,2.56443976692,2.5747869106800003,2.83654365504,2.8494716706000003,2.88235831356,2.93407631448,3.1378649653200004,3.14003709888,3.14847080976,3.13803389868,2.5468204395600003,2.54301276408,2.455038042,2.0945677734,2.4822759205200002,2.455597554,3.03524840316,3.12346239024,2.73280350444,2.58640026936,2.7321640902,2.8011630609600005,3.04984965408,2.8292809438799997,3.02592035652,2.81659562892,3.1791178341600004,3.12715580748,2.54902364076,2.75502025356,0.0,2.80094494944e-07,4.9773147024e-07,0.0
2.6248818850799998,2.63236928448,2.61502514868,2.72866846536,2.66522814816,2.74012251036,2.67320301012,2.78826832164,2.98379293116,2.7346419430799997,2.80144968816,2.8096212627600003,2.2451343667200003,1.49769175836,2.45724914508,2.02455299388,2.58419044236,2.19737152668,2.46870063792,2.05707914424,2.87648132712,3.00680345112,2.96786323188,2.89161529236,2.59649131368,2.62472458368,2.57636448912,2.6114662597200002,3.0536317098,3.03516212052,3.05504236716,3.12876641676,3.15067086984,3.13237742868,3.12538190904,3.1462330071599998,2.5812485871599997,2.4161264364,2.68399972668,2.5139009620799997,2.6153015672400004,2.57696782956,2.88326261256,2.86950460512,2.8403802386400003,2.84784726984,3.00324868488,2.9183282112,2.93518468812,2.87790582504,3.02814083388,2.93525413632,3.0966191640000003,3.14709509736,2.60149413624,2.87500441176,0.0,2.1691922937599999e-07,2.7684409341599996e-07,0.0
2.64885015216,2.65270057632,2.6256970548000003,2.7475277989199998,2.7614239665599998,2.7467629362,2.73576783828,2.8072808829600002,2.9103024042,2.8101381733200004,2.80377441144,2.83237848084,2.36831603784,2.120970114,2.77709054796,2.0794771458,2.78356768464,2.16336473088,2.93352333012,2.04246925524,3.0201589534799997,2.35462016568,3.12589985028,2.45754833676,2.63798884632,2.76692220264,2.71361292996,2.84663965644,2.99770877988,3.08701361904,3.06227680824,3.1321536238800003,3.34440891828,3.26091353148,3.34184178888,3.2687000734800002,2.55665145804,2.5439989776000003,2.70550142928,2.7539764692,2.72232831096,2.8930175570400003,3.0765886344,2.6903430222,3.38490875268,3.16385547564,3.2356079816400003,3.09808866828,3.51649395048,3.29707925832,3.4485949606800004,3.11378435412,3.38598998508,3.23290298652,2.65276496928,3.04904390772,0.0,1.11527615304e-07,1.95905700996e-07,0.0
2.67716877228,2.7103890120000003,2.6395685352,2.82294741528,2.75481470652,2.7636489102,2.7890539452,2.8715684682,3.03112548684,2.8348830823199997,2.8684898270400003,2.8692934138800004,2.22145149984,1.41796556832,2.48758038876,1.98632644692,2.5635152960400003,2.21621515464,2.75871700824,2.2572269916,3.1661456466,2.68791537816,3.1444339306800004,2.7033310135199997,2.6777674992000002,2.80219182684,2.7481566118800003,2.95135154196,3.03086109288,3.17239397232,3.0745231516800002,3.21477420876,3.28431610248,3.30521245236,3.30220919808,3.33323192988,2.60440791768,2.5995012919200002,2.6498027949600003,2.5885992006,2.71220099652,2.85156606144,3.28521902724,2.86100404728,3.23007583128,2.80643739408,3.17233964076,3.11740915752,3.44806180464,3.28385293452,3.41227477908,3.29091888396,3.32822336496,3.2745538450800002,2.69228349816,3.13271936904,0.0,1.6807517165999999e-07,1.5672756645600001e-07,0.0
2.72548631448,2.74763513688,2.7286978152,2.8419361727999997,2.8557028674,2.81233793892,2.8731564516000003,2.9321898756,2.96834730792,2.8828344877200003,3.004807662,2.93018186556,2.2201029286800003,1.2459885612,2.3001772922400003,1.78148458836,2.56795993176,2.18710163484,2.35346069976,2.44447155972,3.01707437364,2.7534217179600002,3.0391109500800004,2.87576451372,2.71658506752,2.72745501144,2.69360738208,2.79954891792,2.94457884552,3.13105006008,3.15141173244,3.2758369926000004,3.26216355,3.16847076252,3.27039087948,3.30588710604,2.4683151636000003,2.19337106496,2.41268283636,1.9633908721200002,2.53972199916,2.41967207376,2.91439454736,2.57619800976,2.76364184268,2.4729850765199997,2.9200280970000003,2.8542260502,3.3594472266,3.3312059074800002,3.2550828274800003,3.28935445896,3.28710311028,3.06719025612,2.6921539760399997,3.0192793908,0.0,1.1921897646e-07,1.1511643815600001e-07,0.0
2.76816215976,2.7991357134,2.7812173906799997,2.8385812112399997,2.8886824188,2.8778502174,2.93255458908,2.9955764502,3.10326979848,2.9279059278,2.99890446684,2.99392765668,1.98891360096,1.09876343244,2.3959312924800003,1.76304066792,2.63948627712,2.00021186604,2.40382998228,2.14529298408,2.46881705568,2.7657514974,2.57597911296,2.70597421692,2.7536315840400003,2.73938954964,2.73159687264,2.70697849188,3.0058614096,3.0560787895200003,3.16957393368,3.16195068084,3.2277668136,3.21486682272,3.25646099388,3.26672460348,2.34898087368,1.92591426756,1.9321650963600001,2.00584497396,2.55965201292,2.53611137988,3.0169219311599997,2.38503739752,2.84404764348,2.25588175788,2.95151394768,2.89466119716,3.20742703092,3.15042640236,3.19666197096,2.5898164336800003,3.13466166096,3.04986761736,2.7604871275200003,2.88651588036,0.0,8.120674713600001e-08,8.3913754536e-08,0.0
2.81328287616,2.92258089504,2.756254272,2.9126467594800003,2.91935756604,2.95597423992,2.9384959193999998,2.9939966631600003,3.09619840116,2.98061107476,2.9894208856800004,3.01804807176,1.9871655186000001,1.6268432752800002,2.5426139890800004,2.24520415848,2.4512858269200004,1.938680859,2.42659196112,2.6997424311600002,2.92525271208,3.2150511672,2.4976484145600004,2.83743072696,2.79143231292,2.84077071912,2.79054062748,2.8823388288,3.10637901648,3.1652239242,3.2281970488800003,3.2482341552,2.83684132524,2.9107978668,2.94577674108,3.16351706904,2.8080589482,2.65786919112,2.51501326212,2.2566877496399997,2.72442427236,2.74789369032,2.91532245384,2.7097867513200002,2.48180985684,2.36008350588,3.08995326564,2.75502859716,2.67828647112,2.57632782636,3.0379150667999997,2.7940127920799998,2.8223721486000004,2.74445239704,2.83655877168,3.15403554924,0.0,4.87502476764e-08,7.7052689556e-08,0.0
2.8778826592800004,2.8960507992,2.7988620924000003,2.953547283,2.9537961186,2.97538037376,2.96194011024,3.02115355968,3.0093360772800004,3.00651697116,3.02662877724,3.02157250656,2.5913000239199997,2.1462485226,2.81734252836,2.42627426628,2.74446515784,2.01350415336,2.5307133651600004,2.20361685852,3.0491745096,2.3833430086800003,2.9749835619600002,2.56083582252,2.93880998232,2.96434296888,2.91972758016,2.96108086668,2.86972875348,2.99956341492,2.8174958052,2.89957704996,2.9376213138000002,2.81963107968,2.8342816069200003,2.79363438528,2.67747856524,2.69589868188,2.810312211,2.7176305205999998,2.82863951736,3.01450395588,3.23270887512,2.64770766792,3.30270986316,3.02652639636,3.07095518292,2.7676593842400004,3.45397599372,3.3278357802,3.44467665888,2.9148595312800003,3.13834815792,2.96438846604,2.84377313904,2.960425845,0.0,2.98401570528e-08,5.328983700000001e-08,0.0
2.85937861584,2.8468715594400003,2.9517925748400002,2.99249432436,2.9432006791200003,2.96590258404,3.02268225444,3.0412835744400004,2.9363381172,2.99600334804,3.01087728744,3.00195984408,2.6779682364,2.06039955348,2.8246602582,2.48875114308,2.5373471161200003,2.01025358496,2.72438216172,2.3587018548,3.0555846030000002,2.4672765817199998,2.965519122,2.68571752668,2.83620735888,2.8820652078,2.82539807784,2.84551920912,2.93932556772,2.8474881024,3.0066744198,3.0296818968,3.08708851512,3.05932837632,3.126490479,3.11722599096,2.7090414224400003,2.79168998292,2.78206367712,2.88970799448,2.86020752796,2.94038039508,3.2256860670000003,2.7221637948,3.0348901682400005,2.86543091604,3.19926595944,2.8781239856400003,3.42006235176,3.24953079972,3.3142520067600003,3.221011197,3.1150836489600002,3.05146708548,2.86332587484,2.9459180423999998,0.0,2.77024668552e-08,3.30788053932e-08,0.0
2.88759078144,2.91228410736,3.02874260376,2.98652060124,3.0045701148,2.9911832994,3.015448206,2.9720086759199997,3.00321899148,2.97341643756,3.01812640344,2.97981264132,2.22722001948,1.8159938652,2.49660620076,2.29999412568,2.630748123,2.12434352964,2.60941908384,2.39703706488,3.0907298094,2.35023261,2.94021048012,2.71045168716,2.90747755572,2.9226654108,2.85893434368,2.88084743484,2.8860556572,2.96575794528,3.01345491996,3.0762349639199997,3.0653667378000002,3.0544444746,3.06774054108,3.09204780372,2.76945463248,2.7401604982800003,2.80227168,2.29449088344,2.8542729216,2.7065939500800003,3.1338200862,2.80861070556,2.8469490567599998,2.82571699968,2.89598984184,2.9000424756000003,3.2752649161200003,3.19022002464,3.1587799165200003,3.26554300248,3.15323647776,3.0685051584,2.9061377208,3.06389890224,0.0,2.8994245584000005e-08,2.29300258152e-08,0.0
2.98305152868,2.97119110128,3.0243262872,2.95593836244,3.0212624681999998,2.97590945616,2.99069181228,2.9959719368399997,3.0207782940000003,2.99284451016,3.02216470584,3.01389983016,2.1231630574800002,1.1522479207199998,2.47055743248,1.9343225550000003,2.7039457896,1.8516732092400001,2.4385845118800002,2.23623091116,2.8387022916,2.5796231557200002,2.71516748988,2.5491788808,2.9152571283600004,2.9303560014000003,2.89836678624,2.87392371924,2.89921822608,2.9567818513199997,2.97317574924,3.00719530584,3.0391985087999998,3.01723776096,3.05406542976,3.0547235925600003,2.70428601216,2.65187735748,2.2349855061599997,2.07291922344,2.7679300113600003,2.59362283308,3.1587071308800003,2.64119219976,2.88015997128,2.7360831282,2.914564266,2.72711248212,3.1359462808800003,3.0763094182799997,3.1573910997600003,2.9107604187600002,3.0948913026,2.87413059144,2.9648353394400004,2.96944964472,0.0,2.17038758808e-08,5.3959293108e-08,0.0
2.98566062148,2.9836645869600003,3.005453064,2.9878883136,2.98627790064,2.99684840748,2.9858066344800003,3.0084766374,2.9961403794,3.01269516156,3.00940027392,3.01638509412,2.3192420256,1.0201317754800001,2.52037377972,2.0012164354800004,2.50823472516,2.06551089192,2.28156964092,2.23804829448,2.7982645434,2.14128378612,2.78417804352,2.22203766228,2.92628987064,2.9727198451200003,2.9026452861600003,2.89301186376,2.89051594944,2.9009190443999997,2.97156582708,3.0337904817599997,2.93314379448,2.93122172352,3.01682671596,2.9925363859200003,2.3764286182800003,2.15462858904,2.50865411376,2.34913439592,2.86112929944,2.64379721892,3.02739496512,2.48517753012,2.7668418096,2.3311667968800003,2.7806829094800003,2.74986508668,2.976705681,2.84707416168,3.0916255194,2.748579387,2.93700108984,2.7679052750400004,3.0046274893200002,3.0063561360000004,0.0,1.4109145882800001e-08,6.822237301200001e-08,0.0
2.98660197588,2.9945533776,2.98476932868,3.00614842944,2.98182698268,3.00496192044,2.99023168728,3.01534641408,2.9813758884,3.00478253304,3.00256539312,3.01404922968,2.09531889372,1.45020239208,2.56576306188,2.11150326912,2.3806416454800003,1.8616084245600002,2.40193024272,2.2071825696,2.49944670576,2.40295812516,2.45832571488,2.48215189536,2.9241481176,2.9827857114,2.9136000894,2.9383130964,2.8715331306,2.9249866494,2.97717866496,3.0130558013999997,2.79074578188,2.83871078244,2.8278695994,2.86511994516,2.304283914,2.2492140926400004,2.66506858908,2.528434728,2.75467473036,2.72463021204,2.84371669704,2.78745894336,2.96868242616,2.37682449756,2.83672431852,2.66086061712,2.84321210556,2.70052618968,3.01016356608,2.6888500086000002,2.79535969452,2.75611483572,2.9891786268000002,3.0002719338,0.0,6.0478093800000006e-09,4.52287532592e-08,0.0
2.97415730016,2.9897492308799998,2.9628857346,3.0065740512,2.9912744409600003,3.0092287883999997,2.9999018706,3.009716889,2.89995727272,2.9920183956,2.9890544544,2.9943845423999997,2.49382626048,2.0521898928,2.57520963672,2.05507569864,2.56396064796,2.0052409954800003,2.72076045036,2.1840771289200003,2.77213356612,2.27681369076,2.53191773928,2.56294493736,2.91410850912,2.9654851095600003,2.9389309645200004,2.9184160644,2.84038588284,2.81339536752,2.90555803692,2.84191585368,2.90361927876,2.7868951614,2.8911771552,2.84794312308,2.97561350376,2.75157415044,2.86134422076,2.74133650416,2.8340914710000003,2.7821167816799997,3.4117189480800003,3.0929944096799997,3.23892289392,2.81434987536,2.92926588552,2.82104193336,3.51675324012,3.37696476204,3.3202652883600003,3.2486745009600004,3.21849088992,2.7146785058400003,2.9811560590800004,2.8938938313600002,0.0,3.55364054112e-09,3.31475919948e-08,0.0
2.96568236208,2.98590199692,2.99453026092,2.9998041032400002,2.97628535988,3.00116975424,2.99690597832,2.9927252457600004,2.9734893704400003,2.97122241432,2.9920273281600003,2.97618989928,2.47184563524,1.84843495992,2.60443186872,2.23313887116,2.38173873072,2.13278803812,2.6764089648,2.19684995352,3.0144560538,2.99464260504,3.3634202526,3.2048120976,2.92303454148,2.9571141720000003,2.9041496863200003,2.879696607,2.8521359293199997,2.85258388248,2.9427844316400003,2.97452299524,3.32513952132,3.1574442534,3.32225445168,3.27538854864,2.90785861284,2.8872909517200003,2.91292617192,2.742525369,2.9055558774000003,2.75912211456,3.291374739,2.79207059832,2.99302296504,2.8201572663600003,2.8419030438,2.8374448129200003,3.3837858022800003,3.24251667876,3.46404465756,3.38646002424,3.45535582884,3.35456779116,2.97913494468,2.9599907508,0.0,3.1122796103999998e-09,5.3565823655999996e-08,0.0
2.97782328168,2.98968866616,3.00185923008,2.9616142190400003,2.99999443548,2.9860739241600003,2.98672079856,2.95469295744,3.05339622396,2.98428024648,3.00639633252,2.98344392328,2.69499035832,1.53773097696,2.53408393416,2.0900111862,2.35163673972,2.14265370708,2.72214224868,2.27187707712,2.88337839228,3.04700733312,3.3076808328,3.35831259516,2.93715353232,2.97786701196,2.94589762512,2.9268608673600003,2.90859211344,3.01586396268,3.0733002743999998,3.2294237544,3.3303592284,3.26338559292,3.33987726372,3.32516626992,2.88555980196,2.84578949268,2.8891840164,2.77892633628,2.94707421996,2.77190868156,3.115253613,2.96774666688,2.8961232903600003,2.69734924128,2.85774297576,2.90005975176,3.30311496948,3.0399786354000002,3.39382344756,3.320622738,3.35637859776,3.3520813002,2.98296637488,3.08041967196,0.0,1.2903534456e-08,3.5892763512e-08,0.0
2.98611966672,2.98374463644,2.97223518012,2.97795682836,2.9831443880400004,2.98626734844,2.96084641152,3.01059988728,3.13194370872,3.01065441516,3.00718377204,3.02694637392,2.59134071124,1.65226018764,2.49381399048,2.1076049919599997,2.41028365872,2.32887976704,2.8294146378,2.05925255388,3.2593288364400004,2.71577804508,3.2389112619600002,2.84572853532,2.96555941668,2.98835609508,2.95224749736,2.93068635888,3.09626755488,3.0662995031999998,3.16229954148,3.24389563044,3.3699606533999997,3.33589604136,3.36539321952,3.2917372929599997,2.92240592484,2.88863805048,2.93009793876,2.78775263808,2.95036287444,2.86276641192,3.18448198368,3.1030136008800002,3.30841958496,3.03547863744,3.34073356248,3.14503614228,3.33000305484,3.23321955252,3.47799368436,3.34081714572,3.3689044517999998,3.30436430088,2.99032277976,3.15912612684,0.0,1.06873486512e-08,3.33345293712e-08,0.0
2.97255071544,2.99735226276,2.96586827712,3.01049402172,2.99902535088,3.0284492526,2.97691662684,3.03190625148,3.22037885028,3.0419642158799998,3.0183682206,3.05421163908,2.73611689524,1.23129018096,2.46738225096,2.11264820736,2.7538873399200003,1.93179832152,2.78254112736,2.48691731796,3.30775401108,2.27741389008,3.1565707275599997,2.64354995388,2.96265957396,3.00676678836,2.98830088008,3.0820513856400003,3.33865099992,3.2529289516800004,3.29958808068,3.3282535000799998,3.37517093712,3.35403355536,3.34892211876,3.33486933684,2.94630420384,2.8844202134400003,2.97595431528,2.76915779664,3.02215479168,3.02817577884,2.9681031349199998,2.85599823084,2.92074844416,3.03660590688,3.2251742607600002,3.14364241752,3.33378236208,3.30154588188,3.40428406428,3.3093670743600003,3.41507508756,3.32870822628,2.97843153012,3.2991912198,0.0,8.8807055076e-09,2.9819765294400005e-08,0.0
2.98931806308,3.0168525811199998,2.9801813302799998,3.03998467224,3.01897391688,3.04227346896,2.99520005568,3.08592482832,3.1967408916,3.0911851245600004,3.09718270056,3.0848365774800004,2.8525266552,0.97546774848,2.3138030290800002,2.0647412684399997,2.86855284576,1.5203273562000001,2.42165416956,2.16653657496,3.25444248072,2.22676971048,3.1552675554,2.43622685592,2.98002991848,3.02202095052,3.00474493776,3.1163909438400004,3.20686771524,3.29594398884,3.31504268556,3.34628328348,3.31540661376,3.2683719246000003,3.3881158362,3.35104708644,2.95437982704,2.9540849053200002,3.04475770224,2.87139703176,2.93727839184,2.7674977638,3.28964584692,3.02025446316,3.1855210563600003,2.87424116868,2.83673624496,2.42685223236,3.40800462276,3.2211549032400004,3.37474138896,3.14906251824,3.23414593752,3.23088373716,2.97630410844,3.3086028496799997,0.0,2.03135533464e-08,6.674541838800001e-08,0.0
3.00546935856,3.0353064648,3.00114830628,3.08103140508,3.0331349202,3.06665130864,3.0255449436,3.15139151148,3.13047390996,3.0896863195199997,3.13861269912,3.14809097964,2.9277202581600004,1.4969365644000001,2.33368249044,1.88004184188,3.15296859912,2.28306741528,2.47216440984,2.40596653284,3.20321734116,2.60763792156,2.84721369612,2.92851810264,2.9905637134800003,2.9680263247200003,3.01440334188,3.02537640288,3.14437581996,3.22480915464,3.26118950832,3.35440528728,2.96697885936,3.1398056376000003,3.1565742122400002,3.3297575075999997,2.9717335825199998,2.9919520885199997,2.8817263104000004,2.80808427348,2.7665628879599997,2.76859332756,3.2835697429199997,3.21479639292,3.23929482216,3.17321257764,2.6572402309200003,2.6479859024400003,3.31957237692,3.2935320504,3.29476327128,3.22524488688,2.94288578184,2.6833748401200004,2.9898403724400002,3.12786260856,0.0,2.22648858024e-08,1.83190957668e-07,0.0
3.0549605508,3.04829322912,3.0222035281200004,3.096878061,3.06027930132,3.09980465232,3.06614480304,3.16654236024,3.17048893212,3.11901255204,3.1432625874,3.1449201662400004,2.92429727172,2.70907396248,2.59768057116,2.2123200186000003,3.30151132956,2.71780014108,2.7304575786,2.5792055830800003,3.46781409972,2.8437671512800002,3.2720895382800004,3.3426574003200002,3.02800954488,3.04265531136,3.05338626072,3.08677165464,3.0534497211600002,3.2151912906000004,3.01952140428,3.14812047672,3.1424649392400004,3.11696027184,3.07605523296,3.04985171544,3.39125293164,3.14075685708,2.8806400227599998,2.7574701308400003,2.9456373048,2.8911175229999997,3.51210678744,3.45006844044,3.4426584402,3.33920113764,3.0073575152400003,2.84644161864,3.52976375916,3.53640501936,3.5301205216800002,3.4371462654,3.3459175393200002,3.16710324648,3.03400054416,3.0874854741599997,0.0,1.59595983252e-08,2.62075582764e-08,0.0
3.0520861806,3.0852404568000003,3.03570887172,3.1537394496,3.08711815944,3.13878261408,3.1220001498,3.15739144332,3.13590898008,3.1147473528,3.14335255104,3.1500727318800004,2.23084546092,1.96887320628,2.61887945016,2.40895545576,3.0346102159200004,2.6757284706,2.71812392184,2.8799228658000002,3.4279854834,3.3709807812,3.4062840742800002,3.46258138644,3.04163106084,3.05504320152,3.0445116642000003,3.03421841028,3.09038153772,3.0964810038,3.1176845454,3.16472119776,3.38887309152,3.25739292492,3.396182625,3.30293518944,2.93552834628,2.74778080632,2.83489250568,2.46754470576,3.039946488,2.7229215900000003,3.2749690618800003,3.16235259696,3.2238763892400004,3.06161918532,2.9569126004400004,2.59705072752,3.53748232536,3.4930130478000003,3.52900591488,3.47963182752,3.43006642632,3.46766931372,3.0689111481599998,3.13649744928,0.0,1.31481776424e-08,8.355541164e-08,0.0
3.05345315676,3.1406282184000003,3.05708330988,3.1327864123199998,3.1152414902400003,3.148104084,3.1391509104,3.12626579076,3.2003632410000002,3.13159833276,3.1522687674,3.1172931324,1.73726090712,1.2416300117999999,2.38840772112,2.19894454068,2.8490439384000004,1.9963165827600002,2.77818571908,2.68708258872,3.4289309605200002,3.43294825668,3.1477466343600002,3.27067029192,3.00212828664,3.0173171724,3.0424272366000005,3.03047002344,3.0582312419999997,3.12673867656,3.15745730868,3.2120453607600004,3.26334230436,3.2610202314000003,3.2536133231999997,3.3364224734400003,2.39591141508,1.77999839688,1.8830486789999998,2.23073807388,2.96068061928,2.41925891832,2.81461593804,2.80720549608,2.4409787815199997,2.41772320512,2.7060213337200003,2.3560343568,3.5125161146400004,3.5019317672400003,3.45305142468,3.14194302252,3.14314371564,3.0227078742000004,3.0748850676000004,3.18149306076,0.0,3.88947166812e-08,7.2082946916e-08,0.0
3.09445051512,3.1338507612,3.08440806,3.11625931128,3.129361659,3.13971037332,3.1275509014800003,3.1450162158,3.1981481133600003,3.14166522972,3.15337130052,3.15854987856,2.08622574396,1.1802600362400002,2.32352675868,1.9912423488000002,2.82848368836,2.46401614824,2.5151151031200003,2.22515561652,3.23373302748,3.29206338048,3.05665739364,2.71268016456,2.94239930088,3.04430425212,3.04713518652,3.03605586732,2.6301876784800005,2.85775504944,2.89534070976,3.0485401506,3.1670364486,3.2358089151600002,3.2346019888799997,3.24889864932,2.09898482616,1.9387888350000002,1.9947365994,2.46372112836,2.68926610884,2.43384902808,2.8876522296,2.85151766856,2.0000117178,2.21689088808,2.15296418808,2.57297315928,3.44656309776,3.45013499292,3.27216021348,3.1681450185599997,2.9045175409199997,2.9005862329200003,3.0681831445200003,3.07670191104,0.0,6.902422242000001e-08,3.73148938128e-08,0.0
3.1125999064800003,3.14227352724,3.0999993526800003,3.1064408082000003,3.1258185738,3.16170994344,3.12978531756,3.16876450632,3.1326483012,3.15405439596,3.15719939328,3.17407702368,1.67453239716,1.38130879608,2.38223625468,2.0424038806800002,1.9712344941600002,2.37327748596,2.41888443792,2.21333244084,3.28561456296,2.95044267852,2.95705071156,2.48057269728,3.04187896392,3.07192387488,2.96502763488,3.01944596832,2.46451327956,2.6855672928,2.45940709452,2.62500757896,2.99722450752,3.17391358728,3.11228864112,3.18483501612,2.09385999072,2.05454828496,2.28519125412,2.5935594708,2.46600143424,2.3479283530800004,3.25149291996,3.03264122448,2.62971003192,2.2264443100799998,2.38327444392,2.39411813004,3.37864050048,3.3862370047200003,3.09094610496,2.8954169309999997,2.91173303712,2.88763416816,3.10142100396,3.00723800544,0.0,1.77999525576e-08,2.41063968504e-08,0.0
3.12083876976,3.14365002492,3.10467878712,3.12933437052,3.1226105086800002,3.16938531924,3.13203705888,3.1725653106,3.02443102392,3.1490904447599997,3.15750103896,3.1655218398,1.74942940968,1.34651117424,2.50092160884,1.95510764052,2.08784646372,2.3168461363199997,2.48810093124,2.000211228,3.07718652696,2.753152416,2.63752199736,2.1638256902400004,3.02202620208,3.0925030698000002,2.68793658072,2.8990490963999997,2.53788149916,2.6737412214000003,2.77669849692,2.5967933029199997,2.8616685414,3.11502283884,2.84219173236,3.00597787644,2.251428435,2.24911117188,2.63167946508,2.51147744076,2.59572306444,2.39312818644,2.98634440404,3.08731477392,2.7167950808400003,2.2366208517599997,2.73682948776,2.53442916288,2.55242390316,3.0819197530799998,2.474980473,2.7274870116,2.6664506818800002,2.75247481752,3.12071209428,2.7325741536,0.0,1.29753404592e-08,1.53491250888e-08,0.0
3.1309345257600003,3.1245265428,3.10561567524,3.14263235112,3.1201059072,3.1662601011600002,3.15748415544,3.14864798856,2.96465168208,3.1239397913999998,3.1545892698,3.142618167,2.32276341744,1.4187614496,2.5701971454,1.98592909524,2.33148532608,2.15082950256,2.5022515296,2.03047081488,2.589983502,2.2777714869600003,2.42468785344,2.0078551926,2.91846764748,3.01772173884,2.80385166336,2.83759691184,2.61228810432,2.8629417256800003,2.6564130366,2.73966876576,2.58160377912,2.85438183012,2.6492834794799998,2.71144231788,2.48946736752,2.5169255661600003,2.7037782795600003,2.74368331344,2.76694531932,2.6729699782800003,2.45976528036,2.73041453544,2.50454341836,2.7275355026400003,2.54121992076,2.634211944,2.4969593313600003,2.82681064932,2.4796279072800003,2.5804348407599997,2.4596568626399997,2.4770397225600003,3.11603167824,2.75679312132,0.0,9.3940778904e-09,9.8511844704e-09,0.0
3.12486455676,3.11617886916,3.1245607515600002,3.13548085524,3.1286713488,3.15075283344,3.15583555824,3.09931468668,2.8025832889199997,3.04665729456,3.1094960382,3.09724360884,2.63673009156,1.89707996388,2.60077781364,2.25605820048,2.63765500416,1.8116325182400002,2.6121484226400002,2.26854866784,2.211206148,1.9799222431200003,2.23137429792,2.03463049212,2.8432279584000004,3.00615814728,2.8683144642,2.7910559674799997,2.6446937142,2.7262452385200002,2.5347972138,2.5909090526400003,2.47616227032,2.59078134648,2.48311209648,2.60795699064,2.45975801652,2.55119552892,2.6449940838,2.79646154052,2.81256611184,2.7124790838,2.4166938993600002,2.50008400956,2.4848700439200004,2.53897249848,2.42939462544,2.66746673604,2.40817979544,2.4720565320000003,2.19960824952,2.289145188,2.31740427408,2.27523007548,3.11787271812,2.8167001693200002,0.0,8.2450655196e-09,5.691272628e-09,0.0
3.12121786368,3.12562775076,3.12562161576,3.0743427336,3.1424216997600003,3.1212403914,3.12569582472,3.01007635092,2.7596832952800003,3.0682664332800003,3.08663639016,2.98828492908,2.5817026753200003,1.3749500403600001,2.70100707552,2.27818827432,2.49368157264,1.63064192004,2.60498244816,2.29030450668,2.32170112992,2.00876896404,2.2683607896,2.30349436404,2.8762349946,2.94845297532,2.7516461508,2.7037126596000003,2.49585331356,2.6057268936,2.48470744188,2.48116249164,2.24061777972,2.36171580852,2.2431245407200002,2.3732201605200003,2.2506694128,2.37802681032,2.6502493738800004,2.76617245656,2.59908322848,2.6434280391600002,2.198507925,2.2906232322,2.21169616272,2.43150452556,2.19843288168,2.50055198736,2.08995464604,2.1919807267199998,2.149975167,2.27996320344,2.13340492464,2.14982822148,3.10025039688,2.6601896935200005,0.0,6.7940722524e-09,3.5263187358e-09,0.0
3.1124889366,3.09773701008,3.09923198688,3.01631314284,3.1120731308400003,3.0456443815200003,3.0791371134,2.95006314288,2.59559879388,3.0008975074800004,3.06401080464,2.95914907788,2.5483825578,1.21106122092,2.72576386188,2.29983589176,2.35525221792,1.8597324888,2.59571967792,2.3356069172400002,2.3009016148800003,2.23054754532,2.4676130742,2.30975746284,2.8591733142,2.83454050392,2.75582717784,2.52940278192,2.3902981354799997,2.5059229099199998,2.287894875,2.35273696608,2.2520841928800004,2.2672108451999997,2.24737486872,2.2621514334,2.21411644476,2.4332398962,2.19972991884,2.66766163272,2.81099795676,2.57943046764,2.1753246434399998,2.20259319696,2.11848602796,2.17077831396,2.2250418,2.3825293604400004,2.1383434033200004,2.20454982024,2.1251874602400003,2.21301729816,2.2337937456,2.36192012856,3.08881024152,2.53764699492,0.0,5.7446628336e-09,2.8250722848000003e-09,0.0
3.03905931792,3.0877045672800003,3.03443475492,3.0053230510800004,3.07914432816,3.05162860776,3.05251720116,2.89837699488,2.61570152016,2.82259830924,2.8423692547200003,2.87767323492,2.67072790572,0.96339740592,2.58038605524,2.28222750924,2.3458396064400002,2.00458783884,2.41478449104,2.30691602532,2.17399707852,2.2561804587600003,2.3100011941200003,2.32480004112,2.88994348032,2.81109317196,2.85841345764,2.59310832744,2.4106799797200003,2.44490846988,2.27531208816,2.27538752412,2.24169670536,2.24580543756,2.22059215812,2.2400470284000003,2.41149048684,2.5422466743600003,2.78405917176,2.62384664064,2.81256758424,2.58300280452,2.16104525916,2.2497209418,2.19799597152,2.3474549274000003,2.2081887096,2.35963079196,2.07837215868,2.09238400788,2.15192138532,2.2540334050800004,2.2395244245600003,2.31027088872,3.0881035386,2.37617134092,0.0,5.027122068e-09,2.5637853342e-09,0.0
3.0191174758800003,3.03294777816,3.01396559736,2.8708412498399998,3.0093078562800004,3.02789852592,3.01755197112,2.78030744748,2.51445247404,2.97702367032,2.80617486516,2.74611787776,2.66752028232,1.118166327,2.47832075964,2.34357103068,2.35912855632,1.8613288158,2.34057989916,2.30604780012,2.15623080564,2.1077805020400002,2.18508891312,2.2618222047599996,2.87265745524,2.91175767528,2.86671882432,2.68396105164,2.27686321248,2.40038544972,2.28916001016,2.2744395439200003,2.236684803,2.24038759452,2.2336152416400004,2.2337292054,2.6181427102800003,2.60421061608,2.61392983032,2.6662031223600002,2.70297042276,2.43366546888,2.1875514530399998,2.42040120624,2.1084495606,2.36779971624,2.2026083136,2.25513701796,2.02724753496,2.13481636728,2.1467228808,2.21388743748,2.2254739494,2.2623627228,3.04224181236,2.5203898288800004,0.0,2.3264894238e-09,2.66749638036e-09,0.0
2.94872316072,2.9698463092800003,2.95106295156,2.8148572644,2.9452889840400003,2.89404961128,2.98061372508,2.74586325072,2.52804091008,2.86266530712,2.76813496944,2.81684902896,2.69112722244,1.7662390152,2.53919988612,2.3582729937600004,2.40899506332,1.88043153708,2.25891873012,2.2244182386,2.1502453524,2.120123484,2.16905545872,2.20912618668,2.67956569224,2.89677728136,2.63056549632,2.53852145328,2.25439124736,2.32326795984,2.23434506124,2.25372395568,2.21739641208,2.23657236072,2.2209534360000003,2.2405385646,2.3736842119199997,2.6016336216,2.2158382693200003,2.41197912732,2.33467027452,2.54269364592,2.08296079512,2.2465140055200004,2.1158986775999997,2.14390971336,2.1603067524,2.25258799908,2.08630927812,2.11984279548,2.11493042736,2.1612535546800005,2.16990915624,2.1601730584800003,3.00697518204,2.4076150318800003,0.0,1.08169012008e-09,2.05353066024e-09,0.0
2.85901669992,2.79814336488,2.8399042608,2.7636121002,2.9174136544800002,2.79634389576,2.9324924538,2.7708180748799998,2.4495899166,2.8584546848400003,2.65058375592,2.74361573028,2.63993997264,1.9191317551200002,2.52300250452,2.31002931696,2.37198324636,1.81430070336,2.2435252298400004,2.29006475088,2.160814485,2.15330298732,2.18916598872,2.27421544464,2.559633657,2.7374594295600003,2.5358553786000004,2.3264758286400005,2.27303821176,2.2793901944400004,2.2288920769200002,2.24251241496,2.2007903904,2.2245206194800002,2.20616941116,2.21820284556,2.3958124698,2.65658795772,2.16384335904,2.34626733864,2.2428865518000003,2.32300862112,2.10756558072,2.10957280548,2.1366521065199997,2.13243603636,2.1810030031200003,2.29735425972,2.0453172204,2.0816317578,2.16319668096,2.15978360868,2.17705157232,2.18516778468,2.9380120887600003,2.50948925904,0.0,8.010442996800001e-10,1.55113659e-09,0.0
2.9217546332400004,2.77899907284,2.81557682628,2.75011397136,2.88752108784,2.83125891696,2.9092241166,2.70644401068,2.51657474232,2.6852875368,2.74049365332,2.6769462926400003,2.58233296068,1.9397015266800002,2.43144484428,2.35727554092,2.22864790392,1.7385804720000002,2.23527556896,2.31168483444,2.0745451456799997,2.12274857688,2.18623802316,2.24648450844,2.608336968,2.6243932446000002,2.5616956550400003,2.3353202409600002,2.29472666376,2.2944656072400003,2.2979075876399997,2.2724466996,2.1892313142,2.2124972464800003,2.19732529332,2.20549122372,2.76481004484,2.71017639744,2.32171016064,2.27779558524,2.5691930667600005,2.4206501400000002,2.0892838206000004,2.2363284822,2.11824327828,2.16631777632,2.2001812585200002,2.25137940408,2.036250672,2.0570475367200003,2.14380635088,2.18257724412,2.16978886116,2.17500886272,2.85887559492,2.37748948248,0.0,5.2200000876e-10,1.1299288398e-09,0.0
2.8885776820799998,2.78736029256,2.77750007148,2.71012805364,2.8138107315600003,2.7861701025600003,2.8521499662,2.66566736508,2.42759240784,2.68859116068,2.6954584833600004,2.5443230528400003,2.61578760648,2.20332188772,2.4069390530400003,2.4133817846400003,2.30490423612,1.50013054356,2.3080596384,2.2521866719199997,2.12234194908,2.08327314024,2.21611542408,2.1862899007200003,2.62090753392,2.7227866200000004,2.56353119796,2.3474831484000003,2.19065424156,2.27762890956,2.2195432203600003,2.2433152165199997,2.18211108228,2.20098558156,2.17642226856,2.18353047588,2.3670380928,2.67321375864,2.48293997292,2.5105793749200003,2.52937107624,2.37352116816,2.0079716594400003,2.06460011436,2.10253129788,2.28880545624,2.12651384724,2.1960105382800004,1.9921943535600002,2.0276150950800003,2.0545892176800002,2.1560175039600002,2.12997118968,2.17064358936,2.85048733212,2.30469417372,0.0,2.62205031264e-10,6.7483262568e-10,0.0
2.7825066241200003,2.7256543644,2.73570432876,2.63846673828,2.79042906864,2.69536302276,2.63823424632,2.5682030250000003,2.33906749896,2.63660027496,2.60126836824,2.5235306544,2.57307406776,2.48261364,2.33693678892,2.35180910868,2.33834852604,2.16609833964,2.25788127708,2.25080354844,2.14730673648,2.12506299336,2.1811257522000003,2.1951773562,2.6372713458000003,2.7907393523999997,2.4612550056,2.3066792634,2.1688193348400002,2.27380096404,2.19889683492,2.21616597648,2.14361385912,2.17415747196,2.17399560612,2.18009021328,2.53905230256,2.6062822338,2.23069149696,2.340469371,2.4787568354400005,2.3190193005600004,2.0163841186800004,2.20692332904,2.12589808956,2.22556602348,2.0751495168,2.16902228064,2.08371976824,2.06910502032,2.1006941844,2.17806571236,2.1205517560800002,2.1502361744400003,2.79575792964,2.32291237524,0.0,2.2804550831999999e-10,3.82382731536e-10,0.0
2.741347449,2.6422689168,2.71514393148,2.6031305616000004,2.75964673068,2.6744391390000004,2.58896229444,2.58306572508,2.30363124816,2.6685245082000004,2.55176534772,2.53273742436,2.47126398816,2.31485932884,2.23814930112,2.16327702492,2.3115592387199997,2.1312173799600003,2.20475350224,2.25589309536,2.16713432028,2.12987646528,2.16175048968,2.2042608372,2.5374025274400003,2.6476522566,2.42440264956,2.25386147784,2.17620641472,2.22168875256,2.15882586156,2.17559453436,2.14767439476,2.16181885812,2.14822158768,2.1539430396,2.5780131354,2.51685739404,2.42842608072,2.3690921889600003,2.29093552824,2.36754528552,2.0954033604,2.30476008816,2.19112496784,2.23344203832,2.10767326224,2.2047175266,2.08786280736,2.0709590173200003,2.11669774908,2.1249536922,2.11875184524,2.14882036368,2.7436880251200004,2.3044367982,0.0,2.62834781652e-10,2.12742447756e-10,0.0
2.6169804468,2.63271338436,2.64016127436,2.6054805610800003,2.63369945064,2.6467997860800003,2.5520248336800004,2.52586843296,2.2955189622,2.60254587156,2.4070812378,2.57488153692,2.4973412719200003,2.24617142712,2.1709189281600003,2.2473284881200004,2.2261194986399997,1.54380467604,2.219503122,2.2423713099600002,2.1209361015600003,2.0657373470400002,2.1894116832,2.1388832833199998,2.5618448582399997,2.66983474788,2.3974998402,2.2446592232400002,2.2353127716,2.2050421908,2.24205842496,2.18153277264,2.15579104884,2.15391619284,2.14966979124,2.1512696520000003,2.5819964682,2.54623820352,2.5049018496,2.3706480249600004,2.45968670328,2.3779819021199997,2.12677549272,2.30747170908,2.20348851432,2.3162420106000003,2.18904451572,2.22139505784,2.0832728948400003,2.08830668688,2.1192066696,2.13105664296,2.1524392284,2.1803650612800003,2.70252757392,2.25724647636,0.0,2.46480270432e-10,1.91286482808e-10,0.0
2.58712429752,2.62106360832,2.57337419196,2.51086448064,2.61839728824,2.6148794792400003,2.5054230792000003,2.49337879812,2.27559488712,2.4939855741600003,2.4656960584800003,2.47028528388,2.54089182096,2.07432021204,2.18790463272,2.2147246932,2.2975578435600004,1.18741840332,2.20998597012,2.24603145096,2.1327637926,1.9021162099200002,2.18129856288,2.15650545732,2.5533927914400003,2.57432094516,2.49503834016,2.379685518,2.21809482048,2.20187108292,2.22594870024,2.1725752309199997,2.15567772312,2.15172310212,2.15003322864,2.15141060976,2.47594960668,2.5411081656,2.43082658352,2.39388966264,2.48534523648,2.2815107940000003,2.0984367498000003,2.2141023588,2.13004952136,2.20011023976,2.15928093132,2.1606581652,2.0775230256,2.09588954688,2.12172015456,2.13620484048,2.15815400544,2.1517726238400003,2.60659477524,2.2494600816,0.0,2.31317976216e-10,2.23498864728e-10,0.0
2.61204756324,2.61316236636,2.5460500308,2.47248043596,2.6401730044800003,2.54263450452,2.4849042035999998,2.4100716822,2.25696568968,2.51053716612,2.40998441796,2.44192995192,2.49637827324,2.46572589912,2.2633162981200003,2.1519929439600003,2.2303868574,1.64371904064,2.1984009306,2.19779646132,2.1526407999600004,1.92510341688,2.14238455236,2.18579772648,2.47858716588,2.5211807530800003,2.50451701332,2.42086157664,2.1803116622400003,2.19186136416,2.16511423656,2.15600547936,2.1224554220400003,2.13368423892,2.13860499972,2.14492179204,2.43788836116,2.49267459828,2.2793221204800003,2.3432100472800004,2.40020679852,2.3160368562,2.0787024670800003,2.21545627968,2.09202106128,2.1381637705200003,2.14397204496,2.1964725774000002,2.0620117824,2.09835434448,2.0934061479599997,2.156797287,2.11330892232,2.1445479006,2.5730641536,2.2249965973199997,0.0,2.3613095242799997e-10,4.12554764604e-10,0.0
2.5886809187999997,2.5651155985200003,2.5187187039600003,2.52945809508,2.51620094904,2.44516221348,2.47423853064,2.3860270957200003,2.38059747348,2.4672309864,2.3235504152399997,2.39768325216,2.44876277136,1.2479256997200001,2.2936045477199998,2.26631695116,2.2450169673600002,1.25945915616,2.209253991,2.24291663784,2.13628047276,1.9623868916400002,2.15887646304,2.19338137176,2.49584104356,2.42263017444,2.3778087969599997,2.26907652324,2.2327022064,2.1715230048,2.18613058704,2.16113586084,2.10514294284,2.13258622116,2.1026449671600003,2.1147729296400004,2.4655617756,2.51276382756,2.2794717163200002,2.2638219202800003,2.43020581968,2.34740947932,2.11662461988,2.2338150954,2.05564355424,2.13556729128,2.10823724052,2.16972505716,2.02411559292,2.07250866924,2.0937047997600002,2.1433875021600004,2.10772204776,2.13282892176,2.55847384752,2.25071486088,0.0,2.57982399108e-10,1.79835161748e-09,0.0
2.4865277700000004,2.50969657296,2.43606067104,2.4892665321600003,2.4514267356,2.44614356808,2.4645786050400003,2.36946136872,2.26488720168,2.4224978056800004,2.2646254580400003,2.37535057608,2.3938083370800003,2.0129316842400002,2.2499789062800004,2.1517695318000003,2.22849865164,1.54419525468,2.19748279104,2.217341148,2.1099975438,1.924324959,2.142681879,2.14929801024,2.39187546852,2.43120739524,2.37570017292,2.28386609412,2.2237970330400003,2.20899396516,2.23288561836,2.1642843428400003,2.1173702923200004,2.11477945728,2.1110179170000003,2.11404311004,2.45123110272,2.39933582484,2.35391321736,2.3335842322800002,2.4639066016799998,2.3543479680000003,2.27317347624,2.2509271809599998,2.0740370695199997,2.11436826504,2.08445474124,2.17717780608,2.036172144,2.06710932936,2.04420143568,2.10873015096,2.10688729512,2.1298798517999997,2.53805887428,2.20588567968,0.0,2.65396423908e-10,3.4198112094000002e-09,0.0
2.45602852548,2.47361300604,2.4311142414,2.37957911256,2.40360107316,2.45659765716,2.3934900042000002,2.33078583792,2.22444832464,2.315515872,2.2919812758,2.3360003425199998,2.3564014752,2.45971276476,2.2250545608000003,2.13201365388,2.2203546109200003,2.1371800110000003,2.19075117456,2.1876533922,2.08809799872,2.0148949824,2.15188393728,2.13070410132,2.39739711576,2.4466044783600003,2.42467352208,2.2935567438,2.15709736212,2.19920171988,2.1482635020000003,2.1430700036399997,2.0899366827600003,2.10476056056,2.10692469408,2.1061772056800003,2.4101386764000003,2.3939575893600002,2.38638429996,2.3478852117600004,2.37461687916,2.33156989092,2.07073025544,2.15518692312,2.05538784744,2.1795731064,2.12765957076,2.14594167444,2.02745362188,2.04741916956,2.07128760792,2.08674864228,2.08231264464,2.11857142716,2.46125269884,2.19614575368,0.0,2.12164574928e-10,4.54774062816e-09,0.0
2.4767244817200003,2.43816743004,2.45614533588,2.33387787792,2.37015437832,2.35243738176,2.36045484516,2.33312101524,2.1875321155200003,2.33368317756,2.34327419484,2.28723038088,2.34420651852,2.42082957648,2.240571939,2.1644031164400004,2.18953472676,2.29870445052,2.21800063596,2.1709253576400003,2.06014566264,2.10388099788,2.1655681284,2.1408803976,2.39945548188,2.41205809704,2.38651396932,2.2220484108000003,2.1888087354000003,2.16794561268,2.20874635656,2.1353116826400003,2.079583404,2.0846582269200002,2.08325252664,2.08768106412,2.32889596344,2.42414777712,2.2721330784000004,2.36115811248,2.3883498067200004,2.2840067574000003,2.02630470816,2.08622068872,2.02219597596,2.11118660496,2.13334092432,2.17798448496,1.9936156612800002,2.04686456556,2.02161270924,2.1231839164800004,2.08988642484,2.09769372768,2.444067435,2.16788190684,0.0,3.36925601184e-10,3.992691129e-09,0.0
2.45037661992,2.3191715958,2.3924296308,2.3156948176800003,2.35097185296,2.3265538658400002,2.3387344420800003,2.29767028584,2.23579974336,2.31404901804,2.28732692124,2.28571518312,2.3749993105200002,2.38954608264,2.2699783682400003,2.12012952084,2.14315285068,2.22134062812,2.1993004688399997,2.19902935092,2.0688359637600002,2.08350936228,2.1454441014000003,2.108924655,2.38483999776,2.40153441252,2.3789195755200003,2.32496931804,2.1620049204,2.1534602396399998,2.13131239884,2.1136962126,2.07577837884,2.08631379348,2.07429680088,2.08115023392,2.46477374712,2.43484329072,2.30271963624,2.33425991664,2.3605682199599998,2.24667768732,2.02906624344,2.0979189558,2.03706775584,2.1413753694,2.1396200232,2.12853142788,2.02798407852,2.04723462876,2.07053408268,2.09211235008,2.07259033836,2.10709750476,2.44953430896,2.17450122828,0.0,7.3258388376e-10,9.275485395600001e-09,0.0
2.39962382628,2.3143420256400002,2.3810146044,2.2927675374,2.36566689576,2.31182535048,2.2977950472,2.2858207542000004,2.15242445532,2.28526448148,2.23067377908,2.2587019437599998,2.38302649176,2.31599523636,2.27733300624,2.09457248508,2.1882197263200003,2.21885300832,2.1713968692,2.19098160516,2.06611015872,2.09677632432,2.12899120932,2.148668412,2.40084262992,2.3754237052800002,2.42027153688,2.33013616596,2.18547527088,2.12768121504,2.1154223071200002,2.087533137,2.0888020513199996,2.0989056601200002,2.08525808268,2.08872278712,2.3930560388399997,2.41441580208,2.35205038596,2.2848686022,2.35565231808,2.2462033782,2.15879641356,2.1530088018,2.1113464094400003,2.1409245695999997,2.1192003873600003,2.1270655555199998,2.02772871528,2.0374582854,2.0437172124000003,2.08171440852,2.0836272524400004,2.10529293132,2.41877729628,2.1378249712799997,0.0,2.03473503252e-09,2.68643934624e-08,0.0
2.34465152688,2.30778214008,2.33539346832,2.29501137684,2.33923608876,2.2965251022,2.2623010783199997,2.27555336544,2.19626585244,2.2939196903999997,2.2112937067200003,2.2487838082800002,2.35558179012,2.2920543559200004,2.2907058829199998,2.0511532741200003,2.14444959336,2.18421474924,2.18835322392,2.15909624328,2.05756253316,2.08578598716,2.10780828132,2.1056221108799997,2.3818951486800004,2.3712665802000004,2.33678218692,2.20854856416,2.15603512368,2.1196577638800003,2.1043783746,2.08762265892,2.0936683824,2.09670918288,2.09298008448,2.0931668829600003,2.3675051871600004,2.3526401803200003,2.34186854364,2.24457990996,2.35845699468,2.29937169312,2.16469224672,2.15772475176,2.08135499568,2.13306067752,2.0693651934,2.1217016514,2.03048004192,2.03404143396,2.04906482196,2.08580473572,2.0750955288000004,2.08048313856,2.38883260668,2.1050413963200003,0.0,1.48071920724e-08,2.77044703008e-08,0.0
2.3083095537600005,2.30691995172,2.2717547697600002,2.29031849448,2.29910518872,2.29618321092,2.26173503868,2.25407571204,2.1638153343599997,2.24653677864,2.2108091889600003,2.25027004884,2.2991071028400003,2.24108713176,2.2932936749999997,2.04782187096,2.1619168708800003,2.2343618465999997,2.17114602132,2.15724533832,2.06421027192,2.08482225228,2.0957625769200003,2.11136849544,2.3358489798,2.32324631556,2.34643450512,2.21014930836,2.12236683264,2.12156260776,2.10888995544,2.10045585192,2.07703634832,2.08843753416,2.08517602092,2.0916195378,2.36731892856,2.32351684452,2.36399277696,2.25130539144,2.3120930328,2.20100187612,2.0790603093600004,2.1852425335200003,2.06486784576,2.1270583407599997,2.1194258118,2.11902394476,2.0423399785200003,2.07707409084,2.05291956516,2.08908926748,2.0688645283200002,2.07445366056,2.34321328656,2.15456915316,0.0,1.19338515708e-08,1.06717068552e-07,0.0
2.2906340788799997,2.30325504996,2.265623598,2.2489440054000003,2.2582503586800002,2.2715826462,2.2448472978,2.1951399081600003,2.174934801,2.2311809718,2.21855558352,2.20826728668,2.2794466364400003,2.3628245748000003,2.26650438768,2.10527761836,2.1608240065200004,2.27391954132,2.16119348076,2.2076033815200002,2.10129408924,2.05228864176,2.09782388784,2.08810619508,2.30263197936,2.29176228084,2.31664574268,2.28009463968,2.12978252616,2.12521361988,2.10882791832,2.09783728668,2.06932146312,2.07333679608,2.06862226944,2.0741421498,2.37852492324,2.34073347048,2.31245656836,2.25973512684,2.2882599320400003,2.21464587072,2.08913908368,2.17180825776,2.05151867472,2.11095072648,2.07006414168,2.09040711456,2.04333546816,2.08395868968,2.0573756856000003,2.09046841548,2.0738371176,2.0795259804,2.31074509968,2.1724354510799997,0.0,1.6040978364000002e-08,2.15089953972e-07,0.0
2.28752142528,2.28155825436,2.2873775718,2.2072852449600004,2.26267281024,2.22112506876,2.2334295720000004,2.1934161694800003,2.1288450981600002,2.2205454830400004,2.18860225584,2.1845218428,2.28289107084,2.33390433204,2.1151546247999997,2.19640224576,2.15850963912,2.25340037124,2.14760160912,2.22008329668,2.11578584268,2.04563339376,2.0854603904399998,2.096632569,2.30233661592,2.28927407208,2.2896697550400003,2.2500502686,2.10621229788,2.0972091117600002,2.0754513587999996,2.07608468712,2.07246528252,2.07136112976,2.06848999884,2.0706793104,2.34425275188,2.3297733666000005,2.28052389336,2.24248512648,2.292240909,2.2007248686,2.14116903708,2.10967621704,2.06062964052,2.1276312516,2.05765534344,2.12023087104,2.0281404473999998,2.08137933936,2.0535099484800003,2.0926427085599997,2.0616583573200002,2.0743757706,2.2915093716,2.16700229508,0.0,4.5364930136400006e-08,2.0421773274e-07,0.0
2.28341357652,2.2320243625200002,2.27585879028,2.2031836784400003,2.23943446092,2.19440179404,2.2176902049600002,2.19780176196,2.16453553428,2.2051934062800003,2.1816572886,2.18142131196,2.32155742368,2.32407262644,2.10984937128,2.18647969308,2.1582861288,2.2230842442,2.12901466956,2.19687095976,2.06972534244,2.0964556846800004,2.08499231448,2.08417282572,2.26734375384,2.26965925008,2.31895633092,2.19773741808,2.16738963444,2.07939454416,2.0805752617200004,2.06829947028,2.07749249784,2.0698691468400003,2.06770422804,2.07044392272,2.29775956236,2.24858046984,2.24396253264,2.2630311924,2.26412685432,2.1702884464800003,2.09222106228,2.1749328378,2.0631470028,2.14512395256,2.10445503756,2.10703252284,2.0606716039200004,2.07928170924,2.06240839788,2.08780464756,2.07248677956,2.0715496951200003,2.2850589344400003,2.10358676328,0.0,5.42170809e-08,1.43604713112e-07,0.0
2.24311987812,2.22595115424,2.24537584032,2.20596847764,2.22258235212,2.1971427648,2.20863916584,2.1952836144,2.10934963872,2.19931838304,2.17493637156,2.1803237849999997,2.26148060796,2.30941993968,2.09009619276,2.04368207112,2.17655090724,2.2208064414,2.12952789912,2.1603502372800003,2.06690368416,2.0605180326,2.10327432,2.09326146012,2.2580946278400003,2.24806949796,2.29154799756,2.2587428274,2.1537507932400004,2.07969000576,2.12146798152,2.07396639432,2.0675565954,2.0687188098,2.0708749432799998,2.0665899648,2.27230274796,2.2449459486,2.2665832592400004,2.24677535652,2.26107275316,2.1400541358,2.0623096980000004,2.1486467186400002,2.05271598132,2.11625391864,2.1067361777999998,2.09400934116,2.04292687716,2.06825829216,2.06323794804,2.0801044863600002,2.06330989932,2.06961520692,2.279173359,2.12077639524,0.0,6.4527694416e-08,2.42008444392e-07,0.0
2.2318404597600003,2.2361816348400003,2.21497529568,2.20536592248,2.20002464424,2.20150391544,2.18054086584,2.1784778862,2.11396055748,2.18007067944,2.18135034228,2.1699637332000004,2.24684554092,2.30059192008,2.10020122488,2.13635271852,2.1533939325600002,2.20846763124,2.15792921904,2.1363734302800004,2.06539825332,2.05202812512,2.08926988188,2.07976436196,2.26982332452,2.2570329292799998,2.26640848536,2.28023122932,2.12220575208,2.0946651972,2.0941815137999997,2.07091008456,2.06599786368,2.06534053524,2.06691654312,2.06546951748,2.2599972140399998,2.2444073446800004,2.23976192268,2.1856020936,2.23122308244,2.1174175072800003,2.1055602209999997,2.1453019166400003,2.05460026068,2.10535982736,2.11306833216,2.1006156564,2.04043709784,2.07342867384,2.0731139238,2.0873952222,2.0718805924800003,2.07391014864,2.2559810957999997,2.10219058452,0.0,6.8024737668e-08,3.40335645228e-07,0.0
2.22165621252,2.21895990456,2.2221539328,2.18215834632,2.1910074212399997,2.1986666497200003,2.16468189084,2.1588049044,2.1602434882800003,2.1816690678,2.15969997636,2.1596044666800003,2.2504353012,2.30394511476,2.14765373208,2.0605316768399997,2.14892716176,2.218703118,2.1655694044800002,2.11606967232,2.0655752358,2.06271941784,2.08019337024,2.07060652476,2.2593242781600003,2.23892643384,2.2433010324,2.25043294536,2.09236619184,2.08960828848,2.06774295216,2.06733195624,2.06695232244,2.06119965564,2.06844523788,2.0639921604,2.2291674157199997,2.2397399839200003,2.19232718244,2.1254228970000004,2.2004682292799997,2.14768273836,2.1111575496,2.16329788392,2.0613369814799998,2.11948313724,2.10684876732,2.11737731076,2.04191312976,2.080768686,2.06861147184,2.0815429229999998,2.06181909432,2.0538461464799997,2.2360377322800002,2.12818605192,0.0,5.5532601588e-08,3.21838919616e-07,0.0
2.23077051576,2.17771341612,2.21946243468,2.15763773292,2.19197925432,2.1737764639200003,2.17931411124,2.15318141616,2.1345287094,2.17668715332,2.14116010452,2.1423423435599998,2.2543754926800004,2.31218559768,2.14933388772,1.9960502256,2.13853555152,2.19041900112,2.15795866704,2.1238439934,2.0830722558,2.0632482057600003,2.06770005624,2.05714319364,2.2290919797599997,2.22375585492,2.25166470612,2.24854896048,2.08844514156,2.1019788043200003,2.06906511828,2.06633469972,2.05689833352,2.05784454684,2.06308624176,2.06013565032,2.22628087368,2.1800469738,2.2091123952,2.1025633962,2.23751135928,2.1885145008,2.06604581484,2.15791896132,2.05259411568,2.0966249616,2.0911306519200004,2.10175558848,2.05098331008,2.09117448036,2.04952008804,2.0821554414000003,2.0584152490800003,2.05790491524,2.2265635254,2.10640140312,0.0,4.4770012806e-08,2.54393635152e-07,0.0
2.20814345784,2.1662002788,2.213018427,2.16026876448,2.1735843648000004,2.17803356496,2.18069620404,2.1375553748400002,2.10334543692,2.1583084602000002,2.1424419759599997,2.13930870876,2.2080920710800003,2.3020328598,2.15022812532,1.93970594388,2.1414423636000004,2.18595173952,2.13631836252,2.13734653944,2.1017479320000003,2.08264889172,2.06595967944,2.07833706648,2.22294520056,2.21564332356,2.24238564132,2.2297250136,2.08982875584,2.09787777768,2.06654859036,2.06152284744,2.0586235446,2.06027994552,2.0570610828,2.0566261358399998,2.230427103,2.19012589536,2.2034221090800004,2.12392114716,2.2212337318800004,2.1719635468800003,2.0867782866000004,2.12764739892,2.04076784796,2.0820904103999998,2.073772332,2.10252153096,2.04245173368,2.07376192704,2.05250690052,2.06463913296,2.0551788648000002,2.052400446,2.2194167412000003,2.1037665924,0.0,3.6590214852e-08,2.3132324740800003e-07,0.0
2.18826802104,2.17460576868,2.19924770784,2.14837137984,2.16311996892,2.16128972664,2.16690153384,2.13944598552,2.1362662395600003,2.13335304708,2.1226917422400002,2.1295269666,2.1756232952400003,2.26365956364,2.16151696704,2.12576365944,2.13079313244,2.18533323336,2.10383123076,2.1467425618800005,2.0770378698,2.07656802696,2.06930202744,2.08134596496,2.20732912248,2.19841452576,2.2531729345200002,2.23533971652,2.08402524216,2.09742246252,2.062252029,2.0599646556,2.0547209484,2.05424084784,2.05759963764,2.05606839072,2.21702374764,2.1934273106399997,2.21097930024,2.14238008608,2.1897083718,2.08904460468,2.08079872296,2.11280035536,2.07990846084,2.1167049638399997,2.07678235932,2.10702236328,2.04355652448,2.0677253324400002,2.04891007272,2.05422214836,2.05089035256,2.05190036988,2.2007596172399997,2.09268987444,0.0,3.03944469408e-08,2.1960929436e-07,0.0
2.1864588340799997,2.1573668604,2.18609598564,2.14099931844,2.16056668008,2.13917197188,2.15470054032,2.13077673972,2.09913206616,2.1275969937599997,2.123819208,2.12056441872,2.16094420344,2.23106524116,2.16276526776,2.08428448272,2.13161021628,2.1902083497600002,2.11283058864,2.13613185852,2.06849299272,2.0718485432400002,2.0704869167999997,2.07688955004,2.1996701884800003,2.1862325262,2.2495105849200003,2.2261146888,2.09475786024,2.07020971296,2.0628159582000003,2.05993942848,2.0525794898400003,2.0547518688000004,2.0532702417600004,2.05128893124,2.2048498953599998,2.1867404060399998,2.17774963716,2.1715809191999997,2.1695647618800002,2.0755493715599997,2.0649130484400002,2.10910585836,2.07876146124,2.10163936704,2.09317718976,2.09190361284,2.0486637892800004,2.0594075976,2.05048931988,2.06055979968,2.0528971356,2.0563557541199997,2.18691395292,2.08618854132,0.0,2.7065396676e-08,1.89208195116e-07,0.0
2.17360512564,2.1474826392,2.18397371736,2.13656057232,2.15220958308,2.13462397368,2.1433807782,2.12426573784,2.0890888257599998,2.12316084888,2.1190654173600003,2.12031887148,2.1518519862,2.2061896812,2.15105718468,1.9493707284000001,2.11196525916,2.1696131056800003,2.1244103766,2.1310476122399997,2.074519575,2.0785341226800003,2.0643128000399997,2.07714982128,2.19384120228,2.17873315128,2.220352206,2.20139157132,2.12023322688,2.06813662284,2.05941167124,2.05496467968,2.0558032114800002,2.0569337202,2.0551902513600004,2.05387583988,2.1971142493199998,2.19747621432,2.18383015836,2.16439447836,2.1982696416,2.0873977252800002,2.0665500627599998,2.10716224128,2.05788592128,2.0953915812,2.0883128709600003,2.08410985608,2.05492836048,2.0695493906399998,2.05453586772,2.06282597052,2.05735438488,2.0579125717199998,2.1747999291599998,2.09732125956,0.0,2.45130889452e-08,1.37953489764e-07,0.0
2.1708049644000003,2.15501313084,2.1761117394,2.1303557805600004,2.1441885368399998,2.12796568272,2.12854016412,2.11520606064,2.10376271508,2.12452453668,2.0977204272,2.11318784196,2.1644221104000003,2.18829545676,2.15092648464,1.89290674056,2.11279716516,2.1489626466,2.11769220804,2.12197276932,2.08635133968,2.0687187607200004,2.06210635956,2.07964441044,2.18902557084,2.1673809472800003,2.19176909376,2.16977070156,2.1063616973999997,2.06373822048,2.0810477058,2.05592507712,2.0541913752000003,2.05309644948,2.05660056516,2.0553128532,2.1856771860000004,2.16567055836,2.18605053756,2.1445799498399998,2.1832417382400005,2.08998546828,2.05569597168,2.08420806516,2.07051307644,2.08397920512,2.085974847,2.08758845016,2.0602730252400003,2.0726004488400003,2.0566554366,2.06377139856,2.05300368828,2.05533965088,2.1707734059600003,2.0788923576,0.0,2.13459604716e-08,8.393264052e-08,0.0
2.16756288684,2.13987160728,2.1478085794800004,2.1156174492,2.1328712778,2.12539251648,2.12851856892,2.11182057132,2.11032844116,2.1158851806000003,2.1005125884,2.10796160724,2.1619206009600003,2.18042076708,2.1232648003200003,1.9762600407600002,2.11517847768,2.14729878552,2.11226518704,2.12272501848,2.0735153982,2.05364270988,2.07359019612,2.07303652464,2.1715583424,2.1694196814,2.18582015604,2.1988717059600003,2.0968357111200002,2.08005246156,2.071043484,2.0609524396800003,2.05409404956,2.05285502496,2.05171293336,2.0522423593199997,2.1784329780000005,2.1453636102,2.1288832333200003,2.13426480624,2.1617617289999997,2.07229630008,2.07674893584,2.1255195846,2.0745876489599997,2.08685774712,2.08074915216,2.08654334064,2.0565008346,2.07099788868,2.05827355512,2.0672200047600002,2.0609438997600003,2.06400011136,2.16942154644,2.11216521108,0.0,5.0712057239999995e-08,5.3475295595999995e-08,0.0
2.15047548852,2.1350862582000003,2.15263648092,2.1147915800400003,2.1290499580800004,2.11617725568,2.12307922884,2.1044245098,2.0897567554800003,2.10976372668,2.10216687888,2.10335127744,2.14590996876,2.17476174492,2.10353473848,1.9798559851200002,2.12180241264,2.1368335062,2.108386002,2.10974645052,2.06815704012,2.06236584552,2.06347122528,2.06736106068,2.16478171956,2.1660240816000003,2.19308316168,2.20358186448,2.09423712144,2.08747443732,2.07068853744,2.05734128052,2.06104927452,2.05409596368,2.0572913170800002,2.0560365378,2.1527251194,2.14789608912,2.10607811316,2.123732091,2.15970630768,2.06208083796,2.07958742856,2.1198530532000004,2.06166522852,2.0818221882000003,2.0747855885999997,2.08395309456,2.05364629272,2.06545871988,2.06635173048,2.078834934,2.06275554072,2.0560210776,2.1581562140400004,2.08503869508,0.0,6.2757182496e-08,3.33392719716e-08,0.0
2.1375017304,2.12522402484,2.15954890812,2.11273139796,2.12545303212,2.1133244806800002,2.1109312908,2.10104383032,2.08042296648,2.10857505816,2.11047204924,2.10004701552,2.1435748896,2.16778816404,2.0937735117600003,1.88704320204,2.1090966804,2.12187554184,2.11422181032,2.1095666214,2.07992951616,2.05329630324,2.06216388132,2.0661859382400003,2.16184624476,2.16006066528,2.19538457196,2.2090323948,2.09419118256,2.0788511304,2.08192309668,2.05703207652,2.05647919032,2.05407809856,2.058505998,2.0574448884,2.11700238864,2.1586964866800002,2.0961128118,2.10901751436,2.14635905076,2.06139833148,2.0844344712000002,2.11210916172,2.06944401588,2.0843981520000003,2.070815262,2.08228069356,2.06121752076,2.07612537444,2.05902369384,2.06585798568,2.05492973472,2.05324246248,2.1518786366400002,2.10292246548,0.0,5.5403354316e-08,2.8442260492799998e-08,0.0
2.14806335376,2.11559973132,2.15539983216,2.1069751483199997,2.11441140636,2.111066997,2.1026255805600003,2.0963084446800004,2.09596738776,2.1065172810000004,2.09894826156,2.09173173468,2.1454352670000003,2.14858389624,2.0766495979200004,1.87824085128,2.10167018928,2.12289223404,2.1054038030399997,2.1095568054,2.0784930918,2.04935081112,2.05966050684,2.0630593950000002,2.16994547544,2.15431663656,2.18072756616,2.16134729748,2.090885301,2.07992617872,2.05923944952,2.05760945364,2.05071886704,2.0492520130800003,2.05443098376,2.0531892106800003,2.11729382568,2.14713750864,2.06374072356,2.0972551488000004,2.13137487768,2.06342670972,2.0685693612,2.10308825772,2.0848657371600003,2.09822722728,2.0683483539600003,2.07704690052,2.0571777459600002,2.0650270122,2.0579190993600003,2.06409557196,2.05164481032,2.0483777510400003,2.146302756,2.08742030208,0.0,5.2802551128e-08,2.64855272736e-08,0.0
2.13541568316,2.10592964616,2.14952726292,2.1060176466000002,2.1072940210800004,2.1026910042,2.1029456312400003,2.0916913418400003,2.0987125794000003,2.09858001432,2.0914822119600003,2.09164348884,2.14708528752,2.11860607764,2.07880528968,1.8881777844,2.1025619238,2.1237997232400003,2.0988995251199998,2.10464728392,2.07018978648,2.0469524678399997,2.0539800857999997,2.04948548664,2.16077477928,2.14768524144,2.1775588632000002,2.1461397613199997,2.0986180022400003,2.063401728,2.05800420408,2.0549213420399997,2.04922732584,2.04291284028,2.05132343448,2.04684596424,2.11640695008,2.11919518488,2.0541309577200004,2.1037739053199997,2.131540719,2.05806737004,2.06566706448,2.09965771296,2.0877297024,2.08639855464,2.07428482536,2.07139209924,2.0421108240000003,2.0614024542,2.04924244248,2.0622585566400002,2.04704277504,2.04476511948,2.14139416704,2.07214611528,0.0,4.88134769496e-08,2.5972623114e-08,0.0
2.1228195956400002,2.1193767318,2.1391831130399996,2.09752322376,2.1012782364,2.1040807044,2.10218611824,2.09159862972,2.0753571252,2.09422195572,2.0912442230400003,2.08988951688,2.13918404556,2.08249320996,2.0805143534400004,1.90447460208,2.1017579934,2.12919582384,2.09282803464,2.1058558789200004,2.0779304877600002,2.0541778782,2.04680890884,2.052404127,2.1424718166,2.139214377,2.17114013172,2.1660539713199998,2.09838585384,2.06946757428,2.0540043804,2.05178699508,2.04569410572,2.04587216796,2.0482911248400004,2.0451199187999998,2.11813147404,2.10667311,2.06929736484,2.1167617984800002,2.12177831436,2.05470759864,2.0609622065999997,2.08831444152,2.06954143968,2.077933089,2.07819115164,2.06658829608,2.0424067764,2.0568329589600003,2.04863826768,2.05882236768,2.04377154396,2.04328202004,2.13234494388,2.08572370464,0.0,4.57732678836e-08,2.48657886228e-08,0.0
2.13134641128,2.11858757448,2.13124191996,2.09919636096,2.09921118312,2.1001096416,2.09684955168,2.0882163306000003,2.0901080210400003,2.09351859024,2.08586893236,2.08544532288,2.1316101672000003,2.0616560014800003,2.06166090948,1.956480948,2.0910784307999997,2.12452983732,2.0838587137199998,2.0910325900799998,2.0627669272799998,2.06790368916,2.04738932892,2.05348786248,2.1355441746,2.13643586004,2.1607868529600003,2.16123887976,2.06868312864,2.0801556768,2.0490742944,2.05392251496,2.04441993984,2.04443397672,2.04539849688,2.04432668784,2.10988284384,2.09400364788,2.0731387092,2.12852244624,2.12300811192,2.0306392083600002,2.0628331362,2.0900398979999997,2.0556588672,2.07203818836,2.06619452724,2.0525845941600003,2.0466021838799997,2.05549822836,2.04423117816,2.0466063065999998,2.042653158,2.0425503354,2.13025516656,2.08564017048,0.0,4.2747887358000004e-08,2.55384560352e-08,0.0
2.1304043697600004,2.1080624666400003,2.1270098988000004,2.1019613809199997,2.09561499336,2.09287250112,2.08891316844,2.08404826068,2.08539432876,2.08489071888,2.0880462684,2.0782057284,2.12584243284,2.06003984616,2.054804139,1.8620098498800002,2.0896727305200002,2.1152078275200004,2.0812387742400005,2.0916188997600003,2.0564895462,2.05899959556,2.05541385984,2.06512689,2.1374148588,2.13373160112,2.16081291444,2.1586924130400003,2.06940426108,2.06639973072,2.04987557448,2.04616404672,2.04196687236,2.0427160785600003,2.04254685072,2.04351568992,2.0974799352000004,2.08279701516,2.08487221572,2.126800818,2.1112245438,2.01468727584,2.06601509076,2.08192712124,2.05778079192,2.07543054888,2.0566649581200003,2.06253247212,2.0439559375200003,2.04840847512,2.04205452924,2.04713185524,2.04143258748,2.0427508272,2.12634771144,2.0647580538000003,0.0,3.87494069976e-08,2.85051771264e-08,0.0
2.11909250952,2.1084252169199997,2.1261141397200003,2.08917574644,2.09121457872,2.09147239596,2.09006600856,2.07981879168,2.0798283622800002,2.08408914432,2.08273105164,2.0780281078800003,2.10658506048,2.06317782504,2.06336977692,1.85509801164,2.08575560664,2.10601254228,2.0739789588,2.0936093391600004,2.05499299884,2.03266606512,2.0565153132,2.0622341638800004,2.13059686152,2.13002370528,2.15354627688,2.15669657484,2.07468075372,2.0641082346,2.04418062576,2.0437682065200002,2.04239195424,2.04629312712,2.04230611332,2.04251269104,2.09329252776,2.0918489868,2.07663354876,2.1241611974400003,2.1113807163600002,2.0239922548800005,2.05689268932,2.09232147996,2.05758736764,2.06898070068,2.0611303056,2.05700900892,2.04269998032,2.04988686288,2.0426124216,2.0508060822000003,2.0453110363199998,2.04759836064,2.11917265716,2.0693323098,0.0,3.44840457936e-08,2.89435469256e-08,0.0
2.10589597728,2.11159303644,2.12051872524,2.10014944548,2.08930875324,2.08629244368,2.08725716016,2.0789492903999998,2.06528497668,2.07960617712,2.08042767816,2.0765076585599997,2.09117187912,2.07027454764,2.07240084048,1.8743618134800002,2.07639452916,2.10486981264,2.07379741188,2.0859317547600003,2.05844670936,2.05144672344,2.05454003952,2.0539121590800002,2.12317783056,2.1229705166399997,2.14434745788,2.1488888302799998,2.08725671844,2.0485699974,2.045374644,2.04336545604,2.04595938312,2.0463005382,2.04273840996,2.04350454876,2.09893059276,2.09773681992,2.07919056768,2.116870707,2.1104718038400003,2.0167017153600004,2.04320624052,2.07753770052,2.0482236398399998,2.0643801378,2.06572286844,2.05966315716,2.0447514261600004,2.05688822304,2.0410816164,2.0573062374,2.05144063752,2.0486640346800002,2.1122091376800003,2.06020288992,0.0,3.0720123170399996e-08,2.1835044144e-08,0.0
2.10962065848,2.111329575,2.10979700292,2.1025546108800004,2.08838600016,2.0807366367599998,2.08468001844,2.0774334546,2.0678729650800003,2.0758248576,2.0762511174,2.0760631900799997,2.08885908228,2.06717126832,2.0727585355200002,1.86313363464,2.07666721764,2.10050331228,2.07792872088,2.0839053397200002,2.05845480756,2.03456433228,2.04924136272,2.0548830105600002,2.10810801288,2.1150350168400003,2.13527359656,2.14517921664,2.078994444,2.05455638316,2.04427461396,2.0455638474,2.0462492496,2.04379358088,2.0472769357200002,2.04462406356,2.0986145666400002,2.09516046348,2.05888960728,2.10656405424,2.07721931856,2.00270606256,2.0410892238000002,2.0748260795999998,2.05703060412,2.06007003036,2.07047916216,2.06585857464,2.04475466544,2.0513147964000003,2.04599727288,2.0660167104,2.050331724,2.04609582552,2.10706810584,2.0710391158799997,0.0,2.7630746742e-08,1.39500147804e-08,0.0
2.1123546107999998,2.1095390875200004,2.10975204564,2.0798708164799997,2.0867856486000003,2.07929525532,2.0823085219200004,2.0750670624,2.06911969524,2.0780916664799998,2.07476271732,2.0708192374800003,2.0903692248000003,2.04348516216,2.060436069,1.91426562036,2.07752322192,2.0902791139200003,2.0653850508000002,2.0769199796400004,2.05848989976,2.06137457676,2.05229261724,2.05662284748,2.10087263928,2.10736312572,2.1231757692,2.14273768296,2.0734886496000002,2.0642122842,2.04673092072,2.0474975993999998,2.04699148644,2.0475510966,2.04554588412,2.04523285188,2.0885736820800003,2.0883077175599998,2.03864022996,2.0839903462800002,2.07481538016,2.0031898932,2.04741332904,2.07414421116,2.0506696888800002,2.06048986068,2.0636375574,2.0507115050399998,2.04372128604,2.04848842644,2.05047812964,2.05568900232,2.04670240524,2.04465675084,2.10884058096,2.0720550718800004,0.0,2.54081928072e-08,9.2979120108e-09,0.0
2.1125235932399997,2.10339250464,2.11414176084,2.07416241984,2.08186027428,2.0776791,2.07886624704,2.0705013954,2.0689235224800004,2.07534686748,2.0701388905200004,2.0695457096400003,2.0891579304000003,2.011164657,2.0607523896,1.8381098040000001,2.06837583876,2.09455461996,2.0509907702400003,2.07001270584,2.0589205767600003,2.09542711512,2.0513746249200002,2.06771801952,2.09324374224,2.10395466696,2.11941172584,2.13279525288,2.06647246728,2.06762201904,2.0490357175200002,2.04980426124,2.04658426968,2.0454583254000003,2.0467546754400003,2.04540247236,2.08625249256,2.0887655358000004,2.00853696288,2.04764773512,2.081211633,1.99169280504,2.0570352667200003,2.0682343902,2.0560644152400003,2.06531570076,2.05430955984,2.05333846296,2.04935827128,2.0563810794,2.04755973468,2.05245978372,2.0460582302400003,2.0468804674800003,2.10926880396,2.0768022858,0.0,2.25623709708e-08,6.3706993380000004e-09,0.0
2.10903626292,2.09533528644,2.1112708753200002,2.07613082232,2.0799254915999996,2.07764224092,2.0749743012,2.06810516256,2.06772577416,2.07219499896,2.07084907812,2.06888082288,2.0866224576,2.0326611571199997,2.06020534392,1.8060993862799999,2.07034070748,2.0850032593199996,2.04756194328,2.07078659928,2.0592181488,2.03909309112,2.06487319548,2.0732457036,2.09212471824,2.10091803828,2.11397650848,2.13169870752,2.06530230192,2.0651325342,2.0470317320399998,2.04789657072,2.04737141472,2.0522708257200004,2.04713332764,2.0473827031200003,2.08386725364,2.08703870508,1.9971261573600003,2.03810236224,2.0658413966399998,2.00099547732,2.0515069446000003,2.07160834572,2.05435368276,2.06438254272,2.05272898752,2.06138655228,2.05229610192,2.0510315066400002,2.05051665744,2.05642319004,2.04801509892,2.05924558452,2.10405513372,2.07785181252,0.0,1.8057950411999998e-08,4.57751741508e-09,0.0
2.10462539424,2.0863322966399998,2.10857952444,2.0764338422399997,2.0761191412800004,2.07399181776,2.07200020044,2.06743203036,2.0643528984,2.06755374876,2.06784233916,2.06725200492,2.08486185984,2.0392246746,2.06216069112,1.82069980284,2.0634603786,2.08521072048,2.04891242856,2.07036308796,2.06391206184,2.05091656128,2.06037506256,2.05075317396,2.09441086464,2.1027388572,2.11343991684,2.12118842184,2.051423754,2.0664866514,2.0473538440800003,2.05088691696,2.0543168727600003,2.05738658136,2.0507666218800003,2.05318209408,2.07746309892,2.07360035568,1.99379391984,2.02841230152,2.0593410942,1.9976345770800001,2.0599371217200004,2.06714054424,2.05837824276,2.0594856348,2.05671305652,2.06636998824,2.0496720888,2.05065329616,2.0582345856,2.06127847812,2.065536708,2.0581337262,2.0999187204,2.07575658732,0.0,9.921925437600001e-09,4.1512910876400005e-09,0.0
2.10199524612,2.0816667027599998,2.10657382116,2.0726313692400002,2.07204903504,2.07125163228,2.07101663724,2.0668493526000002,2.06403471276,2.0648702506800003,2.06455815096,2.06581749468,2.07967155168,2.03273325564,2.0540897305200003,1.81510782396,2.06566362888,2.0846382022800003,2.0338430526,2.06535148008,2.0653480444800003,2.05544875572,2.05502784564,2.05778731956,2.08950522048,2.0965259181600002,2.1086926538400004,2.1093672093599998,2.06126483388,2.06232928092,2.0515215704400003,2.05188221028,2.06121786432,2.05195008792,2.05726761144,2.0536305871200002,2.05547103804,2.0609114088,2.00566970928,2.01430435368,2.04104966532,1.96921926936,2.0613963192,2.0708071638,2.05469655564,2.06335470936,2.05767031284,2.0563645885199997,2.0510927093999998,2.06580929832,2.06288648616,2.06335402224,2.05968779532,2.05149482184,2.09508929748,2.0710653245999997,0.0,5.4137532036e-09,4.7094872528400005e-09,0.0
2.10074041776,2.0987848742399997,2.10226430268,2.0707958263200004,2.07007714788,2.0699654418,2.0702887317600003,2.0651103500400003,2.06577543312,2.06811090492,2.0652000682800002,2.06360653884,2.06756366292,2.00917186176,2.0358139581600003,1.81108139892,2.06804081868,2.0755652244,2.03988975768,2.06234302332,2.06290047396,2.0664882219600003,2.05449719268,2.06114709096,2.0776219218,2.08689961236,2.1012769112400003,2.10726751788,2.07617052804,2.06580355596,2.05504379664,2.05425203808,2.05545317292,2.05450028472,2.05719251904,2.0550097842,2.03625366588,2.0554171482,1.9946125251600002,2.00904337032,2.03627462304,1.9486292277600001,2.0577786324,2.07225374772,2.05448305764,2.0619681502800002,2.06031022788,2.0589732886800003,2.05532325816,2.06557734624,2.05433802624,2.0566284426,2.05316614308,2.05220824872,2.09424153864,2.0702704740000004,0.0,5.9291859648e-09,5.0082022188e-08,0.0
2.10545779104,2.10013359264,2.09736597144,2.0656878744,2.06865073584,2.0691491923200003,2.0700799945200004,2.06461994268,2.06347451364,2.06777902596,2.06485135488,2.0642565543600004,2.0534954208,2.0025150432000003,1.97591819856,1.8047708397600002,2.06339053776,2.08462544148,2.0424892308,2.06308673256,2.0556934686,2.10650029932,2.0587715208,2.0844034526399997,2.07578309052,2.0866461632399997,2.0930070784800003,2.10035415816,2.06508055848,2.06837677128,2.05575987384,2.05639177884,2.0528222886000003,2.05302027732,2.0525690358,2.05315598352,2.02204844148,2.036212635,1.98751334856,2.0128364199599997,2.02100755284,1.9646909522400002,2.05523834976,2.06770982316,2.05655438088,2.06084647596,2.05935292248,2.05899954648,2.05725892428,2.05870594992,2.0522011812,2.0546100276,2.0541202582799998,2.05514607936,2.0962372296,2.06629519032,0.0,3.7384206552e-08,7.781271789599999e-08,0.0
2.10484571436,2.0867074641600003,2.09460345456,2.06924214984,2.06731826292,2.06911738848,2.0681049171600003,2.06378911644,2.06608350828,2.065144068,2.0633666358,2.0637432266399998,2.04673862628,2.00212912716,1.9913544965999999,1.7905446582,2.0652990626400003,2.06524954092,2.05586888052,2.05187985444,2.05740189432,2.15480473716,2.0698137846,2.09127411276,2.0716837326,2.09119975656,2.07470004216,2.09372330292,2.0638768224,2.0611975942800003,2.06066443824,2.0541964795200003,2.05642652748,2.0638001594400004,2.05286361396,2.0564612761200003,2.0385123274800003,2.01128161464,1.98493070988,2.0191707338400002,2.00573901024,1.99515368124,2.0586774344400003,2.06348153208,2.05582088028,2.05861578996,2.0583092362800004,2.0603757496800004,2.07566716356,2.0581918369200003,2.0596935867600004,2.05851787536,2.05887453972,2.07397714284,2.0910143323200003,2.0675056503600002,0.0,4.7396272317600003e-08,5.681179326e-08,0.0
2.09066728764,2.07296035248,2.0940028626,2.08465739256,2.06596821936,2.06673062808,2.06533184808,2.0629118605200003,2.05915822212,2.06484104808,2.06239617696,2.06287102596,2.03432496912,1.99055125332,1.9932077574000002,1.80655239468,2.06090890572,2.06003366208,2.04789480384,2.04560404392,2.06615246568,2.1435588404400003,2.09487064608,2.1314305344,2.0710333735199997,2.09252000856,2.0797787914800003,2.08174253136,2.0627001294,2.0624959566000003,2.05693818648,2.05450067736,2.0725659456,2.0712912398400003,2.0642083578,2.07005030112,2.0466308466000003,2.0189624874,1.9922197769999999,2.0206431338399997,2.02627967736,1.9842832465200002,2.06720532984,2.0635038144,2.065719531,2.05861858752,2.0601395276399996,2.06277100092,2.0949137874000003,2.0666664314400003,2.08667796708,2.0805843906,2.08014502644,2.09923842252,2.0894072077200003,2.0621627034000003,0.0,4.2560274150000006e-08,3.40950877752e-08,0.0
2.08570274748,2.0778488677199998,2.08701225096,2.07504698868,2.0666650081199998,2.06585921268,2.06344766688,2.0629801798800003,2.0639126508000003,2.0631349782,2.06201453088,2.06232059376,2.01826903608,1.9851912265199998,1.98619476528,1.8165573036,2.0659067712,2.0637555948,2.04814555356,2.04887169216,2.07813740904,2.11962370236,2.1138029616,2.13400021596,2.0725247184,2.08967763852,2.0829892124400002,2.08925049528,2.06366420784,2.0638908102,2.0612930057999996,2.0650267177200003,2.11359844524,2.078745363,2.09613430884,2.0886352284000003,2.04392796192,2.01207347136,1.9626947214,2.03106394668,2.02160711412,1.9490633403600002,2.07187764768,2.06662785456,2.0680711010399997,2.0650039446,2.06529631416,2.07815031708,2.14406907612,2.08677028656,2.1408446673599997,2.11143956328,2.12876323272,2.14152020448,2.0870847912,2.062293747,0.0,2.8870338215999997e-08,2.6742633344400002e-08,0.0
2.0889433526400003,2.08328899308,2.08393046868,2.06739080316,2.0659087344000002,2.06562146916,2.06375947212,2.0617202472000002,2.07074193648,2.0624294532,2.06398077384,2.0615600991600003,2.00317202808,2.0029089102,1.95746024124,1.8207479503200001,2.06685332808,2.05802049864,2.06577631656,2.05425817308,2.09688380952,2.0719129362,2.14713431844,2.08423358676,2.07052696608,2.08967773668,2.07799758012,2.08263490392,2.0729897514,2.0745251210399998,2.07425881296,2.0834896811999997,2.13987411036,2.1152238276,2.1386004843600004,2.13171833952,2.0358312343200002,2.005121682,1.94507637564,2.03094909948,2.01876233916,1.9369510834800001,2.0801419834800003,2.07085079592,2.08492276812,2.07193364796,2.0711422820400003,2.07644370732,2.14037295948,2.13478181496,2.13199966608,2.1168802776,2.14646074452,2.15078061888,2.08064019456,2.0731935315600003,0.0,2.33353500504e-08,5.94241008e-08,0.0
2.0948542533600003,2.08096049064,2.08574353296,2.06425140096,2.06555211912,2.06443172088,2.06338322484,2.0624211096,2.07792680676,2.06494068048,2.06514117228,2.0640834492,2.0019822307200004,1.9935037098000001,1.9476466461600002,1.7904919462800002,2.07249885324,2.0547393534,2.06440011336,2.0526107538,2.1182023455600003,2.11115573364,2.10511967892,2.08347981612,2.04190085976,2.0727762043199998,2.06327544516,2.0698748892,2.0811313872,2.08785416928,2.11054488396,2.1219116647200003,2.12855557524,2.1181165537199997,2.13798035856,2.132416797,2.03634019392,2.0170634349600003,1.9630624287600003,2.02560683964,1.9719334424400004,1.97390984496,2.1051406360800002,2.0797949388,2.0904119243999997,2.07461960004,2.07624046704,2.08562618268,2.12361621312,2.1217752713999998,2.11350146316,2.14425744516,2.1393691262399996,2.12126449584,2.08541489328,2.0781222433199997,0.0,3.7304409343200005e-08,1.2313622794800002e-07,0.0
2.0859364173599997,2.0696864710800003,2.08478897604,2.07017923428,2.06311966524,2.06446754928,2.0626469266800003,2.06434313148,2.0902926109199997,2.0676467553599998,2.07070787496,2.0727110260800004,2.0052343696799997,1.9746834930000001,1.94628767004,1.76224969464,2.0831625139199996,2.0610808820399997,2.04647383968,2.05359387528,2.13422775084,2.1126386858400004,2.094769983,2.1182333641200004,2.04758353848,2.06467275276,2.05541459604,2.06679865296,2.1005808096000003,2.09968200756,2.11513273512,2.12996804856,2.1197831142,2.11737097944,2.12933697792,2.12790958428,2.0336719106400003,2.01438165468,1.98326360952,2.016038301,2.01268152348,1.9836844705199999,2.10380394228,2.0846544477599998,2.10062208588,2.09041663608,2.0963638560000004,2.08951140456,2.12424895248,2.1285652440000002,2.1258897459600004,2.1139727784,2.12024279748,2.1042613188,2.08878138864,2.07773254812,0.0,6.5774885928e-08,1.86454115088e-07,0.0
2.07499447308,2.0686542696,2.08343417172,2.0778210884400004,2.063583324,2.0654106705600004,2.06268830112,2.0688842094,2.0766862115999998,2.076753942,2.07904926636,2.0777658734399997,1.99834343952,1.9325216625600001,1.9047103824,1.7793466635600002,2.08742545548,2.07240069324,2.04471515604,2.047982019,2.11010198604,2.1189809997599998,2.1178529941199997,2.12639139264,2.072331834,2.07629352252,2.06794143168,2.06883100668,2.11639600524,2.107393359,2.1269730888,2.12996078472,2.12322553632,2.1205993636800002,2.12437764024,2.1233325798,2.03053378452,2.00070158628,1.98144558816,2.0120409804,2.006437026,1.9436094726,2.0817636357600002,2.0845115268,2.11179603132,2.0945014663199997,2.1043826936400003,2.1108756831599997,2.13770948604,2.1086169234,2.13220221924,2.10171809136,2.11652130648,2.1220664630400004,2.0761237548,2.0708328817200004,0.0,9.4271327796e-08,1.6836961730400002e-07,0.0
2.0750069394,2.0854499854800004,2.07935302248,2.0859247854,2.0660668701600002,2.0660461584,2.0631624630000003,2.0756768813999997,2.0964018930000003,2.07475103628,2.0823391969200005,2.0825890632,2.00104872912,1.8927877215600002,1.89996684948,1.79715936612,2.083513485,2.05866300492,2.0652860073599997,2.05177011156,2.0989407032400003,2.13159058428,2.12313066468,2.13462127428,2.06648871276,2.0690193266400003,2.061812763,2.0653137375600004,2.1126185630400003,2.12148869328,2.12364173472,2.12412527088,2.13532954776,2.1296033841599997,2.12618771064,2.12911881732,2.01205506636,1.9998768459600003,1.96350365796,1.9999628832,1.9761361137599998,1.9400341909199998,2.0868214279200004,2.08922595528,2.09292619464,2.09809819596,2.1256221618,2.10838340076,2.1436692704399998,2.11247760528,2.13951602268,2.11930242468,2.1299458644,2.14488174276,2.0700604116,2.0921643258,0.0,7.2359679588e-08,1.6672578577199998e-07,0.0
2.0811164178,2.08823861292,2.07640419792,2.0854196540400003,2.06586176484,2.06963768556,2.0678827810800002,2.08123538772,2.08095504276,2.0849809279200002,2.0869536003599998,2.0849613940800005,1.99783688484,1.93589149536,1.9265399394000002,1.78334987376,2.09749289232,2.04328339428,2.05758569892,2.04779924508,2.11407098748,2.13692543304,2.12582181924,2.15919180204,2.03646559332,2.0412643903200003,2.0517793876800003,2.065303578,2.09697151548,2.1202817670000003,2.12199598416,2.12552292204,2.13762325248,2.1316415784,2.14292300904,2.140344444,2.03228078712,1.99768316628,1.9767808777200002,1.99295092176,1.9566943478399998,1.93340456268,2.11404252108,2.08406696016,2.11942895292,2.1103523431199998,2.1236211702000003,2.10115534008,2.1347508454799997,2.13806673936,2.1366485236800004,2.13148089048,2.14316757468,2.1404656716,2.07093521352,2.10458632656,0.0,6.3878959884e-08,1.6463492378400001e-07,0.0
2.07921034692,2.08245011772,2.0773848654,2.087880378,2.0700473072400003,2.08118655312,2.0801213208,2.0879398629600003,2.09667099864,2.08154974512,2.0843921642399996,2.08919856864,1.99061765856,1.9415147382,1.9405795188000001,1.75270451808,2.09612208792,2.0698506927599998,2.044590591,2.04779988312,2.1219521557200003,2.13928691724,2.13117742884,2.1654351216,2.03577449784,2.02822378524,2.0300675245199997,2.0414347470000003,2.10080152236,2.10909677856,2.12483113944,2.14120511088,2.13712891872,2.13536203872,2.1388887312,2.13912593484,2.02615511232,2.00680556772,1.9755465157199998,1.99577061684,1.9836278322,1.94869298268,2.11719551844,2.09845093392,2.13291721668,2.11776828204,2.1285979312800003,2.1104888346,2.1492027459600003,2.139651189,2.1559349023200003,2.13522697056,2.14412129724,2.14267299552,2.0721044954399996,2.0819126426400003,0.0,7.400606328e-08,1.47210669792e-07,0.0
2.07741436248,2.08440595572,2.08028912532,2.091314751,2.07836901756,2.08379083608,2.07961398084,2.09089737468,2.10853530336,2.08843085928,2.08853957148,2.09083690812,1.9723975919999999,1.9359526981200001,1.9372935146399999,1.7610467438400002,2.1008342587200004,2.07354391368,2.0694832308,2.0646658815600003,2.13202896684,2.1742240244400004,2.14916073348,2.1716435943600003,2.02834221528,2.05258945308,2.05106012028,2.04444644304,2.11324379316,2.12071911888,2.13065943852,2.1424087488000003,2.1573023202000003,2.14462279668,2.16433828176,2.1560613323999998,1.9967865237600002,1.994873778,1.9588375242,2.00292589188,1.9871363160000002,1.93904861544,2.0927226107999997,2.09627026044,2.13052952376,2.1146459105999997,2.13971003592,2.1198411267600004,2.185911543,2.1462913694399997,2.181058758,2.1399066504,2.1580955511599997,2.16833216676,2.0711652024,2.09726511204,0.0,6.2666929284e-08,1.26390816e-07,0.0
2.0777151738,2.0859893256,2.0806921212,2.09532301644,2.0811484670400002,2.08928166108,2.08224074244,2.0939543715599997,2.1015278082,2.0895139567200003,2.0969903622,2.0959560012,1.9773250767600001,1.91709385536,1.93761528312,1.76710071276,2.1015533788800003,2.06897093376,2.05517071752,2.0730533099999997,2.14637642508,2.1856947566400002,2.15630015568,2.20402162128,2.04160328772,2.05435314288,2.0474636851200003,2.05171003764,2.1217743388800003,2.126744376,2.14071602868,2.15969511744,2.16728558484,2.15854806876,2.1648401247600004,2.1683176881599997,2.00206365444,1.9970917032,1.95961549128,2.00178978804,1.9766782514399999,1.9064293112400001,2.11171995732,2.1029213857199998,2.15196923832,2.10697500108,2.1398300856,2.1306690582,2.28306682632,2.1545890305600004,2.22458300016,2.15752308204,2.17092683004,2.18910876144,2.0731968199199997,2.1061057452000003,0.0,5.279781e-08,1.47143960256e-07,0.0
2.0795826678,2.0900982050400003,2.08123798896,2.0957731782,2.08937456952,2.09021850012,2.0879701944,2.0943056371199997,2.12282180424,2.09298062436,2.0995823751600002,2.1011121987599997,1.9839522019199998,1.9323750606000003,1.9532450545200002,1.76434938612,2.11055077356,2.05184260272,2.08324138548,2.0582068554000004,2.1556797353999997,2.19048736956,2.19948157404,2.25889860732,2.04036573552,2.05093545708,2.04563903796,2.0658308444399998,2.1216893814,2.14679286888,2.14241012304,2.1598557072,2.19126145932,2.1774650222400003,2.1789767844,2.18015671668,2.0258093437199998,2.00133864468,1.9571327794800002,1.9946978752800002,1.9672705479600001,1.8619408434,2.1236074278,2.1097607328,2.17153149564,2.1238854660000004,2.13687041436,2.13019636872,2.29417137264,2.1941638542,2.23054651464,2.15988059076,2.18793378624,2.19967926828,2.0762257921200002,2.12562623544,0.0,5.5890492948e-08,2.16975136404e-07,0.0
2.0807920480799997,2.0923429279200003,2.08173389328,2.095022745,2.0934931668,2.08984043688,2.09197433712,2.10490814412,2.1207210820799998,2.10463501392,2.1065210110800003,2.1099119973600002,1.970581632,1.9409580237600002,1.9476293700000002,1.75842616632,2.1181713760800003,2.06716537872,2.0784599628,2.0662002205200003,2.16816946656,2.20173562212,2.20574923728,2.21068202268,2.03672885844,2.0459687574000003,2.03594485452,2.0540355462,2.1152036557200002,2.1400457922,2.14594712232,2.17798615368,2.20928648196,2.17769560008,2.2033710168000002,2.2021246792799998,2.0203554759599998,1.98161437428,1.9514148613200002,1.9773735678000002,1.96843030836,1.86167993412,2.11933148004,2.1166794913199998,2.18185473744,2.14443393684,2.1493358018400004,2.1459773556,2.3287676683200003,2.19434976924,2.26068384324,2.19655483548,2.20761084168,2.2405797918,2.07826187592,2.117105064,0.0,6.274881435600001e-08,3.656505399e-07,0.0
2.0819908270800003,2.0919832206,2.0830025622,2.0986373888400003,2.0952343779600002,2.1026615561999997,2.09519334708,2.11069899516,2.13247500588,2.10401228688,2.11211573844,2.11716754284,1.95207169896,1.9291659648000001,1.9191293502,1.7690563053600001,2.11693986072,2.07387191532,2.09930782164,2.07082149516,2.19646295772,2.2173271602,2.23581692136,2.2782433911599997,2.0395164552000002,2.04635457528,2.05129192512,2.0411902304400003,2.1318008429999997,2.15671772832,2.1675162608400003,2.1913623187200004,2.23388420004,2.20673059188,2.2253010896400003,2.2241352924,2.0234842278,1.97349237048,1.9526966346,1.9616281148400003,1.96878280092,1.8618507325200002,2.1329332167599997,2.1315018967199997,2.13363874176,2.14141870704,2.18773123308,2.1674564814000004,2.34454625028,2.2792918381200002,2.2629540386399998,2.2261179280800003,2.23321646664,2.25944045052,2.07998939376,2.1145129528799997,0.0,7.3634984124e-08,6.5304517932e-07,0.0
2.0847961908,2.0977916913600003,2.08385861556,2.1033428847600004,2.10164697444,2.1088122618,2.10240261012,2.1194754807600003,2.16514648212,2.1130888476,2.11890880308,2.12015494428,1.9668786932400002,1.9103110975200002,1.91146619532,1.76650566684,2.1441603649200003,2.0830197401999997,2.10711816744,2.0589883071600004,2.20204256844,2.23465897692,2.24719764084,2.26477417044,2.0453120179199997,2.06119646544,2.0444318172000004,2.04720591696,2.1409920546000003,2.18961605232,2.1924301032,2.2248555413999997,2.25221214444,2.2243568886,2.25608705952,2.25280125168,2.011030914,1.9736099170800003,1.9543972075199998,1.9387168837199997,1.9692780181200003,1.87527003888,2.14977359544,2.15356968804,2.17828593432,2.1491102792400003,2.2034949438,2.17444709304,2.3352943758,2.24003691792,2.28951103032,2.2355803066799997,2.24290436784,2.26407134484,2.0816774022000004,2.14942875936,0.0,9.1202644968e-08,1.09776166056e-06,0.0
2.0852289291600004,2.09563001184,2.08525611948,2.11018547112,2.106534459,2.10578294604,2.11193482956,2.1222395682000004,2.17184658924,2.12149595712,2.12583217512,2.1308653782,1.9856301980400002,1.8981474048,1.89841925892,1.7352448479600002,2.15069571048,2.0839836714,2.09869559772,2.0614626262800004,2.22150003996,2.27801806488,2.26267398816,2.2691821924799997,2.04126625536,2.05043415396,2.04358842648,2.04674672448,2.14031612484,2.18635478448,2.2044787524,2.2522416906,2.25836726724,2.2454747365200003,2.26169930844,2.2600788831600003,1.98187258416,1.9832858427600002,1.94114757072,1.92609129912,2.00575766064,1.8883815645600002,2.1822543467999997,2.16084280416,2.24674762632,2.17479330336,2.22486025308,2.1817984917600004,2.3191497552,2.24874218844,2.26736137356,2.24964207024,2.25803941284,2.26839725604,2.0866047888,2.12087916876,0.0,4.34540027904e-07,1.33896625308e-06,0.0
2.0852244138,2.10150999216,2.08929172248,2.1073523772,2.1111189236400003,2.11144928112,2.12024456436,2.1345966852,2.1853650372000004,2.1218775541199997,2.13068564724,2.1461745099600003,1.9714147159200002,1.8668180211599998,1.87164317412,1.73484479688,2.15185929912,2.0935048478400002,2.0532242538000003,2.07842948412,2.2436557335600003,2.25879647184,2.2526843431200003,2.29549501116,2.03273791824,2.0196629080800004,2.05138969248,2.04808395816,2.1696494248800002,2.20691297316,2.21329410936,2.24897477856,2.2584823107600003,2.25631282752,2.25789045504,2.2608317703600003,1.98707040156,1.9748086960800002,1.9342388736,1.9167342462,2.00101952652,1.8979069128,2.175294312,2.1683845842,2.25148541688,2.18158896924,2.19762149112,2.20510545492,2.34054804624,2.26278765744,2.29249288572,2.25560843136,2.26307526624,2.28333382152,2.09073187692,2.1971196972,0.0,5.633520191999999e-07,1.20220262448e-06,0.0
2.09106262704,2.10566299452,2.09102331396,2.1126338760000003,2.12575291092,2.1189887544,2.12283348528,2.1480978079199997,2.1820078179599998,2.13666903912,2.15499448044,2.15194705416,1.9618080912,1.84833380604,1.88981563308,1.75059633576,2.1699545552400004,2.1332850222000004,2.08099965648,2.11834251804,2.26210618164,2.30983908288,2.2960801920000002,2.32155487152,2.0534488929599997,2.04503923128,2.05658539944,2.05597415712,2.19022327008,2.2134629445600003,2.2444796886000002,2.2544555912399997,2.2929376977600002,2.27599842288,2.28098966256,2.27780432148,1.9910249244,1.978877379,1.92973396764,1.91437173132,1.97949436368,1.8882540056400001,2.16767793036,2.17580862132,2.20350701748,2.19450927924,2.20842910344,2.2134775704,2.39253574176,2.2777306033199998,2.31901105512,2.267429742,2.29245357264,2.33061965304,2.0917151456400003,2.1474752281200002,0.0,3.0196801780800003e-07,8.5723928004e-07,0.0
2.0966462623199997,2.110590921,2.09142684972,2.10840533952,2.1386768528399998,2.1282102483600003,2.1395386485600003,2.15526432228,2.20671370836,2.1448269204000003,2.16133699068,2.16188757012,1.94956596864,1.85958529788,1.91216298408,1.73910057276,2.1841489329600003,2.08710574836,2.10898939152,2.1055825033200004,2.27312611404,2.3663767888800002,2.3175544098,2.3668135518000004,2.05143415896,2.0656822301999997,2.05907036892,2.05743963684,2.18429278644,2.23548170496,2.22945988344,2.28430619448,2.30756211444,2.28792893652,2.3110895922,2.30872604664,2.01447206004,1.9666202379600002,1.92502807908,1.91781341724,1.9936391215200002,1.8570073708800001,2.20030518552,2.1822089478,2.2802324563200003,2.1974679688800003,2.2077571000800003,2.23049404812,2.3949094959600004,2.31199079916,2.32580912592,2.30417034288,2.3175401766,2.32772295144,2.09531167896,2.17970581872,0.0,1.60298514372e-07,4.3541528136e-07,0.0
2.09600763336,2.1124574334,2.0985346153199997,2.1257620398,2.1369117888,2.1425538292799997,2.14731532548,2.1673305912,2.2212941493600002,2.1722739288,2.16560685252,2.1695569581600003,1.9356425616000001,1.86710788764,1.90989460464,1.73191020552,2.1944012541599998,2.08375221012,2.09451358908,2.10299937384,2.2927990467600003,2.28864167628,2.33937797904,2.35413049452,2.03676611016,2.0472880278,2.05459613796,2.04840420516,2.2037505033600002,2.2116593527200004,2.24829187944,2.309431179,2.35033680684,2.31509506008,2.33189627292,2.32969321896,2.03701636908,1.9646157616800002,1.942273515,1.9255240815600003,2.0185236140400002,1.84070868816,2.215281015,2.19317602104,2.26558021128,2.23358976912,2.23772706588,2.18851091796,2.39508269928,2.31100748136,2.3950289076,2.31565113648,2.33454880152,2.38090093512,2.10211637556,2.17275231156,0.0,1.02887577012e-07,2.2482007378800002e-07,0.0
2.09836573104,2.1136716726,2.1060526406399998,2.1439947690000003,2.1463010382,2.158496682,2.1575153764799997,2.18402353356,2.22528705276,2.17129885644,2.181256305,2.1944020394400003,1.93185019908,1.8629299035600002,1.8843780108000001,1.7267253452400002,2.20177940148,2.1273535569599997,2.10473130888,2.10287034252,2.2979311460400003,2.30614591104,2.4078241126799997,2.3452650268800004,2.03191921476,2.0464169559600003,2.0473999301999997,2.0573818206000003,2.20789427868,2.23163613972,2.3046770448,2.32678606332,2.37767171652,2.33116998708,2.3764429987200004,2.36878666596,2.02062796812,1.984655322,1.9254382406400001,1.9341496461600003,1.96582190268,1.83855996576,2.23922179728,2.19148119048,2.20305945696,2.21069336016,2.26731101748,2.2556927508,2.46209692392,2.3489954504400004,2.3961571586400003,2.3561531304,2.38549580472,2.4119058999600003,2.09554245312,2.2081189178400003,0.0,9.097559598e-08,3.80402510592e-07,0.0
2.1041355267600004,2.1220194444,2.1166589268,2.12685004524,2.16933025764,2.170040298,2.16901899228,2.1970728258000003,2.22079917756,2.18319771348,2.1960777287999997,2.20241184636,1.9289608104,1.86310443204,1.8478596441600001,1.75026097212,2.22214873032,2.15413749456,2.1323483303999997,2.13143254668,2.3626623654,2.3162039736,2.37784707936,2.40143536908,2.05411559568,2.0614170309600004,2.04846432816,2.05276820244,2.2459698064799998,2.27556509556,2.30307536808,2.36618257932,2.38487950716,2.355639999,2.40687996072,2.40439553112,2.0061412208400005,1.97821077444,1.931815794,1.9355594691600002,1.94992273116,1.8464003976,2.2145838336,2.23690796976,2.33082475836,2.24856255564,2.27521127784,2.2885941668400003,2.44181525196,2.3783961864000003,2.40160302636,2.38003148292,2.38536353412,2.4038164362,2.10330283548,2.1973285326000003,0.0,2.51717410728e-07,1.23250908276e-06,0.0
2.1100692006000004,2.1298279251600003,2.1167866820400003,2.13089001636,2.17807768788,2.1761809422000002,2.17949487288,2.20074371532,2.2848393996,2.19727734216,2.19728072868,2.2138421857200004,1.9235844890400002,1.87635902592,1.841549085,1.7543535570000002,2.2232402204399997,2.1108455480400004,2.12575757352,2.1300685644,2.3881103454,2.43605345628,2.33528195856,2.40508535052,2.0484964264800003,2.05857701676,2.0575445208,2.0483712233999998,2.25922714884,2.2924165663200005,2.3582804539200004,2.40405408156,2.39464588728,2.3927679883199997,2.4041069898000003,2.4057135254400004,2.02010232132,1.94846265024,1.942374129,1.9311125757599998,1.94188907136,1.8519697506000001,2.28493564548,2.2200022656000002,2.3749404635999998,2.2663056627600002,2.27973640476,2.2939807459200003,2.48564388828,2.40650562756,2.40559990524,2.3787688508400002,2.3885961883199998,2.37804914172,2.10622226112,2.21650521744,0.0,6.0732539244e-07,1.5124470714e-06,0.0
2.11289125152,2.1290604612,2.12428507536,2.1419726729999997,2.18069414268,2.17845879408,2.19015863172,2.22050126196,2.27682350676,2.2152324748799996,2.21076118872,2.23054950852,1.92743118312,1.88049617544,1.84433614188,1.70865595428,2.2630935240000003,2.14220403612,2.14163480628,2.1383759433600003,2.40514164528,2.43131708904,2.4062216016000004,2.4696755139600004,2.0217286852800003,2.05491918252,2.0457810264000003,2.0586424894800004,2.2772943312,2.30941900716,2.36576908032,2.4038379823200002,2.4047657906400004,2.39321329116,2.40262276152,2.40307572084,2.0064893943600004,1.93174644396,1.9285123664400001,1.9263425887199999,1.97702588508,1.83608481228,2.25686885484,2.21602624572,2.38195772568,2.2855729002,2.28911019396,2.31047260752,2.5104830308799997,2.43415602348,2.44483293576,2.37079020972,2.40414689184,2.40522611196,2.10925756464,2.1991182348000002,0.0,7.098491934000001e-07,1.71612799164e-06,0.0
2.11868215164,2.12587242072,2.1317448918,2.17545833736,2.19268831308,2.2031517273600003,2.20314073344,2.2260980016,2.3041032014400002,2.21650590456,2.2291299186,2.2528663808400005,1.92524000652,1.8576874233600003,1.8439934162400002,1.69969016712,2.28705467448,2.12726815776,2.1653794158000004,2.12111067912,2.38114888728,2.4173048472,2.4478793313600002,2.4865699788,2.01855772464,2.06864337384,2.03768400432,2.05473164784,2.2749703441199998,2.2971228475200003,2.33269907448,2.40175595964,2.42265122976,2.41146786096,2.4186884124,2.4141367822800004,2.02378921092,1.9777271401200003,1.9195582112399998,1.9203039818400003,2.00523721632,1.82398197876,2.2217345442000003,2.24858419992,2.31155482152,2.29900796124,2.38136410308,2.3422961286,2.53213570356,2.44126148232,2.4905292133200003,2.4088792836,2.427441585,2.46984582156,2.1175987106400003,2.2550593734,0.0,8.61387129e-07,1.53242621424e-06,0.0
2.12414161452,2.13950709012,2.1257164935599997,2.1636630882,2.20871052816,2.21396508204,2.21688750156,2.24969007048,2.28764078784,2.23765997352,2.2448019478799996,2.25766660116,1.9225207782,1.84672663236,1.84500279552,1.68419423688,2.25004329924,2.14330072872,2.18496645852,2.14092614016,2.39674356648,2.2851303949200004,2.45526695112,2.40218251392,2.03639143344,2.07138130164,2.0437182430800003,2.05732940316,2.2949184683999997,2.31889522632,2.33020016628,2.4085553065200003,2.4410041558800004,2.42282188092,2.4485587458,2.44848625464,2.06394808656,1.9977048596399998,1.9114372872,1.91421590232,1.94113672404,1.7988305401200002,2.27243845416,2.26761271224,2.41242757128,2.2902695126399997,2.37469413108,2.358819156,2.52533012352,2.45960527956,2.45819157924,2.43235552368,2.47195930452,2.48950211616,2.1270910771200002,2.26943681952,0.0,7.3640986608e-07,8.8564452636e-07,0.0
2.13058699644,2.1493119489600003,2.1421680114,2.19809555484,2.2214861993999997,2.220596379,2.2272254673600003,2.26409372532,2.3474497739999998,2.23952658408,2.26620755184,2.27155305096,1.92277015368,1.85047079832,1.8217841272800002,1.72592107128,2.26632529476,2.15635615596,2.20541063436,2.15476625844,2.3891670378,2.36195149068,2.39118393132,2.3945581322400002,2.04852371496,2.0724046196400003,2.0549075014800002,2.0616858912,2.2975491564,2.3444769984000002,2.3391439656000004,2.4336401926800004,2.43542773536,2.4254491824,2.4612589810800003,2.45101686852,2.01562460568,1.9382700594,1.90285231176,1.9101894282,1.9357002796799998,1.7878271967600001,2.28596347884,2.2427681708400002,2.4228526540799997,2.31846675792,2.31793900068,2.35376578104,2.45310949248,2.45422297044,2.45151061332,2.45541212976,2.4613553742,2.41787108316,2.13512017248,2.27013223404,0.0,4.40707936044e-07,4.9460242392e-07,0.0
2.1374758652400003,2.15535536568,2.1588822054,2.17402014612,2.23666129368,2.23393725552,2.25540352236,2.27744824608,2.33534438832,2.25134416464,2.2769093967600003,2.28830587092,1.9280142044400002,1.85856575904,1.81731941784,1.73357573532,2.27729855208,2.16109640052,2.1840988222799997,2.1731770008,2.45549134488,2.3792572950000004,2.37815966988,2.41853665704,2.0548235746800003,2.07061167816,2.06173344972,2.0509350644400004,2.30742689904,2.3402409526800003,2.3559660374400004,2.43851923548,2.4087661542000003,2.4094952866800003,2.4280118455200004,2.417048895,1.9801138023600002,1.90390493052,1.90800183444,1.90518557496,2.00548762248,1.78646130036,2.3410671654,2.25444862188,2.40825017616,2.32309544364,2.36275115112,2.36167129296,2.45695299636,2.45391597504,2.4347392411200004,2.41801351332,2.41931217012,2.39976468588,2.14256227104,2.26393676748,0.0,2.77775504208e-07,3.49115507532e-07,0.0
2.1570340489200004,2.16832441212,2.1505079304000003,2.1931886346,2.2583283468000004,2.25107510808,2.26446280692,2.29841801964,2.29958509296,2.2729610089200003,2.28981714228,2.31265166136,1.9287143306399999,1.86340548876,1.84118697276,1.7411384725199999,2.3148766050000003,2.15161016904,2.1280072044000002,2.1972506426400003,2.4340907470800004,2.33074667208,2.39747976648,2.45305584804,2.07749524632,2.0903212736400003,2.08945712208,2.0677924248000004,2.3368929113999997,2.33395508076,2.42252332728,2.43123242604,2.41775716848,2.4204368874,2.41616334456,2.41584123252,1.9953782222400003,1.92667716708,1.88349903708,1.88404313796,1.99479466104,1.82187580872,2.29075221444,2.26552156068,2.39034333816,2.32386374196,2.3761739912400004,2.36653310868,2.4643629966,2.42073745332,2.4174098293200004,2.37284666172,2.4229156728000003,2.43276156252,2.1508036373999997,2.2700153254799997,0.0,1.67875116672e-07,3.70226091612e-07,0.0
2.1662423894400002,2.19718173432,2.1568704162000003,2.17413690744,2.2652236450800003,2.2612522878,2.27447547048,2.3199601150799998,2.3186978756400003,2.29780824972,2.30523002916,2.32527439932,1.92056783592,1.86915516168,1.86079521804,1.7605493671199999,2.2978105074,2.1220132603199997,2.1662819970000005,2.2307876446800003,2.39697969036,2.2717888803600004,2.40777090996,2.38991383908,2.07626942424,2.0992593306000003,2.0936357932800003,2.06501533116,2.3098677456,2.35372627164,2.39473374048,2.41890353004,2.43345712428,2.4346863819599998,2.4233017360800004,2.4298610326800003,2.00265948564,1.9685843704800001,1.8916825872,1.8474070774800002,1.97541203652,1.82467233804,2.27944138488,2.27228537364,2.3752057900800003,2.33509614168,2.35588888368,2.34710699928,2.4547013532,2.4069753722400002,2.4276802119600003,2.39293903212,2.43107772588,2.4177946656000002,2.15843062032,2.3247578814,0.0,1.68408861672e-07,3.201977973e-07,0.0
2.1624388857600003,2.20761727116,2.17159848984,2.15451982776,2.2842162308400003,2.2842391512,2.28813036084,2.32159339932,2.30378904036,2.31697261548,2.32382163132,2.3219390697600004,1.91714465316,1.8742806842400002,1.88679137256,1.8034451889599998,2.3142250680000003,2.16848063376,2.1689915565600004,2.2134814968,2.40267247956,2.318729385,2.40372082836,2.3232567696,2.08319559384,2.0841486292800004,2.08576998708,2.08469670564,2.3018710921200003,2.3155570992000003,2.40449452548,2.4180215624400003,2.39701708932,2.41873027764,2.4175705663200002,2.41391724744,2.031385617,1.97847742608,1.91548889028,1.84574807532,1.9825078266,1.83187355196,2.28397564068,2.28189111492,2.41456161876,2.34776177556,2.3662368618,2.32332410736,2.40167394696,2.39059433328,2.39651912364,2.4116510766,2.41282148736,2.3830551054,2.1607870002,2.28450114024,0.0,2.63059219584e-07,3.36883755576e-07,0.0
2.1613852854,2.17308590832,2.18307918528,2.16700661412,2.28532337748,2.3146996716,2.291012682,2.3215242456,2.32774165092,2.3246906418,2.32347767868,2.32493795592,1.9290410562,1.8532259532,1.87035933948,1.8076782898800001,2.30626959264,2.17104923556,2.1836279487600003,2.1913805274,2.40652874424,2.25636053328,2.35652348808,2.33318177628,2.1080824422,2.0823686449200003,2.08342651524,2.07004328268,2.3319585554400004,2.34106932492,2.36806577892,2.40723201156,2.3803395580799998,2.39604790656,2.3875042074,2.3928954,2.02603452276,1.9054244964,1.9312879876800002,1.86044571936,1.9605091890000002,1.8202988683199999,2.37122996652,2.29286893668,2.34828648984,2.3466629234400003,2.380691658,2.3514179901600003,2.38880575992,2.40592059396,2.3853112148399997,2.38071786672,2.37440971248,2.3533361838,2.1698116833600003,2.28547979544,0.0,2.4480351603600003e-07,3.1068726140400004e-07,0.0
2.1824483600400004,2.1463646949600004,2.19641962008,2.1499920505200003,2.3052022008,2.3102565082799997,2.31116802204,2.3219011800000002,2.35433196792,2.32623990108,2.33201715696,2.3349857116800004,1.93535456016,1.84065180444,1.8487047526800002,1.8216701635199999,2.31798896412,2.16928638012,2.18915200092,2.2014078168,2.36922495036,2.3046810202800003,2.3600586714,2.31095506392,2.07977486508,2.11527668676,2.09928185832,2.0618230698,2.33076571512,2.34373697016,2.35727230164,2.3824749307200004,2.3671875904800004,2.37384539064,2.37232013148,2.3727159126000004,2.02855281756,1.89616231512,1.93429904568,1.8544772478000002,1.85539646712,1.8095609005200002,2.3605448088000003,2.29242240684,2.34337706652,2.3466724940400003,2.35435935456,2.33096871,2.368325952,2.39069676324,2.3557339872,2.3383251148800004,2.35305245232,2.3411355829200002,2.15870959104,2.29912815816,0.0,1.9408192255200003e-07,2.96605615536e-07,0.0
2.1746260878,2.19809702724,2.19269420268,2.142837708,2.31147442848,2.31386594964,2.3253297124800003,2.3364533509200003,2.3539941012,2.3311858399200003,2.33848624452,2.3405289541200003,1.9135488069600002,1.835998137,1.86290541264,1.79121248976,2.33447262936,2.1657493317600003,2.1688445619600003,2.16637421832,2.3574849652800003,2.27952585156,2.3338648226400003,2.31374540916,2.06543624124,2.1358025808,2.08830560712,2.09750486784,2.34849660132,2.33277617916,2.3589496106400003,2.36974858488,2.35499994672,2.36550439188,2.3555588206799998,2.35961778576,1.9884063100800002,1.9249757598000001,1.94005028916,1.8697472628,1.8509815738800002,1.7856180078,2.361170088,2.2981678098000002,2.35232160204,2.34373382904,2.350003161,2.3441542974000003,2.3429948314800004,2.36274535968,2.3427704868,2.33571759264,2.33740069308,2.3243761371600002,2.1947511945600002,2.31454315548,0.0,1.64033595624e-07,3.24123392388e-07,0.0
2.1731565344400003,2.2031495678399997,2.18485597944,2.1824979308400003,2.31199452924,2.3234974088400002,2.32476318204,2.34182726736,2.3486507616,2.32984413996,2.3397247783200004,2.3435309814,1.90433550936,1.83912463116,1.87209093096,1.7991076948800002,2.3165317789200004,2.2249253331600003,2.210602464,2.1442310892000003,2.34986760204,2.30605825416,2.32449883716,2.29952148528,2.0888443582800003,2.1113555383200002,2.07938330484,2.0866219668,2.32238589408,2.33394732612,2.3437148841599997,2.3584561112399998,2.34199507188,2.3504637277200002,2.34733703724,2.3456016666,1.9654602812400002,1.94939836044,1.8762214056,1.87689414516,1.95172224936,1.7922789000000001,2.34931810236,2.29123761564,2.342811714,2.33948428632,2.35101931332,2.32371537312,2.3306659354800003,2.34496887816,2.33115806064,2.30900398668,2.3318457696,2.32411311744,2.17920289596,2.3335947844800002,0.0,1.30917876672e-07,3.41513643756e-07,0.0
2.19977021352,2.20197056808,2.21164453056,2.232343677,2.3182313702400004,2.32628996268,2.331465645,2.33639931384,2.3360511894,2.33566115064,2.34102309156,2.34549771516,1.90655220756,1.84185465708,1.8658958570400002,1.7970926664,2.3076358326000004,2.23944147936,2.17559904972,2.16065198112,2.3231483028,2.3026443475200002,2.3173318810800003,2.31795333204,2.09773947024,2.0847181045200003,2.0826936036,2.0829837645600002,2.32031717208,2.3167512156,2.3475164737200003,2.34936698604,2.3360799502800003,2.3424149512800003,2.33891741232,2.33864688336,1.9715826186000003,1.94149564608,1.8418933812,1.8729384444000001,1.96416083916,1.78874283324,2.31484023672,2.2842721329600004,2.32635872376,2.3353179832800004,2.3378468302799997,2.3318089596,2.33176410048,2.32370810928,2.32986892536,2.320888905,2.3344306168799998,2.3184367700400004,2.1551658678,2.32197916812,0.0,1.20078647016e-07,3.88779357384e-07,0.0
2.1834241686,2.24004854988,2.19779866992,2.2387374758400003,2.3314313380800002,2.3287861224,2.33997248508,2.34520691616,2.33238672936,2.3382117891600003,2.3386475214,2.3450433325200004,1.91871324996,1.8503753868000001,1.8757943114400002,1.77381387516,2.30093871936,2.19001355124,2.16542020128,2.18986037256,2.32485785736,2.29058539152,2.31866847672,2.3262053487600003,2.0946811482,2.13027798876,2.07537788604,2.0974458246,2.3181119586000003,2.31413976696,2.34090785172,2.34043530948,2.3376041787600004,2.34415027284,2.3328150505200003,2.3351854182,1.99737798684,1.9337737915200002,1.83803166864,1.88413535928,1.9595026072800001,1.78576387356,2.33207207748,2.26995976692,2.32268714712,2.32767794508,2.3332958382,2.30038386996,2.35920698616,2.32005832416,2.3351570499600003,2.30563773672,2.3317747508399997,2.3310882198,2.2012524786000003,2.32877291988,0.0,2.6938603894800005e-07,1.66342284468e-06,0.0
2.21110838064,2.2424867952,2.20791292908,2.23801310412,2.33012639904,2.33631543612,2.3360934472799997,2.3435679877199997,2.33411724108,2.34026318592,2.33795642592,2.3431092369599997,1.92279866916,1.8474879613200001,1.88632143156,1.80434158608,2.31032207916,2.16950890884,2.16222411168,2.21904540192,2.306876565,2.25918199524,2.32298525904,2.3208012481200004,2.1065006428800004,2.1264086197200003,2.1003248083200003,2.08630893456,2.27724098124,2.32814204556,2.2980321526800003,2.33166211224,2.34592893204,2.3476746094800003,2.3360102566800003,2.341713549,1.9915741296,1.91335130904,1.8723535580400001,1.89365898972,1.97341492224,1.80377976732,2.2528098406800003,2.26588774656,2.35204641048,2.32982813988,2.33476509708,2.3083592718,2.33205327984,2.32216282548,2.3217294981600003,2.3025418194,2.34059324892,2.32931736432,2.20784225388,2.3261247594,0.0,7.4228233716e-07,2.64796298208e-06,0.0
2.2273767319199997,2.23461671904,2.2418419330800003,2.25322927836,2.33609742276,2.3367389474399998,2.3377574556,2.34279016788,2.3364836332800003,2.33719480248,2.3387267856,2.33968041,1.90891266108,1.85837351268,1.87591014024,1.7788197406800001,2.3025440280000002,2.206148454,2.18127554436,2.18492532948,2.30785011588,2.2460578069199997,2.31705953616,2.2893130416000003,2.12962296708,2.0905213728,2.12722035384,2.07812234148,2.28432214548,2.3107495659599997,2.31018666744,2.33007501228,2.32639278528,2.3210003656800002,2.3383606978800002,2.33730429996,2.0514222816000003,1.91701709424,1.86902485428,1.89578876724,1.9693512945599998,1.81797758064,2.28078126888,2.27417245056,2.32773743004,2.3215788716400003,2.3189666868,2.29873522368,2.30890396164,2.31241607736,2.31931495848,2.30898420744,2.32053876828,2.3065229436,2.2241200776,2.32639833132,0.0,1.2380113434e-06,1.7506516489200001e-06,0.0
2.21517789792,2.25414437496,2.2323123639599998,2.18385783948,2.33834877144,2.33920026036,2.339027646,2.3410673617200004,2.33614341072,2.33721968604,2.3400194546399997,2.33868379152,1.9049265798000001,1.85630763732,1.8642001430400001,1.75351006812,2.2933914914400004,2.16457293324,2.15263937664,2.15614491564,2.31759180876,2.29500376944,2.2945285278,2.2874005903200003,2.13201394836,2.1164478827999997,2.14654074492,2.0994456873600003,2.28958425768,2.31568132068,2.3301628164,2.33462384484,2.3041559133600003,2.30767156284,2.3205233080800003,2.3099868627599998,2.05367392476,1.9316253636000003,1.87739333784,1.90167660036,1.97478253644,1.81320504144,2.2929462867600003,2.2750529948400002,2.30731995372,2.31758513388,2.31456828444,2.29124375064,2.313345309,2.32041965112,2.3212071888,2.30203737516,2.2987199598,2.29784888796,2.24186760192,2.33181641976,0.0,1.01206243452e-06,7.467585804e-07,0.0
2.2336967635200002,2.22038538408,2.22297612096,2.20832868576,2.3402102286,2.33816418156,2.33885027088,2.33957753832,2.3348126556,2.3373551959200003,2.3385912757200003,2.33896928988,1.9161983416800001,1.85572618656,1.86208960488,1.77306560148,2.29422344652,2.19851067348,2.15891769024,2.18121463608,2.3102856127200004,2.28720078564,2.29076404272,2.3142006261600003,2.1354167629200003,2.13365076636,2.14203196164,2.09446392012,2.2995233503200003,2.3132715417600003,2.32486207824,2.32190800212,2.3067764418,2.3146047018,2.30728918056,2.30713462764,2.0154283838400002,1.9207481558400001,1.8897827494800001,1.9078686804000002,1.99801239492,1.83030897972,2.27262662688,2.26716417012,2.32535734452,2.31026637336,2.30483562228,2.30233695948,2.33549496576,2.3110363404,2.29386236496,2.28016212468,2.29568524524,2.30322987192,2.22697496304,2.32983383316,0.0,4.2698551160400004e-07,3.5922248322e-07,0.0
2.2204329426,2.19380768064,2.2375660344,2.22057075924,2.3400588168,2.33831740932,2.33627111688,2.33794778784,2.33069734668,2.3351856636000003,2.338560159,2.33776442496,1.9209613102800003,1.86472117632,1.8643785488400002,1.73572862952,2.2730773285200003,2.20338902916,2.212811064,2.1776833791600003,2.2971069456,2.30227467696,2.3052315997200004,2.31419596356,2.1456851823600003,2.1212773548,2.13990041724,2.1069763262400003,2.30431076076,2.30756628624,2.31246486288,2.3108179834800002,2.31497294904,2.31417142356,2.3091095577600003,2.3173941636,2.00820631092,1.90695584148,1.88636408208,1.88423018184,1.97644261836,1.8468364243200002,2.3050493166000003,2.26846429932,2.3147408988000002,2.3130664855200003,2.31011618856,2.3101762134,2.3214979878,2.29280380752,2.3027545812,2.28317740356,2.3071572535200002,2.3092739266800004,2.21045488044,2.3302677003600003,0.0,2.18885815896e-07,4.0549701152400003e-07,0.0
2.21843887128,2.2230271641600003,2.241113046,2.21166642024,2.33846744688,2.33906553576,2.338149114,2.33686954932,2.33123599968,2.3303313080400003,2.3370605196,2.33444327952,1.9196075366399998,1.86963418248,1.87133141796,1.75606208088,2.27089645872,2.21329116456,2.17798183464,2.1695465532,2.28742802604,2.30272135404,2.31591847524,2.3166449574,2.13580385688,2.14771729068,2.11815017352,2.10582299532,2.28890184936,2.30592176268,2.3063403169199996,2.31009213936,2.3169540141600002,2.3181185844,2.31294177324,2.31877144656,1.9704545148000001,1.90055095056,1.89397889316,1.88665836576,1.9722570268800002,1.84121416308,2.2989427829999998,2.25216497856,2.3188410910800004,2.30808653424,2.31076929612,2.2932104844000003,2.3336771898,2.2973768856,2.3139456064800004,2.2944567728400003,2.3121630208800004,2.3163000722400002,2.23613967144,2.32274825172,0.0,2.5245029292e-07,5.689783540800001e-07,0.0
2.24911460748,2.24819646792,2.22548391264,2.2186278292800004,2.33778042504,2.33682660432,2.33781051108,2.3345538076800003,2.32840506528,2.3313704788800003,2.33436538956,2.33136017208,1.90731093528,1.8545211744,1.88191743408,1.79664682368,2.2913643402,2.17935293352,2.17593122316,2.18945570796,2.30615062272,2.3484195948,2.31168635592,2.34986073084,2.14034945016,2.16382794792,2.06779625304,2.062935468,2.27545893552,2.30777418912,2.30859892944,2.3147333895599997,2.3192652895199997,2.3177742391200002,2.3157266706,2.316458208,2.0141414080800004,1.9031397733200002,1.9090495452,1.88824389516,2.04954879984,1.8343691718,2.26586355012,2.2498144392,2.31914690856,2.31517775988,2.3064873115199997,2.29244380572,2.37065052804,2.30892752004,2.32243600476,2.3006754542400003,2.3158698369599997,2.32055825304,2.2250983401599997,2.3265638290800004,0.0,2.2863422292e-07,5.205154369200001e-07,0.0
2.23110106956,2.2389142619999998,2.22436807884,2.2440559809600003,2.33689835928,2.33134495728,2.3361190670400003,2.3314854242400003,2.3279191732799998,2.3302073810399997,2.33271635064,2.33111271072,1.92066967692,1.87311478884,1.88569414008,1.7885191266,2.2933756386,2.19884137452,2.1787833601199997,2.2026200928,2.30517859332,2.3425661176799997,2.33221985736,2.35208601804,2.1282928500000002,2.12895238704,2.10713431476,2.09114900784,2.29445446608,2.3062844148000003,2.31243011424,2.31539601864,2.32780295184,2.32216145124,2.32273230072,2.32692510696,2.0791582239600004,1.9476993089999999,1.8735897360000002,1.88010711828,2.0053872048,1.83671676636,2.27308012608,2.27171167752,2.3475379216800003,2.31109808304,2.308850808,2.3055617608800003,2.3920431258000003,2.31557756556,2.35123202604,2.3078449134,2.3243512535999997,2.338811694,2.21264046192,2.32632240456,0.0,1.5839334165600002e-07,3.24528390732e-07,0.0
2.23870969656,2.2403052382800004,2.23905075348,2.2436744821200003,2.33494217772,2.3329704378000002,2.33339232948,2.3300388894,2.32848766692,2.3297015625600004,2.3301020553600003,2.33010863208,1.91420162004,1.85841527976,1.8918926496000001,1.7631583126800001,2.28406241412,2.21268674436,2.1891205897200003,2.1872371937999997,2.30527616436,2.31809168856,2.34630836952,2.34315728628,2.1442651507200003,2.16978773232,2.15069433624,2.10184010424,2.2928774766,2.31088080588,2.3195344442400003,2.3217743572800003,2.34728663208,2.33279517312,2.33616117768,2.34094191324,2.0523146050800003,1.9507904164800003,1.8876662726400002,1.88602655892,1.95704507352,1.8363476847600002,2.31436357176,2.27695268532,2.3542871088,2.31179644236,2.31730498524,2.3063705502,2.3954655232800004,2.33610228168,2.34059982564,2.32867426908,2.34232911036,2.36023717536,2.24440430172,2.3280170388,0.0,1.13135785308e-07,2.04476011332e-07,0.0
2.22862694676,2.2595419970400004,2.2509507393600003,2.25574830936,2.33258609232,2.32970372208,2.33113101756,2.32892487156,2.3312854232399998,2.32708829796,2.3316001242,2.32839750696,1.90454566992,1.8591659092800001,1.88500275012,1.77692240604,2.295280188,2.19026498808,2.19843975288,2.18126155656,2.33976050856,2.3359387962000002,2.34001312332,2.3500343268,2.13899062128,2.1673497324,2.1676281141600002,2.12465538396,2.29377264672,2.3219869227600003,2.327768694,2.33085783828,2.36211060804,2.3446716006,2.3559312397200003,2.3650161440399997,2.03602927212,1.94331185148,1.9950696562799999,1.89748428492,2.0699782516800003,1.85508235512,2.3064163909200004,2.2787147554800002,2.34853684692,2.31814597104,2.33563224252,2.29426845288,2.3728987356,2.3391436220400004,2.35859672544,2.3380590521999998,2.35777242684,2.35912119432,2.25298569432,2.33159379288,0.0,1.05365096148e-07,3.32077159764e-07,0.0
2.25888039864,2.25273612252,2.25062406288,2.23385504652,2.33100875928,2.33029812996,2.330161344,2.32772741772,2.33766813,2.32920448032,2.3301772459200003,2.3285557408799997,1.905192348,1.86977533656,1.8832881403200001,1.76548715868,2.31453358488,2.19723974688,2.24200355352,2.1596952155999998,2.33965847124,2.33720402952,2.34935545224,2.3626759605600003,2.10934934424,2.13411246192,2.15357366352,2.10938090268,2.30445162036,2.3139752508,2.34786332208,2.34407248104,2.3548134918,2.3459532757200003,2.36184066804,2.36409761184,2.06761465704,1.9822864757999998,1.9606464166800002,1.89286409004,2.0470472903999997,1.8521035426799999,2.3067363434400003,2.30707087272,2.34402575688,2.3261234342400003,2.34340690716,2.3148881388,2.38545796404,2.3500443882,2.3783754746400003,2.340454647,2.3570527668,2.35698587076,2.2311052413600003,2.3317649839200003,0.0,1.13506172436e-07,5.9674987944e-07,0.0
2.2577356567200004,2.24507296764,2.24793035616,2.25251423184,2.33060792292,2.32903598868,2.328987105,2.32901395176,2.3410996563600004,2.33006352756,2.3314093502400004,2.3315690565600002,1.90641817008,1.8716736528,1.87551126708,1.75685217072,2.3058987441600003,2.19679984284,2.2378403916000003,2.17779361284,2.33978107308,2.3412332521200003,2.35770081912,2.35811260032,2.12523330096,2.14980898212,2.1209779668000004,2.1089963118,2.3171345303999997,2.33485815276,2.33633899452,2.34558846408,2.35528598496,2.35581639252,2.362598316,2.3634900505200003,2.02974320388,1.9836069241200003,1.9479663532800002,1.8863979963600002,2.04211641912,1.86705969108,2.3241291666,2.29820457072,2.3699218863600002,2.3297127528000003,2.3419487403600003,2.32759858272,2.40670661016,2.36568530076,2.3610409585200003,2.34746543052,2.3593346432400004,2.36960787252,2.2345392708,2.3321644951200002,0.0,1.66690271484e-07,1.5360485636400002e-06,0.0
2.23541549604,2.25905855904,2.25697418052,2.24430511104,2.3295115248,2.32941792924,2.3281520088,2.33307905184,2.3439844806,2.33271944268,2.33502527016,2.33390433204,1.9012885248000002,1.86796605144,1.8632934882,1.81162373292,2.31638571684,2.19336272136,2.21179383192,2.1970459790400003,2.35617340044,2.4021783912,2.3610892041600002,2.4001235588400003,2.14439172804,2.16799699944,2.1297169062,2.11552822176,2.31809389716,2.34371326452,2.35031418096,2.3624266341599998,2.36854151136,2.37371390532,2.36541786384,2.3671116146399998,2.04089103876,1.95382390404,1.98005696772,1.91717832204,2.00947792464,1.83481059732,2.33012757696,2.2998283825200003,2.36481000804,2.32770233784,2.34253505004,2.33702655624,2.4508524505200002,2.36497364076,2.37638361192,2.3534490677999997,2.367986073,2.38236513876,2.25857934192,2.33654257836,0.0,6.344684484e-07,2.15080648404e-06,0.0
2.25213769008,2.27664951816,2.26082936544,2.2341450602400004,2.33037768864,2.33249357652,2.33107580256,2.3360317046400003,2.3491388622000002,2.33546438892,2.3346514278,2.33752717224,1.90206639372,1.85872693776,1.8720854340000002,1.7923939926,2.33064743232,2.2103143153200002,2.23103363364,2.18329896552,2.37325976808,2.3841348654,2.36935658292,2.418770376,2.16886861116,2.1620515464000003,2.17881511488,2.12137252092,2.32354491828,2.34624127716,2.36112429636,2.36873351232,2.3875316922,2.38886843508,2.3820303640800002,2.38883589504,2.10598387956,1.9900961344800001,1.95624722904,1.9261516675199999,2.0478136255200003,1.8502706991600002,2.30220738828,2.305734228,2.405702826,2.34673826124,2.35986568884,2.34849179148,2.4537650540400002,2.3728316923199997,2.39751696912,2.35412161104,2.3808129837600003,2.3902288345200002,2.27093866752,2.33752854648,0.0,9.815771287200001e-07,2.1299942082000002e-06,0.0
2.2548362557200003,2.2830025806,2.26812535284,2.2641469280399997,2.32974867936,2.3347483608,2.33306069592,2.3379768432000003,2.341322136,2.33565329784,2.33922082488,2.3407926118800004,1.90798637424,1.85818367124,1.88814421368,1.77968492292,2.33134569348,2.19066116184,2.2468974184799997,2.1992929596,2.36767377696,2.37216921048,2.3857390452000002,2.3977496083200003,2.12965290588,2.1390418608000004,2.1503464572,2.12436782424,2.32175874984,2.35899918144,2.36438958876,2.38502139744,2.39617595628,2.3856914376,2.3985725817600003,2.40753733824,2.11196594628,2.04756567336,1.9377125596799998,1.9116587361600001,2.0452767294,1.8990063048,2.33449304664,2.32044114816,2.37687873096,2.3574094311600002,2.3570099199600003,2.35849827096,2.4509862426000004,2.38812526572,2.3887817598,2.36725242516,2.3958480037200003,2.4093306723600003,2.26447826712,2.35738008132,0.0,8.712198652800001e-07,2.8187163757200005e-06,0.0
2.2609249242,2.28796265448,2.27585388228,2.2647089922,2.33590453836,2.33538993456,2.3338052395199997,2.34289186164,2.35303723752,2.34067099164,2.33918956092,2.34306908952,1.90014697308,1.8807387288,1.89895045176,1.79243094984,2.33618620848,2.19514996956,2.19870085848,2.2276874574,2.3723125731600003,2.35514326032,2.3956433401200004,2.40187635288,2.1468124518000002,2.1283176354,2.1294647331600003,2.1226049687999997,2.3386022205600003,2.36588466372,2.38955658576,2.4007612552800004,2.39522851596,2.3799281695200003,2.40206241516,2.40249122712,2.09311799928,2.01675693036,1.9591224826800002,1.90392947052,2.0097886992,1.8992882203199999,2.3521290121200003,2.31709315596,2.37665831268,2.3667858706800002,2.3711976228,2.36478738216,2.4408555416400004,2.3808693766799998,2.40597404208,2.3974787358,2.40199227984,2.40767898312,2.24943274404,2.33865370548,0.0,1.2354657110400002e-06,3.41348239248e-06,0.0
2.24850832224,2.2975729602,2.267064096,2.21730576132,2.33826032928,2.33689222428,2.33879652828,2.3450394552,2.3631007479600004,2.34460529352,2.34267654768,2.34635538816,1.89404853768,1.87593144096,1.89823471812,1.79244591924,2.34395827188,2.21606595144,2.2050638350800003,2.20161159696,2.3879351298,2.34650017416,2.39189421708,2.39041175568,2.16136010736,2.158002201,2.14408684308,2.13317248176,2.3490902730000003,2.37042691956,2.37146820084,2.3966259708,2.3982792306,2.38736437848,2.39777046732,2.39824840836,2.08143008808,1.98702225408,1.93432741392,1.88983364544,1.9917498850800002,1.8651009082799999,2.34139693392,2.34048787416,2.3912714409599998,2.3569051832400003,2.38596299724,2.35112478624,2.49394145124,2.4060587050800004,2.43474709392,2.3954497686000003,2.39715672192,2.40330055632,2.2598887472399998,2.3473965222000004,0.0,1.6083157716e-06,2.6886430873200003e-06,0.0
2.26327786848,2.2614920435999997,2.280475206,2.20692696096,2.3405238007199998,2.34061867236,2.3409704287200004,2.34739254672,2.37138000408,2.3460052514400003,2.34815888184,2.35254359088,1.89383464704,1.87722150876,1.8842227707599999,1.77763813968,2.3498451234,2.25305106888,2.21851283484,2.2109658523199998,2.39608221348,2.36651377116,2.3986026678,2.3894209286400003,2.1482136858,2.1602985560400003,2.15900829192,2.16511718136,2.34144616116,2.37616785624,2.38961337132,2.39891830128,2.41173166596,2.39876595696,2.41009617312,2.40871844844,2.0761653746400004,1.9959326299200002,1.96354915512,1.8876733401599999,2.03742903372,1.83913562508,2.3833743217200003,2.34761527176,2.43035634804,2.36456897616,2.3563343337600005,2.373015546,2.45343744504,2.41008915468,2.44019271624,2.39830018776,2.40240666228,2.40660560352,2.25722458668,2.34908374536,0.0,1.464230634e-06,2.1625394997599998e-06,0.0
2.269196622,2.21541250032,2.27951490672,2.25170200692,2.3433377534399997,2.3458033854,2.3384491400400003,2.35288616928,2.36042058732,2.3514839046,2.35461579756,2.35675156284,1.900581282,1.87938250116,1.87474836756,1.78067314872,2.36860757304,2.22445460688,2.26711675884,2.23291634244,2.40709193724,2.44924297008,2.40001995096,2.4451543116,2.1350651538000003,2.1332502244800002,2.16098449812,2.1721048482,2.35338153372,2.3901145272,2.3947847346,2.40900178728,2.42144435256,2.40921641412,2.4191137887600003,2.41778200296,2.0672894529600003,1.97949838824,1.9925984782800001,1.87899216792,2.0606416651200004,1.84572937584,2.3621526696000004,2.3371189248,2.40706023156,2.3769461178,2.3843087558400002,2.37963624168,2.45253623808,2.41873047396,2.43856080624,2.3968103643600003,2.4122224659600002,2.41623362712,2.25039544824,2.3727671521200002,0.0,1.24100954244e-06,1.81469687712e-06,0.0
2.2640557374,2.23782620748,2.27743465092,2.30339625312,2.34523582428,2.3451622042799998,2.34490257108,2.3587105419600003,2.37095987928,2.35635838296,2.36279473416,2.3618434656,1.9054429995600002,1.8677484798000001,1.8883709142,1.8064337683200002,2.35161538992,2.2444077864,2.21971662,2.2556118178799998,2.41394571384,2.40340190652,2.40705061188,2.4518282100000004,2.1557304350399997,2.17220413704,2.1454323222,2.12564253,2.3476454068800003,2.37397761216,2.4039556270799998,2.42092076712,2.4320509822800003,2.4250280760000003,2.42767024872,2.42984930256,2.0609252493600003,1.9639725682800002,1.9838749990800002,1.9006148036400001,2.03678260104,1.85825925444,2.4061490122799998,2.3304506215200003,2.39463003444,2.38209848712,2.38805787888,2.35604279856,2.48295661104,2.43225211212,2.45504560032,2.39443361628,2.418177735,2.4309271484400004,2.25710532228,2.35460455824,0.0,9.413658356400001e-07,1.37269172232e-06,0.0
2.2627931544,2.26736510364,2.26107373476,2.3077880787600002,2.3477457264,2.3487331178399997,2.3507032381200004,2.36107531452,2.3815791716400003,2.36239478124,2.3625666594,2.3661183826800003,1.9084993584,1.87182477012,1.8928739060400002,1.7923446672,2.36095482312,2.25603228624,2.17514972232,2.2260535842,2.4234495159600002,2.4117963533999998,2.44555313568,2.44742357448,2.1192061788000003,2.16056432424,2.1500387256000004,2.134548096,2.3643200424,2.3751605383200003,2.40839294988,2.42592177372,2.44748914536,2.42910475896,2.43874264764,2.4375833289599997,2.0750444856,1.9897725500400003,1.96987826652,1.9027740782400002,1.9846489906800002,1.87011261432,2.38696746852,2.35425343992,2.43446846676,2.37653988264,2.3754561471600004,2.3396904714,2.50621611384,2.42408878296,2.4659341455600003,2.40203856228,2.4385359226800003,2.46123301776,2.24294755824,2.37576809964,0.0,6.164486773200001e-07,1.38605056212e-06,0.0
2.27338250796,2.28500533908,2.26868849676,2.2295569146,2.3526556896,2.35516814388,2.35717016616,2.36511901572,2.36732781204,2.36568417192,2.37048395052,2.37627092424,1.9160460464400002,1.87524387924,1.88734951032,1.78965292368,2.36799210984,2.2645557153599998,2.22982302636,2.25806213688,2.40736840488,2.40987526404,2.4470065908,2.48594857692,2.1294384753599997,2.17024363644,2.1348695209199997,2.1284992313999997,2.3699787700800004,2.39362163676,2.379053613,2.43249039552,2.45491936656,2.43794391972,2.4470583702,2.4504450865200003,2.0831415567600002,1.99298743728,1.9295514881999998,1.9005071221199998,2.0587431525600004,1.9208873467199998,2.3178248406,2.34971324544,2.43286988208,2.38473447576,2.41362100056,2.3935749126,2.50917544152,2.45923418568,2.47390306884,2.44020640956,2.44885253868,2.47241329452,2.2633253288399997,2.3768393688000002,0.0,4.7251624723200004e-07,3.3895344936e-06,0.0
2.28559562424,2.25044369388,2.29043515764,2.2511661514799997,2.36185411596,2.36136827304,2.35910607768,2.37689919732,2.3914949022000003,2.37300087108,2.37507057468,2.38200121056,1.9300237850400002,1.88785326744,1.88813110932,1.7815469690399999,2.35004330844,2.2241064333600002,2.26351467948,2.27494099428,2.424807216,2.40571440888,2.46411533892,2.47059257376,2.16658835436,2.17695930192,2.18854326168,2.16595159044,2.37990991176,2.4075371419200002,2.404573986,2.44148445276,2.48032391076,2.45618818272,2.4710324778,2.47275135756,2.15462112888,2.0250171434400004,1.93990329456,1.89473379264,2.0514072140399997,1.9065329191200002,2.37998362992,2.36658096168,2.39595048276,2.37315488412,2.39949450048,2.40654562776,2.515444479,2.45952042024,2.47259557764,2.45093922396,2.4830107953600002,2.4863702232000002,2.28249406272,2.3650190397600004,0.0,4.60866260148e-07,5.00040537e-06,0.0
2.28055731684,2.240704455,2.30154976536,2.22695385864,2.3666317104,2.36501933424,2.36458944252,2.37863481336,2.40226977816,2.3809466286,2.3786402121599997,2.3835790834800004,1.92913661496,1.89406262364,1.8869291401200001,1.7765128825199998,2.3814626066400004,2.2314108625199998,2.2627353872400002,2.230544895,2.4432742531200002,2.4000479756399997,2.47359425748,2.49725170092,2.1317094560400003,2.1997929375600003,2.1694780866,2.17664587704,2.37154353864,2.44379548272,2.430617061,2.4697638579600003,2.47394768256,2.4655553952,2.48089250256,2.48023968948,2.0963115858,1.99181943144,1.9885429488,1.9699808437200002,2.04084176244,1.89702685932,2.36377824828,2.35640064084,2.4630080941199997,2.4042907944,2.3935008018,2.3975125028399997,2.5263482390400003,2.46144254028,2.4866834026799998,2.45351081964,2.47319705304,2.48943369864,2.2940512248,2.3998375206,0.0,7.077092072400001e-07,3.74538834648e-06,0.0
2.25956697876,2.28962558304,2.2952851941600003,2.25232944564,2.3701568814000002,2.37369633468,2.37354374496,2.3869624623599996,2.40992562012,2.38293225816,2.3888725578,2.3933857092000004,1.9312843066799998,1.9068075708,1.88388397152,1.7903526572400001,2.38410605544,2.25178053492,2.2863441924,2.2432150933200004,2.4750874674,2.4270325032,2.47271381136,2.477986623,2.12143676664,2.15551713336,2.13546279996,2.153940831,2.3751735936,2.40804845736,2.45493708444,2.4732980106,2.48867781756,2.46886088412,2.48977878012,2.4876428676,2.03175523848,2.02320295032,2.02641901548,1.9942346582400001,2.09256157932,1.89240475032,2.44570140636,2.39836840896,2.4476245570799997,2.42705498184,2.4068878626,2.41455891936,2.5161701268,2.46643647936,2.50008351876,2.46528697668,2.49938069316,2.50771629312,2.260289829,2.39381447208,0.0,2.38585919304e-06,3.4931070359999998e-06,0.0
2.2578371541599997,2.2859127792,2.2724147485199997,2.30489265324,2.37344224752,2.37893160012,2.37623215104,2.39638911072,2.41474046628,2.387895375,2.39005965576,2.4054473646,1.9411821721200002,1.9040162439600001,1.8867780228000002,1.79036065728,2.4019972369200002,2.2493930874,2.21155466508,2.2661274042,2.47903536444,2.4729895918800002,2.4847834177199997,2.50963271988,2.11300423368,2.1334469862,2.1334454647200003,2.1567170412,2.41114643604,2.41896880644,2.4761888716800002,2.48712566256,2.50706141868,2.49739854828,2.50160681472,2.50549576668,2.00634971268,1.99483564284,1.9961535880800003,1.94465841036,2.03632262328,1.90918662564,2.46479308464,2.41557615144,2.40495425784,2.4026542218,2.41319027448,2.42864615544,2.52329124216,2.48554194912,2.51628413964,2.4894315882,2.5133590207200003,2.51814446796,2.23265440248,2.3944605612000003,0.0,2.5788028326e-06,3.1085460948e-06,0.0
2.27819436024,2.2620729054,2.27774945004,2.26256601216,2.38431430188,2.37798209844,2.38393015272,2.4027087006,2.41624246152,2.39615151444,2.39881233756,2.41054373364,1.95459117168,1.89155782584,1.88768595372,1.7905907934,2.39818730376,2.2757188632,2.23144639644,2.27175265932,2.4765408734400003,2.47924336548,2.50307646624,2.5260543970800002,2.16336747936,2.1811902924,2.14908279444,2.1412576264800003,2.39829999144,2.4394362462,2.47620865092,2.4944088891600003,2.5152541467600003,2.4988062608400003,2.5184526412799997,2.5134202725600003,2.0303264215200003,1.9645149513600002,2.00816272788,1.9551884262,2.0425725686400003,1.86615794424,2.4645931818,2.39618209128,2.46945362328,2.42354109924,2.47417192908,2.4248285167200003,2.57217266448,2.49228686628,2.523017523,2.48753140692,2.51179155276,2.53518023412,2.26101101052,2.39779564536,0.0,1.28505447432e-06,2.55853701348e-06,0.0
2.2659465443999998,2.29433431824,2.3006014416,2.2469258358,2.38466841408,2.3857631925600002,2.39433918636,2.40659932128,2.43062334324,2.40565885032,2.4086264725200004,2.41428578916,1.9639355128800002,1.8777116707200001,1.88609698872,1.7743825160400002,2.40875687808,2.22365818572,2.29082612892,2.26109822568,2.46813857376,2.50761126192,2.5264267670400002,2.5189867298400004,2.1732380563200002,2.20230460656,2.1892018662000003,2.17323820356,2.41310173416,2.4485207088,2.48546376468,2.51290478532,2.5270263774,2.50730102724,2.5248037896,2.5187198328,2.1369761817599997,1.98056739972,1.9586412532800002,1.94843938632,2.0115516528,1.86493403628,2.3880575353199998,2.39722543392,2.48629223508,2.44162094424,2.47850628204,2.44971811356,2.5626086902800003,2.50379229804,2.55471034404,2.49812252736,2.5336857972,2.53886830164,2.2789502904,2.4273633024,0.0,7.406711389199999e-07,1.5727872504e-06,0.0
2.27549083752,2.28612465756,2.2838700205199998,2.25201405756,2.3953070930400004,2.39089897284,2.4032656113599997,2.41706420796,2.44570395852,2.42607598308,2.41634022888,2.4217056054,1.9622915292000003,1.88106015372,1.8806902868400002,1.79245121988,2.41658602152,2.2391670240000003,2.26599896184,2.2599441585599997,2.5038840285600004,2.4767323836,2.5131498908400003,2.53103783304,2.1633141294000002,2.1874314033599997,2.1923103970800004,2.1675047270400003,2.43701679852,2.44802087808,2.4944139934800003,2.51270301744,2.53270277388,2.53170159096,2.5375922216399998,2.52707904024,2.13555673908,1.9856409465600002,1.98064357188,1.9376796760800001,2.06887841796,1.85942348112,2.40239709168,2.3920220214000003,2.46268264464,2.44780885248,2.50506636576,2.4736699879199997,2.59906099524,2.5460730984,2.5427105294400003,2.5123931754,2.54198831724,2.5463592348,2.263219905,2.41953837984,0.0,8.865386658e-07,1.92632923896e-06,0.0
2.26761138708,2.28573373536,2.28488838144,2.3011943770800003,2.39707343316,2.40573757464,2.4068716662,2.42527853124,2.43431882184,2.4242621826,2.4306465090000002,2.43059340444,1.9639193164800002,1.8884360924399999,1.89435783984,1.82764050012,2.4190621075200003,2.24219933364,2.27542124208,2.2913781316799997,2.4998600575200003,2.44611426732,2.51943571368,2.55200716488,2.157023055,2.17903901784,2.1901289874,2.1673381004400003,2.4542381852400004,2.4719149362,2.5008245286,2.53269452844,2.54752355964,2.5493002556400004,2.5478652546,2.54474141076,2.13623163816,2.01517091016,1.9905309342,1.9309965015600001,2.05012097448,1.86427160352,2.45123866104,2.41462866204,2.5320425988,2.4516781233600002,2.48158428516,2.48468746632,2.5707231848400003,2.5335295755600002,2.53660011852,2.5029324164399998,2.54136897672,2.5450854124799998,2.2648226124,2.44936699524,0.0,7.9127099928e-07,2.0815304076e-06,0.0
2.28082475376,2.3035997388,2.29499213748,2.2817172735600004,2.4093325374,2.41440819468,2.4188320695599996,2.4284219089200003,2.46644281068,2.4256899198,2.4416239872000003,2.4416112264,1.98783977964,1.89333226416,1.9004277597600001,1.80568839036,2.4587252260800003,2.32130048988,2.28029370816,2.2873202463599998,2.52346640868,2.48424569724,2.53471186368,2.5283273900400003,2.16341430168,2.19884554632,2.1945758808,2.16704067564,2.45379077196,2.4806344399199998,2.51150993172,2.54682726168,2.55161614452,2.55912189984,2.5500061732800003,2.55543162372,2.04747693672,1.99950359256,1.99216657428,1.9256655792000001,2.04517518288,1.8661710486,2.47664163468,2.41503695856,2.5353146151600003,2.472619725,2.48343828216,2.49240956628,2.58514465572,2.53546799016,2.53652365188,2.50843718016,2.55127690356,2.56563628824,2.2858556991600003,2.4320939272800004,0.0,9.0338223468e-07,1.98455721108e-06,0.0
2.29787759976,2.31821193456,2.30087643684,2.31396013416,2.417683254,2.41469732496,2.43281491248,2.4377567286,2.448635556,2.4277244330400003,2.45049284136,2.45152420848,1.9740839808,1.89361501404,1.89870843828,1.81564750764,2.4463320352799998,2.2629040752,2.28270427236,2.26238657568,2.53127852136,2.4809408463600002,2.53552762236,2.52748581528,2.1815878403999998,2.1800199798,2.2083089556,2.19016810416,2.4727743760800003,2.48741189712,2.5413695165999997,2.55017098392,2.56387529784,2.56164559344,2.56384972716,2.56417419504,2.0668338924,1.99422253548,2.01398130912,1.90661115264,2.1034886032799998,1.87722995052,2.5485638593199997,2.41370453472,2.54650264656,2.4746141398800003,2.50323759588,2.47550965356,2.59512767496,2.53625577324,2.58320305092,2.5274239254,2.56370111292,2.56232407536,2.29024688676,2.46704330448,0.0,9.117181782e-07,2.31173936232e-06,0.0
2.29068394416,2.29464224616,2.31496647048,2.28374324688,2.41880114916,2.4292114588800002,2.43591490344,2.4565381722,2.45675574384,2.4391213979999997,2.4525489988799998,2.46516123372,1.9653295321200002,1.8821822697600001,1.91266762464,1.81777002132,2.4574542994799997,2.3073855736800004,2.32324062228,2.27282010024,2.5076265258,2.4781813233600003,2.5315885106400002,2.53225982688,2.22508027872,2.18058543048,2.2144655508,2.16289297392,2.45933592852,2.48010363972,2.5581189009600003,2.56105339416,2.55840292692,2.55725391504,2.5666626001200004,2.56863007008,2.0843143724399997,1.9745144124000003,2.00283813684,1.8986507202,2.1268388059200003,1.85649944196,2.5042143860399997,2.4313719114000003,2.53622735592,2.50220887908,2.49616354824,2.48734146732,2.58219269004,2.54044205184,2.5696131915600002,2.4996740443200003,2.56358862156,2.53634411724,2.29952914176,2.49043493064,0.0,9.8567874432e-07,5.246364882000001e-06,0.0
2.3340157927200003,2.30488141392,2.31644755764,2.28326152668,2.42909518836,2.4409653336,2.43499332828,2.46220440912,2.48730554076,2.46017338056,2.4728504991599998,2.4706585372800003,1.99745617128,1.88675456256,1.9378877262000003,1.82731745556,2.48039728536,2.3183963772000005,2.32781316048,2.28673884468,2.51282861316,2.44257481404,2.52809445636,2.51452098972,2.2330422817200004,2.21506609368,2.20246715952,2.16575404344,2.48542165404,2.4904509798,2.55986536368,2.56309953936,2.55297561144,2.55155366568,2.5605513548400003,2.56069594452,2.1306389721600003,2.00356025088,1.91255223756,1.90711279932,2.0207432079600003,1.85913425268,2.51394842244,2.4408278605200002,2.51166522084,2.48725493928,2.52600271584,2.4731802186,2.5748133648000002,2.5587892356,2.5726773541199996,2.5043973072,2.5510715528400003,2.5492552002,2.30252002788,2.44148106624,0.0,2.6865908562e-06,1.0179508566e-05,0.0
2.30624927352,2.30647646484,2.32510836168,2.28383654796,2.4415696556400004,2.4453341407200004,2.4482357012400002,2.46901229592,2.48455112208,2.4667988370000002,2.4772855642800002,2.4767777825999997,2.01024264012,1.8820130910000001,1.9423437484800001,1.8447071376,2.4891671942399998,2.33117617116,2.3102229866400004,2.30902950828,2.52272000004,2.4718572672,2.53153324656,2.52326640768,2.20759970052,2.2473171997200003,2.21098288308,2.18162847864,2.47660565904,2.50921249692,2.54922246384,2.56049604168,2.5616572744800004,2.5588155915599997,2.5649188368,2.56267013844,2.09808391368,2.02645292976,1.96103007504,1.92456338964,1.9619945951999997,1.86323940204,2.4620611446000003,2.45094540804,2.54498838132,2.51120671548,2.5190405706,2.5092172086,2.58709234644,2.54528516808,2.55423598584,2.53094556264,2.5531806676800004,2.545563648,2.33048733336,2.4809688710400004,0.0,5.0622918144e-06,1.06190503956e-05,0.0
2.29402334736,2.29093459572,2.33243600568,2.29177509072,2.4509011378800003,2.46056577516,2.45554067028,2.4783353854800003,2.50055748432,2.47926913248,2.48785877052,2.4829684884,1.97057593872,1.89079428828,1.93271160216,1.8479055339600001,2.4636441218400003,2.34899122956,2.3159865492000002,2.2913810274000004,2.55139243788,2.46940199112,2.5284693294,2.5491967459200002,2.22229690284,2.20499227644,2.24823411228,2.1928228413600004,2.46025563864,2.52389944152,2.5448342210400003,2.56453390236,2.56790481492,2.5626772550399997,2.5691573856,2.57584163988,2.1271272000000003,2.0667112905600002,1.9847823410399998,1.8983972710800001,2.09799483348,1.870572543,2.48602548528,2.44830519852,2.54380059624,2.52270493248,2.52016420812,2.51355004008,2.58404477292,2.56498210092,2.6066994138,2.54100308532,2.5601953776000004,2.55378837624,2.32549894032,2.50624880112,0.0,5.3011656468e-06,9.097299474e-06,0.0
2.3283724761599998,2.3354357262,2.33122161924,2.2996739277600002,2.4559417029599997,2.46548118624,2.4704415055199997,2.4841567642799998,2.51023777812,2.47366817196,2.48656291128,2.49014241384,1.9604857287600002,1.90998501,1.93138089612,1.8272177250000001,2.4894950486400003,2.32146024528,2.32671705684,2.29354614252,2.55416918796,2.48232573672,2.5396117164,2.5362867918000003,2.19016182192,2.21472474228,2.2039944309600004,2.2038335467200003,2.4766030578,2.5259813169600003,2.53802810112,2.57186861388,2.5663840220400003,2.5647531427200003,2.5805702034,2.5784428308000003,2.1517263414,2.07537852408,1.94602234356,1.90945607484,2.08071680844,1.8815713219199999,2.49702411696,2.45519004276,2.53476172896,2.50768183896,2.50596889788,2.5042963987199998,2.57891414604,2.5701478690800004,2.5598918178,2.53081029816,2.56368457296,2.55485336316,2.29973841888,2.4964002610800002,0.0,4.12780115424e-06,7.5973886616e-06,0.0
2.33343856284,2.364252312,2.3189558891999997,2.36021194824,2.46062820492,2.4725233318799997,2.47983909852,2.49438385836,2.5141846935600003,2.47412805156,2.485271322,2.49637748796,1.96230105072,1.9052296488000002,1.9320921144,1.8551508708,2.4827630886,2.327915934,2.34270265824,2.33222456904,2.5498208962800004,2.4893052072,2.53232525052,2.52140764992,2.1641711152800003,2.20808549436,2.14726393872,2.17700568252,2.4823390374,2.51276844108,2.53110674136,2.580452166,2.55653361696,2.5518754832400004,2.5653360168000003,2.55814388268,2.12215696656,2.04824513688,2.00629405596,1.9337377177200001,2.04407152092,1.89038559912,2.53606048392,2.467342398,2.55662623092,2.4905313237600004,2.51317860264,2.4444124674,2.5735738984800003,2.5695240622799997,2.5505168506800002,2.54013795216,2.55048038424,2.54240382852,2.2967811034800003,2.47673846952,0.0,2.85237907164e-06,7.5849331392e-06,0.0
2.328632502,2.36007849972,2.3136015066,2.38049008644,2.47661454252,2.4783959992800004,2.48676080184,2.50035282072,2.5208474998800003,2.48180170956,2.49125005128,2.50304922684,1.96731344388,1.9291261118400003,1.9188319254,1.87905317436,2.46088955592,2.34603813504,2.31322835136,2.35177116984,2.56342641216,2.49744576324,2.5221066963600003,2.5170024745200004,2.17960589184,2.17813967592,2.20751415408,2.19522584724,2.48153235852,2.5204638906000003,2.5491295554,2.5677063354,2.54599319616,2.5553641387200003,2.55088823904,2.5509106686000003,2.05976499816,2.04045550284,2.03593523484,1.9362631782,2.1308580162000004,1.9183953587999998,2.50928862,2.45782716024,2.56365831516,2.51475618108,2.5152515946,2.4442022577599998,2.58971056812,2.5552868868,2.5410160424400003,2.5127974473599997,2.5465439719200003,2.52845578332,2.296212708,2.48425207764,0.0,2.07548218104e-06,8.332321416e-06,0.0
2.33482060656,2.3589251197200003,2.3621097246000002,2.30731990464,2.48184318216,2.48244024036,2.48734308696,2.50498857396,2.51349909504,2.4973161429600004,2.5015780538400003,2.507992908,1.9831664311200001,1.9304096519999998,1.90760821284,1.8928526544000002,2.46905529,2.32969204104,2.26807087404,2.31107084364,2.5262166555600003,2.46657935124,2.5373919752400003,2.54314189356,2.2669888072799997,2.24165263152,2.2652616329999997,2.23911887652,2.4932878528800004,2.52311965848,2.5502679169199998,2.5534995404400003,2.54419132212,2.55157894188,2.5449382215600003,2.5489217016,2.10285262464,2.08279578816,1.9793570869200001,1.91711250576,2.1467054083200003,1.92215056776,2.48694288864,2.45335278204,2.5378575481200003,2.5150487960400003,2.52152897568,2.50469811852,2.6095582747200003,2.53227077172,2.55108558972,2.5191281784,2.53640208072,2.53167921048,2.3519918826,2.52814029708,0.0,1.86375822672e-06,1.0607260888800001e-05,0.0
2.3671355166000003,2.3341120876800003,2.38338045672,2.35635848112,2.4931665762,2.48853533832,2.4917809005600002,2.50550999988,2.5141024354800003,2.50984940808,2.50816822176,2.51059321548,1.9571583501600003,1.90570999476,1.9254284246400002,1.8292223976,2.48546317572,2.32180297092,2.32256802996,2.33230020132,2.52418994604,2.47841170488,2.54128936896,2.51780036808,2.2223701302,2.29276105884,2.26900997076,2.24794655256,2.49216912336,2.51907286524,2.53054978152,2.54789823636,2.55044975832,2.55205737372,2.548894953,2.5509681412800003,2.19112084512,2.0384604989999997,1.9792974056400001,1.9190040489600002,2.15510461596,1.90672919004,2.48980788456,2.4807312747599997,2.5552149846,2.502481224,2.53886977404,2.50574420964,2.58892028196,2.5344473715599998,2.55628856052,2.5184759052000003,2.54274935172,2.54563417596,2.37698886648,2.4929772255600002,0.0,3.5681678284799998e-06,1.27312970304e-05,0.0
2.35237632624,2.35387395336,2.37550149708,2.38894180968,2.49748360392,2.4946867310400003,2.49817523928,2.51390989464,2.52563353608,2.5114393055999997,2.5148004512399997,2.5148300464799997,1.9719283872,1.9095308727600002,1.94772816804,1.84562488452,2.47986304956,2.3147087023200004,2.3189284044,2.3127865332,2.52742991316,2.48059551948,2.5306570704,2.53397988456,2.2027877500799997,2.2330098398400002,2.23238922324,2.24657501196,2.48329379064,2.4966809496000004,2.53697111424,2.546758746,2.55036941436,2.54973603696,2.55258733956,2.55321566172,2.18383825656,1.97305914132,1.9728242935199998,1.96148239632,2.11765186428,1.9038944274,2.5595593498800002,2.47419455496,2.54945844048,2.5189934538000003,2.53351067976,2.50556654004,2.5706960436,2.53126899984,2.54808518208,2.51661984684,2.54224083384,2.5508971716,2.34688427424,2.49652703472,0.0,5.6493121728000006e-06,1.27152964596e-05,0.0
2.3664918324,2.37964026624,2.37189961404,2.34718984632,2.5016009742,2.50319823372,2.5081989949200003,2.51662254624,2.52908346744,2.5107754986,2.51465340756,2.51676566352,2.02202615916,1.92431592828,1.9368897825600002,1.8720996672,2.4714999648,2.3736818560799997,2.3280521800800003,2.36722008144,2.52292098264,2.50395455652,2.53455731076,2.54055199104,2.2129367088,2.2134674108400003,2.21930572224,2.2181784528,2.48595000024,2.49623304552,2.5353784682400002,2.5507349622,2.5564633344,2.55202115268,2.55609268224,2.5552105674,2.0219627478,1.9824554582399998,1.9959972192000002,1.9297298449200002,2.1222254822399997,1.9103379933600002,2.4914017084799998,2.43651848928,2.52869136732,2.51920906224,2.53667069556,2.50548276048,2.5645553012400004,2.5242973330800003,2.54152770144,2.51917058352,2.5574479282800002,2.5511999951999997,2.3358959493600002,2.49539927448,0.0,6.820988706e-06,1.2359235783600001e-05,0.0
2.35990264608,2.35344975492,2.3692792328400003,2.3567094522,2.50977824208,2.5085188983599997,2.50987532232,2.51705881836,2.52803070144,2.51187116052,2.51074497084,2.51749072236,1.99704375204,1.9231218118800002,1.9257115180800002,1.8666887444400002,2.48869376856,2.3770064862,2.3418463104000002,2.4226376346,2.52537125256,2.490560919,2.5356882612000002,2.56943390232,2.2463255383200003,2.2316947903199997,2.25056992764,2.21097822048,2.48770377588,2.51924052252,2.5116402391199997,2.55762594144,2.5495841834400004,2.5495482078,2.5545627114,2.55466661376,2.0925629535600003,2.0268472384800003,2.0061423987600002,1.9223897836800001,2.11066802568,1.9039406116800002,2.46720973476,2.4584621082,2.5223090532,2.502623556,2.5379150698800004,2.50939060824,2.55607383552,2.53978060068,2.5569317048399998,2.52886422708,2.5503948378000003,2.5520114348400003,2.35266687984,2.51830868964,0.0,6.988387825200001e-06,1.01902359816e-05,0.0
2.3804030676,2.3558352883199998,2.3739832072800002,2.33391208668,2.51093662824,2.50984165344,2.51440319772,2.51711236464,2.5233306534,2.5154410434,2.5143961301999997,2.5216040680800003,1.98215189844,1.92052415472,1.9437574488,1.83364735224,2.49781464852,2.33641202556,2.29176979008,2.38475307708,2.5295994945599998,2.4611949316799997,2.54801239644,2.5212950604,2.2702415352000003,2.2265331939600004,2.27268949836,2.2211188356,2.4870149380799997,2.52601429872,2.5231029222,2.5547890683600003,2.56404506556,2.55678770412,2.5564953345599997,2.5618439257200003,2.18569514928,2.07131523996,2.0402346919200003,1.9641231948,2.0903419363199998,1.88141151744,2.48524084332,2.44981318152,2.5462980320399997,2.5208943222,2.5261114771199997,2.52462160464,2.5552701505199997,2.54422150632,2.54246419692,2.53057505772,2.5548934615200003,2.56528845828,2.35763127276,2.5268392844400003,0.0,5.783096890800001e-06,7.519656739200001e-06,0.0
2.38159796928,2.37392750148,2.35548328656,2.3416647144000002,2.5098284509199997,2.50936513572,2.51773450272,2.52223361724,2.53272932616,2.5186864584,2.51913956496,2.52109005324,1.97222129664,1.9119563082000002,1.9604921091600003,1.82871201468,2.4752837874,2.30897591292,2.35394752428,2.35784796096,2.5260870352800002,2.49749337084,2.5312403371200003,2.5157441124,2.25465627936,2.2610136608399998,2.2517521176,2.23255899096,2.50172701164,2.51967905232,2.5501193517600003,2.5567736181600003,2.55019768344,2.55090688944,2.55893446332,2.56102055964,2.16598992192,2.02283750064,2.06479108464,1.95318468612,2.1016754899200003,1.89292244616,2.4486488075999997,2.45806500192,2.54672434092,2.52836905896,2.5272332496,2.51264883312,2.5598070566400004,2.54883517356,2.56098453492,2.549375937,2.55666171576,2.54305963548,2.36829139968,2.5113040411200003,0.0,3.94765831488e-06,5.7417406104000005e-06,0.0
2.36523376476,2.40116876652,2.37503263584,2.38797149808,2.51306135052,2.51407264392,2.5084712907599998,2.52472825548,2.53354400508,2.52563157288,2.52329124216,2.52572364696,1.96675206684,1.90589635152,1.9566281389200002,1.85388701172,2.49678877836,2.25914170056,2.3777666863199998,2.36291669796,2.5452258303599997,2.4424448502000002,2.5285397592,2.5276148466,2.2444073446800004,2.270568408,2.2386901136399997,2.23215020364,2.50038423192,2.5245524509200004,2.5526164440000003,2.55856651056,2.53887389676,2.54597871756,2.5516288562400002,2.5478277084000003,2.14028324124,1.976860191,2.05473945156,1.9246980160800002,2.17270401684,1.91703127836,2.47920473952,2.4981155089200002,2.54646686724,2.5285923238800003,2.5377363696,2.51842770864,2.57830015524,2.5581632202,2.56850761548,2.5510337121599997,2.53226718888,2.52960788724,2.368530861,2.5284294273600003,0.0,3.3010050693600003e-06,4.30176747192e-06,0.0
2.388315009,2.4089724865199997,2.3870499229199997,2.39846436036,2.51974967844,2.52050418528,2.51564899536,2.52916817952,2.53623388356,2.5217232834,2.52849813936,2.53051478748,1.9855579522800002,1.9334306241600003,1.9629439987200001,1.8729636224400001,2.50860743868,2.30224179336,2.40056572056,2.3568296982,2.55744998964,2.4802219225199997,2.5334934036,2.53260162,2.25736701684,2.2500523299600004,2.2542918603600004,2.24381239692,2.49765013236,2.5202996198400003,2.5475097190800002,2.5535968170000003,2.54661734652,2.54668581312,2.5454264694,2.5470978887999998,2.13099190644,1.9976805650399998,2.0444773143600004,1.93534803252,2.06910192828,1.9282350153599999,2.49691226364,2.49036489348,2.5612682173200003,2.52560070156,2.53771855356,2.49563844132,2.60861260128,2.55109432596,2.5410193798800003,2.5174992622800003,2.54540762268,2.54525243172,2.3787889736400003,2.51612737812,0.0,2.440729995e-06,2.449211019e-06,0.0
2.3824448937600002,2.41657139568,2.3852282696400002,2.41890809448,2.52340849428,2.52485522544,2.5219068426,2.53037613648,2.53086585672,2.52793097088,2.5305840393600003,2.53109157564,1.98183920976,1.9568024220000002,1.9614679668,1.8958999334400002,2.5053443058,2.36625349992,2.3896943042400003,2.35490875608,2.54009176788,2.47300515024,2.53603407888,2.53576757448,2.28906145752,2.2801652658,2.2631296468800004,2.2207401834000002,2.5012510338,2.52931630296,2.5194759592800002,2.54614946688,2.55127719804,2.55649415664,2.54677999764,2.5483336741200002,2.11159691376,2.01221531256,2.0333089149599997,1.94119723968,2.0409307444800002,1.9404555918000002,2.52402066912,2.48653940196,2.56929961944,2.52603049512,2.5325628468,2.52289982916,2.62832769372,2.54422587444,2.55030634656,2.5265564364,2.54667153084,2.54860871844,2.4135952335599997,2.5317136155599997,0.0,1.52520880392e-06,1.25361161772e-06,0.0
2.3768359332,2.4182059560000004,2.40152891556,2.4287554566,2.52492658776,2.52655172472,2.52638092632,2.5313004601199998,2.5338006444000003,2.52915713652,2.5322710662000003,2.53317673944,1.9851943676400001,1.9519680910800001,1.9517638201199998,1.9048126651200001,2.5056913504800002,2.34020659668,2.3587617324,2.37961700232,2.55321590712,2.5448870802,2.53298945016,2.5176643674,2.2985753701200005,2.28677059944,2.3114562197999997,2.28765153636,2.50226267076,2.51688109968,2.5449313994400002,2.545829907,2.55025186776,2.55111194568,2.55520511952,2.55344398188,2.11594883736,2.01544904652,2.05176613608,1.9212068575199999,2.12344143924,1.9229082157200001,2.56134276984,2.4787904061600003,2.57366715048,2.5388954428800004,2.53314930372,2.5098118618800003,2.58762147792,2.5453499536799997,2.56417203552,2.51798088432,2.54622578628,2.5323860115600003,2.40726680928,2.53154708712,0.0,9.8193320412e-07,7.5879147492e-07,0.0
2.42096125812,2.4334925600400004,2.39726190036,2.4002952406799998,2.52676438836,2.52883585884,2.52892174884,2.5320636541200003,2.5330057938,2.5327609827599997,2.53358798076,2.5325090551200002,1.97510155644,1.94932930488,1.9553205986400002,1.8808678092,2.5110277698,2.29972379304,2.34997965168,2.3669838103200003,2.53660895292,2.49291813324,2.5380566166,2.55829362576,2.2873126880399997,2.33508951588,2.2571945006400003,2.2656471564,2.50350017388,2.5393938012,2.52467539632,2.55246763344,2.55153928524,2.55319789476,2.54931782628,2.54863860816,2.1663457519200002,2.0412914334,2.07516532056,1.93021868172,2.2466271349199998,1.92073711284,2.49444285252,2.4778304013600003,2.55798525612,2.5412925100800003,2.53381075488,2.48590185276,2.59816322388,2.52355946436,2.57268069156,2.5204615347600003,2.54938540944,2.5409406064800004,2.4061680062399997,2.53817848224,0.0,6.2034435324e-07,5.649066282e-07,0.0
2.41694175336,2.44249569708,2.4226899048000003,2.4096049314,2.52987419532,2.52995439204,2.53113456972,2.53368466836,2.53439937132,2.53283725308,2.53422425388,2.53482401148,2.0010925084799998,1.9353310508400001,1.970936235,1.88835461964,2.510341386,2.33317024248,2.3640123108,2.39011094436,2.53613876652,2.4624161893200003,2.54931959316,2.5185201262800003,2.2749213132,2.29678517712,2.25770885904,2.27771239464,2.50000189872,2.51461630308,2.53937470908,2.54826810324,2.5772913649199998,2.56080205548,2.5678483729200003,2.57194694556,2.19519890232,2.1162684954000004,2.0377461886800003,1.95349928892,2.21878910616,1.93094251356,2.52411136896,2.49676502364,2.54862049764,2.52186885468,2.5307502242399997,2.4931469442000003,2.6009565630000004,2.5487461424399998,2.55779207724,2.53301349936,2.56082320896,2.55296525556,2.41346733108,2.5283475128400004,0.0,3.9336590792400004e-07,5.9357857524e-07,0.0
2.40721861272,2.4230420538,2.44275935484,2.3782526273999998,2.53250238024,2.53074428556,2.53067434656,2.53530018564,2.53521900732,2.5335047901600003,2.53448192388,2.53596271656,2.0040343146,1.93636153452,1.9622791610400003,1.92733052004,2.5119728052,2.3530060226400002,2.3396983242,2.3627136539999998,2.57175121452,2.5212222256800003,2.52934398408,2.54113457064,2.26593564864,2.2415876496,2.2952718934800003,2.2946660008800004,2.4996507804,2.54253114204,2.54154247452,2.56420138536,2.55647506452,2.55044136564,2.5602806295600002,2.5630946804400003,2.2485141136799998,2.12927219232,2.0527519569600003,1.97299111644,2.15279657988,1.9267408729200002,2.5044826573199996,2.5172896906799997,2.5627885194,2.52349904688,2.5268471372400003,2.5086490094400005,2.58793406844,2.5831584862800003,2.5752382994400005,2.5524005901600004,2.5592655570000002,2.54421208296,2.3869189284,2.5481695506,0.0,4.04166472356e-07,6.8491439388e-07,0.0
2.4284542035600003,2.3868688668,2.41233903096,2.42673566736,2.53360349004,2.53224225624,2.53176426612,2.5363470620400004,2.53797381864,2.534088744,2.5385410852800003,2.53710736032,1.97337654168,1.94726509824,1.9715182747200002,1.93242890136,2.5139000295600002,2.349163893,2.3578186111200004,2.33769644916,2.57864067228,2.46756183468,2.5445542687200002,2.5595460492,2.2988156658,2.2982838840000004,2.2497697764000004,2.25115343976,2.49853902024,2.53449385032,2.5517614704000002,2.56000293492,2.56221344904,2.55316614,2.56516978284,2.56145015688,2.22750924792,2.08481970012,2.16571605552,1.96711300116,2.22405190548,1.91265452028,2.560303599,2.51093736444,2.5729493064,2.53547692272,2.53870010448,2.5158440883599997,2.6075250375600003,2.56851929652,2.581087752,2.5187166426,2.5569327846000003,2.56019714448,2.3913149258399997,2.54498249172,0.0,5.275466867999999e-07,6.315501516000001e-07,0.0
2.417640309,2.4043633837200002,2.40746769372,2.3692604842800002,2.534155002,2.5342622418,2.53370145372,2.53697204676,2.54429478276,2.53696650072,2.5383506058000003,2.5385707296,2.00476693176,1.9524594309600003,1.9843821427200001,1.91708997804,2.5128557544000003,2.4001711173599998,2.33550208236,2.35243512408,2.52424825308,2.4979926126,2.54491593924,2.5388119578,2.2962264504000003,2.2917712134,2.2913493708,2.2686704353200002,2.51378528052,2.53642583544,2.54896445028,2.56211337492,2.5753439196000003,2.56053285168,2.56971601416,2.5710085850400004,2.19389155836,2.07459874104,2.1117793932,1.95544251336,2.10816327696,1.91806514856,2.50912793208,2.49918486396,2.58012465516,2.53906427808,2.54452688208,2.53075488684,2.61093163128,2.53301467728,2.557118307,2.53802162256,2.5736702916,2.56296039756,2.4064566948,2.53305158544,0.0,4.442698287e-07,6.9921812184e-07,0.0
2.41982638128,2.39703681948,2.42820271764,2.40819937836,2.5310016610800004,2.5355883834,2.5338995896800003,2.5402431306,2.5493013354,2.54169800904,2.53871904936,2.54093702364,2.01812047092,1.94258870676,2.00079312048,1.9215593500800001,2.5217172956400002,2.39917631484,2.37951781164,2.4065668793999997,2.54126870628,2.4797541410400004,2.5439700204,2.53232314008,2.26199742036,2.27705148336,2.2738233445200002,2.2497125982,2.5144361304,2.55345139296,2.5546162086,2.57145550752,2.56440771768,2.565549024,2.57044185828,2.57424344784,2.18492434788,2.04276903588,2.0968449872400003,1.9731050802,2.00115361308,1.9174414399200002,2.53922319912,2.50549532496,2.57273688816,2.5262062506,2.5320035802,2.47773965244,2.5806717008400004,2.54654986152,2.56138600932,2.553306018,2.5652849736000003,2.5473471661200002,2.40529187916,2.5476457197599998,0.0,4.6395720075600003e-07,6.81775188e-07,0.0
2.44063423992,2.4116295304800004,2.44446493392,2.4028447994400004,2.53366950264,2.53556168388,2.5359655632,2.54178998496,2.554760013,2.53971247764,2.5410576132,2.54370233808,1.9919033091600002,1.9529658874799998,2.0009444832,1.96746073296,2.5205012895600003,2.3923321579200003,2.36084758332,2.39078010108,2.56188819588,2.51172652176,2.53432241388,2.5337562760799996,2.296831116,2.28321254484,2.27535915588,2.2500004524,2.5196993714400002,2.5415309407200004,2.56043449536,2.56850982408,2.5486394425200003,2.5531139679600003,2.5614719484,2.55639452424,2.21115760788,2.07378008664,2.0715428730000003,1.9975049077200002,2.03360540724,1.9169966278800001,2.55947419608,2.50791712848,2.5686187326,2.53991988972,2.53960376544,2.48877911868,2.56783806612,2.56006590456,2.5472278035600002,2.52515922696,2.55119984796,2.5380205428,2.3944132480800002,2.54370925836,0.0,4.48247060856e-07,8.321727498e-07,0.0
2.4297490812,2.4338499606,2.4283795038000004,2.45816119872,2.53789970784,2.53664517396,2.53847261868,2.5436026566,2.543734191,2.5413373692000003,2.5410180056400002,2.5459521162,2.0049368958,1.95148808868,1.9884555864,1.9330505977199999,2.50423014072,2.38749002328,2.3682108594,2.37068419692,2.5427396829599997,2.53924322376,2.5341567688800004,2.5450060992,2.3255585725200003,2.3032721788800004,2.29618733364,2.2751473266,2.5287127171200003,2.5463715538800002,2.5601670584400003,2.5603705932,2.54700434232,2.5530714156,2.5491298989600004,2.55067272876,2.2260837684,2.09602510584,2.00968739808,1.9691254284,2.21344498128,1.9489350943200001,2.55672208416,2.51050251564,2.54661857352,2.5365861307200004,2.54682834144,2.54551343916,2.5861514337600005,2.54049157356,2.5335152442,2.5179611050800004,2.53895213028,2.5315441423200005,2.4279125076,2.5342042292399998,0.0,5.422168951200001e-07,1.18743921324e-06,0.0
2.4397759779599997,2.43963516744,2.4144459372,2.43918461304,2.54000416008,2.5387607673600003,2.5409812938,2.5466542056000003,2.54403367716,2.54239784076,2.5429556349599998,2.5472727608400003,2.0057687036400003,1.9541290834800003,1.9913656868399998,1.915904058,2.50972474488,2.3935114521600003,2.34776427864,2.4032539794,2.52769278564,2.5452588612,2.54240054016,2.56771399188,2.3244108367200003,2.34308032884,2.30265391812,2.2693342914,2.5155302217599997,2.52973981428,2.5458277965600002,2.5500929958,2.55177025572,2.55220854012,2.5496338524,2.55154954296,2.19560003316,2.10118140156,2.0445993272400003,1.98785258952,2.2250967696000004,1.94831874768,2.5001722063200003,2.4795365694,2.5421287351200004,2.53463907804,2.5433341890000003,2.5235114641200003,2.6143775871600003,2.53516855308,2.57182233144,2.53112274144,2.54165854872,2.54866520952,2.41641860964,2.54151587316,0.0,6.322892964e-07,1.35466159536e-06,0.0
2.43683176692,2.4515698038,2.4469307622,2.43833008116,2.5414247316000003,2.5418670405599997,2.54325301068,2.54685631704,2.54393301408,2.54512649244,2.5456797222,2.54499903168,2.02035012624,1.96059110352,1.98475245132,1.89154334724,2.5212815634,2.4089983516799998,2.41485020916,2.36544917688,2.5356067393200004,2.5090945086,2.5566245621999997,2.564461902,2.31874155684,2.34181008936,2.2941250901999997,2.28942037956,2.5086255492,2.53482278448,2.5389858973200004,2.5468395807600004,2.567593206,2.5563815671200003,2.56419112764,2.5629946063199998,2.1804650863200004,2.1529395989999998,2.085064413,2.01553272792,2.18845079496,1.9300670736,2.5517649060000003,2.485964577,2.5500607993199997,2.53564673952,2.53949485692,2.4963486780000004,2.61535864728,2.547626235,2.5673006892,2.5349177542800003,2.5638403037999997,2.57295902424,2.4410880336000003,2.5368444387599998,0.0,6.2600622204e-07,1.45927988532e-06,0.0
2.4553850375999997,2.4382242646799996,2.44496986896,2.4508733095200004,2.54257879872,2.54378017896,2.5381481507999997,2.54575859376,2.5497290676000004,2.54431299144,2.54725852764,2.54570691252,1.99657690308,1.9555715937600002,1.9744153689600001,1.8748908958800001,2.5200781218,2.3856395109600004,2.39615249604,2.3723500212,2.5483872204,2.469710508,2.5605756985199997,2.564961291,2.32304017956,2.33048713704,2.3230322286,2.28060472812,2.5145131369200002,2.52163096392,2.55179302884,2.554625043,2.57282567388,2.5669349450400003,2.57050433712,2.5698064686,2.1679158702000003,2.13280874988,2.1172630034399997,2.02039999152,2.15254764612,1.943956959,2.5775271452400004,2.5112441635200002,2.55395200896,2.53754044224,2.5391493828,2.50612281276,2.61790035324,2.5447169198400004,2.5682683014,2.54131341816,2.57789465628,2.571054573,2.454304296,2.5403805546,0.0,5.9293763952e-07,1.74475807344e-06,0.0
2.43952566996,2.43198923964,2.4611408946,2.4198407617199997,2.54515839444,2.54491427052,2.544532968,2.54574028692,2.55667428024,2.5450635228,2.54751050436,2.54635957836,2.0024414232,1.9381306231200002,1.97305850328,1.9127853675600002,2.52082821144,2.35176312072,2.3705158034400005,2.38807888512,2.5435052328,2.5039153416,2.56588428948,2.53644978648,2.31815249868,2.3541956236800003,2.33513236272,2.31001778316,2.5312968282,2.53647898908,2.5571401476,2.568279099,2.57473228464,2.57032828716,2.5751142742799997,2.5754855644799997,2.15095804308,2.0898543265200002,2.04240613836,2.00981844168,2.14465793796,1.9708925538,2.51915477976,2.51024381496,2.5670975961600004,2.53567496052,2.53964636688,2.5376418906,2.5854344731200003,2.56118232732,2.57042472936,2.55771565968,2.57580831456,2.57786962548,2.45395008564,2.54305723056,0.0,6.0437229792e-07,4.43192566872e-06,0.0
2.4309934064400003,2.43639269724,2.45162614764,2.4333162156,2.5458557230800003,2.54513144952,2.5462142034000004,2.54661513792,2.5565779362,2.54637955392,2.54683619424,2.5484928405600002,2.00620041132,1.94861847924,1.96911227496,1.93411455396,2.49292750752,2.36134157352,2.36315198748,2.4363731143200003,2.5710966836400004,2.50616428536,2.53855787064,2.5359678208800003,2.3014469427599997,2.35510561596,2.32060733304,2.31534895092,2.52082605192,2.54259901968,2.5641877411200005,2.57610176388,2.5713350652,2.56771821276,2.57775885192,2.58224500932,2.1511521054,2.06997265656,2.10120599064,1.99179636384,2.2021298326800003,1.94866270032,2.56534028676,2.51714495376,2.5665995814,2.53983704268,2.54868273108,2.53277310552,2.58127602288,2.5808678245200003,2.57421846612,2.57476099644,2.5725308503199997,2.5480164210000003,2.45178079872,2.5426966398,0.0,1.31787755868e-06,1.001775561e-05,0.0
2.45676570708,2.4611246491200003,2.44132528632,2.4216053840400003,2.54381144292,2.54525871396,2.5459499076000003,2.54991969432,2.55650318736,2.54818756296,2.54900945664,2.55177624348,2.0126919284399998,1.9717675029600001,1.96298542224,1.94030898984,2.51986864836,2.36407061784,2.4061477362,2.40389707464,2.57210714268,2.46777974988,2.54192127396,2.55758181852,2.29636122408,2.33655465204,2.30451758388,2.2826880268800003,2.5171988436,2.5479107026800003,2.5663624759199997,2.5794905415600002,2.5624587018000002,2.5691891403600002,2.5693149323999998,2.5717316316,2.1855607191599997,2.0814322476000005,2.11474819332,2.0030178677999997,2.14827366156,1.9604535813600001,2.5381964946,2.51281752108,2.56776655656,2.5495970424,2.54394263376,2.5204325284799998,2.585676732,2.5815563678399998,2.56007238312,2.5453432788000003,2.5523192646,2.54893917408,2.40511352244,2.5530915874800004,0.0,3.7611368424e-06,1.3694986266e-05,0.0
2.44688035704,2.45238762384,2.43574974924,2.44730858004,2.54563147656,2.54702937312,2.5468837036800003,2.5536529645200003,2.5577455003200003,2.5520957052,2.55083439828,2.55394096596,2.0232453063599998,1.9630357783199999,1.9682485651200001,1.9019026628400002,2.52402523356,2.35813061268,2.4202124936400002,2.3837608758,2.56077432528,2.53083685044,2.5536203754,2.512181886,2.30233725396,2.3104785462,2.2929827532,2.2969385521200003,2.53826064216,2.55155930988,2.56467839388,2.5729668770400003,2.5646552281200004,2.56845681768,2.56366911276,2.56716159648,2.22635410104,2.12278671204,2.11673995788,1.99191248712,2.04650107908,1.95984336972,2.5445940726,2.50029279588,2.56302218928,2.54389914888,2.53899654768,2.51860591812,2.55425704116,2.55675747084,2.5592289924,2.53721847744,2.5584105834,2.5607617117199997,2.40285952344,2.53962428088,0.0,4.9439030016000004e-06,1.2734096062800002e-05,0.0
2.42058785748,2.43988601532,2.4530888298,2.41344730644,2.54884209384,2.5490983896,2.55042276432,2.5550504684399997,2.55824140464,2.55249133908,2.55217703076,2.554864308,2.02181864892,1.94035360356,1.97601557328,1.9566220530000002,2.5229604429599997,2.2936651124400003,2.3646529520399997,2.39533408704,2.55832950324,2.5307020767600004,2.52842397948,2.53349301096,2.29842189696,2.34764825352,2.29471139988,2.30232203916,2.53464859956,2.54069412672,2.56329055872,2.56685366856,2.56057982124,2.56524904704,2.56183396248,2.56423412172,2.21981041188,2.08568164308,2.10524615808,2.0171562452400003,2.1407716854,1.96436780952,2.53654156608,2.52479024352,2.5609236757200002,2.5473239022,2.5464882170400003,2.52289914204,2.54653430316,2.55149874516,2.5628201760000002,2.54443686936,2.55997029672,2.54875566396,2.4289615435200003,2.5435422391199998,0.0,4.44689722824e-06,9.022495664400001e-06,0.0
2.45906765724,2.3975754234,2.46992459496,2.40466458768,2.55091592016,2.5533189751200003,2.5502060270399998,2.55559844664,2.5570008585600004,2.5527671196,2.55335131884,2.55691251456,2.0127705055200003,1.96952489052,1.9808271801600001,1.95350002512,2.5124871145200003,2.3813005935600002,2.37290374176,2.40003860136,2.5451862228000004,2.4783164406,2.5367034319200004,2.5362515032800004,2.33113406052,2.3390200386,2.31573521052,2.2747377540000002,2.52722348268,2.5470501830399996,2.5482143606400003,2.5619939142,2.57010752532,2.57447481096,2.56932774228,2.57382793656,2.23515061128,2.0837592285600004,2.08527118704,1.99411122204,2.27545240788,1.9781269458,2.53619393244,2.5274977908,2.5638026103600002,2.55843600684,2.54672571516,2.52656370024,2.6053300327200004,2.54385895236,2.5602329728799997,2.52131748996,2.5558916014800004,2.5645950560400004,2.4394202952,2.552580861,0.0,3.8080005859200003e-06,6.158479872e-06,0.0
2.44971158592,2.39946274572,2.4685439745599997,2.4793735256400002,2.55318817692,2.5536954678000003,2.5506047038800004,2.55607869444,2.5600235485200002,2.5547665406399998,2.55553577148,2.5561023510000003,2.04208706928,1.9995480590399999,1.98661675512,1.90170624468,2.5245757639199997,2.4435130764,2.37398055696,2.4159634908000003,2.5234540405200003,2.5033292773199998,2.55908194872,2.5438557621599998,2.3203463256,2.33451709584,2.36384558604,2.32431351108,2.52403995756,2.54954339796,2.5638350031600003,2.5693608222,2.57408737344,2.5719394854,2.571072978,2.5740780973199997,2.2585091084399997,2.098972458,2.02986075048,1.96884483804,2.15727341208,1.9764186182399999,2.50992018144,2.5096830759600004,2.57222041932,2.54582784564,2.5436703869999997,2.5281433891200003,2.60903287332,2.53053157284,2.5693477669200004,2.528795466,2.5772442972,2.58128397384,2.44346831544,2.55046639644,0.0,3.22706305548e-06,4.13580291204e-06,0.0
2.43623313816,2.48472682848,2.4653880324000004,2.4333451727999997,2.5545895090800004,2.5537086703200003,2.55364697676,2.55629194704,2.56001633376,2.55605125872,2.55618941892,2.55699320208,2.03180264976,1.98186208104,1.99773116652,1.9143722712,2.50274031732,2.41044213804,2.37978485592,2.4007599792,2.54629179888,2.5628706302400004,2.5474326634800004,2.57122919964,2.28149764056,2.3503931016000004,2.27204159328,2.30612480664,2.52692635236,2.5509714787199997,2.55778446984,2.5705993560000002,2.5774818934800003,2.57497454352,2.57828283,2.5795338792000004,2.22323653944,2.09507177592,2.09634093564,1.9717378586400003,2.1509268282000003,1.96239013092,2.56535108436,2.5097859967200002,2.58202169532,2.54728571796,2.54563594284,2.5482137226,2.6112660624000004,2.54230287096,2.57109771432,2.54644276896,2.5725801757199998,2.55322685196,2.44573929612,2.5551940274400002,0.0,2.83991790504e-06,3.10862481912e-06,0.0
2.46609620772,2.45435244348,2.44301972424,2.4752617014,2.5547752278,2.55485493372,2.5546844298000004,2.5571426016000003,2.56428168024,2.555946522,2.55743079936,2.55852621588,2.03399063616,1.9836441267600002,2.000996508,1.9284501330000001,2.52752051484,2.31456499608,2.38628913384,2.4427565082,2.5489757386800003,2.5121644626,2.55527064132,2.57176701828,2.28996639456,2.3187929436,2.27071579524,2.29371595932,2.5372049313600002,2.55410916312,2.56925834316,2.57571457176,2.56872042636,2.5689239611200003,2.57728439556,2.57719811292,2.3123842735199998,2.2205852378400004,2.08437891264,1.9815615642,2.1663981202800002,1.9444543848,2.5608836264400003,2.5381812307200002,2.59944298488,2.5590949549200004,2.55273403968,2.5251404784,2.5921472428800003,2.5474407616800003,2.55711811068,2.5355879907600003,2.5568950911600004,2.56042428672,2.4314987341200003,2.55109584744,0.0,2.6711286930000004e-06,2.1702149246400002e-06,0.0
2.4565117180800002,2.43910412184,2.43995462916,2.43343984812,2.556492537,2.55572129388,2.555929344,2.55905348232,2.5597123813200002,2.5592778760800003,2.5599981741600004,2.5598196211200004,2.04268059372,2.0009761398,2.00568085044,1.9099426048800001,2.53569105876,2.40140680452,2.3997393606000004,2.40039276264,2.55147322356,2.5102114221600003,2.56011213792,2.55963665088,2.32555626576,2.3508556806,2.32625855148,2.3078813798400004,2.53697935968,2.5519261828800004,2.57014566048,2.57512222524,2.56664591292,2.5713534702,2.56834869444,2.5733256518400003,2.25759357012,2.14557887508,2.0661726375600002,2.0144078634,2.2229765626800004,1.98689513688,2.5277534976,2.5223837529599997,2.5879981669200003,2.5675776476400003,2.5544489439599998,2.4890427764400003,2.57748066648,2.56886432892,2.55993731496,2.54377497648,2.5687566964800004,2.570450889,2.4730635063600004,2.5576537207200003,0.0,1.67911013784e-06,1.38666857748e-06,0.0
2.44617527376,2.4520505424,2.4491133498,2.4387947706,2.5552944942,2.5583937489600004,2.55333222672,2.56040288784,2.56367593488,2.55878928468,2.56195155816,2.56173629328,2.03282115792,2.00619638676,2.02613950488,1.92625414656,2.5315895904,2.38823073864,2.40503347296,2.39288636928,2.57154360612,2.5108780758,2.5741770426,2.53202335944,2.34197259324,2.3362469204400003,2.3402129279999997,2.3034482779200003,2.52774755892,2.55419382612,2.5320514332,2.5703274528,2.57166910368,2.57145167928,2.56828101312,2.5713302062800003,2.24350044444,2.16819165072,2.07948136668,2.0366837539200002,2.24939745552,1.95776080716,2.56466823432,2.5212139802399998,2.57082718536,2.55065746488,2.55645194784,2.51904091416,2.59464811428,2.5609233812400003,2.5538159592,2.55416825544,2.56907817048,2.57305782228,2.4772722636,2.55196186404,0.0,8.1533816256e-07,1.54910119332e-06,0.0
2.4574665204,2.444841672,2.4543874375200003,2.4119715199200003,2.55794569764,2.56008877584,2.55320329356,2.56148304048,2.56355990976,2.56158453792,2.5619445397200002,2.5620331782,2.0284907804400003,1.9974169072800003,2.01700851444,1.9799986116,2.5389413326800003,2.4008419918799997,2.3923110535200003,2.44628501664,2.5629117592800004,2.502455457,2.5362283866000004,2.54527991652,2.3436106382400004,2.2967017901999998,2.33133676092,2.3330312479199997,2.52447195972,2.54696149548,2.54351495064,2.56643413272,2.57295946596,2.5685438856,2.5741691898,2.57402430564,2.2246147549199997,2.17378446396,2.0842613169599997,2.06207622444,2.1287172447600002,1.9839243244800002,2.56388678256,2.52730421928,2.57967100872,2.5514809782000003,2.55264181836,2.5549502470800003,2.6112854490000004,2.55428727444,2.5727640294,2.5625716839600003,2.5679996374800003,2.55437041596,2.4579596762400002,2.54725676076,0.0,6.8910852528e-07,2.02787831112e-06,0.0
2.44821425328,2.428929936,2.4647320782,2.44336593456,2.5601360889600002,2.56030143948,2.55497586684,2.56275283824,2.56342989684,2.5614364144799997,2.5620160002000003,2.56380953064,2.05833750636,2.0033582376,2.00357330616,2.00130384696,2.5356019294800003,2.38067119164,2.39273363232,2.42122898952,2.55505984272,2.46223223748,2.5386176010000003,2.5396401828,2.35391361,2.3368008373199998,2.3419280776800004,2.2823890806,2.5308568750800005,2.54667928548,2.5386138709200003,2.5670810561999997,2.55998762196,2.56284083868,2.56749146316,2.56669543464,2.20716450816,2.1081187614,2.09149772124,2.02710809868,2.21900383116,1.98744655068,2.54342704836,2.51638195608,2.58694819848,2.55825642312,2.54792105856,2.52975802296,2.58910663872,2.5553970223199998,2.55349085328,2.53025382912,2.55133658484,2.5408895142,2.4583600218000004,2.55782662956,0.0,6.590813322000001e-07,2.77810674936e-06,0.0
2.45956017504,2.44570601988,2.47363391412,2.40632889048,2.55962688396,2.56198110432,2.56053800508,2.56301291316,2.56297742832,2.5617467964,2.5614265984799998,2.56356795888,2.04330994656,2.00392741836,1.99311764652,1.9824261084,2.52627403008,2.40648359064,2.4178633285199997,2.41044979452,2.5441604998800003,2.52694647516,2.54381581104,2.54227003644,2.38130142792,2.3486836942800005,2.36450306172,2.33555749368,2.5448637672000003,2.5517450286,2.56106276844,2.56639324908,2.55409615692,2.5603040898000002,2.55543393048,2.5580216244000002,2.2661976867600004,2.12432895288,2.1135945188400003,2.01904209516,2.1868142714400003,1.9698586836,2.5705825215600004,2.5222695438,2.57886644028,2.5613256409200003,2.5537387072800004,2.53570607724,2.58950732784,2.54995208712,2.54983512948,2.5232018184,2.54905794768,2.5396558884,2.45144469888,2.5629730111200004,0.0,7.8906342996e-07,3.9557686867200005e-06,0.0
2.46027551604,2.45035620264,2.4668330948399997,2.43665664948,2.56139764128,2.5621007122800004,2.55783379524,2.56303190712,2.56112971356,2.56254095988,2.56069830036,2.56312314684,2.0462821332,1.99552806348,2.01258738804,1.89663534816,2.52329428512,2.38643838612,2.41058245776,2.3750163903600003,2.5479535495200003,2.50222978716,2.53594553856,2.56431873564,2.3694315280800002,2.36790062472,2.37474865896,2.36261102772,2.54113653384,2.5444237650000003,2.5580127409199998,2.55971208684,2.55205364364,2.55856386024,2.55422347044,2.5566597525600003,2.21529441384,2.16573185928,2.10076593936,2.01538882536,2.20377047892,1.99468226784,2.55174169116,2.5005520855200003,2.5780494055200003,2.5639350282,2.5573217435999998,2.54246640552,2.57321178624,2.5430463348,2.5467246354000004,2.52308314296,2.54678824308,2.53562509524,2.44967511948,2.5538202291600003,0.0,1.00180589244e-06,7.7637973464e-06,0.0
2.4522012180000003,2.46953838444,2.4714607008000002,2.44071718512,2.56054914624,2.56165909044,2.55890634048,2.56292069184,2.55978300744,2.56205629488,2.56121658516,2.56244147472,2.05788724644,1.99526244252,2.0313003159600003,1.91003266668,2.51800851636,2.39715544584,2.42726008716,2.3783112289200004,2.55338739264,2.49760394808,2.55958894512,2.5740116430000004,2.34101209764,2.3491431812399997,2.34678591792,2.33996011692,2.5391491864800004,2.53901652324,2.55286974588,2.55453169284,2.5592957412,2.5584758597999997,2.5545737053199997,2.5602118684799997,2.2249538977200003,2.16105909972,2.1258142118400003,2.0123210308800004,2.26487075988,1.97978967804,2.5535872464000002,2.4981990921599997,2.56678505472,2.55897068436,2.5533926442,2.5288119078,2.57714358504,2.53467780216,2.5648147872,2.5342278858,2.55389483076,2.5676709978,2.4510984394800004,2.5519261828800004,0.0,3.4794845875200003e-06,9.281886900000001e-06,0.0
2.46635962008,2.44066339344,2.45605674648,2.51423706192,2.56130404572,2.56278842124,2.56084431336,2.5619998038,2.5599899778000004,2.56203828252,2.5608081414,2.56103410572,2.0540514972,1.9951184908800002,2.01957201192,1.94167199052,2.5234440282,2.3937940548000003,2.43722705724,2.41809783276,2.55452290752,2.51630136672,2.55748537632,2.5563129532800004,2.33251870548,2.3471083244399997,2.3520998095200003,2.3323514408399997,2.5263393555599998,2.54261924064,2.55083749032,2.55665641512,2.5725693781200003,2.5681340676,2.56176976584,2.5641544158,2.2494856032,2.11777922688,2.11683875592,2.02010575692,2.21904284976,1.9701396666,2.53293629652,2.5128782330400004,2.563168644,2.550658152,2.5516645374,2.53434783732,2.5825923484800004,2.5472319753600003,2.56145265996,2.5525096950000004,2.57031022572,2.5627851819600003,2.4501563488800002,2.5515329539200002,0.0,3.48309648288e-06,8.4555917256e-06,0.0
2.4459810151199997,2.47218409092,2.48754824136,2.44846922388,2.56211970624,2.56161717612,2.56235205096,2.5609077738,2.5605495879599998,2.56078625172,2.5607247544800003,2.56019802792,2.04849804612,2.01425900376,2.02574814096,1.95864351096,2.52153790824,2.3987242880400004,2.4404520549599997,2.42935796268,2.57179710432,2.50060028208,2.5547568718800004,2.56004710692,2.34467645952,2.31989719452,2.352853482,2.30223786696,2.52292633236,2.54533292292,2.54927134752,2.5631151468,2.56354395876,2.56603108776,2.56928960712,2.5653657102,2.2439223852000003,2.12975553216,2.1451482471600003,2.02027547556,2.2051243507200002,1.9755173622000002,2.5450250440800004,2.51944283028,2.56446695724,2.5330259656800003,2.54620482912,2.49911870412,2.58774648468,2.55917736024,2.57676400032,2.5520461344,2.5567411272,2.5570025763600004,2.46356073492,2.55665361756,0.0,3.0022208024400003e-06,6.1498766388e-06,0.0
2.4642377444399997,2.45575205784,2.47581988824,2.4321438907200004,2.56192289544,2.56194321456,2.56105172544,2.56009741392,2.5607461533599998,2.5600938310799997,2.5608907430400003,2.56033044576,2.0651786203199998,2.0269722943199997,2.01566902308,1.9540627764,2.51616379548,2.39138903664,2.4150466764,2.42167551936,2.56041142776,2.48524030344,2.55181751976,2.53257703092,2.3705269446,2.34695809056,2.39837577096,2.33497138032,2.52771683484,2.5478166654,2.55778805268,2.56671658812,2.5651696356,2.56570269348,2.5680253554,2.5702508880000003,2.2591207434,2.18456900868,2.13050925372,2.04323765172,2.18216830956,1.9858867392000001,2.5460576382,2.51596516872,2.56847684232,2.5390272717599998,2.54584497456,2.54584124448,2.58891620832,2.55937922628,2.5595379019199997,2.54247116628,2.56063331844,2.558784573,2.47659854244,2.5583975772,0.0,3.2181766306800003e-06,3.86440891704e-06,0.0
2.47241452152,2.4421021245600003,2.4745517592,2.4441378648,2.56154419416,2.56235008776,2.55676017024,2.56040583264,2.5622507007600004,2.5607848284,2.5609596513599997,2.56097447352,2.03855600868,2.05433375628,2.03749946352,1.93081544544,2.5030993866,2.3959462128,2.40663195948,2.44568849832,2.55090090168,2.51862986916,2.5488051366,2.5423827241200003,2.3596555282800002,2.38503872268,2.39091070296,2.36059766796,2.54926315116,2.55002953536,2.56168775316,2.5618982082,2.5579685198399997,2.5626817213199997,2.56158350724,2.56330596984,2.25411644844,2.0967533058,2.1185390343600004,2.02356751656,2.17948309368,2.0219899872,2.53253104296,2.51471009496,2.57317944252,2.54955964344,2.5528675372800005,2.53832302284,2.57708606328,2.5472762946,2.55716777964,2.54580556332,2.55484020972,2.54554882584,2.4614296322399998,2.55739349856,0.0,2.25713467212e-06,3.4210763936400003e-06,0.0
2.46831310224,2.4549522010800002,2.47927904664,2.41663888068,2.56151827992,2.5611076275599998,2.5575876590399997,2.56080877944,2.5616691027600003,2.56152304068,2.5614258622799997,2.5614575679600002,2.0698955518799997,2.0371642962000003,2.07235063164,1.9588100394,2.52409203144,2.39846215176,2.39476377744,2.4080602365600003,2.55527373336,2.51546955888,2.5373263061999998,2.5661952603600002,2.31312513612,2.37911604276,2.32523145432,2.3170628736000003,2.53301443188,2.55254297124,2.5494226611600004,2.5634682773999997,2.55791467908,2.5588204504800003,2.5587288672,2.55834437448,2.23242505164,2.09078576676,2.13506770596,2.03682716568,2.23386152508,2.02625518644,2.54204760588,2.5232121252,2.5671151177200002,2.5561963392,2.55257737632,2.5219416894,2.60797804596,2.55539810208,2.59794786084,2.53133712288,2.5448100246,2.54159027844,2.45410125204,2.5559551110000003,0.0,1.4534900158800001e-06,2.94046510716e-06,0.0
2.4613418772,2.46815290512,2.4724853439600003,2.45732301048,2.56077192036,2.56144186236,2.55735531432,2.56181511576,2.5600582971600003,2.5616591885999997,2.5610609034,2.5621360008000003,2.07199431084,2.0461627215600005,2.04529994424,1.9363733628,2.52575530356,2.42701400004,2.39569359804,2.38541393928,2.53972253904,2.51899335564,2.56308677856,2.55548919456,2.34021793416,2.34503709936,2.3558198772,2.33581354404,2.53416589776,2.5472054230800003,2.5553698810800003,2.5586796890400003,2.56343936928,2.55882427872,2.56136745708,2.5627957341600003,2.25151938024,2.17072589652,2.1135182976,2.01487628292,2.19968132964,2.00061456744,2.5350398653200004,2.52844827408,2.56941569364,2.5495204776000002,2.57544850908,2.53123066836,2.5910016666,2.54302483776,2.55552153828,2.53921922364,2.5574714376000003,2.56665352032,2.4514808708399998,2.55743786688,0.0,1.2009381764400002e-06,2.2895736564e-06,0.0
2.4642942845999998,2.46177397752,2.48716379772,2.4612779750400002,2.56052210316,2.5620890803200003,2.55769077612,2.56185079692,2.5605975882000003,2.5610131485600003,2.5613902302000002,2.56127896584,2.0714496700800002,2.04273428724,2.04773838588,1.9767362149199998,2.5308067153200002,2.43384461088,2.41772732784,2.40432456144,2.54600257044,2.52443721108,2.55686078424,2.5403189592,2.32624633056,2.37293240448,2.33755529508,2.31643307904,2.5298437166400003,2.54820724404,2.55039292368,2.5602289974,2.5633657002000003,2.56254964704,2.56670564328,2.56589719752,2.23356851748,2.1460058710800003,2.1037997704799998,2.0191663657200003,2.13732052704,2.002018599,2.56397120016,2.51702392248,2.5717436562,2.55441409716,2.56350935736,2.5483555147200003,2.57330248608,2.5523281480800004,2.5629461643600004,2.56460187816,2.56360501428,2.5656739326,2.46285908724,2.55785151312,0.0,1.07515614876e-06,2.11167382212e-06,0.0
2.48024754228,2.48531956764,2.47593871092,2.43900748332,2.5614711631200002,2.56143729792,2.55874123536,2.5611978366,2.56158257472,2.5605610236,2.56125447492,2.56064107308,2.10343299564,2.0146135576799997,2.0459677758000003,2.01792110796,2.53405163952,2.4246008346,2.49500368968,2.4115619964,2.5781300439600003,2.5278261360000003,2.55173575248,2.54647982436,2.33601712788,2.3659944066,2.30345652336,2.30174240436,2.5348229808,2.5479410832,2.5514854444800004,2.564696259,2.5604020044,2.563793187,2.56253286168,2.56388069664,2.24841889848,2.11827738888,2.1176368458,2.023884966,2.1979177379999997,2.0282213312399997,2.52768242976,2.51578479972,2.57185683468,2.5511114058,2.55749715552,2.53434018084,2.5638857028,2.56415451396,2.5605889992,2.56368918648,2.5609615164,2.5528840772400003,2.47406704512,2.55797175912,0.0,1.01769264672e-06,1.75675322544e-06,0.0
2.44837464672,2.49156170928,2.46765489036,2.46337099164,2.5609811484,2.5607011960799997,2.5603767282,2.56055798064,2.5619370795600003,2.56092392112,2.5613838007200003,2.56086571224,2.08714084056,2.0401076238,2.0395994004,2.0238969906,2.5460699082,2.437051449,2.4262329900000004,2.42877013152,2.57106993504,2.50061436804,2.5431066541200003,2.5550811925200003,2.36284695528,2.33047256028,2.34354879744,2.3446592324399997,2.53992332532,2.5531416,2.5500235476000004,2.5627169116800004,2.55765514404,2.5610719954800003,2.55833028852,2.56080303708,2.2651678411200002,2.113122222,2.0985915481200004,2.00627290248,2.20262617872,2.05194238236,2.53979026944,2.52503947176,2.5615114578,2.53953063624,2.55265732764,2.54210871048,2.54743143648,2.56136318712,2.5538959596,2.5456014396,2.55506367096,2.54722530048,2.45522979756,2.56027581972,0.0,1.0183380978e-06,1.6542249582e-06,0.0
2.4731235802800002,2.47688909604,2.47282998372,2.4597202740000004,2.56060558824,2.56107896484,2.5606796008800004,2.56093162668,2.5607890002,2.56107430224,2.56110890364,2.56125687984,2.1097781562,2.05860886968,2.05354420632,1.96533684504,2.5360365328800003,2.43663421992,2.38379218884,2.40211021908,2.56174257552,2.50885190616,2.54638338216,2.5491076166399997,2.37851883732,2.3684638177200004,2.3535321111600003,2.34511336968,2.54255533848,2.5510080924,2.55556384524,2.56014561048,2.5537580448,2.55615579912,2.55683408472,2.55712159536,2.2827939906,2.1648437076,2.0884393501200003,2.02088092644,2.1991352655600003,2.0336133581999998,2.519691126,2.49775894272,2.55165511404,2.54629096452,2.55330911004,2.53878354048,2.55482141208,2.55368869476,2.55971993964,2.53594706004,2.55462739884,2.54128500084,2.46436383096,2.5577838808799997,0.0,8.8036724844e-07,3.4146212448000005e-06,0.0
2.48728276764,2.4670177338,2.46997450932,2.46662524104,2.56092563892,2.56129265916,2.5602031813200004,2.5613661319200003,2.5581278826,2.5609019332800003,2.56070600592,2.56133359188,2.10467447424,2.0154474759600003,2.0458318242000004,1.95227768772,2.52001289448,2.4124432278,2.4371461734,2.42468716632,2.5436981172000004,2.53055061588,2.5439401797600003,2.54843296296,2.3687820033599998,2.3918962293600003,2.38445467068,2.34330943428,2.5422166864799998,2.5476896463600003,2.5509590124,2.5566573967200004,2.5563556528799998,2.5531884714,2.5604370475200002,2.5584347798400002,2.273194188,2.1925269871200004,2.14348207932,2.0345101479600003,2.2675924422,2.0119244154,2.5381655251199997,2.5109648983199997,2.560837344,2.54364540528,2.551243431,2.5417675554000003,2.5695173874000004,2.549054463,2.5572662832,2.5417953346799997,2.55153069624,2.5488251121600003,2.48881082436,2.5566364886399997,0.0,1.1481782071200001e-06,5.6309371116e-06,0.0
2.47518449856,2.47630779252,2.4852358862400004,2.44273334244,2.5609026204,2.5615939122,2.5585918849200002,2.56110635148,2.55975130176,2.56047532992,2.56041221304,2.56043498616,2.10116726652,2.027103387,2.03207558364,1.98334429704,2.5280487138,2.4179311080000003,2.4598648146,2.41182295476,2.54527412508,2.53943998548,2.5461818106000003,2.5579202742000002,2.35217490192,2.3757304062,2.3670858476400003,2.3455342797600003,2.52967502868,2.55149511324,2.55239195208,2.55893421792,2.55450121416,2.5546211166,2.55413851296,2.55517846908,2.2220008032000003,2.17244138976,2.20676455524,2.04653985228,2.2745784894,2.01297261696,2.52817224816,2.51201835144,2.57125315068,2.54834118336,2.5519357044,2.53509890856,2.57189173056,2.54694883284,2.54514582996,2.54607560148,2.5485404481600002,2.5472921474400003,2.4873574674000003,2.55697258848,0.0,2.1823609976400002e-06,5.2687154232e-06,0.0
2.48466243552,2.48878515552,2.48468511048,2.47836664944,2.56072480356,2.56151926152,2.56054124436,2.5603224948000003,2.55721273692,2.56038772212,2.5605032564399997,2.55930683328,2.0914801506,2.0552478222,2.04515785764,1.99551913092,2.52205344456,2.4450160041599998,2.41912075812,2.40796546308,2.55713455248,2.5115121403200003,2.54537576976,2.53238826924,2.35433613972,2.3676053103599997,2.35602851628,2.34248415408,2.53553400276,2.55283720584,2.54934859944,2.55618294036,2.55618303852,2.5562573947200002,2.55699212232,2.55865765212,2.17907852724,2.1254639278800003,2.1662332114800003,2.0308983507600002,2.29054043424,2.00605214064,2.5362141043200004,2.50802196336,2.5824925688400002,2.549210292,2.54140892784,2.5248764280000002,2.5776060168,2.55007022268,2.54230296912,2.5373275332,2.5521197544,2.5615268689199997,2.49342802536,2.55487824672,0.0,2.6617902414e-06,4.05343827936e-06,0.0
2.48736046128,2.49970393404,2.4860018777999997,2.46566464728,2.56073167476,2.5611534192,2.56052769828,2.5596797431200002,2.55814888884,2.5589786353200004,2.5598576581200003,2.55936651456,2.08861186632,2.0374207392000003,2.0231882754,2.02272500928,2.5333092063600002,2.41907216892,2.41201112748,2.41306546404,2.558461872,2.53751015988,2.5411560185999997,2.56950521556,2.36987604564,2.36856732744,2.3677972131600002,2.36245078152,2.53238606064,2.54621170032,2.5496426868,2.55693067416,2.5530983114400003,2.55425517612,2.55564580884,2.5550196952800004,2.28028904556,2.13654619188,2.12157384708,2.0251898559600003,2.25085841988,2.04759099864,2.5353572166000005,2.51654146608,2.56998305844,2.5530006422400002,2.5475661610800002,2.5447884294,2.57253045768,2.53982261316,2.55888342012,2.53861720836,2.55361860852,2.5435194660000002,2.48345506752,2.55672718848,0.0,2.2109627112e-06,2.45195964624e-06,0.0
2.48848635648,2.47860719052,2.4957555462,2.48928474084,2.55961392684,2.56069113468,2.55960195132,2.55870913704,2.55886030344,2.5594564782,2.5592166242400003,2.5586088175199997,2.0955253242,2.03680876068,2.03212461456,2.01378597072,2.54078723148,2.4235926823200002,2.392769019,2.42416937232,2.5476042962400003,2.55352157736,2.5569242937600003,2.5768482706799998,2.37629880168,2.40974466216,2.39447734656,2.3705551656,2.53436074536,2.54496978,2.5534022148,2.55511221108,2.55966487188,2.55807934248,2.55615820404,2.56234596504,2.3289919148400005,2.21361445452,2.0966804710800004,2.0327261390399998,2.2886132098800003,2.0197284298800002,2.51630161212,2.53155071904,2.56887021852,2.5516196782800002,2.54955576612,2.5382027277600003,2.59014993228,2.5507451217600003,2.56800385836,2.54171739564,2.55290390556,2.5559358225600004,2.4914945678400002,2.5573031422800003,0.0,1.38309290316e-06,1.7001409178400002e-06,0.0
2.49160004076,2.4979502565600002,2.49224230164,2.46644639352,2.55932288244,2.55953839272,2.5590981942,2.55829465644,2.5589018742,2.55873853596,2.558723223,2.55838879188,2.1062235372000004,2.04927522792,2.0362585248,1.96719761508,2.5295628808800004,2.4163222656,2.47423749996,2.43757405284,2.543935419,2.5400889703200003,2.58143803596,2.56337590884,2.39154339324,2.42957298216,2.39072856708,2.4106201512,2.53650043704,2.5397628828000003,2.5552576842,2.5604515752,2.5703777598000004,2.5636123272,2.5707738844800003,2.56921691964,2.37525722592,2.1998544348,2.11701735804,2.06228864268,2.2604933637599998,2.02446450264,2.52629307312,2.53566219972,2.57350278156,2.54679339648,2.55535991784,2.5433631462,2.5928317616400003,2.56770245808,2.5654906188,2.55203769264,2.56422037932,2.58015002952,2.5006221226800003,2.5517359488,0.0,8.8512545628e-07,1.3626643347600002e-06,0.0
2.501887356,2.5240403502,2.4850831492800003,2.46437850588,2.55953618412,2.55872548068,2.55768130368,2.55818206692,2.56120529676,2.55877755456,2.55875752992,2.55811924452,2.11258543404,2.0531062164000002,2.03671359456,2.00692792416,2.5198792987200003,2.42292529248,2.42623313724,2.4265871022,2.55453242904,2.4961099038,2.56564149072,2.54072833548,2.36956149192,2.3829369698400003,2.37000198492,2.34160694724,2.53395323412,2.54484693276,2.55003969492,2.5589445738,2.5726457466,2.56427274768,2.57852219316,2.5759219347599998,2.35023815604,2.15424689388,2.1454695739200003,2.06744498748,2.1993682974,2.03286876552,2.55816263124,2.53162463352,2.582616594,2.54995846752,2.5506756244799997,2.51275936128,2.59393601256,2.5638570891600003,2.57182380384,2.57062477944,2.5707753568800005,2.5766252020800002,2.47492142976,2.5553749854,0.0,6.7433485632e-07,1.0771997418e-06,0.0
2.48422856832,2.48564894352,2.4948458484000002,2.48117593956,2.55896823036,2.55865387296,2.5542478632,2.5582248156,2.56540438524,2.5588823403600003,2.55837043596,2.5591067341200002,2.11191642456,2.06118655128,2.0532399594,1.9669487794799998,2.52584507088,2.4288632362800002,2.42116214256,2.4237308916,2.5775312188800004,2.5067509876800003,2.55179592456,2.52949451244,2.36920723248,2.3142628596000003,2.35041877044,2.33893969464,2.53603609116,2.54320074048,2.54302591752,2.56095248568,2.57688405,2.5704786191999998,2.57842231536,2.5809432604800002,2.2933216506000003,2.17521377172,2.2035065757599996,2.06780572548,2.2160884791599997,2.01032224788,2.5356742734,2.52870893796,2.5782848422800004,2.5403586158400002,2.5498494608400004,2.55377041296,2.60825274672,2.57272216416,2.57160142236,2.56411053828,2.56864582476,2.557548984,2.4588800244,2.55683226876,0.0,5.3298038268e-07,7.8376337892e-07,0.0
2.48267410656,2.46121996248,2.4840089844,2.48140342536,2.55921284508,2.5589643530400004,2.5574032164,2.5593303426,2.5664385499200004,2.5590681081600004,2.55908513892,2.56085653428,2.11300384104,2.0749380801600004,2.04707521692,1.99068337668,2.53280510568,2.41166462268,2.4057430716,2.4350811324,2.5619374722000003,2.4884991172800004,2.55029294772,2.56289055672,2.42161328592,2.38555288476,2.41885170156,2.3942186949599997,2.5515251502,2.55913951956,2.56907606004,2.57702800164,2.56915105428,2.56863914988,2.57492889912,2.5740648948,2.3084268549600004,2.2318374168,2.1274103916000002,2.043017577,2.17877324964,2.0147233987199997,2.55321973536,2.5408540784399998,2.5781039334000004,2.5563787695599998,2.5621385038800004,2.54099145336,2.62186847124,2.5729747298400003,2.56616654856,2.54692502904,2.56174105404,2.55434273484,2.4846512452800003,2.55913147044,0.0,4.40637952872e-07,6.199289892e-07,0.0
2.5126339127999997,2.47758667008,2.49827722752,2.41178570304,2.5579951212,2.55931041612,2.55736537572,2.55988367052,2.56622480652,2.55999846864,2.56024244532,2.56193006112,2.12029761984,2.0582387574,2.04698436984,2.04946845588,2.52657758988,2.3720670259200003,2.3837755016399997,2.44935295836,2.55405949416,2.5046864374799997,2.56636625508,2.54469586452,2.41765120476,2.43405722544,2.42556614004,2.4123982705199998,2.55957220884,2.56553645952,2.57418891996,2.57571216684,2.5679112444000003,2.57395098012,2.56753219956,2.57049074196,2.3173654027199997,2.25400798164,2.16284777124,2.06972465532,2.25753786432,2.0197114482,2.5686895550399997,2.5479518808,2.5734922784400003,2.5630887908399997,2.5662997516800004,2.52402528264,2.60029555356,2.5590795438000002,2.5533924478800003,2.5303903206,2.56412899236,2.5690798392,2.50244372688,2.56026541476,0.0,3.7023548552400004e-07,8.0995982892e-07,0.0
2.50899713388,2.4871557976800003,2.48246325888,2.46605203572,2.55675055056,2.56052818908,2.55778815084,2.56317620232,2.56219960848,2.56279386912,2.5620496690800003,2.56329242376,2.1017493062400003,2.0671529614799997,2.07046645044,2.0338042303200004,2.54131376172,2.38462384944,2.4124098534000002,2.4300768374399997,2.5688932861200002,2.5214142757199998,2.55965387796,2.5484683496400002,2.37627548868,2.3903461848,2.3830508354399997,2.37847456716,2.54922300372,2.56388486844,2.56780690032,2.56813009212,2.5632295032,2.5664483659200004,2.56261369644,2.56431544728,2.28791431068,2.21080629324,2.14841113464,2.09104608708,2.2645158624,2.01644929692,2.56212083508,2.53603005432,2.57009967252,2.5564533711600004,2.558843469,2.52771335016,2.5815309444000003,2.5519990176,2.56328874276,2.5479143346,2.55874884276,2.55390665904,2.4995160558,2.55715919064,0.0,3.1362103803600004e-07,2.02704969348e-06,0.0
2.4831593605199997,2.48732031384,2.48983914852,2.5103529198,2.5584147552000003,2.56163994924,2.55965171844,2.56381929756,2.5622015226,2.56363009416,2.56213551,2.56386023028,2.1301935220800003,2.09181252036,2.06807895384,2.0075631666,2.53077667836,2.44110339564,2.4054802482,2.4231338334,2.55977584176,2.5217275042800003,2.5522025523600003,2.56150149456,2.33882151,2.27725707948,2.33904153564,2.3658028473600003,2.54783737716,2.5472165642399998,2.56397571552,2.56452708024,2.56684532496,2.5666624038,2.5670911176,2.5680949017600003,2.27798331624,2.1743752399200003,2.21253724668,2.11370220036,2.27043819876,2.01137756604,2.56670225676,2.53475250192,2.57717406372,2.55984906912,2.56059773544,2.5336873677600003,2.58274749036,2.55442121376,2.5612181557200002,2.5428794627999998,2.5535981912400003,2.5484821902,2.45180381724,2.55639359172,0.0,4.5627290712e-07,3.83850905748e-06,0.0
2.47978653384,2.4972652960799997,2.50536683352,2.47890078708,2.56140313824,2.5615077768,2.56162031724,2.5647892656000004,2.5627529364,2.56330327044,2.5629223114800004,2.5646093874,2.1397675086000003,2.1086777826,2.0701800195600004,2.0329534776,2.53636154064,2.44871992452,2.41636835172,2.45623377804,2.55255740076,2.52278483472,2.55834594504,2.54148274416,2.3956014258,2.32359085716,2.3403075542400003,2.36732310036,2.5462154794800003,2.55434548332,2.55936514032,2.5634659706400003,2.56639673376,2.57010850692,2.56546121988,2.57334945564,2.2873314365999997,2.2040767872,2.1158396834400004,2.0827107816,2.21289018096,2.00429306436,2.56334523384,2.5420105504799997,2.5708065717600004,2.55399284352,2.56117678128,2.52911139396,2.56511658012,2.5546429572,2.5543975572,2.543427441,2.55378827808,2.55433213356,2.48681282664,2.5601966046,0.0,1.33430321136e-06,6.1179245772e-06,0.0
2.49738544392,2.47333030524,2.50472943156,2.44663844172,2.56320933132,2.56271578284,2.56361640084,2.56472070084,2.5649428860000003,2.56271794236,2.5647568728000003,2.56373075724,2.13164486676,2.0578722279600004,2.068496232,2.06454008952,2.5433739438000003,2.428461222,2.40132547896,2.4585428448,2.5577721016800004,2.53903536996,2.5488639835200004,2.5441152972,2.42120577468,2.38230153108,2.4084712324799997,2.3531140968,2.5391255790000002,2.55515888616,2.56452860172,2.5666720234800002,2.55215573004,2.5553569239600002,2.5622405412,2.56012882512,2.29253357304,2.1837149676,2.07543668388,2.10735502752,2.17321415436,1.9906200144,2.54007238128,2.5246280832,2.5604682624,2.5530171822,2.55162267216,2.52396466884,2.5475396087999997,2.55415893024,2.54227067448,2.54326218864,2.5461212949600003,2.5470420848399997,2.49111292176,2.5633292337599998,0.0,1.9571583992399996e-06,7.0707131448e-06,0.0
2.48279911332,2.4890706048,2.4937077322800003,2.4507867324,2.56359642528,2.56358013072,2.5634091359999998,2.56343843676,2.56273934124,2.5635407194799997,2.5637362542,2.56392531036,2.10002021784,2.0544122352,2.0561582562000003,2.06468953812,2.53478828124,2.415690606,2.43693429504,2.4213505116,2.5563567326400003,2.50394223744,2.555696214,2.55144726024,2.4130182,2.35264886748,2.4046650294000003,2.37643828704,2.55062384508,2.5577136474,2.55985618572,2.56370994732,2.548610289,2.5554284826000004,2.54938094316,2.54830079052,2.30592402036,2.2488830971200002,2.09927253312,2.1117558348000003,2.2296293076,2.00982546012,2.5477776468,2.53507456488,2.54812714548,2.54534038308,2.5503464940000002,2.5229894492400002,2.55455515308,2.5486915164000004,2.5441367451600003,2.5393250892,2.5435344844800003,2.55417443952,2.45673395232,2.56246159752,0.0,3.11110532232e-06,6.7544062872e-06,0.0
2.49159262968,2.4950795182800003,2.48446267992,2.49188691336,2.56435107936,2.56381154292,2.56110483,2.56383235284,2.55927615828,2.56366916184,2.56334179824,2.56413517644,2.1142263256800002,2.09983292856,2.06697062928,2.04068917272,2.52509169288,2.42773444536,2.39446321152,2.42846357784,2.54667398484,2.51249030472,2.56150974,2.5377235106400002,2.4064975784400002,2.3762928629999998,2.38677041232,2.36098903188,2.5452672048,2.5500566766,2.5538186095200004,2.55265295952,2.55784056828,2.5604788146,2.5553334637200003,2.55886005804,2.2836411114,2.23392606528,2.11172898804,2.04492325524,2.255568333,2.06637533796,2.5492174576799997,2.5290962773200003,2.56451019672,2.54969368092,2.55325998096,2.51359573356,2.58819988572,2.5454895372000004,2.5788070044,2.5452636219600002,2.55726760836,2.56582652232,2.44863835356,2.55898796052,0.0,3.3771787508400003e-06,4.4647396732799995e-06,0.0
2.50245722388,2.50090138788,2.5000061196,2.47979566272,2.5640461944,2.56378621764,2.56320476688,2.56382346936,2.5600464198,2.56258572084,2.5633897984800003,2.56241875068,2.1338528778000003,2.08368310548,2.08111528896,2.0613111163199997,2.52470945784,2.42473246716,2.40794568384,2.4175814129999997,2.5432712193600002,2.5290391482000003,2.54552114472,2.56059778452,2.36654449524,2.41209382728,2.3499781302000002,2.34694724388,2.5358411454,2.5458662752800003,2.55218851548,2.5548756454799997,2.56257261648,2.5612503522,2.56003189212,2.5620152640000002,2.2093024329600004,2.1573873267600003,2.11842320556,2.05263985824,2.21415997872,2.0240333839200004,2.56083616608,2.51003178936,2.5702732193999998,2.5436037854399998,2.5509544479599997,2.50129702176,2.59019410428,2.55128411832,2.5601490460800003,2.5423138158,2.56415814588,2.56420099272,2.46737214048,2.55950423304,0.0,2.33924526672e-06,2.63370435864e-06,0.0
2.50922128224,2.48521654872,2.4976902798,2.47825538508,2.56375397208,2.56305703608,2.56232746188,2.56171862448,2.56094247336,2.5631035148400003,2.56312677876,2.5607573926800002,2.13481096848,2.09072844132,2.0842212186,2.02230601332,2.53375750308,2.43611171424,2.3732964308400004,2.43557036184,2.54287003944,2.52169520964,2.55295524324,2.5666964653199997,2.3839742265600004,2.4040170261600005,2.38346619948,2.37686552844,2.5417793836800002,2.5500789589200004,2.55915974052,2.56044087576,2.5677065808000004,2.56202527632,2.56813009212,2.56894324956,2.25359742744,2.1494217900000003,2.12444016816,2.0560361942400003,2.26012683432,1.9865200675199999,2.56128009468,2.52809229684,2.57947238196,2.55240677424,2.55021991668,2.5358379061200003,2.5730553682800004,2.54435912664,2.55798785736,2.54231180352,2.5652200898400004,2.5639293839999997,2.49846073764,2.55955876092,0.0,1.4460353528400002e-06,2.398101561e-06,0.0
2.50026285708,2.4979142318400003,2.49705302508,2.4912190818,2.56303151448,2.5629550969199997,2.5610280198,2.5613246102400002,2.56309335528,2.56151518788,2.56251843216,2.56105491564,2.14845304896,2.08383770748,2.11127858088,2.0396789590799997,2.5449089208,2.4258908042400003,2.42411180148,2.4261713946,2.5423660860000004,2.5024289538000004,2.54488335012,2.5329559776000004,2.39358247092,2.4008846424000003,2.40317064156,2.40057705804,2.54053535292,2.55266729088,2.56744037088,2.5685254806,2.5676329608,2.56560315924,2.5703943979200004,2.57166552084,2.30740019952,2.13560365956,2.0882777787599998,2.0418454975199998,2.2238132785199998,1.9918575665999998,2.5517645624400003,2.5268393826,2.57724881256,2.5569191894400003,2.55358145496,2.53862746608,2.56801985844,2.5448708838000003,2.56238400204,2.5453361131200003,2.5621503321600003,2.55618912444,2.502423555,2.5583977735200003,0.0,1.0132374588e-06,2.45023330632e-06,0.0
2.49540148308,2.51137226232,2.50095218568,2.4727770264,2.56179008496,2.56232991588,2.55992956032,2.56108819188,2.56408256268,2.56175656332,2.56236702036,2.56145766612,2.12414225256,2.0806618879200003,2.1252035094,2.0623890603599997,2.54358665652,2.4363813106800003,2.43555416544,2.4507385849200003,2.55683702952,2.5082401239600003,2.54585596848,2.53907517384,2.363323473,2.3601715554,2.36238501432,2.3775552006,2.5421506248,2.55520840788,2.5620211536,2.5708121178,2.54729774256,2.55592782252,2.5585190992799998,2.56024524288,2.2846859264400003,2.17364193564,2.1763539001199996,2.03015866608,2.22971485404,2.00044200216,2.5319499357599997,2.53585665468,2.56857789804,2.5572125405999997,2.55179464848,2.5170262292400003,2.55872327208,2.5604301763199997,2.55946791384,2.5505842375200003,2.5512291977999997,2.5362935648400002,2.49298036668,2.56349610576,0.0,1.06715620692e-06,3.00558916284e-06,0.0
2.503529082,2.48268348084,2.4911239156800002,2.4776676030000004,2.56146183792,2.56162399824,2.5560261297599998,2.56164142164,2.56231214892,2.56218208692,2.56227077448,2.5624815730800004,2.1433180539600003,2.09427388236,2.12730221928,2.06025167544,2.54276230884,2.4493494246000003,2.42001803868,2.42904149484,2.561123235,2.5093191477600003,2.53897509972,2.55986565816,2.36465506248,2.3099045065199997,2.38663318464,2.36306703,2.5358685320400003,2.55186669792,2.55734736336,2.5632133558800003,2.5488247686,2.55180475896,2.55107297616,2.550572262,2.30642115168,2.2816366842,2.13833393088,2.03856180012,2.1756204486,2.03377198476,2.54720748444,2.52883973616,2.5631666807999998,2.55714903108,2.55371848632,2.53314385584,2.56395495468,2.56021019976,2.55526224864,2.53248706728,2.53874035008,2.54275789164,2.4688550436,2.56010246916,0.0,1.9336835334e-06,3.12670147392e-06,0.0
2.4944806932,2.4788403696000003,2.493921672,2.47522950492,2.56156907772,2.5616585505600002,2.56026860496,2.56287804132,2.5602027396,2.562263118,2.5613929295999998,2.56274518176,2.14770197772,2.0993655888,2.09874511944,2.05212137712,2.5420066240800003,2.45619971652,2.42522213832,2.4280381523999996,2.55663398556,2.51911473048,2.55101044824,2.55358768812,2.3734738059600002,2.37120385596,2.41835461932,2.3775270286800003,2.5485874668,2.5471689566399998,2.55420408384,2.55348408024,2.5558613682,2.5554469857599997,2.5553457828,2.55681415824,2.2779593652,2.2158659504400005,2.1519878396400003,2.0539953006,2.1586853946,2.02631089224,2.55804145272,2.5319697150000002,2.5649188368,2.5515101317199997,2.55068764908,2.51132656884,2.57730481284,2.54894226612,2.55180107796,2.5348493858400003,2.54981638092,2.553120741,2.49256593516,2.55502200204,0.0,2.06108039124e-06,2.1907437144000003e-06,0.0
2.50653312156,2.4983801482800003,2.50160593128,2.46312843828,2.56174586388,2.56193074824,2.56055616468,2.5627602984,2.55860366412,2.561580906,2.56072907352,2.56204942368,2.1377542960800002,2.12960097924,2.0809007112,2.05188756,2.52683157888,2.434867389,2.43441968124,2.42170477104,2.54845706124,2.52382896264,2.55502902048,2.54667771492,2.391478215,2.43591480528,2.4122428341599997,2.4016884255599997,2.54296932828,2.5513232841600004,2.54777877564,2.55648016884,2.5577656722,2.55662107752,2.55823767456,2.5604381763600004,2.23809678552,2.1444035563200003,2.1948031212,2.08253698932,2.2157797659600003,2.04689681112,2.5669193376,2.5324666500000004,2.56636169064,2.5565369544,2.5531064096400002,2.53544570784,2.57227131528,2.54394557856,2.55852547968,2.5405814881200004,2.5562025723599997,2.55536781972,2.5059086276399998,2.5575613521600005,0.0,1.5617454774e-06,1.59962669748e-06,0.0
2.5023349656,2.49089117832,2.50499765376,2.480645532,2.56135067172,2.56209104352,2.56141899108,2.5621659396,2.558517087,2.55962197596,2.5607278465200003,2.5604665936799997,2.12870566188,2.12304855384,2.0788588359599998,2.0271037796400004,2.52691997196,2.45720708352,2.42200072344,2.430089451,2.5453156467599998,2.49297776544,2.55998423544,2.553450804,2.3785233036,2.38616618844,2.39889950364,2.36946392088,2.54392555392,2.55353949156,2.5532871222,2.5593769686,2.5580983855199997,2.56250586768,2.55742378092,2.5624103579999997,2.24267349552,2.15372630232,2.13007180368,2.0835074972400003,2.28346427616,2.0561678268,2.56564585884,2.51678863296,2.5774913168399998,2.55545174652,2.55053633544,2.5074243652800003,2.60520134496,2.5429219660799998,2.55920685732,2.53259705556,2.56123214352,2.5665016177199997,2.4971137370400003,2.55893171484,0.0,1.22645334696e-06,1.34278600224e-06,0.0
2.5000286964000002,2.4884905282800003,2.4886894986000003,2.51358174576,2.5615217646,2.5612818615600004,2.56079606772,2.56025054352,2.55969098244,2.56069992,2.55990364608,2.55971517888,2.1345305744400003,2.10844278756,2.0839094624400003,2.03571776136,2.54124770004,2.4712811170799998,2.41250276184,2.4620057332800003,2.54861951604,2.5090705084800002,2.5483837848,2.53493449056,2.3687342976,2.35653958632,2.35229441172,2.38015639152,2.54111312268,2.54467397484,2.55454734936,2.5592291887200003,2.5659792102,2.5629828271200004,2.5660952844,2.56633425492,2.27686331064,2.20495733148,2.10717829044,2.08512468324,2.23344365796,2.08544954376,2.5477253275200002,2.5232607634799997,2.5774143594,2.55181241544,2.55077187036,2.53702951944,2.5946725070400003,2.54829882732,2.55980877444,2.54764184244,2.56684345992,2.56258984356,2.50021662372,2.55502857876,0.0,9.739605998399998e-07,1.45069863996e-06,0.0
2.50054315296,2.49267857376,2.50097019804,2.512695999,2.5616031883200003,2.5611495418800003,2.5612662050400004,2.55974663916,2.5614045124800002,2.5607647056000005,2.5600774383600005,2.55977584176,2.1348135206400003,2.10866080092,2.08949245968,2.00671943232,2.53537400196,2.43795560076,2.4284191113599998,2.44870534776,2.5657338102000002,2.55016941336,2.54290292304,2.5697817813599997,2.37423165024,2.40290295924,2.3391309594000003,2.35648604004,2.5397552754,2.5536012832800004,2.55077187036,2.565286446,2.55699261312,2.56042610268,2.5641095076,2.56510249416,2.27747484744,2.21056162944,2.17289179692,2.07536384916,2.2854139300800003,2.04902217144,2.546395554,2.53649543088,2.57382842736,2.5532051586000004,2.5523040498,2.5266801180000003,2.58444879948,2.55760154868,2.5640662190400003,2.5420009308,2.55617160288,2.5453527021599998,2.50225663392,2.55791305944,0.0,7.5829684668e-07,1.4626784790000002e-06,0.0
2.5007390312399997,2.5028780358000002,2.50065392652,2.50830319176,2.56100873136,2.56032921876,2.56018026096,2.5599750084,2.56156377708,2.56068931872,2.56046683908,2.56017260448,2.16088731972,2.0918910974400005,2.10181600596,1.94465286432,2.52659589672,2.42144170224,2.4148891295999997,2.41735721556,2.5508484842400003,2.5220891748,2.5622374000800003,2.559977217,2.39108636028,2.39815422384,2.3918618242800003,2.36186982156,2.5443257031599997,2.55281678856,2.5610324860800002,2.56462538748,2.56253595372,2.5632897243599997,2.5608508900799998,2.5606773432,2.27872913592,2.2448975066399997,2.21722792044,2.09790855084,2.29890823068,2.0223821364,2.552867979,2.5367744997600004,2.58498185736,2.5503670094400004,2.55662991192,2.51878250796,2.5865593867200003,2.54649906372,2.55282837144,2.53948749492,2.5560663262800003,2.56292486364,2.5005858525600004,2.5608591355200003,0.0,6.2729408124e-07,1.57265286936e-06,0.0
2.5076225503200003,2.49750122364,2.50439622744,2.4726033813600004,2.5599915974400003,2.5607424723600003,2.55913446432,2.56041908424,2.56104770088,2.5608370495200004,2.56054369836,2.56072652136,2.13723026892,2.10457994616,2.0893095876,1.98568693452,2.52769494516,2.43271626168,2.43561968724,2.44362851256,2.5419140592000002,2.5292295786,2.55079007904,2.5343238862799997,2.40389334456,2.39017975452,2.4221900250000004,2.394164118,2.54699207232,2.55650966592,2.55359858388,2.56157491824,2.56433532468,2.56009903356,2.56278051936,2.56287779592,2.27076404088,2.16412777764,2.20232448396,2.11825240716,2.21632254168,2.02292751336,2.5499909094,2.53986732504,2.5738323537600003,2.54747438148,2.55731109324,2.55410023056,2.56519530444,2.5539227082,2.5583450616000003,2.554944063,2.56145928576,2.5633912708800004,2.5002612865200002,2.55961019676,0.0,6.1129719144e-07,2.48526327288e-06,0.0
2.51164092624,2.5227900862799997,2.50518440316,2.5036908006000003,2.55927895584,2.56072858272,2.55970585368,2.56077236208,2.56099361472,2.5606451958000003,2.56057741632,2.56108922256,2.1308301878400004,2.0886464186400002,2.05446087348,2.0551312081199997,2.53984047828,2.41837297524,2.4577084357200003,2.4228405313200003,2.57178473616,2.51366945172,2.5480334517600003,2.55064975932,2.37108115596,2.39475661176,2.4196987242,2.38107035928,2.54038232148,2.55099734388,2.55420521268,2.5621504794,2.5602534392400003,2.5558591596,2.55960990228,2.5582038584399998,2.2202798130000003,2.1457868270400002,2.21943043452,2.12676656016,2.20671449364,2.03656566744,2.5474774244400002,2.5489815301200003,2.5604836244399998,2.5553083347600003,2.55305909652,2.53333247028,2.5657029388800003,2.56420904184,2.56626230364,2.5595287730400003,2.56272378288,2.56062644724,2.49476295228,2.5582528893600003,0.0,9.8138507868e-07,4.4342832756e-06,0.0
2.5123850772000003,2.4961177566,2.5026957035999997,2.5075480468799998,2.56033829856,2.56070168688,2.55789244584,2.56096760232,2.55953485896,2.5607370244800003,2.56002560988,2.56104524688,2.12937521124,2.09960053476,2.0578019454,2.06021304948,2.54575378392,2.4282436994400003,2.41411484352,2.4345052767600004,2.56512737772,2.5388433199200002,2.543909652,2.57109766524,2.4107588512800002,2.36943187164,2.39090402808,2.36218658388,2.53523741232,2.54818309668,2.55101506176,2.55919399836,2.5566937159200003,2.5586259955200004,2.5632269019600002,2.56192770528,2.28635881824,2.202545982,2.20562015688,2.1036766778400002,2.3899798025999996,2.0603911608,2.5593916435199997,2.5385847174,2.5669022577600002,2.55147626652,2.560936731,2.5312843128,2.57949333912,2.56180363104,2.56047410292,2.5475618911200004,2.55825372372,2.53850162496,2.4809392758,2.5581270973200003,0.0,1.60940382612e-06,3.9065881218e-06,0.0
2.50784483364,2.4853631016000004,2.5151293363200002,2.48683761204,2.5609638231600003,2.56011596616,2.5599350082,2.56111626564,2.55927056316,2.56038217608,2.56042197996,2.56075454604,2.1308923722,2.12337930396,2.08192398012,2.0574889131600003,2.54352540468,2.43651166716,2.4138117254400004,2.43472692204,2.55555103536,2.53209840276,2.5556868888,2.56753018728,2.41774053036,2.40422340756,2.40347047128,2.3590635744,2.541751359,2.55515083704,2.5538854074,2.5619998038,2.5555444095600004,2.55669906564,2.55572512212,2.5573425535200003,2.32018946592,2.2259843814,2.16402436608,2.08802035416,2.26693359228,2.06531152896,2.5591992499200003,2.54377384764,2.57039636112,2.55205869888,2.5526935977600003,2.5452038916,2.57786506104,2.55394837704,2.55212618388,2.53835040948,2.54274606336,2.559114636,2.49353202588,2.55976941228,0.0,1.6141128558e-06,3.21122567568e-06,0.0
2.5182770821200005,2.49725744328,2.50507147008,2.4727832104800003,2.56063346568,2.56066723272,2.5604083848,2.56059886428,2.55860376228,2.55974600112,2.56059557592,2.5600439658,2.14768686108,2.1392379354,2.10572650404,2.06252879112,2.5253705163599998,2.43933788988,2.41012292172,2.4679975178399998,2.5472387484,2.52764198784,2.55177123732,2.5510307673600003,2.38951069596,2.40315081324,2.402756799,2.39352529272,2.54078310876,2.5539934324800004,2.55600409284,2.5585731854400002,2.5681061901600004,2.5636589041200004,2.56132721148,2.56433046576,2.3099127028799997,2.20139937504,2.1799188259199997,2.12138223876,2.1720277926000002,2.04410332476,2.5477211557199997,2.51778957048,2.57551589592,2.54936798604,2.54866805616,2.5454833040400002,2.56686569316,2.54730839292,2.56786079016,2.5481224338,2.562836127,2.55887767776,2.5042950735600003,2.55906889344,0.0,1.6226432052e-06,3.35408121204e-06,0.0
2.52245118888,2.47260249792,2.50390007772,2.5075110896400004,2.5600041128399997,2.5603961148,2.5556089497600003,2.56000970796,2.56072907352,2.5593543918000004,2.5602643350000003,2.55934266168,2.1455098686,2.111739393,2.0879588078399998,2.06048794656,2.53635874308,2.43556123296,2.43147434136,2.45383381512,2.56231116732,2.51542033164,2.55049181988,2.5438132098,2.38637104836,2.3873683048800003,2.3920801321200003,2.3751857654400004,2.54153089164,2.54782736484,2.55616065804,2.55891959208,2.55048715728,2.5591634706,2.56661057532,2.56300368612,2.30686336248,2.16409504128,2.23197223956,2.1129371904000003,2.23528685736,2.0351263473600003,2.55235420956,2.52506533692,2.56775806572,2.55575103636,2.55259180584,2.5305559656,2.55749371992,2.55770545104,2.56145565384,2.5625910705600004,2.53882903764,2.53984229424,2.4801439344,2.55754883676,0.0,1.8607263588e-06,4.0579172220000006e-06,0.0
2.4872109636,2.48743903836,2.50887350136,2.51406513468,2.56030963584,2.5599666648,2.5581948768,2.5592295322800003,2.56025294844,2.56020514452,2.55991969524,2.5593485021999998,2.16718030824,2.1354104316000004,2.0848128779999997,2.0479137978,2.54758466424,2.4411155184,2.41622371296,2.4456016758000003,2.56111189752,2.52779649168,2.54778260388,2.53729965576,2.40194246364,2.39028125196,2.34528858528,2.3757094981200004,2.54277644388,2.55353625228,2.55416727384,2.56698417228,2.54694662424,2.55268967136,2.5522872644400003,2.5515235796400004,2.30429898156,2.21476214124,2.19694664112,2.0795923856400003,2.29278658044,2.03547123252,2.5460288282400003,2.5316153574,2.5652485071599997,2.55951375456,2.5514094686399997,2.53106904792,2.57552949108,2.56210341168,2.55669435396,2.54110095084,2.5401263201999997,2.5425815472,2.48988871932,2.55542342736,0.0,1.8903947280000003e-06,5.3655561528e-06,0.0
2.4974541068400002,2.5034176704,2.49583191468,2.47500432588,2.56024794228,2.5599568488,2.5587854073600003,2.559643473,2.5575053027999997,2.5600244810399997,2.559128133,2.5600766040000003,2.1426209707200004,2.13253218408,2.09164029864,2.02525572132,2.54323759956,2.44048940484,2.435900523,2.4428801898000003,2.5425639274800003,2.52847173432,2.53867963812,2.54506455348,2.41757670132,2.4121597908,2.39236744644,2.38176572472,2.54703884556,2.54915988684,2.5550638182000003,2.55597999456,2.54898030312,2.55096387132,2.54931566676,2.55085393212,2.33116586436,2.2303358142,2.17090444956,2.0736426626399997,2.26939495428,2.02187656332,2.5248423173999996,2.53057653012,2.5653006301200003,2.5483889382000005,2.55178139688,2.53030575576,2.5764347226,2.5466635308,2.5524934004400004,2.53756758348,2.5470653487600003,2.5402085292,2.49189309744,2.55758957316,0.0,2.10663865584e-06,6.9209077332e-06,0.0
2.5045467558,2.4906016554000003,2.506288605,2.4629840449200002,2.5592894098800003,2.56010880048,2.5575689104799997,2.5599226400400004,2.556983337,2.55961854036,2.55848287824,2.5592318881200002,2.1535544732400003,2.1458674164000002,2.1023097016800003,1.9924780359599998,2.53852076616,2.42618626584,2.4367599138,2.43231159708,2.5455353779200003,2.5155928969200003,2.5429659908400004,2.5542071267999997,2.42694523896,2.43222330216,2.41650121128,2.39692776372,2.54417281896,2.54951694384,2.5479943350000003,2.5485214051200002,2.54612350356,2.55003218568,2.54907110112,2.55025014996,2.3423988530399997,2.26661997108,2.14837157616,2.0796795026400003,2.15446603608,2.01400624176,2.52861627492,2.53919473272,2.5692129441600002,2.54934491844,2.55559618896,2.53800233412,2.55734422224,2.5437018472800004,2.54845583424,2.5408826920800003,2.54583074136,2.5388660930399998,2.50029093084,2.5555965815999997,0.0,2.41659647556e-06,7.485031290000001e-06,0.0
2.49766927356,2.4683689552800003,2.5078844412,2.479940007,2.5597360869599997,2.55992214924,2.55726436908,2.55912931092,2.55325414044,2.5592481335999997,2.55835492668,2.55824930652,2.1675141504,2.14652400864,2.1133213395599997,1.97211248628,2.54398665852,2.41704060048,2.44164931248,2.42361810576,2.5511908663200003,2.52122679012,2.55050448252,2.56805941692,2.38959040188,2.39369015244,2.40554537736,2.4007407398400002,2.5379842236,2.54365846056,2.54893613112,2.55039027336,2.55012897144,2.5502976594000004,2.54589268032,2.5492269792,2.34277156656,2.29878700308,2.18119215744,2.0798143254,2.2036740858000003,2.01791885028,2.52484835424,2.5407127280400004,2.56094590896,2.55432918876,2.5508529996,2.53894928364,2.56046340348,2.54590077852,2.54324206584,2.53406876844,2.5472611779600003,2.5458021768,2.5075140344399998,2.55447922632,0.0,3.10396050132e-06,7.8889444752e-06,0.0
2.50311352164,2.51787580404,2.50289192544,2.48702136756,2.56002197796,2.5591067832000003,2.555260629,2.5579947285599998,2.5556173424399997,2.55789435996,2.5580410110000003,2.55731521596,2.1733686091199997,2.1584836758,2.10669313464,1.99820792964,2.53141074288,2.4122601594,2.44850637744,2.43256538976,2.5354927264800002,2.4986801252400004,2.56181349612,2.5352801609999998,2.37074775552,2.40772973184,2.3835820282799998,2.3891002399200003,2.53978830624,2.5425535716,2.5458259806,2.54768360952,2.55289507116,2.5538574318,2.5504418073600004,2.5522228714799997,2.32564578768,2.2459786408799998,2.1157854991200002,2.0803618618799997,2.22493083012,2.0405351106,2.5360109131199997,2.5307012424,2.5594668831600003,2.54883051096,2.5468870902000003,2.54303642064,2.55595162632,2.54803369716,2.54620939356,2.54458244064,2.55104421528,2.5643652144,2.49876689868,2.5523738415599997,0.0,3.6833814106799996e-06,7.2350231688e-06,0.0
2.50340432064,2.50228622916,2.50335308112,2.50635319428,2.558832426,2.55897038988,2.55507078756,2.55711624564,2.55377561544,2.55766967172,2.5568535204000002,2.55605773728,2.1722601864,2.15065605384,2.09393493588,2.0103125300399998,2.52545174376,2.4288538129200004,2.47831467372,2.42736374412,2.55021898416,2.50619181924,2.55071076576,2.5411766322,2.3727684282,2.4232716991200003,2.36348646768,2.383755477,2.53480099296,2.54373090264,2.54518715532,2.55005726556,2.55864067044,2.5588172112,2.55472089624,2.55703089552,2.2471994567999998,2.20659915564,2.1512706336000003,2.08284079452,2.2835049634800004,2.04224250564,2.5296604028400003,2.5238937482400003,2.55056406564,2.5406954028,2.54328059364,2.5360833551999997,2.558639787,2.552796813,2.5580983855199997,2.5537974069600002,2.55763492308,2.56137290496,2.50226934564,2.55289978284,0.0,3.31082357244e-06,4.70233497168e-06,0.0
2.4941201024399997,2.4959899032,2.5056091905600004,2.49492943164,2.55782766024,2.55862020408,2.5555516734,2.5560503262,2.55618509988,2.55709936212,2.55597336876,2.5559071598400003,2.1592334218800002,2.15522137728,2.0860636818000002,2.05227102204,2.5290510746400003,2.45115905328,2.43419332428,2.43101112432,2.55248005068,2.49191960064,2.54051410128,2.5315673571599997,2.40590891292,2.41140552936,2.40752030748,2.39396917224,2.53601017692,2.5485860434800003,2.5488145108799998,2.55418145796,2.5602524085600002,2.55986865204,2.56300609104,2.56431682152,2.25235005924,2.1990166882800004,2.1777031093200003,2.0834445276,2.3045773633200004,2.05110625548,2.514749997,2.51537827008,2.56673612196,2.54244083484,2.54222287056,2.5304744928,2.5603127769600005,2.55828385884,2.54316024948,2.5471129563600003,2.55163229184,2.54192701632,2.50386032292,2.55542956236,0.0,2.3187957902400003e-06,2.59462583196e-06,0.0
2.50544521428,2.49581189004,2.50069481016,2.49373403916,2.55745023504,2.55840955272,2.55467422116,2.5551916716000003,2.55757023564,2.5568108208,2.5565983044,2.55589749108,2.1640857160799998,2.15444282124,2.09538377748,1.9698460700400002,2.51755948344,2.4510810651600003,2.4129946416,2.4516227120400003,2.55612070692,2.4704847940800003,2.5376333997600002,2.53306675116,2.41426512648,2.41352671788,2.38897160124,2.38646753964,2.53628767524,2.5534076626799997,2.55454641684,2.56190429412,2.53902000792,2.54842903656,2.55255538848,2.55470636856,2.2974966408,2.1933203653200004,2.17953894672,2.12924431488,2.34810661164,2.0882641345199997,2.53450430436,2.51646961296,2.5511045836800004,2.54482479768,2.54594396892,2.5007898781200004,2.55286051884,2.5483435392,2.55060617628,2.5298008698,2.5437091602,2.530905906,2.4990625565999998,2.5555568758800002,0.0,1.43605522932e-06,1.23774076536e-06,0.0
2.50588030848,2.50322925228,2.4971092216799997,2.52436614324,2.5570002205200004,2.55761911932,2.55430803528,2.55560575956,2.5561752348,2.55667300416,2.55689528748,2.5566567586800004,2.16819719676,2.12720518812,2.13536395284,2.0011374166800002,2.5219831619999997,2.42581831308,2.42035659252,2.46427254216,2.53777779312,2.48882780604,2.53788527832,2.5263265947600004,2.4042296898,2.41486429512,2.41550881368,2.37377466636,2.5464966588,2.55432236664,2.55381330888,2.5571887858799998,2.54573557524,2.5465967820000004,2.54975797572,2.54786986812,2.26496970516,2.19726944028,2.16464017284,2.10125973324,2.2519294927200004,2.0748063985200003,2.51016872256,2.51527299348,2.56061407908,2.53832626212,2.55456015924,2.54143336968,2.55901637784,2.5412804364,2.5440419226000004,2.5305528244800004,2.5457388636,2.53638676776,2.49639392976,2.55120853512,0.0,8.383451978400001e-07,5.679143487599999e-07,0.0
2.505808848,2.5041136248000004,2.50664045952,2.51749145856,2.556456954,2.5572405652800003,2.5543275691200003,2.55671923752,2.55463333752,2.55656488092,2.55510313128,2.5568696186400004,2.1756040068,2.14849162584,2.13062449356,2.044092429,2.5173271878,2.43698072472,2.42707166904,2.44695441876,2.54640738228,2.4866106170399997,2.529231051,2.52984489456,2.39427587316,2.4145669194,2.4126348852,2.4077091673199997,2.5419062064,2.54500202556,2.5494804283200003,2.55105579816,2.5335713917200002,2.54202905364,2.53989942336,2.54226164376,2.34184797912,2.1801835143600004,2.19584209572,2.1046842902400003,2.22367791588,2.03639673408,2.51546764476,2.53267077372,2.55902133492,2.55109260816,2.55259563408,2.52231278328,2.54599869312,2.5513987201200004,2.54586416484,2.54231425752,2.5402455846,2.5228648841999997,2.50758470964,2.5498697308800002,0.0,4.18009142796e-07,3.31592612556e-07,0.0
2.50156799244,2.51036057628,2.51219896584,2.48137329024,2.55603039972,2.55679752012,2.55569704836,2.55657189936,2.55182120076,2.55530666604,2.5550682354,2.55555294948,2.14912912596,2.16704092104,2.1043268896800003,2.0588510304,2.52084553668,2.40033867648,2.42112557796,2.41917832896,2.5502390088,2.4917825692799997,2.52929279364,2.5266181790399997,2.4042885858,2.41714921452,2.41581095016,2.3856440754,2.53852960056,2.54176505232,2.5437564733199998,2.54448545856,2.5360212690000004,2.54064519396,2.53492963164,2.53696070928,2.36987928492,2.1939300861600004,2.2221335646,2.10088304424,2.2939011872400004,2.05137874764,2.52672424092,2.53319583156,2.5555347408,2.55095675472,2.54951871072,2.52792954756,2.55887262252,2.5519486615200004,2.55112745496,2.53343323152,2.53458258696,2.52498818316,2.50588747416,2.54883880548,0.0,2.67737181624e-07,2.44853852484e-07,0.0
2.4980649074400003,2.49434881524,2.50675726992,2.48729616648,2.55610956576,2.55628782432,2.55556826244,2.5548808970400003,2.55107027676,2.55427132344,2.55287269068,2.5537425846,2.15676356904,2.16318298764,2.0957686628400003,2.02648488084,2.5242020197199997,2.4134001896400004,2.44172612268,2.40866696352,2.54198856264,2.50295003616,2.5275490794,2.54395441296,2.4249311430000002,2.40557462904,2.42655549468,2.4065921556000003,2.53695933504,2.53877323368,2.5374933254400003,2.5369130526,2.53352908476,2.54028543756,2.53597699884,2.53695437796,2.2858004841599997,2.2185286386,2.15174921268,2.0838577812000003,2.27268233268,2.0491675954799997,2.5416659107200004,2.5231391432400003,2.55084234924,2.54668208304,2.5513010509200003,2.52737847732,2.58043518432,2.5408376857199997,2.53194630384,2.5246660220400003,2.53515039348,2.52406945464,2.50555053996,2.55075886416,0.0,2.2673546496e-07,2.15884215612e-07,0.0
2.50350189168,2.4909563074800003,2.50804071192,2.4982975466400004,2.55554887584,2.5552506657600005,2.5540279848000003,2.55324285204,2.5510637982,2.5532545821599997,2.5531892076,2.55191985156,2.16646369116,2.14161870804,2.09304349584,1.9896800833200001,2.5243822905599997,2.4344288592,2.43338208096,2.447172972,2.5384087656000003,2.50318007412,2.53480060032,2.5460172453600003,2.4256867786800003,2.43229427184,2.44328122248,2.4238850028,2.5311279929999997,2.53521326496,2.5367655181199997,2.5359204586799997,2.53936234092,2.53951998588,2.53876474284,2.5390716400800004,2.2887248178,2.21385578088,2.1906332844,2.093696358,2.2523240959199997,2.03892347064,2.5644611658,2.5236364218,2.5550390818800004,2.54486087148,2.54719673592,2.51847546348,2.58265109724,2.54152308792,2.54449625616,2.52623221392,2.5332565926,2.5318431867599998,2.50181957652,2.54266297092,0.0,2.0969733805200002e-07,4.267710909e-07,0.0
2.49991625412,2.49913485144,2.5143070990800003,2.4748599816,2.55420909,2.5552419786000002,2.55343205544,2.55256937628,2.54510887272,2.55281796648,2.5525412534400003,2.5511008536000004,2.1755090860800004,2.1445783302,2.1071918365199998,2.030294814,2.5433616738000002,2.43612761616,2.4455925960000005,2.43001450584,2.54670701568,2.50143258072,2.53941667248,2.53894363944,2.39733655104,2.42911280808,2.3821154688000004,2.40000630672,2.5264498837200002,2.53787688564,2.53647496452,2.5404425426399997,2.54664728532,2.5421847354,2.54118443592,2.5419349182000004,2.25335909496,2.22730988496,2.21372964528,2.10183205512,2.26610060652,2.04458008788,2.522897277,2.5185462368400002,2.56795850844,2.54577999264,2.54203769172,2.5214999203199997,2.57994968496,2.53802952444,2.5517243659199997,2.52739958172,2.54790756156,2.5568132748,2.51028366792,2.54842167456,0.0,2.37024615792e-07,7.526461681200001e-07,0.0
2.5055107851600003,2.5026883416,2.5052954712,2.49995301504,2.55300766068,2.55437164296,2.5516529054399997,2.55038561076,2.5474733508,2.55204250248,2.55116843676,2.54951223216,2.1798140891999997,2.14372217868,2.1106638538799998,2.0384411123999997,2.52816228492,2.4829995560399998,2.4364946364,2.43243650568,2.53255312896,2.51554352244,2.53633719696,2.5441000824000004,2.3984915016,2.39455077024,2.40224455104,2.39641060776,2.5302133872000003,2.53599996828,2.53800891084,2.54068784448,2.55052622496,2.54703246516,2.5499711301600003,2.54827502352,2.3452346954400003,2.2308077184,2.12679203268,2.0747841162,2.29946239296,2.0472272176799997,2.52571677576,2.52704321184,2.5546898286,2.54867595804,2.54824896204,2.5320901573200003,2.5611077748000004,2.54447559348,2.54533807632,2.5307166044400002,2.5504999671600004,2.5401599890799997,2.4831122928,2.54971763196,0.0,4.0872821295600004e-07,8.095454955600001e-07,0.0
2.50420079088,2.49292245228,2.50230247464,2.49281040264,2.55257482416,2.55213992628,2.5508606560800002,2.5484643741600004,2.5507951833600004,2.55151587408,2.5508267418000004,2.5487813328,2.1847947276,2.12784612384,2.1159246900000004,2.07566377704,2.5246438869600003,2.46559397208,2.40865709844,2.43638209596,2.5432924219200004,2.51619996744,2.53952661168,2.54025574416,2.39017528824,2.40548505804,2.41054829808,2.40427980048,2.5301135584799996,2.5385621406,2.5440830516400004,2.54682564204,2.5429934756400003,2.5466252484000003,2.5443636420000004,2.5445344404,2.35968365112,2.26324282536,2.15440669836,2.09539045236,2.2347037378800003,2.0377722992400003,2.53670195952,2.5415835054,2.54909431596,2.53707874668,2.54706922608,2.53575937812,2.56164166704,2.54432501604,2.54986325232,2.5342261189200004,2.5419707956799997,2.5435052328,2.4879011756400002,2.54843355192,0.0,5.059374990000001e-07,6.0488022684e-07,0.0
2.5103642572800005,2.50489586184,2.50599530292,2.4760493863199997,2.55213344772,2.5498816082399998,2.5496527972800003,2.54846025144,2.5497837918,2.55040529184,2.5504509853200004,2.54935782648,2.17502815116,2.15358828936,2.1193004124,2.05800925932,2.49750706416,2.410096713,2.44306983492,2.447250273,2.54844101208,2.53647324672,2.54214213396,2.54224029396,2.40005553396,2.43860645064,2.4035950854,2.384312535,2.53380246036,2.54181791148,2.54008700712,2.5461052458,2.5502564322000003,2.54940386352,2.54918138388,2.55459083424,2.35115879868,2.2062414606,2.2077329036399997,2.1061539417599997,2.25068713068,2.02715006208,2.5317883644,2.532970947,2.55746618604,2.54056170888,2.54830751448,2.5293982174800003,2.56910403564,2.54074168524,2.55149334636,2.54255769432,2.5479154143600002,2.54118924576,2.50444329516,2.54765430876,0.0,4.19959002852e-07,3.56304549612e-07,0.0
2.51433507468,2.50977961632,2.5004647722,2.4840813774000003,2.55059930508,2.5502760151199997,2.5483313182800003,2.54935993692,2.5501209714,2.54947208472,2.54909632824,2.5494917658,2.1874234524,2.15707341108,2.11478470884,2.02781023716,2.5187867779200004,2.4197011782,2.47981858308,2.44333830252,2.5506270843600003,2.4999563524800004,2.54186394852,2.56932911652,2.409928614,2.433012165,2.4078967020000004,2.37972007032,2.5311712815600003,2.53767742452,2.54473831872,2.5482154404,2.54816115792,2.5481962992,2.54788051848,2.54849549088,2.28990533904,2.20974484008,2.2342265821200002,2.10225914928,2.2780744087199998,2.0290638876,2.52522950952,2.52121766124,2.559587031,2.550983307,2.5445066120399997,2.5016163853199997,2.58292673052,2.5513883642399997,2.5633376755199997,2.543709651,2.54577312144,2.54792253096,2.50930010472,2.54735585328,0.0,2.86732741632e-07,2.51047645416e-07,0.0
2.4926122176,2.48941602984,2.5034986524,2.50632089964,2.54927080764,2.5503177822,2.5473628226400002,2.54931375264,2.5493684768400002,2.54915036532,2.54880754152,2.5490615796,2.1802371588,2.16750723012,2.120187288,2.0346448234800003,2.5301176812,2.44170712872,2.41283788008,2.44142413344,2.54757833292,2.51622406572,2.5533560796,2.54246066316,2.422086957,2.4061208403600003,2.42332087728,2.39751647832,2.53766800116,2.53924896612,2.5463852962800004,2.5489125727200004,2.56061466804,2.55819728172,2.5524211056,2.5549196702400003,2.30136321228,2.202250275,2.21157100872,2.08820685816,2.30810435028,2.01869721,2.53013024568,2.52613047108,2.56870550604,2.54817328068,2.5399653378,2.5254933636,2.5987653863999998,2.5517350653600004,2.55524183136,2.53968504192,2.5560552342000005,2.56417512756,2.4981534968399997,2.54689312704,0.0,2.0638780494e-07,2.82141636468e-07,0.0
2.51221663464,2.51135621316,2.5071527074800004,2.5201040851200003,2.54949633024,2.54974344804,2.5485564482400003,2.54889534564,2.54991709308,2.5492728689999997,2.5486215774,2.54915856168,2.17937418516,2.153518743,2.1178088712,2.0586858762,2.51277462516,2.43947644272,2.47005421524,2.44025436072,2.5476137686800002,2.5135739420400003,2.5404239413200003,2.54446715172,2.4271573136400004,2.42570474196,2.42685247776,2.3994808071600002,2.5324902084,2.54517915528,2.5477663584,2.55133629036,2.5595624419200003,2.55621979944,2.5577727397200003,2.5604595261600003,2.32306506312,2.15842708656,2.1818061973200003,2.10888347688,2.29009572036,2.02561783356,2.53979488296,2.51931772536,2.55997800228,2.53754947296,2.54490067536,2.5357127521200002,2.6005929783600004,2.5502483340000004,2.56303274148,2.54740984128,2.56629170256,2.5500339525599998,2.50850765904,2.5467886848,0.0,1.6787968602e-07,4.0853698255200003e-07,0.0
2.52085280052,2.51656968708,2.4997739712000002,2.4969610000799998,2.5492579977600003,2.54954791332,2.54844380964,2.5490662422,2.55159499104,2.54936705352,2.54854020276,2.549157531,2.19101988756,2.1368660953200003,2.11892009148,2.0368803684000003,2.5310043114,2.4352263110399996,2.43477403884,2.44074084168,2.55977103192,2.49396962316,2.53848321996,2.5341207441600004,2.4230289985200004,2.44996140312,2.4023721099600004,2.40083708388,2.5348814350800004,2.54927748252,2.54681828004,2.55630981216,2.55298469124,2.54683207152,2.55714544824,2.5548122832,2.28751038228,2.1850377717600002,2.2043648868,2.1126174342,2.3439873272400003,2.03441292048,2.53911311268,2.52839433516,2.57495775816,2.55075881508,2.5421814470400004,2.53479515244,2.5917518544,2.55217884672,2.55368776224,2.5480857710400002,2.5417967089199998,2.5341754192800003,2.50909931844,2.54840812848,0.0,1.59333439608e-07,3.59347705932e-07,0.0
2.50785980304,2.5236363236400003,2.5131912162,2.5110424938,2.5494603546,2.54936567928,2.5481669984399997,2.54924793636,2.5511279457600002,2.54987252844,2.5494748332,2.5500704190000003,2.18378716428,2.1599823336,2.1284740042799997,2.0669081995200003,2.5334695998,2.44447622232,2.44130261136,2.42909577732,2.5561936398,2.51118428592,2.5461030372,2.5554719184,2.41199321328,2.43019713252,2.4190099845599997,2.42241549852,2.5366318242,2.54612345448,2.5548560625600003,2.5560179333999997,2.5359795019200004,2.5423020365999998,2.54606166276,2.54434636584,2.3040566736,2.22494447436,2.17016108388,2.09351049204,2.29553692548,2.05144260072,2.55086561316,2.5347017532,2.56127827872,2.53739629428,2.53997284704,2.49436874172,2.57313428892,2.55223028256,2.5620308714399997,2.5350465401999998,2.52915566412,2.53200593604,2.5020395530800004,2.55052180776,0.0,1.75108036272e-07,2.3493431822400003e-07,0.0
2.51780591412,2.51206404492,2.51169614124,2.49000592236,2.54940337272,2.54971547244,2.54796523056,2.5501804563599997,2.5493486976,2.5500377808,2.54852601864,2.55045319392,2.1802351956,2.17704288516,2.1328666151999998,2.07456698628,2.52889863216,2.46842220708,2.39489364312,2.4534039234000002,2.54620311132,2.5049825862,2.54580595596,2.5424748472800003,2.4236452960799997,2.44027556328,2.4131328018000002,2.41373398272,2.5384220172000003,2.54354380968,2.54756886048,2.54870678028,2.54858039928,2.55322533048,2.5488382656,2.55083910996,2.30609506416,2.22516013188,2.1866889702,2.08829245368,2.33996222736,2.07101261268,2.5281056466,2.53248122676,2.56004180628,2.53653479304,2.54362307388,2.5293274932,2.56954771884,2.53861917156,2.53758672468,2.52246802332,2.54338209108,2.55101491452,2.51044116564,2.54827428732,0.0,1.65095834064e-07,1.6086041656800002e-07,0.0
2.51570529012,2.51556747348,2.50359514368,2.49678333048,2.54929554396,2.5500150076800003,2.5487185104,2.5508202141600003,2.548901088,2.549918271,2.54902997208,2.5501914011999998,2.17851832812,2.1501582844800002,2.13558010116,2.07213075324,2.5312132449600004,2.4387783778800003,2.4071576553600003,2.44389477156,2.53369772364,2.53041245568,2.55401777616,2.53435809504,2.40907211892,2.43012130392,2.3990492958,2.40523352304,2.53587088788,2.5398001836,2.54641145592,2.5494349311600004,2.55616679304,2.5557623738400004,2.55412894236,2.5576145057999997,2.33684638356,2.27519046792,2.15929482096,2.0918199314400003,2.28155413164,2.05836935928,2.555788239,2.53797475116,2.55753185508,2.5460570001600002,2.5485913441199997,2.49537232956,2.58803743092,2.5455116232,2.5512743514,2.53652831448,2.55004425936,2.551642206,2.50082688444,2.54513522868,0.0,1.09551355116e-07,1.4093933046e-07,0.0
2.5046440814400004,2.51960881884,2.51101152432,2.50331455332,2.5494857289599997,2.55020254236,2.55040509552,2.54979203724,2.5504650222,2.54940131136,2.5494527472,2.54919321216,2.18831783724,2.1497396320799997,2.13690501576,2.05293693948,2.5414889773200002,2.4379601652000003,2.41252411164,2.4468863448,2.5482732566400004,2.5153055826,2.5372773243599998,2.5606332693600002,2.40835417668,2.41495499496,2.39257623276,2.39018613492,2.5333434642,2.5462130745600002,2.5498637922,2.5538628306,2.5543469557200003,2.5540849176,2.55684399888,2.5602707154,2.2938193218,2.24528037972,2.2137745044,2.10333375588,2.26186887984,2.0388346849200003,2.54929308996,2.5396995696,2.5647822962399998,2.5273833362400002,2.5415604378000003,2.5046647932,2.5717804662,2.5525222104,2.55576355176,2.5404392051999998,2.54848861968,2.54465694408,2.5007159145599998,2.5469862318,0.0,7.6021715076e-08,1.27310751888e-07,0.0
2.51644924476,2.5005024656400003,2.51453129652,2.4833410056,2.55041432256,2.5498202582400005,2.54835625092,2.5494431766,2.55231563268,2.54929696728,2.54926491804,2.5493641578,2.19153591468,2.14321253196,2.13997227036,2.05995390708,2.5241671238400003,2.43147885672,2.42969234472,2.43144042708,2.5626677826,2.53558990488,2.55064632372,2.54992288452,2.4226137326400004,2.40627539328,2.3869334070000003,2.40505727676,2.5355519660400003,2.5451065659600003,2.5502272296000004,2.55610264548,2.55339347856,2.55293482596,2.55625729656,2.55817293804,2.33273745504,2.26006857636,2.2238674137600003,2.1048600457199997,2.27615866908,2.03638333524,2.5612623768000002,2.546255676,2.5744800625199997,2.55002021016,2.54380628952,2.49623986764,2.58965476416,2.55672532344,2.5539682053600004,2.5336857972,2.54556075228,2.54488869984,2.4963261012,2.54785146312,0.0,6.155246972400001e-08,1.03467521016e-07,0.0
2.5166187179999997,2.4887356338,2.51326944972,2.48162521788,2.55025383096,2.5494632503199997,2.54887595904,2.54970712884,2.55275303364,2.5496319873599997,2.5505177832,2.55043400364,2.18948019888,2.16184359444,2.14506726516,2.07773986104,2.54298518112,2.43871638984,2.4306582882,2.440959444,2.5481842746,2.54792680092,2.55742250484,2.55825588324,2.4397693030800003,2.43439749708,2.4058211088,2.39538974376,2.53898530836,2.54944180236,2.5424578165200002,2.55614117328,2.55680277168,2.55383667096,2.5573973268,2.55646436508,2.327812866,2.29313568648,2.1875151829200004,2.0986079408400005,2.25568003908,2.0236686704399998,2.55078708516,2.5477947757200003,2.58063076812,2.55751943784,2.5519180356,2.53792061592,2.5889921350800003,2.5392531870000004,2.56438671144,2.54841902424,2.5588432236000003,2.5613065978800003,2.51789828268,2.5483334287200003,0.0,4.6836411849600005e-08,6.678302839200001e-08,0.0
2.51364049452,2.4978023785200003,2.502462819,2.4813613638,2.5496791041600004,2.549817657,2.54734098204,2.5505397219600003,2.5526584074,2.55045304668,2.55047307132,2.5509330981600002,2.1725848015199998,2.1663146352,2.15447344716,2.09087955864,2.52486700464,2.437510347,2.45424849204,2.4426454892400002,2.5480769366400002,2.5254548358,2.5638272976,2.5568134711200003,2.41056208956,2.44176573024,2.42924635476,2.4276173404800003,2.54222164356,2.54860425216,2.55096470568,2.5569922204799997,2.56531285104,2.5595196441600003,2.55981113028,2.56194934956,2.32265902428,2.21749717332,2.15057286324,2.1057143322000003,2.28071172252,2.04224010072,2.54559226164,2.5267836768,2.58065015472,2.56518858048,2.55222041748,2.54070934152,2.57816076804,2.55320388252,2.5643617788,2.54547132852,2.55913421892,2.57384418204,2.50855482492,2.55038688684,0.0,3.47153917356e-08,4.37286245316e-08,0.0
2.50742804628,2.5151044036799997,2.51075041872,2.4854423658,2.54916695436,2.55040126728,2.5479818686800004,2.55127538208,2.55459746004,2.5509481657200004,2.5501359898800002,2.55168829212,2.19498908532,2.17045065588,2.152030392,2.10053580324,2.52439721088,2.44676040552,2.45189878704,2.45697999036,2.5526724933600002,2.50725003312,2.55159278244,2.5498588351200002,2.3743677490799997,2.4330763125600003,2.39649698856,2.41640231508,2.53771928976,2.55255784248,2.5535944611600003,2.5589982673200002,2.57120411976,2.5673338182000003,2.5693414356,2.57515290024,2.3245305919200003,2.23524931116,2.17181130072,2.10541263744,2.33558772696,2.06908980552,2.5588096528800004,2.5409965086,2.57205713016,2.55756365892,2.55162399732,2.54139322224,2.58435098304,2.55279229764,2.56885549452,2.5425314856,2.5716910424400004,2.56766074008,2.50028690628,2.54981304348,0.0,2.489063979e-08,4.2995130312e-08,0.0
2.51093839512,2.508974508,2.5042893312000003,2.52680149284,2.54973431916,2.5496155946399996,2.54907954288,2.55172701624,2.55415245168,2.5508464228800003,2.55243921612,2.55197221992,2.20359226944,2.1769692651600003,2.1438844862399997,2.0921486202,2.54246704356,2.43719888532,2.4309107557200003,2.4750190498799998,2.5432552683600003,2.54132426484,2.5468545010800003,2.54955694404,2.40891957828,2.43519907164,2.4029747142,2.3918418978,2.5380750706799997,2.5498122582,2.56193977896,2.56774343988,2.56782398016,2.56493140128,2.57510347668,2.572804275,2.27479071132,2.2443042276000003,2.2188545788800003,2.10494760444,2.32065719832,2.08961766276,2.55877946868,2.5311093916800003,2.57800027644,2.55330935544,2.55447942264,2.54079513336,2.58876101736,2.5587484010400003,2.57003243292,2.5438818727199997,2.56116313704,2.55348830112,2.49881651856,2.5538282782799997,0.0,2.99252303616e-08,1.6556604009600002e-07,0.0
2.50555726392,2.51147552664,2.5001619486,2.51337408828,2.5512918238799998,2.54967267468,2.55025451808,2.5522608103200004,2.55299887536,2.55302866692,2.55281860452,2.5535917126800003,2.1864870550799997,2.1959581208400003,2.13575978304,2.0803495428,2.5245740952,2.4262227813600004,2.42211453996,2.45658386568,2.54636321028,2.5300455826799997,2.5465929537600003,2.55318027504,2.42355685392,2.4257830245600003,2.40736094472,2.39682764052,2.54769897156,2.55734029584,2.56860606996,2.57403579036,2.55985245564,2.56165030512,2.56503873924,2.56318498764,2.2917628698000003,2.2682601756,2.24847632208,2.12305071336,2.37515180208,2.0904178140000003,2.55874673232,2.53074060456,2.5768281478799997,2.55524089884,2.55261968328,2.54319990612,2.58647197524,2.5507479684,2.5786918136400003,2.5400438658,2.55279475164,2.5539860214,2.4935512652400003,2.54973785292,0.0,7.62039393e-08,4.25859390636e-07,0.0
2.5094795412,2.50748080728,2.51275725084,2.4954415814399997,2.55191602332,2.55149261016,2.5509201901200003,2.55421134768,2.55734662716,2.5536931119600004,2.55604316052,2.5546053619199998,2.18791675548,2.17881084492,2.13184903956,2.0673271464,2.5436147302800003,2.43580785996,2.39652260832,2.4516863197200003,2.54406469572,2.53657533312,2.55112622796,2.54665263504,2.43320269356,2.45084827872,2.4141279478800004,2.3910919554000003,2.55133182408,2.5566893478000003,2.56580708664,2.5669193376,2.56202841744,2.56214331372,2.56478764596,2.5635740938800002,2.36259620556,2.2439076611999997,2.2336992175200003,2.1347926125599996,2.34898195344,2.06657371932,2.54646220464,2.54097869256,2.5772194627200005,2.5639899978,2.56513238388,2.5374809082,2.5971272923199997,2.54457316452,2.56749416256,2.5355627145599997,2.55471176736,2.553200496,2.5174316300400004,2.5511024732400003,0.0,1.62980235756e-07,5.0710521036e-07,0.0
2.51745268536,2.49770338416,2.51254061172,2.49603559668,2.55187430532,2.5535769396,2.55317340384,2.5550181737999997,2.55546151344,2.55589292664,2.5558468896,2.55570239808,2.1955236156,2.1776911828800003,2.12357488776,2.0720108508,2.53529567028,2.4245713866,2.4253988263200004,2.4512156425200002,2.53458091824,2.49848203836,2.5542085010399997,2.56130649972,2.4298313883600002,2.44677777984,2.4339169548,2.4277892677199997,2.5446885515999997,2.55502612476,2.5637737513200003,2.56459682292,2.55945785244,2.56289963652,2.5604801397599997,2.56408167924,2.3385007721999997,2.20579718844,2.22718644876,2.14698550788,2.30954450472,2.0635415569199997,2.5586388054,2.54610028872,2.5888315944,2.56312368672,2.56106571324,2.52001166748,2.5738477158,2.55193099272,2.56548286416,2.5528381383600003,2.5553334637200003,2.55304937868,2.51564261496,2.5542020715600002,0.0,1.8915299484e-07,5.512648422e-07,0.0
2.50383539028,2.510621142,2.5133570084400003,2.51776488324,2.55360893976,2.5537021426799997,2.55354783516,2.5559794056,2.55739816116,2.5557729260400004,2.55643550604,2.5565274328800003,2.1796016218800003,2.20567070928,2.1231389101200002,2.091138063,2.5423243189200004,2.42712609876,2.4106726177200004,2.43796374804,2.56201487136,2.53868636208,2.55051493656,2.53962673488,2.43265088712,2.43862146912,2.4453367910400003,2.39786955984,2.5496633003999998,2.54988926472,2.55969790272,2.56236014916,2.5669573746,2.56356795888,2.5608442152,2.56492752396,2.3415555604800002,2.2066922604,2.22508641372,2.143059795,2.34635582988,2.0739580998,2.5685544378,2.54292299676,2.5824824092800003,2.5582603495200003,2.5558598958000003,2.54773710672,2.58153693216,2.5637702175599997,2.5862163175200004,2.55719335032,2.5571130554400003,2.55062934204,2.51310846732,2.55316648356,0.0,2.1030507606000002e-07,7.1473348776e-07,0.0
2.50541714052,2.5191580681200003,2.5099502183999998,2.51253020676,2.55505488564,2.55589798188,2.5539941196,2.55692017104,2.55752233356,2.55612625296,2.55679496796,2.55699457632,2.17694207484,2.19955671552,2.12219510172,2.09546117664,2.54360039892,2.4425274027599997,2.4219889933200003,2.421629286,2.57609872092,2.54641729644,2.543799222,2.5576298678400002,2.41158741984,2.4039864984,2.43328362648,2.420077131,2.54537876364,2.54902020516,2.55760478796,2.56004111916,2.5611816402,2.5614968319600004,2.5637731132800003,2.56304510964,2.3241881607600003,2.2446845976,2.2179404147999997,2.13653725932,2.3143757436,2.0689038414,2.57031135456,2.55167734728,2.58214194132,2.5589075674800004,2.5538932601999997,2.52480202272,2.58895434348,2.5642296063599996,2.56178915244,2.56333541784,2.5528807398,2.54853657084,2.49151734096,2.5535911728,0.0,2.08386479964e-07,1.03781495592e-06,0.0
2.51722794804,2.5033964187600004,2.51155857,2.51929765164,2.5550410450800003,2.55581380968,2.55557675328,2.55750279972,2.55672679584,2.55585454608,2.5560795288000002,2.5573607622,2.19457651884,2.1949140419999997,2.11629730536,2.04532590756,2.55607403184,2.45575186152,2.41123821564,2.434368,2.57554259544,2.52561105744,2.553479025,2.5607700553200003,2.4015341180400003,2.4308266326,2.41720757064,2.42724614844,2.55149948136,2.5490736532800002,2.56243106976,2.56247779392,2.55858226524,2.56118635188,2.55707840496,2.5575121249199997,2.2651794240000003,2.24499620652,2.22644740212,2.14846772388,2.32134750852,2.04717116832,2.55534936564,2.5477038795599998,2.57542696296,2.5566746728800003,2.5599507138,2.5487077128,2.58311068236,2.56297890072,2.56006943832,2.5413026205600002,2.5573168356,2.56311701184,2.49658239696,2.55305016396,0.0,5.4564528036e-07,1.66539993432e-06,0.0
2.5186184335200004,2.50707604452,2.51459838888,2.50055758248,2.55570666804,2.55477002532,2.55652365372,2.55754500852,2.55824930652,2.556962478,2.5565757766800004,2.5573757316,2.1910273968,2.18673083544,2.12455899084,2.0188990760400003,2.53646583564,2.45732624976,2.43546326928,2.44835987364,2.54240991444,2.50576497048,2.5584063134400004,2.5521518036399997,2.418739701,2.4558321564,2.39506630656,2.4110357115600003,2.5471317049200004,2.55100303716,2.55878084292,2.55686402352,2.5623387993600004,2.56215690888,2.5579383847200003,2.5584739456800003,2.32101180132,2.23401867924,2.18768657028,2.1299054715600003,2.30646812124,2.05373036676,2.55109805604,2.5329229467600003,2.56802722044,2.55895272108,2.55503549904,2.5424046138,2.57582883,2.5498687492800003,2.56259764728,2.54178232848,2.55900209556,2.55545051952,2.51451819216,2.5541374822800003,0.0,8.1699618312e-07,1.43492614392e-06,0.0
2.51675506224,2.51626764876,2.50940778624,2.4925655425200004,2.5565220831600004,2.55671869764,2.5562778120000003,2.55773583156,2.55764547528,2.55739359672,2.5571122701599998,2.5576384077600003,2.19216193008,2.1771883092000004,2.13598432404,2.02967306856,2.54155660956,2.4660388332,2.4260449645200004,2.47885789116,2.54683491816,2.5478280519600003,2.55932921376,2.54870732016,2.42009818632,2.3869312965600002,2.4121867848,2.4185136876,2.53890805644,2.54988352236,2.5513023760799998,2.5562190141600003,2.5579169858400004,2.55676095552,2.5599605298,2.55738721632,2.36908924416,2.25718340856,2.2281532266,2.13164422872,2.3408451765600002,2.0600512327200002,2.5558625952,2.52918162744,2.56496232168,2.5524920262,2.54991935076,2.53973775384,2.57467746228,2.5524429952800003,2.56393542084,2.54948332404,2.5567886366400003,2.55293281368,2.50022933544,2.5524813267599997,0.0,4.9893069096e-07,1.0931322877200001e-06,0.0
2.50381345152,2.50994820612,2.50988435304,2.51576654196,2.55700571748,2.55733396452,2.55584055828,2.55763276356,2.55720238104,2.55756233376,2.55747305724,2.55782967252,2.19052967652,2.17112751816,2.14576356312,2.00506322772,2.53604256972,2.4349200027599998,2.4008292310800003,2.4565575588,2.55100774884,2.54096303604,2.5539097020000003,2.56334768784,2.4144520231200004,2.36336131368,2.43219861492,2.42393535888,2.5370022800400003,2.54750324052,2.55259980588,2.5605374652000004,2.56426671084,2.55896337144,2.56765607748,2.5632807918000005,2.36944394532,2.30984374548,2.26087235952,2.1423319386000004,2.3004040909200003,2.0603583753600003,2.5555346917199997,2.5414855908000002,2.56548075372,2.5500662962800003,2.55353477988,2.54745632004,2.5779976752000002,2.5494599619600002,2.5621135712400003,2.54832410352,2.561455752,2.55512968356,2.49982246224,2.55428045232,0.0,4.0180164580799997e-07,8.7433791768e-07,0.0
2.50300893216,2.51027861268,2.50683403104,2.51903301228,2.55738805068,2.55798020088,2.55518092308,2.5577369113199997,2.558935494,2.5574320263600003,2.55760576956,2.55776758632,2.20864824564,2.1701511206400004,2.1513737506800004,1.9889397606,2.53298895936,2.45912287224,2.4219240114000002,2.42579853384,2.54465399928,2.5049053833599997,2.55463451544,2.55280608912,2.41878038832,2.39756403684,2.40826593084,2.41525467744,2.53354950204,2.5525361982,2.55273188016,2.56685975448,2.56561729428,2.56296869208,2.56605410628,2.56793558808,2.3277291846,2.3247226910400003,2.22846380484,2.1269476653600004,2.28691248972,2.07454303524,2.54664478224,2.54147886684,2.5751113294800003,2.55617145564,2.5645858780800004,2.5493062434000002,2.58977432304,2.5464413456400004,2.57309880408,2.5545066129600005,2.5626022608000003,2.55981530208,2.50063498164,2.55535613868,0.0,4.3851974841600003e-07,9.9872587704e-07,0.0
2.51396854524,2.51578563408,2.5107136577999998,2.49658490004,2.55755718036,2.5581562999200003,2.55716184096,2.5577728378800004,2.56121113728,2.55769921788,2.55779801592,2.55754918032,2.1965310807600003,2.1710838369600003,2.1264199572,2.00748748524,2.52125496204,2.42559514632,2.46276612972,2.45561193444,2.5480659918,2.5056927247200003,2.5574417442,2.54158267104,2.4293820118800005,2.4099348962400002,2.4108461646,2.39737164324,2.53990212276,2.55617125932,2.55923713968,2.56759924284,2.56398101616,2.56532624988,2.5682554424400004,2.56979390412,2.34579342216,2.29333568748,2.25409033788,2.11696155408,2.25613456896,2.0852193585600003,2.56752542652,2.54136907488,2.58328550532,2.55412791168,2.5513641678,2.54050242024,2.57199754704,2.55782633508,2.57084735724,2.55779541468,2.56371500256,2.55528310764,2.5019048284800003,2.5557907911599997,0.0,5.0186719644e-07,1.04562422196e-06,0.0
2.51263999872,2.5200856801200002,2.5112546666399997,2.48896714416,2.55769298472,2.55754118028,2.5571725404,2.55765676368,2.56210895772,2.55831173628,2.55810545304,2.5587983644800003,2.20015397004,2.1711395918400003,2.12247230556,2.00628100068,2.54039316816,2.43620128524,2.4292287841199998,2.4433881678000002,2.57013373404,2.4905880111600003,2.54635864584,2.5373549198400003,2.43943948548,2.41944262476,2.4237522904800004,2.4086460554399998,2.54735374284,2.55952219632,2.5620347487600004,2.56770770964,2.55744061536,2.5638992488800003,2.56064622648,2.56166444016,2.31656206128,2.23998204648,2.2335744561600004,2.12337346344,2.30723381832,2.09009864676,2.56612242564,2.53700551932,2.5809817392000003,2.5471380362400002,2.5560650502000004,2.50341138816,2.58736552572,2.56357522272,2.5745127497999998,2.56127081856,2.55507152376,2.55112446108,2.50282424412,2.55948219612,0.0,4.845849112559999e-07,9.0305148456e-07,0.0
2.51131253196,2.5135087147200004,2.51101397832,2.50691030136,2.55787040892,2.5578935256,2.5570579386,2.55924140964,2.5600731683999998,2.5583392210800002,2.5580871462,2.5598309095200005,2.19083912592,2.1668397912,2.1323481340800003,2.01475525164,2.54173167792,2.4701728416,2.41452210936,2.43060621432,2.5709056152,2.4996446454,2.54461507884,2.54180372736,2.46139645416,2.44332029016,2.44166143524,2.41989803808,2.55003267648,2.5569462816,2.5549173144000004,2.56104686652,2.55870584868,2.56050664296,2.5595708346,2.56017520572,2.32598321268,2.2676547738,2.23272370344,2.11565116716,2.3255910144,2.0911724190000003,2.54856062004,2.5284281022,2.56907655084,2.55444658812,2.56798211592,2.5196134814400004,2.5943893154400004,2.56270056804,2.55766515636,2.54757430836,2.55640900284,2.55143562828,2.5052120352,2.55606426492,0.0,3.9042635948400004e-07,8.7734421492e-07,0.0
2.5131005163599998,2.5074542059200002,2.51405767452,2.50285285776,2.55798893712,2.5582403248800003,2.55836042364,2.5598151548400003,2.5593966006,2.5593675943200003,2.558696229,2.55984622248,2.1876157478400002,2.17325317296,2.12437302672,2.014898418,2.5020113320800004,2.45004984528,2.43781984548,2.45313035148,2.54671373964,2.55025353648,2.54809043364,2.56331691468,2.43903025644,2.4504509270400003,2.43792379692,2.4364782436800003,2.5512089768400004,2.5501050694800003,2.5593931650000004,2.5602616356,2.55556045872,2.55947532492,2.55783296088,2.55818893812,2.35871652972,2.29091074284,2.21477828856,2.12249718912,2.2728842478,2.07782113752,2.5347050906399997,2.54222601168,2.5768035588,2.5366441432799998,2.5578351204,2.54297727924,2.59537165164,2.55310729308,2.55728596428,2.53398498888,2.5517740839600003,2.54859674292,2.5057580502000003,2.55458617164,0.0,3.20743527636e-07,9.157756218e-07,0.0
2.50890888804,2.50679152776,2.517087432,2.4779938868399998,2.5584866574,2.5585799094,2.55844224,2.5600646284799997,2.55846952848,2.55924474708,2.55934516476,2.55956165664,2.2148618718,2.16855641328,2.13418843776,2.0019008069999997,2.5257905430000003,2.4339832618800004,2.40805832244,2.4635608330800003,2.54959993812,2.51774358252,2.5549357194,2.5630902141600003,2.42330522076,2.44831054824,2.40860281596,2.4242880477599997,2.5491246473999998,2.55417281988,2.55848489052,2.55860145552,2.5592661459599997,2.5575383827200002,2.5553371938000002,2.55707251536,2.33169298356,2.25910862064,2.2233208588799998,2.1635634067200002,2.3316040996800003,2.1012770094,2.5306779294,2.53208613276,2.575468092,2.55354165108,2.5603055622,2.55149315004,2.60031783588,2.55002320404,2.55869711244,2.5447773864,2.55477120324,2.56878776412,2.5203149328000003,2.55639251196,0.0,4.07360250288e-07,7.155884122800001e-07,0.0
2.505109458,2.49779501652,2.52378891336,2.5156632285600002,2.5590896052,2.5591631270399997,2.5589576290800005,2.5597949829599997,2.55796464252,2.55900867228,2.55930128724,2.55927380244,2.2033418142,2.1717729201600005,2.13968731188,1.9601527700399999,2.53192755528,2.4304885204800004,2.47210330524,2.42685365568,2.5473405894,2.5273424526,2.5625070456000003,2.55038988072,2.4132123114,2.41824850836,2.4288828192,2.4083806308,2.54366395752,2.55303391848,2.55460948464,2.55624919836,2.57594578764,2.57083253508,2.56779350148,2.5724504082,2.33343159348,2.2450670289600003,2.25711440208,2.13789471396,2.32731367332,2.07321497952,2.57654107896,2.5392384630000002,2.58639963132,2.55785701008,2.56204314144,2.55684021972,2.6011597542000002,2.55587403084,2.56342469436,2.55259543776,2.5676035128,2.56982457912,2.509761015,2.5564584754800004,0.0,4.2773673008400003e-07,5.121830271600001e-07,0.0
2.52057878688,2.51050845432,2.5185901143600002,2.4986630944800003,2.55868822896,2.55931002348,2.5592525508,2.55927228096,2.5599025172400003,2.55861225312,2.55929166756,2.55865190976,2.19919008792,2.1769253876400003,2.12534358372,1.99609164912,2.55126370104,2.4716283089999997,2.49577105548,2.4284900810399996,2.56324942968,2.5323264284399998,2.56075238652,2.54909657364,2.42419572828,2.42167399788,2.4435472851599997,2.42844703788,2.5460557731600004,2.55550661796,2.5615480714800003,2.5655566314,2.5673622846,2.5711408065600003,2.57480757336,2.57613646344,2.3189080852800004,2.21883303276,2.2114886034,2.1464489653200003,2.3024665306800003,2.0706682183200003,2.56311558852,2.54822972268,2.57771674128,2.56269031032,2.55776758632,2.55312967356,2.58220893552,2.55836390832,2.57404806036,2.56411348308,2.5638455553600004,2.56218915444,2.5038278319600002,2.55693190116,0.0,3.12622328748e-07,4.4131371576e-07,0.0
2.5187363236799998,2.513189253,2.51134158732,2.5381896234,2.5593944410800002,2.55886000896,2.55814545324,2.55885907644,2.56370022948,2.558917089,2.5610104982400004,2.55914074656,2.2030601931600002,2.16931494468,2.12574594156,1.9837566181200001,2.55225335016,2.45584192332,2.4980659381200003,2.45171866344,2.5686457266000002,2.54270478708,2.556962478,2.55622166448,2.42223458964,2.4381704730000004,2.3899238023200002,2.41909567824,2.55216726384,2.55896170272,2.57164147164,2.5742359386,2.5670602953599997,2.56541425032,2.56693155852,2.5705000671600002,2.32241936664,2.23496484348,2.19852132384,2.15102533176,2.33016369984,2.0626742642400004,2.5716538397999997,2.5456115009999998,2.56940116596,2.56379873304,2.55658102824,2.55275499684,2.58740660568,2.56825760196,2.57242164732,2.56366219248,2.5698019041599998,2.56898025588,2.5199448696,2.5610650752,0.0,2.2521788191200002e-07,3.88511287332e-07,0.0
2.5228932524400003,2.5088770842,2.52608114568,2.51276363124,2.55974143668,2.5590341448,2.55762589236,2.5591136053200003,2.5628452068,2.55976651656,2.56146012012,2.5608563379600002,2.2179021324,2.17069566324,2.1351164424,2.01961584036,2.5565160954,2.4468249948,2.50011610788,2.4576367298400004,2.5665016668000002,2.5203381476400004,2.55082517124,2.5551111804,2.41788590532,2.4293292018000003,2.41750882368,2.40296774484,2.5495205757600004,2.56071567468,2.5596828351600003,2.5681753929599997,2.57030983308,2.56964494632,2.5706524114800002,2.5711336408800003,2.3560036818000003,2.28641207004,2.19314981232,2.1357870715200002,2.28051285036,2.07521646192,2.5722393642,2.55145638912,2.57502166032,2.56276780764,2.56983979392,2.5498762094400003,2.58367431708,2.56646917584,2.5797827148,2.55834020268,2.5693045274400004,2.5595753499600002,2.51810981748,2.55750972,0.0,1.63292590692e-07,3.30361077564e-07,0.0
2.52230247648,2.50564452816,2.52241280832,2.5082368356,2.5587040818,2.5588923036,2.5576127879999997,2.5605958704000003,2.56453277352,2.56073579748,2.5616092742400003,2.56219941216,2.19826856184,2.17042832448,2.1401418417599998,2.0230015750800003,2.5552193527200004,2.46701287488,2.47179974544,2.4642432904800002,2.5698532909200003,2.51216745648,2.5547720376000003,2.5503247515600003,2.42539701036,2.4491199756,2.45284504944,2.40451450104,2.5482861156,2.56374494136,2.56287823764,2.56920985212,2.5654841893199998,2.56725484848,2.57034394368,2.5693986138000002,2.3538848491200004,2.2556388118800004,2.21465337996,2.1444961212000004,2.26829389356,2.10936976152,2.5395555198000004,2.53981819596,2.5873039794,2.55698122656,2.56290920712,2.54436531072,2.5732585104,2.57219980572,2.5585737744,2.5455749364,2.56051896204,2.55972710532,2.52179062116,2.56033486296,0.0,1.60508684748e-07,2.6731261999200004e-07,0.0
2.51525807316,2.5143499459200003,2.5192945596,2.50979679432,2.5591136544,2.55976205028,2.55730319136,2.56191185244,2.56237025964,2.56178051436,2.5624930578000003,2.5620349450799997,2.2035628705200003,2.1745027497600002,2.14237581612,2.01363603132,2.55205433076,2.48891119296,2.4452161033200004,2.48021048688,2.5607718222,2.5257969234,2.55291867864,2.55289286256,2.41848610464,2.42928915252,2.4356696016,2.4461631019200003,2.55140941956,2.565556386,2.56477390356,2.57109202104,2.5610246332799997,2.5620589452,2.56263754932,2.5625921503200004,2.34892246848,2.27239526376,2.2185509209200003,2.1543069678,2.27347752684,2.0991090967200003,2.54906678208,2.54752454124,2.568990759,2.56192436784,2.5602104942399997,2.55733146144,2.55671079576,2.56246051776,2.56703433204,2.5514371006800003,2.5606150116,2.56015950012,2.5217510626800004,2.55932332416,0.0,2.47903556076e-07,2.3482610664000002e-07,0.0
2.52016136148,2.52189471984,2.5264974913200002,2.50362091068,2.560441023,2.56149069696,2.55822707328,2.5619427728399997,2.56221516684,2.56158591216,2.56265089908,2.56280466672,2.22229179852,2.15290480128,2.13891960252,2.02320648408,2.55008887308,2.48382797736,2.4318455334,2.48062069752,2.54595780948,2.54732066292,2.55383907588,2.55907453764,2.4005809353600003,2.41686980208,2.4041284868400004,2.4120736554,2.5528800036000003,2.5590903414,2.5603323108000002,2.56416246492,2.5637750764800002,2.562387045,2.5648563579599997,2.56316942928,2.32666032036,2.32947358596,2.2110925278,2.13601426284,2.3189843556,2.1524259768,2.5404613402800003,2.54866123404,2.563344105,2.5659045104400002,2.5610679218400003,2.55669101652,2.55552212724,2.55713391444,2.54901117444,2.545145241,2.55700130028,2.5504621755600003,2.5159887762000004,2.55587781,0.0,2.9810264388e-07,4.53391773696e-07,0.0
2.52000926256,2.5136440282800003,2.52090124248,2.52510553344,2.56111916136,2.5620676814400003,2.56055086404,2.56302807888,2.56208701896,2.56255352436,2.5624624809600003,2.56301468004,2.2132149924,2.1672049464,2.13470284524,2.0467611540000004,2.52788547372,2.44528010364,2.4624672325200003,2.48362169412,2.54818903536,2.53606976004,2.5620901600800003,2.5656633803999997,2.4157754162400003,2.43943997628,2.42457030684,2.413874646,2.5511127800400004,2.5560190131600002,2.5616866733999997,2.56265408928,2.5544057044799997,2.56387205856,2.5581365206799997,2.55591295128,2.34910126692,2.25260674764,2.26013993868,2.112837558,2.3974646007600002,2.19150504336,2.542231116,2.54132298876,2.54771094708,2.56123420488,2.55858992172,2.53795531548,2.56421021976,2.54833681524,2.5591594460400002,2.5458411954,2.55099003096,2.56151361732,2.52577513188,2.55831502464,0.0,2.3472887916e-07,6.017708616e-07,0.0
2.51855629824,2.51312500728,2.5201136066400003,2.51927586012,2.56181516484,2.56232049252,2.56135111344,2.563160055,2.56070546604,2.56237693452,2.561349003,2.56247214972,2.2065155233200002,2.1877098832799997,2.14082660592,2.05749701136,2.5347444528,2.4074146873199997,2.43850932132,2.4677824002,2.5523413506000003,2.50318218456,2.5673608122,2.55709857684,2.43715682376,2.4440743062,2.45269579716,2.4324495609600003,2.55149148132,2.5571536446,2.55973407468,2.5596828351600003,2.565568656,2.57138836608,2.55563947752,2.56647256236,2.32434899592,2.23281445236,2.2641197868000003,2.16245135208,2.39664187272,2.22374176896,2.53986541092,2.53363715892,2.57164628148,2.5580719804800003,2.5550272536,2.5413030132,2.5742909572799997,2.55162483168,2.55577194444,2.55505689792,2.5636157628,2.5717637299200002,2.51786132544,2.5600503952800002,0.0,2.73121934928e-07,4.6685008393200005e-07,0.0
2.5260774156,2.5263727299600003,2.5289228286000003,2.48624845572,2.5623136704,2.56224392772,2.56249791672,2.56252147512,2.5624508489999998,2.5612577142,2.56191474816,2.56181653908,2.1984479983200003,2.1744879276,2.16351324696,2.07460811532,2.53863522072,2.4404391469199997,2.44602494172,2.4331056624,2.55988602636,2.5204407739200003,2.5625481746400003,2.5391331864,2.44223964672,2.43304691364,2.4435932240400002,2.43253962276,2.548058139,2.5519003177200004,2.55615864576,2.55934060032,2.5719386510400004,2.56933343556,2.56977157272,2.5716532508400003,2.29419350772,2.2152818002799997,2.2261650939599997,2.2192655748,2.35256714928,2.16359678112,2.5653026424,2.53285011204,2.56984264056,2.5560917988000003,2.55486965772,2.54032111872,2.56385988672,2.55449591352,2.56537297404,2.5586351244,2.5663368070800003,2.56475849244,2.5234551202800004,2.56070664396,0.0,3.22260202704e-07,3.2943749012400003e-07,0.0
2.52190630272,2.51597910744,2.51652654576,2.5199152743599997,2.56249148724,2.56227862728,2.5617456184800003,2.56135023,2.56240019844,2.5616823052799997,2.56259867796,2.56155690588,2.21158789224,2.2163308362,2.1702520782,2.10293076,2.54916199728,2.46642700692,2.44809233856,2.46242055744,2.560704828,2.49585606204,2.54934913932,2.53255312896,2.4449827770000003,2.44132528632,2.4358536516,2.41827952692,2.5450608234,2.55357983532,2.56090551612,2.55947287092,2.56615619268,2.56575206796,2.56952882304,2.56920568032,2.30176247808,2.21606428272,2.2394692586400002,2.18445160932,2.37469373844,2.1179024667600004,2.5483202262000004,2.54162551788,2.56995238344,2.5571194358400002,2.5556098332,2.53621425156,2.56257448152,2.5546130184,2.5551474505200003,2.54374263276,2.55938599932,2.55014664024,2.50280446488,2.56230125316,0.0,2.30737634664e-07,2.40355955148e-07,0.0
2.51487358044,2.52217697892,2.52725710248,2.49418640952,2.5621799274,2.56226930208,2.56045324392,2.56162448904,2.5632449634,2.56251357324,2.5634766210000004,2.5624098672000004,2.21027745624,2.21588033088,2.17424507976,2.12608577148,2.54769632124,2.46823977672,2.41872723468,2.48703530628,2.5519583302799997,2.50021829244,2.5398979509600004,2.50370680068,2.45937224772,2.4186192095999997,2.4559725252,2.41585517124,2.55383294088,2.55784866648,2.56690618416,2.5618223796,2.55047125536,2.5623426276,2.5624440759600002,2.56175558172,2.37246771504,2.23141390548,2.24537009796,2.16775424976,2.32301244936,2.05257610332,2.5529673660000003,2.54664615648,2.56445385288,2.5557801408,2.55633435216,2.53681557972,2.55987002628,2.55204191352,2.5582682514000004,2.54021844336,2.55056102268,2.537923119,2.47328363016,2.56194468696,0.0,1.7605939317600002e-07,1.57307692056e-07,0.0
2.52318478764,2.52337315668,2.50692806832,2.4909047244000004,2.5616688082800003,2.56212701916,2.55971939976,2.56225079892,2.5635992719200003,2.56344118524,2.5626576230399998,2.5627411572,2.2113762102,2.19711459288,2.1742419386400003,2.12251210944,2.53863409188,2.4635686368000003,2.4380584233600002,2.47333722552,2.54724184044,2.504915592,2.53700767884,2.51141020116,2.4403245942000003,2.45980385724,2.4345121970399997,2.40685625508,2.55410057412,2.55417232908,2.5641947104800002,2.56201850328,2.54320810248,2.55511000248,2.54870388456,2.5476386031600002,2.38870931772,2.294263005,2.2415228640000002,2.1541498627199998,2.24889914628,2.04640512768,2.55380471988,2.53534636992,2.5627790469600003,2.5584518106000003,2.55812017704,2.5372055203199997,2.5486502892000003,2.5525688364000003,2.54481979152,2.5404723342,2.54252697024,2.5295270034,2.4965491698,2.56197874848,0.0,1.47557213856e-07,1.02293291832e-07,0.0
2.5271648320800004,2.50681749108,2.51226586188,2.5066895886,2.56056141624,2.56237114308,2.56068107328,2.56320638652,2.5609088535600004,2.56291431144,2.56172019504,2.5633126938,2.21831214672,2.2023099072,2.16781093716,2.09592463908,2.54338636104,2.4455538228,2.44321457184,2.46328019364,2.5463667440399997,2.52705204624,2.51815673796,2.5508586928800003,2.42145490476,2.43292858176,2.44003217556,2.41278202704,2.5490098492800004,2.54968695696,2.55539299776,2.55237781704,2.53278920376,2.5482061642800002,2.5416077509200004,2.5415856158400003,2.40146800728,2.34011466984,2.24156443476,2.13992142348,2.2464728764800004,2.0529042522,2.5526480024400002,2.5358622498,2.54464629372,2.56063567428,2.55851747964,2.53520796432,2.54671688076,2.5525595112,2.53089530472,2.51857004064,2.5360863,2.51943154188,2.4940252308,2.55783575844,0.0,1.2429873192000002e-07,9.343737516000001e-08,0.0
2.52340731636,2.5115805087600003,2.52202149348,2.5037828256,2.5608505465199998,2.56279008996,2.56209443004,2.56356579936,2.5558986690000003,2.56175921364,2.56264162296,2.56261909524,2.23354927812,2.20105385184,2.16515330424,2.09195234928,2.54496138732,2.45712772116,2.45983615188,2.4499914400800002,2.5398238892400005,2.5085943834,2.54697165504,2.5428099164400004,2.4135533683199997,2.43736021128,2.44633178988,2.4280083117599998,2.54513782992,2.54258861472,2.54474774208,2.5416652236,2.5368705984,2.54490582876,2.53610264364,2.53662033948,2.3916286452,2.34637870116,2.1473317182000002,2.13512277372,2.2740465112800003,2.07673985604,2.55303651972,2.5355202112799997,2.55751673844,2.5576826288400003,2.5496686992,2.53890035088,2.5652027646,2.53573130436,2.5373717052,2.51499088164,2.5356426167999997,2.54680188732,2.51472810732,2.5495680852000002,0.0,1.0201017876e-07,1.0738362893999999e-07,0.0
2.53082158656,2.5220072112,2.5114989378,2.50844120472,2.5619000732400004,2.5623544558800004,2.56289467944,2.56250110692,2.55454877268,2.56082988384,2.56047567348,2.56046845872,2.266248141,2.1808989044400002,2.1641431887600002,2.04026610312,2.5342083519600003,2.47256627688,2.45781783504,2.4519767260800003,2.53062600276,2.51798196408,2.54667717504,2.5351788108,2.42736678708,2.45243449524,2.44013853192,2.4240246354,2.53683643872,2.53851806676,2.5391601804,2.53717278396,2.54959380312,2.54758294644,2.54229918996,2.5421093976,2.3562758304,2.31978489948,2.1595874359200002,2.13813196668,2.26970842824,2.06923311912,2.5339250622000002,2.5280172535200003,2.5620220861200003,2.55162831636,2.5505607282000002,2.5367368554,2.5516201200000004,2.5252648962,2.5432289124,2.53595717052,2.54712566808,2.5476250080000002,2.51031974172,2.54970555828,0.0,1.5132446214e-07,1.1114492382e-07,0.0
2.5307805066,2.5189956624,2.52194910048,2.5263208524,2.5621192154399997,2.5621333014000003,2.56301163708,2.5601325552,2.55418636596,2.55919566708,2.55942634308,2.55796204128,2.2826339898,2.1736211748,2.16339373716,2.06695183164,2.5341579468,2.4649284963599998,2.4465371406,2.4513769194000004,2.54467348404,2.5121404134,2.53656340668,2.5493929186799997,2.3979861739199997,2.4273112776000003,2.4235600932000003,2.4382080192,2.53592080224,2.5370283906,2.53871193276,2.54091960024,2.55177727416,2.54897971416,2.5514840702400003,2.5522430433600003,2.37233338308,2.2888906100399997,2.2036080241200002,2.1555320046,2.32138382772,2.07325875888,2.5521357054,2.53052376912,2.54895478152,2.54089044672,2.54398847448,2.53251980364,2.54860596996,2.54234110428,2.5425108720000003,2.5415256891599998,2.5441239352800005,2.5415331984000002,2.51626710888,2.55460055208,0.0,1.64916981636e-07,1.9193294002800002e-07,0.0
2.5318861317600003,2.51175111084,2.52304702008,2.5153603068,2.5618052016,2.56181595012,2.5599178302,2.55783924312,2.5598766029999998,2.55772856772,2.558778438,2.55544462992,2.2607174139599997,2.18984461788,2.17711498368,2.0937288489599997,2.5377960018,2.4548156114400004,2.46541026564,2.47088459976,2.55064112124,2.51042811036,2.54138335716,2.53453654992,2.42037018768,2.39986829376,2.42757243228,2.42091325788,2.5321797774,2.54547594204,2.54163876948,2.54978909244,2.5399070307600002,2.5468843908,2.54548556172,2.5475982594,2.3436132394799998,2.29131118656,2.25425205648,2.14938429288,2.36141195424,2.06637469992,2.5379655732,2.53639889052,2.54803536588,2.53975831836,2.5441806226800003,2.5280136216000004,2.56346474364,2.54690466084,2.55430302912,2.53358876604,2.54286037068,2.54732228256,2.52744237948,2.55782123076,0.0,1.9433921463600002e-07,4.418175465e-07,0.0
2.52627108528,2.51887698696,2.52280441764,2.52155793288,2.5606930488,2.55978006264,2.55686348364,2.5548681853199997,2.55526637136,2.55652949424,2.55911983848,2.55446867412,2.22197891352,2.20921659204,2.17539845976,2.11533995088,2.50071866304,2.4554732834400004,2.4449368872,2.485517949,2.54158262196,2.53229457552,2.53745180376,2.53560742644,2.4634329306,2.4475219798800003,2.4454929636,2.40954412128,2.5376522464800004,2.54607643584,2.53764208692,2.5468985749199997,2.54610627648,2.54715447804,2.54413281876,2.5463372469600003,2.36966063352,2.32312248672,2.2533160517999997,2.1357989979600003,2.34288945672,2.08537248816,2.54638814292,2.52442155456,2.56222081104,2.54376349176,2.54884371348,2.5287816254399997,2.5636445236800003,2.54849897556,2.54105520828,2.53765303176,2.54556801612,2.5453837698,2.52712728588,2.55305217624,0.0,2.53957520088e-07,8.2100793324e-07,0.0
2.53151395812,2.5233885187200005,2.53289727792,2.5143298722,2.5584513198,2.55831973632,2.5555241886,2.55500580564,2.55109511124,2.55514337688,2.5584854303999998,2.55542588136,2.22230799492,2.2198577250000002,2.1584550130799998,2.1250552878,2.5312318953600004,2.4402484220400003,2.4423418312800003,2.46325094196,2.5413407066400002,2.50547431872,2.5447114228800003,2.54331607848,2.44967173296,2.46429659136,2.4426962870400004,2.4359965725599997,2.5382617219199997,2.5405749114000002,2.54015994,2.54456747124,2.5471788708,2.5479715618800003,2.54885279328,2.54914285608,2.38072621032,2.3151407044799996,2.2523948202,2.14268717964,2.28972644244,2.07549557988,2.53709911488,2.5376125898399997,2.55139243788,2.5482269251200003,2.54705312784,2.5348880117999997,2.5699708865999997,2.54772424776,2.56166895552,2.5322391642,2.54691300444,2.54238149712,2.52728566704,2.55218414736,0.0,4.6768162674000005e-07,1.57226008212e-06,0.0
2.52987709104,2.5227513130799997,2.52929500224,2.5200483793200004,2.5564368312,2.55585199392,2.55433282068,2.55568041024,2.55257732724,2.55538470324,2.5563024010800004,2.5547792523600004,2.21852824596,2.19988152696,2.1540252486,2.1402283698,2.5349296807200004,2.4534927582000003,2.44004493636,2.4486030159600003,2.53571594232,2.53734132468,2.5445373852,2.5343077389600004,2.4220533372000004,2.4632660586,2.4136294914,2.44161446568,2.53907080572,2.54413115004,2.54662878216,2.54876273148,2.54851993272,2.54721092004,2.54938104132,2.55196132416,2.3489543214000004,2.28672829248,2.26144458324,2.14342313424,2.35822440456,2.07721009152,2.53886216664,2.52139430016,2.56384859832,2.54540644476,2.55541999176,2.53885774944,2.5592168205599997,2.53765803792,2.5382822373600002,2.5283164452,2.5485302886,2.54537773296,2.52512732496,2.55229148532,0.0,9.8053884132e-07,3.0998849472e-06,0.0
2.5290033197999997,2.508612543,2.5255304680800004,2.54760272568,2.55675324996,2.55600684132,2.5547800867199997,2.55447500544,2.55457316544,2.5549357194,2.55396781272,2.5535462646,2.2117364574,2.21871126528,2.13545322936,2.1265232215200003,2.50480673256,2.42245957236,2.4314048440800002,2.4486039484799997,2.53873912308,2.5023193090799998,2.54158586124,2.55438690684,2.4250999782,2.45729783244,2.4275868618,2.4066560577600002,2.5398674232,2.5461662522400004,2.548350165,2.55032602764,2.5480890594,2.54805676476,2.5483761283199997,2.55034531608,2.38247998596,2.29252370796,2.23692740544,2.1440060574000004,2.35219762596,2.0860443442800003,2.5552855125600002,2.53425566508,2.56281899808,2.5536909524399998,2.5565275310400004,2.5394987342400004,2.5517142063600002,2.54034428448,2.54495255292,2.53687977636,2.5448252394,2.5475098172400004,2.5204621728000003,2.5520926622399998,0.0,1.70632107144e-06,3.49962417288e-06,0.0
2.52208578828,2.52686652384,2.51859227388,2.5381839301199998,2.55570843492,2.5550203333200003,2.55377168904,2.5534518837599998,2.5521143556,2.55302155032,2.55351907428,2.55341335596,2.2148805222,2.22565451472,2.129116167,2.12085040788,2.53567653108,2.41150108812,2.4548336238000004,2.4504760560000003,2.54375426472,2.5364928296400002,2.54680360512,2.5402790080799997,2.4398088124800004,2.4417923316000003,2.42171875884,2.4199054491600003,2.54182635324,2.5480783108800003,2.54711074776,2.5493543418,2.55125059668,2.55150512556,2.5494304158,2.55211307952,2.38709861028,2.3138836184400002,2.22377916792,2.14672454952,2.3190599388,2.0871590001599998,2.5384124956800003,2.52767511684,2.5548638171999998,2.55688458804,2.5485836876400003,2.53878648528,2.5605772200000003,2.5488615786,2.5508811715200004,2.53469203536,2.54787511968,2.549402931,2.51573272584,2.55390076944,0.0,1.5916842774e-06,2.6306720490000002e-06,0.0
2.5291343143200002,2.52615663072,2.5311063978000004,2.50470665844,2.55515549964,2.55548973444,2.5527337452000003,2.55287774592,2.55158954316,2.55338449692,2.55335661948,2.55301438464,2.2058651151600004,2.21841202452,2.12862836088,2.1361878588,2.5219892479199997,2.43885396108,2.462146053,2.4478501287600003,2.5478995124400003,2.53326802824,2.5437153933600003,2.54942251392,2.42676913992,2.431637925,2.43097838796,2.41521462816,2.5409833551600003,2.54453758152,2.5470646125600003,2.5496225640000003,2.5492501940400003,2.54981731344,2.550269193,2.550596802,2.32440146244,2.3472016746000004,2.24318412384,2.16482633328,2.3425860441600004,2.07931797936,2.54574602928,2.53906633944,2.55669528648,2.55395843844,2.5480888630800003,2.52460884384,2.56326174876,2.54361954012,2.54890570152,2.5377188480400004,2.54775340128,2.54951228124,2.5241423875200004,2.5517920963200003,0.0,1.1792787798e-06,1.58932436376e-06,0.0
2.5301575832400003,2.5044982156800004,2.5230366151199997,2.5171264506,2.55427711488,2.55377134548,2.5527694263600003,2.55263799012,2.5524901611599997,2.55345222732,2.55282640824,2.5527300151200003,2.2066950088799997,2.230257777,2.1368249172,2.14016270076,2.52523510464,2.4443019392400003,2.43310718388,2.45439185472,2.5431847894799997,2.52995650248,2.542142772,2.55857657196,2.45279857068,2.46511971204,2.43717478704,2.4371785662,2.541458106,2.54471098116,2.54729357076,2.5497013374,2.55713887152,2.5547357184,2.5514269902,2.55313099872,2.32892973048,2.31003132924,2.25658880436,2.15234774328,2.38195934532,2.0672992198799998,2.5574435601600003,2.53352721972,2.55608831412,2.55291244548,2.54734510476,2.53418950524,2.5654381032,2.5408266427200004,2.55668939688,2.53643300112,2.55388079388,2.55448428156,2.5312301775600003,2.5515361441200004,0.0,7.7273117652e-07,1.351858293e-06,0.0
2.53085196708,2.5125571516800003,2.52390307344,2.51495230476,2.5538256279600002,2.5535547063600004,2.55230326452,2.5528368622800004,2.5527128862,2.55293880144,2.5522719024000002,2.55269305788,2.2273181304,2.19975470424,2.15814247164,2.09508841404,2.52905735688,2.433302964,2.45341992348,2.4724849513200002,2.5372894962,2.51993765484,2.55496619808,2.553989457,2.43360200844,2.44993156248,2.45582469624,2.42711971836,2.5381285678800003,2.54782947528,2.5435434170400004,2.5505671576799998,2.5599701004,2.55672355656,2.55743320428,2.55952244172,2.32759460724,2.2712416874400003,2.20561834092,2.14649029068,2.33410629624,2.05652699424,2.5398534354,2.53346670408,2.56527407784,2.5497612640800003,2.54686323732,2.52950560452,2.5882416037200002,2.54973427008,2.567654556,2.53774142484,2.557811562,2.5617120477600004,2.51659044792,2.55140524776,0.0,5.7754340304e-07,1.48309683876e-06,0.0
2.52491794968,2.5280260879200003,2.5235794399200002,2.4995750499600002,2.55227445456,2.55313418892,2.55167415708,2.5526949720000003,2.5543304157600004,2.5523931300000005,2.55246861504,2.55235229544,2.2776703330799997,2.19696318108,2.1762762555600004,2.0873004978,2.5324629199200004,2.4505688662800003,2.4444603204,2.4724694420400004,2.5465479474,2.52067974444,2.55282640824,2.5460423743200002,2.40787972032,2.4496151928,2.42645890524,2.4361861195200003,2.53964253864,2.54556350076,2.5522873626,2.55767669016,2.56877618124,2.56481729028,2.56570608,2.56728140076,2.3612876346,2.28505613688,2.2171329015600003,2.1429258066,2.33003511024,2.04604669644,2.537783241,2.53373041092,2.56954428324,2.55094713504,2.54669847576,2.54232530052,2.5893579774,2.56579952832,2.56581155292,2.54817293712,2.56381679448,2.55809215236,2.51380918248,2.55270385548,0.0,4.81949614644e-07,1.71416704932e-06,0.0
2.5197679362,2.5230044677200003,2.5226265517199997,2.53971125064,2.55104725824,2.55288824904,2.55217384056,2.55219759528,2.55484968216,2.5527376716,2.55314483928,2.55284103408,2.25266196264,2.20110612204,2.18306038764,2.1112667525999997,2.53225275936,2.4367626132,2.44850112588,2.4497292547200002,2.5448501229600002,2.4892463112,2.54379941832,2.53671472032,2.41453884564,2.43998707104,2.42661807168,2.43304745352,2.54618333208,2.54794864152,2.5604009737199998,2.56038183252,2.5622694984,2.5607690737200004,2.56612821708,2.56804380948,2.41611608052,2.32073523552,2.23512047616,2.1309338448,2.36645286288,2.0638391780400003,2.56654574064,2.53944440268,2.57525935476,2.55825593232,2.56279921884,2.53904327184,2.56786442208,2.5648169958,2.55471696984,2.54749209936,2.55941063748,2.54807723112,2.5116700797600005,2.5521035579999998,0.0,7.0037415216e-07,2.01603172428e-06,0.0
2.52974894316,2.52992195016,2.5209556722,2.5148814332400002,2.55290316936,2.55277654296,2.55175935996,2.55296481384,2.55622048656,2.55360781092,2.55293256828,2.55349944228,2.22850454124,2.1928019823600002,2.1832422781200003,2.1262427784,2.53317065352,2.4468009946800002,2.4653875416,2.44618749468,2.5533889632,2.48717199408,2.54015360868,2.49595304412,2.42902485672,2.4667427876400003,2.4307409879999997,2.4407110992,2.5540959606,2.55686495604,2.5555090228800004,2.56625567784,2.55112608072,2.55298189368,2.55901200972,2.55864278088,2.3530677162,2.2695086726400002,2.29659180192,2.12913560268,2.3706333500400003,2.08969864476,2.56198596324,2.53138242372,2.5633922034,2.55663933528,2.55704969316,2.5252931172,2.56014354912,2.5519165632,2.54826589464,2.53929623016,2.5490151990000003,2.54101918356,2.51959900284,2.555805417,0.0,9.7567707468e-07,1.98208024164e-06,0.0
2.5290762036,2.52906795816,2.5261529988,2.50481541972,2.55290861724,2.55310621332,2.55183955668,2.55343122108,2.55688414632,2.55349777356,2.55419073408,2.55474705588,2.21781074544,2.20423732788,2.17578898932,2.13673235232,2.53647192156,2.4472533159600003,2.44575917352,2.47547313804,2.5491535555200002,2.49597071292,2.52892533168,2.53496246616,2.4358561056,2.44129176468,2.4539261346,2.41777999068,2.55019257912,2.55799345248,2.5610069644799998,2.56153962972,2.54676149448,2.5492396418400003,2.54866039968,2.54796817536,2.29548598044,2.2164118182,2.27375546688,2.13551904564,2.36526767904,2.1288749388,2.54943836676,2.5256290698,2.56464217284,2.54830923228,2.5556919440400003,2.53491245364,2.57726525436,2.54514151092,2.54625479256,2.53158021612,2.5466937150000004,2.5412963383200005,2.52456261048,2.55473542392,0.0,9.753302263200001e-07,1.82997484308e-06,0.0
2.523712005,2.5184616229200003,2.5236975264,2.51054683488,2.55287843304,2.5542846731999997,2.55213948456,2.55499873812,2.55516006408,2.5549740018000002,2.55453930024,2.55620654784,2.206233117,2.2087200006,2.1773529726,2.0946490008,2.5214717484,2.43214938768,2.4242765630400003,2.47555927344,2.5318766593200004,2.50193486544,2.53183366524,2.52027557064,2.44992945204,2.46497914692,2.4640277802000004,2.4591112893600005,2.54903404572,2.54986580448,2.5527256470000004,2.5500959406,2.55304383264,2.55667629252,2.55119572524,2.55257580576,2.33195737752,2.24515934844,2.2271571970800004,2.1571486998,2.39202565332,2.0998551127200002,2.5586984376000004,2.5343232482399998,2.5617316797600003,2.5524488358,2.55381183648,2.55050934144,2.5689851148000002,2.54460251436,2.54175587436,2.5187156119200003,2.54006899476,2.5270898869200003,2.5285508022000003,2.55153486804,0.0,9.8029093824e-07,1.50400967952e-06,0.0
2.52785278644,2.50980253668,2.5231760514,2.5170169531199997,2.55313924416,2.55436094352,2.55249708144,2.5560709398,2.55205462524,2.55491932668,2.55481905624,2.55566710956,2.198152095,2.20884500736,2.18229856788,2.1037346904,2.53228878408,2.4254987532000003,2.47205496144,2.45741371032,2.5253407248000004,2.5266067924800004,2.5371655692,2.56393512636,2.44395376572,2.4670168994400004,2.46045995868,2.44662469932,2.54183302812,2.54270012448,2.54848704912,2.5494892627200003,2.54680772784,2.55118320984,2.5492907832,2.5485883993200003,2.3578373106,2.30281239744,2.2504732400400003,2.14992859008,2.3615196848399997,2.0969987058000004,2.55141045024,2.5452762846,2.56455878592,2.5553874517199997,2.55439505412,2.5399565034,2.5546147362,2.5262265697200004,2.5680648648,2.51180573688,2.54458950816,2.5304958426,2.51093564664,2.54780370828,0.0,1.0042008492e-06,1.96449752796e-06,0.0
2.53061986776,2.5258752060000003,2.52823600308,2.5032728353200002,2.55390499032,2.55553120704,2.55474587796,2.55518779428,2.55168554364,2.55463304304,2.5545649200000002,2.55425439084,2.2033758757200004,2.20465490052,2.18569897752,2.09916396816,2.5398464660399998,2.42465889624,2.46286208112,2.47317884436,2.53375225152,2.5122986964000003,2.56480295892,2.5537717872,2.42823614112,2.45909460216,2.4505931118,2.434794996,2.54148740676,2.54634882984,2.54804159904,2.55069859392,2.5590880346400002,2.55822025116,2.55140632752,2.5569857910000002,2.38688152944,2.3175409128,2.25914322204,2.1392995308,2.38519558236,2.0710249808400003,2.54777686152,2.55219003696,2.56714078656,2.54813823756,2.55208299348,2.5308625192800003,2.5798801386,2.5240688166,2.5669849084800003,2.52504344724,2.553925653,2.56808317164,2.5158167508,2.5512179094,0.0,9.336969384e-07,2.6369622399600003e-06,0.0
2.53092058092,2.51104352448,2.52574215012,2.5324329811200004,2.5543996185599998,2.5558197974400003,2.5546522824,2.55454126344,2.55288569688,2.55406744512,2.5540381443599998,2.55363858408,2.21784539592,2.214301869,2.1708191976,2.1212451583200003,2.5097148797999997,2.4392527851600003,2.47261771272,2.4463236426,2.54190478308,2.5078093488,2.5609376144400002,2.5368794328,2.40951236652,2.45695333992,2.44538341704,2.4265692370800003,2.54186630436,2.5458782017200003,2.55016450536,2.55285045744,2.57918457684,2.57001667824,2.5742246992799998,2.57380202232,2.37854205216,2.306719509,2.2650892640399998,2.13531776856,2.35182717012,2.0693223956400004,2.56441998768,2.54229040464,2.5733745846000002,2.5468071879600003,2.55518808876,2.53655678088,2.5713942066,2.54210640372,2.5606251711600003,2.55500035776,2.57412266196,2.5756468904400003,2.5163638946400004,2.55185997396,0.0,1.1540323713600001e-06,3.25379948364e-06,0.0
2.51741082012,2.52228750708,2.52804179352,2.51978089332,2.55493135128,2.5553841142800002,2.5534928164800004,2.55360692748,2.5574523945600003,2.55406901568,2.55361747968,2.55299651952,2.2255538025600003,2.21249238756,2.13721956948,2.1415932355200002,2.53013112912,2.427862446,2.46157976796,2.44736948832,2.56473733896,2.52927414324,2.54207190048,2.5412210005199998,2.4330082386000003,2.43628079484,2.4238573216800003,2.42667289404,2.54629798296,2.5523618169600004,2.55680610912,2.5684090628400003,2.5619112144,2.56786098648,2.5725787524,2.5731659455200004,2.329307352,2.26358663076,2.28738007488,2.14524807588,2.3341837935600003,2.0782555446,2.5587251862000002,2.54510735124,2.56563702444,2.54858815392,2.55206105472,2.54155263408,2.57614353096,2.5632574788,2.5721109218400002,2.56413286968,2.56092632604,2.5514522664,2.5080164664,2.55442253892,0.0,1.4735548033200002e-06,3.49254158532e-06,0.0
2.5276829696400003,2.53240426932,2.52284407428,2.5104687485999997,2.5538094315600004,2.55345345432,2.5529504334000004,2.5530305810400002,2.55869838852,2.55401438964,2.55446990112,2.55409527348,2.22398795424,2.20217920716,2.16370809456,2.1262918584,2.5304945665200003,2.44123169076,2.44184347296,2.45750279052,2.56803168672,2.49679344096,2.54106315924,2.5445266366799997,2.46163355964,2.4497182608,2.45516520828,2.42363121012,2.54617552836,2.56275381984,2.56768837212,2.57331451068,2.5543816061999998,2.56026487488,2.55756846876,2.55991410012,2.33657133924,2.2562834285999998,2.2635487409999997,2.13448169076,2.2444409154000002,2.1019030248000004,2.54469645348,2.54052764736,2.57540463156,2.55308579604,2.55960612312,2.52299504436,2.60710864284,2.56519520628,2.5767682212,2.54297767188,2.5458272566800004,2.54434381368,2.5171252236000003,2.55610735716,0.0,1.63107009396e-06,2.90250904008e-06,0.0
2.52734475936,2.52491819508,2.5241980933200003,2.5180226514,2.55410067228,2.55349924596,2.55285904644,2.55569724468,2.5589340216000003,2.55505233348,2.55495353544,2.5574398300800003,2.22395855532,2.1794320014,2.2030733466,2.0926480092,2.5225532262,2.47073068488,2.43406090644,2.48084391336,2.5468945503600002,2.53817396688,2.54681724936,2.5403940025200002,2.46501198144,2.4717102726,2.47199331696,2.4416465640000005,2.5512891244800002,2.56084289004,2.56313188308,2.56289678988,2.5554927283200004,2.55911939676,2.556342843,2.5574000262,2.37844585536,2.32053572532,2.17360900296,2.1305159286,2.35744962768,2.13182307624,2.5463398972799998,2.5424704791600004,2.57995689972,2.5605104712,2.56318665636,2.53584340308,2.59970247084,2.55552512112,2.5902160430400003,2.54008543656,2.5508501529600003,2.545415181,2.5295959117200004,2.55612144312,0.0,1.66646300712e-06,2.48444736696e-06,0.0
2.51972739612,2.5197194942400003,2.53305354864,2.5192216758000003,2.55422214528,2.55487392768,2.5529864581200004,2.55685273512,2.5563139348800004,2.5580165200800002,2.5559656632000003,2.55721460196,2.22221312328,2.16671797464,2.2290353414400004,2.11447354164,2.53520045508,2.44379882016,2.45178192756,2.50014408348,2.54381801964,2.5981612606800004,2.55094713504,2.58390514032,2.46422257872,2.45074457268,2.48006138184,2.47311823056,2.5548152770800003,2.553670437,2.5564940584799998,2.5573061361600002,2.5592525998799998,2.56032362364,2.5587024130800002,2.55859664568,2.3662795614,2.2989833230800003,2.14988912976,2.1385445331599997,2.34167948748,2.16341307468,2.56051385772,2.5207086525599998,2.57733956148,2.5641983424,2.5574000262,2.53572143928,2.60302891692,2.57577592176,2.55592212924,2.5338192948000002,2.55670245216,2.5527854264400003,2.5301317180800003,2.55520772076,0.0,1.71831916824e-06,2.28225734988e-06,0.0
2.53349355084,2.5193825109600003,2.5342852603200003,2.51826726612,2.55493341264,2.55777318144,2.5556606310000003,2.55760660392,2.556292536,2.5572662832,2.5569190422,2.55712242972,2.2315191330000004,2.2007702676,2.1980276772,2.1347387718,2.5430081014800003,2.4156002497199998,2.441228157,2.4591413754,2.5458489009600003,2.53365885228,2.5625031192,2.5806388663199997,2.45789464524,2.47835099292,2.4783127596,2.47668644472,2.5495485022800004,2.5540918869600002,2.55748282416,2.55869441304,2.5717434108,2.56685224524,2.5656978345600003,2.56599849864,2.3439869346,2.2936079833200003,2.2048421407200003,2.15823464388,2.3679604041599998,2.23534967976,2.55833200632,2.5428761744400004,2.5836136542,2.5577165431199997,2.5627324209599998,2.5417705492800002,2.5823106292799998,2.5669078038,2.56236378108,2.54666250012,2.5612074072,2.56285531728,2.53129049688,2.55450425712,0.0,1.82704648488e-06,2.36236086696e-06,0.0
2.53302400248,2.5219396771200002,2.53224127464,2.5387107057600002,2.5560434059199997,2.55799330524,2.5554113045999998,2.5575152660400002,2.5580596614,2.55666564216,2.55750687336,2.5570337912400003,2.2426525874400003,2.20969787052,2.1585876763200003,2.1643013736000003,2.5526069715600004,2.40819466668,2.4507700452,2.44980297288,2.56299583332,2.52885799392,2.57543098752,2.55713906784,2.43869184984,2.46465806556,2.4393300370800004,2.4527770245600005,2.54706760644,2.5579327896,2.55938472324,2.56458229524,2.58451790412,2.57066154036,2.57884783896,2.5793186634,2.3180653326,2.29731956016,2.281094841,2.20487664396,2.36299949592,2.2116657822,2.5653441150000003,2.56072190784,2.58964485,2.568222657,2.5716518275199998,2.55384521088,2.58006855672,2.56324785912,2.5714968328800003,2.56756390524,2.5803361899599997,2.58451854216,2.52226517568,2.5578280038,0.0,1.8620533838400002e-06,3.17459717352e-06,0.0
2.509487394,2.52869382132,2.5337923008,2.5309225931999997,2.5571663563200002,2.55769568412,2.55672331116,2.55680807232,2.5625568618,2.55693837972,2.5584085220399997,2.55728856552,2.2371242653200003,2.2283336446799997,2.1500005904400004,2.13987803676,2.56066438608,2.42243699556,2.4655985856,2.42971747368,2.57658397488,2.5262383489199998,2.56173192516,2.53374719628,2.44495116948,2.44747515756,2.4474939552,2.4398556838800003,2.55095464428,2.5650159661200003,2.56142640216,2.5757861304,2.57731237116,2.57553179784,2.5810599236400003,2.582406777,2.3041032014400002,2.2678537932,2.3198152800000003,2.24742311436,2.3912918582400002,2.15680891896,2.58532571184,2.5593794226,2.584536849,2.56306454532,2.5642366248,2.55728090904,2.5836802066800004,2.57270925612,2.58351117516,2.57196019716,2.5766590182,2.566769889,2.52087881292,2.5583470738800003,0.0,1.94569645236e-06,5.6198901852e-06,0.0
2.5243843028399997,2.5231534746,2.52501252684,2.53228019508,2.5564318250399998,2.5575427999199998,2.5567480965600002,2.5573146270000002,2.5660955298,2.5574120508,2.5587690637200002,2.5587449163600002,2.21927823744,2.2243495266,2.1363801542400003,2.08448202972,2.5557460792800004,2.43310914708,2.44087124724,2.4589852519199997,2.56949746092,2.50752875844,2.5460385951599998,2.54031017388,2.4425547894000004,2.44406041656,2.44619299164,2.44635098016,2.55679295568,2.5721011058400003,2.57247416292,2.5794323326799997,2.57197575552,2.5751991336,2.57882815788,2.5784224626,2.34192640896,2.21924584464,2.3097110331599997,2.2755720158400004,2.3812445442000003,2.12498048988,2.57920293276,2.55504403896,2.5888829811600003,2.5731475896,2.56223411172,2.52969868524,2.5947192312,2.57861333472,2.5848294639600002,2.5637927452800002,2.56822226436,2.56237124124,2.53074364752,2.5594852390800003,0.0,3.49684874796e-06,6.4914812916000005e-06,0.0
2.53299514344,2.51706603312,2.52230110224,2.5156179768,2.55712365672,2.55747506952,2.55676659972,2.55875222928,2.5675105062,2.55896229168,2.5598508360000003,2.56101457188,2.2318354536,2.2367611714800004,2.13637765116,2.09017113792,2.5478165181600003,2.45893705536,2.4379702266,2.4836418659999997,2.5672222102799998,2.5376840994000003,2.54358606756,2.5462423262400002,2.43424741044,2.4378357474000003,2.45382606048,2.4573094644,2.55723712968,2.5660738855200003,2.5762695684,2.57987066616,2.56674574164,2.56534009044,2.5748731933199998,2.5734362290800004,2.36469987252,2.23293258792,2.2800870322800004,2.23147903464,2.34840521436,2.10555624552,2.5666843425600003,2.55205948416,2.5740357412800003,2.55913151952,2.56236456636,2.5400736573600002,2.58318336984,2.56781912124,2.5708015656,2.54307053124,2.55810879048,2.54749686012,2.51253236628,2.56179003588,0.0,4.4229875136e-06,7.614803227200001e-06,0.0
2.5245559356,2.52127228728,2.53002923904,2.52195233976,2.55741602628,2.55979552284,2.55645052452,2.56180343472,2.56108981152,2.56089211728,2.560488876,2.56294007844,2.2410453156,2.2246497980399997,2.14294161036,2.144534649,2.5390504866,2.483154747,2.41244342412,2.49272838996,2.54995910556,2.51661631308,2.55821750268,2.56574907408,2.4325176349200004,2.42719436904,2.4579527068800004,2.45713429788,2.5610407806,2.56703040564,2.57341698972,2.575903677,2.55723516648,2.56527432324,2.5625641256400002,2.56264466592,2.3695703263200003,2.306178402,2.2767473346,2.19726826236,2.3454189417599998,2.0918269498799997,2.57365169028,2.5501631801999998,2.5735316896800002,2.55869431488,2.56496678796,2.54388678072,2.5790189809200004,2.56583594568,2.5563420086399997,2.52991134888,2.5419753110400003,2.55763384332,2.5096631004,2.56589754108,0.0,4.8974208550799996e-06,6.9848241264e-06,0.0
2.5284137708400003,2.53313173308,2.5292201552400004,2.5190679081600003,2.55802815204,2.56195779132,2.5589448682800002,2.5640011880399998,2.5623170569200004,2.56187945964,2.5615732986,2.56286940324,2.22916123164,2.2072512816,2.13658324728,2.1333987896399997,2.53779261528,2.45273800596,2.43609124788,2.49127149924,2.5424149206,2.5277748474,2.55922413348,2.56059395628,2.42239576836,2.46314934636,2.4487322436000003,2.47190300976,2.5570775706,2.56064976024,2.56599594648,2.5637134319999997,2.57005618764,2.57477473884,2.5694967738,2.57444658996,2.3964291600000003,2.35387105764,2.29589678004,2.1747461374799997,2.35224449736,2.0878439115600003,2.56780734204,2.55284471508,2.58316761516,2.5634789768400004,2.5624831927200002,2.5561970754,2.5646464428,2.56517228592,2.55049309596,2.53413335772,2.56079346648,2.5604824956,2.5218594313200002,2.55523260432,0.0,4.33409465196e-06,5.393221567200001e-06,0.0
2.53249688328,2.5338558594,2.52792611196,2.52854962428,2.5605112564800003,2.5620663072000003,2.56178772912,2.5635285967200003,2.56450543596,2.56224952284,2.5624572294,2.5623110691599997,2.22995917428,2.21197935432,2.1342247569599997,2.05918364556,2.5397468336399998,2.4298014986400003,2.46271057116,2.4618907879200003,2.5575152660400002,2.4983080006800003,2.55062291256,2.5436083008000003,2.435474754,2.46318463488,2.42358988476,2.4452566434,2.5540555677600003,2.56049000484,2.5660105723199997,2.57194326456,2.5619866994400002,2.56896783864,2.5680254044799997,2.56953863904,2.3866251846,2.33210594268,2.3159702546400003,2.156535936,2.39876482812,2.10344109384,2.56800493812,2.54228873592,2.57145182652,2.56453562016,2.55757435836,2.51160686472,2.55865652328,2.5492085742,2.56778702292,2.54275190388,2.5526478552,2.54793946356,2.5203440863199997,2.5597293629999998,0.0,3.79035534432e-06,3.96960664548e-06,0.0
2.52116087568,2.53478082108,2.5241510746799998,2.5204020498,2.56198026996,2.561848392,2.56176451428,2.56298120748,2.5645420005600004,2.56179499296,2.5627839058800004,2.56256113176,2.2387178438400004,2.2017578062800003,2.13191166564,2.1095683392,2.55119381112,2.4231482138400002,2.46138600012,2.4673590852,2.55028116852,2.50375745124,2.5473203684400003,2.5238398584,2.4392484170400004,2.4366838397999997,2.42448471132,2.4506134800000003,2.5517693232,2.55864552936,2.5675651813200004,2.57220628428,2.5588319352,2.5632977244,2.5608284605200002,2.56311043512,2.4092841936,2.3099725314,2.32143889548,2.1484794540000003,2.3913772083600002,2.09208746652,2.5595929206,2.54917205868,2.5691647476000004,2.5649265914400003,2.55545282628,2.52514828212,2.5647394494,2.5481339676,2.54803021248,2.5433498455200003,2.5457769006,2.53990649088,2.50715231484,2.5609779582,0.0,2.56743158556e-06,3.47875118508e-06,0.0
2.52607535424,2.53329615108,2.52625695024,2.53197064752,2.56253752428,2.562431217,2.56293261828,2.5629327164399998,2.5630412814,2.56235077488,2.56279715748,2.5632562027200003,2.2462443600000004,2.2124077736400003,2.14736960796,2.13083067864,2.5546561106400003,2.4676864488,2.45689282428,2.4513591033599997,2.55103596984,2.5464100326000003,2.54024931468,2.54441507784,2.4651180924,2.45398949688,2.44668428244,2.4536652253200004,2.55898879488,2.55971925252,2.5616984526,2.5643691408,2.5474755594,2.5546672517999998,2.5561028418,2.55457704276,2.3583276688800003,2.2969225029600002,2.267421153,2.1415031246400003,2.39111026224,2.11458127224,2.5567664034,2.54994825888,2.55654225504,2.5630836865199997,2.55525714432,2.54624527104,2.57116372692,2.54686048884,2.54293698456,2.5345344394800002,2.54076818844,2.54070075252,2.50834171956,2.5612652234400004,0.0,1.8174815290800001e-06,2.88951466836e-06,0.0
2.52989652672,2.54022727776,2.5274361954000004,2.50403156304,2.56272491172,2.5625188247999997,2.5631412573600003,2.56323239892,2.56037466684,2.56292290044,2.56254498444,2.5632374541600003,2.23863710724,2.23189832508,2.15465514132,2.13870399408,2.5506770478000003,2.47548957984,2.44643633028,2.46048317352,2.54248471236,2.53022943636,2.54332604172,2.56615854852,2.48615760864,2.49125378136,2.48746573788,2.4640198783200002,2.55511505772,2.55722240568,2.5547369944800002,2.55666608388,2.55273762252,2.55482793972,2.5519150907999997,2.5512905478,2.3597759706,2.31818665836,2.24772814656,2.13207240264,2.4036816625200004,2.1163158576,2.5669055951999997,2.54431397304,2.5696053387599997,2.5611442903199997,2.55549611484,2.5430896724400003,2.59432776912,2.54243150964,2.56321315956,2.52619574748,2.543159955,2.55116455944,2.53254635592,2.55977068836,0.0,1.3993145793600002e-06,2.2537194894e-06,0.0
2.53256117808,2.53061211312,2.53052956056,2.53307504568,2.5626018681600002,2.56241791632,2.5631658464400005,2.56312957632,2.55956916588,2.56279455624,2.56087567548,2.56301212788,2.23226971344,2.2118434518,2.1728259315600003,2.14570775916,2.54276638248,2.47428535296,2.44454616132,2.44867084452,2.5384661892000002,2.53308643224,2.56007837088,2.5546196932800003,2.4619941994800003,2.48633773224,2.46726568596,2.46788586084,2.5506907902,2.55254238228,2.55198139788,2.55315254484,2.56711693368,2.56044436044,2.5596806756399997,2.5588147572000004,2.3943214194,2.33091329868,2.28356857116,2.13430878192,2.43931496952,2.09933574816,2.5546535094,2.5405275491999997,2.58257546496,2.56434352104,2.56746196608,2.5461339576,2.6008281697199997,2.56346871912,2.56336589652,2.54997834492,2.56148907732,2.57274763668,2.53432447524,2.55764478816,0.0,1.08517921728e-06,2.27185317516e-06,0.0
2.5337587791600003,2.5322816184000003,2.53538514312,2.54154330888,2.56223420988,2.56253261628,2.56309286448,2.56245933984,2.56025604048,2.5613222053199998,2.5610878974,2.56095130776,2.24842439544,2.20702757496,2.1952347798,2.1327163322400002,2.53961794956,2.45936601456,2.44096268328,2.47034300196,2.55578661936,2.5334558574000003,2.5487653327200004,2.55905932284,2.43097058424,2.42520608916,2.4426779802,2.44747859316,2.5447224168,2.55463343568,2.55373482996,2.5580392932000002,2.57125398504,2.56527702264,2.57334125928,2.57071680444,2.39322192924,2.33366914068,2.30899515228,2.15988383004,2.404639017,2.07552419352,2.59744444728,2.5329508732800003,2.58813745596,2.5598235966000003,2.5567408818,2.53597346508,2.59439255472,2.57127386244,2.5730395645199997,2.54829342852,2.5720602222,2.55990011232,2.51916479208,2.5595570922,0.0,9.8761367424e-07,4.54460952048e-06,0.0
2.53873558932,2.54202223152,2.52367539132,2.5304823946800004,2.5628102127599997,2.5615113596400003,2.56214576772,2.56093147944,2.5620464298,2.56126080624,2.5613161194,2.55985834524,2.2777098424799997,2.21040157956,2.19175314276,2.11884602976,2.5557654168,2.4513295572000002,2.4431062031999997,2.47819648908,2.56162591236,2.51094536448,2.54536909488,2.5259183964000003,2.4218617779600002,2.3982075738,2.44379248884,2.4406644732,2.54894422932,2.55913407168,2.5690745385600002,2.5698651682800002,2.56079665668,2.5580777719200003,2.5688690406,2.56478671344,2.3967181430399997,2.37631313304,2.29241852952,2.15850561456,2.40852168672,2.08225698792,2.5723239781200005,2.54614897608,2.5725228012000003,2.54795266608,2.56005019896,2.5414718974799997,2.5709966586000004,2.55174291816,2.5524058908,2.54968062564,2.56211008656,2.5494742442400002,2.5006740984,2.56104259656,0.0,2.061480246e-06,4.75386313116e-06,0.0
2.53711437876,2.5437437125200004,2.53119660684,2.5223491024799998,2.5622604186,2.5603476237600002,2.56184623248,2.5606176128400002,2.5636916895599997,2.5613753098800003,2.56163131116,2.5604847532800004,2.25523247856,2.22037237788,2.19056192208,2.1353157071999997,2.5488818977200003,2.451233115,2.45488054428,2.4583530524399997,2.5550849226000003,2.5301105645999997,2.5423665768,2.52357664236,2.46323518728,2.4523781514,2.46649468824,2.4372073761600004,2.55913564224,2.56305119556,2.5689354458399998,2.5696899036,2.53884425244,2.5416312111600003,2.55750206352,2.5486197123600003,2.38057612368,2.36379935268,2.3044995715199996,2.1366207934799997,2.39391292656,2.1096300327599997,2.57100141936,2.5479241996799997,2.56024254348,2.55432977772,2.56258096008,2.5475886888,2.55562190688,2.55706932516,2.5528564942800003,2.54890422912,2.53551741372,2.5324455456,2.5300760613600004,2.5628424092400004,0.0,2.6253845133600004e-06,4.2480720378e-06,0.0
2.5369550650800003,2.5300471041600003,2.53956248916,2.53164907536,2.561556366,2.5608258592800004,2.5601245060799998,2.560964952,2.5610875047599997,2.56223843076,2.55963674904,2.5613828682,2.23391870328,2.22745854828,2.19578305248,2.14625127108,2.5295659729200004,2.45537001912,2.49779594904,2.45738396784,2.55527073948,2.55195548364,2.5371487347599997,2.56397247624,2.47226281524,2.48248730808,2.49305064924,2.48434817628,2.5546798162799997,2.5564884142800004,2.55951409812,2.55376894056,2.54692581432,2.55420413292,2.5423938652799998,2.5450838419200004,2.36792109108,2.34872202576,2.3199155995200003,2.14976368128,2.4092912611200004,2.1160017456,2.56147479504,2.5573394614800002,2.57079651036,2.55914472204,2.55692301768,2.5302041601600003,2.56948209888,2.55050683836,2.55956087136,2.53777867656,2.53898844948,2.54624114832,2.5356014877599997,2.5588483279200003,0.0,2.4486237768e-06,4.47650537628e-06,0.0
2.53830118224,2.5347654099600003,2.5377090320400004,2.50993407108,2.56146546984,2.56130119908,2.55912656244,2.56200510444,2.55647624244,2.5615595561999998,2.56087331964,2.56207690848,2.2371715784400004,2.22947333136,2.1958839609600003,2.15973624648,2.5514834322,2.4585928573199998,2.46932635884,2.44934358408,2.54108087712,2.52127748976,2.55289978284,2.55591962616,2.4516021966,2.48523245064,2.46762185952,2.4665550566400003,2.5492651143600003,2.5477189471200004,2.54872896444,2.54432918784,2.56142733468,2.56129864692,2.5542203784,2.5574046888,2.3861613785999998,2.3334373358400002,2.2634451331200003,2.1494746000800005,2.3954782840799997,2.11377488784,2.55376432704,2.55055007784,2.57548463196,2.56422891924,2.5577305309200002,2.53770235716,2.5692663432,2.54934629268,2.5721094985199997,2.5367479474800003,2.54792984388,2.55800081448,2.5348197906,2.55116740608,0.0,2.17761545244e-06,3.8526837050399995e-06,0.0
2.53372574832,2.5341260938800003,2.53059606396,2.53363789512,2.56115950512,2.56126281852,2.56003213752,2.5615881698400003,2.55744508164,2.55968229528,2.55976430796,2.55911974032,2.2446170635200002,2.2402094832,2.1920786413199997,2.17621917552,2.5428014256,2.4604314432,2.44339435188,2.46626548464,2.54961333696,2.49942839892,2.56163332344,2.52496712784,2.4286425235199998,2.44031153892,2.44653355776,2.44936297068,2.54772228456,2.54787615036,2.5538844257999997,2.55218831916,2.5648513518,2.56082389608,2.56583084136,2.56928823288,2.3930473026,2.29104684168,2.2664468168400003,2.1400887862799998,2.3223198324000003,2.1225201094800004,2.57162944704,2.54889858492,2.5775861394,2.5567948698,2.5547013624000003,2.5449389577600003,2.5814037290400003,2.5480265805599998,2.56804042296,2.5492545621600002,2.56268358636,2.56252157328,2.5093493810400003,2.55698804868,0.0,2.02878236472e-06,3.31810336344e-06,0.0
2.52725420676,2.52997122648,2.53101879,2.53389335652,2.56150394856,2.56073079132,2.56053412776,2.5592785632,2.5612584013200004,2.55871605732,2.55928818288,2.55825706116,2.25555724092,2.258311905,2.1816089938800003,2.1633945224400004,2.55105329508,2.46436623588,2.45952660432,2.48427951336,2.55442803588,2.49294998616,2.54015444304,2.5307122854,2.4403456986,2.4483059838,2.43948395196,2.44282796868,2.55088573596,2.5512000442800002,2.56174174116,2.56358665836,2.55883345668,2.5603870840800003,2.56301620152,2.5639583902800003,2.35371547404,2.30526075324,2.26692731004,2.14881928392,2.28064119456,2.08774447548,2.56514342688,2.5479453531600003,2.5744358414399997,2.5576774754400002,2.5572932772,2.54258076192,2.58213624804,2.55171783828,2.56007650584,2.55568845936,2.56146895452,2.5491901692,2.5052313236400003,2.55897088068,0.0,1.7699227146e-06,2.78638173552e-06,0.0
2.5304001366,2.5319459112000002,2.5320932493600004,2.51879090064,2.56163891856,2.55986963364,2.56012735272,2.5583048650799998,2.5615276542000003,2.55982202604,2.55991886088,2.55820484004,2.2636705084799997,2.25411134412,2.188105419,2.13164825328,2.55135626592,2.4444424062,2.4676922402400003,2.49914888832,2.5550746158,2.50569724008,2.5325802211200004,2.52173982336,2.45325854844,2.45901514164,2.4550433917200003,2.44324745544,2.55606657168,2.55907542108,2.56207234404,2.56340751636,2.5503985188,2.54454612144,2.55655074588,2.55510710676,2.37228381228,2.34661183116,2.23002052428,2.1535125589199997,2.30334020376,2.07676532856,2.5514455915200003,2.5442420708399998,2.5684847932799997,2.56142110152,2.5556932692000003,2.5367359719600002,2.5661642418,2.55875281824,2.54226174192,2.5383104092799997,2.54781902124,2.52587883792,2.527146378,2.56115965236,0.0,1.92912581736e-06,1.94214679044e-06,0.0
2.53917632772,2.53264436868,2.52600099804,2.51561336328,2.5607647056000005,2.55942737376,2.55887468388,2.5589860464,2.5583438346,2.5597419274799997,2.55976082328,2.56017653088,2.26345141536,2.25547498284,2.1932423772000003,2.0885706882,2.53847664324,2.44436701932,2.47439293632,2.48144509428,2.5444166484,2.52983880864,2.5256837940000003,2.54471903028,2.4592103328,2.47713616476,2.46891379236,2.46700197912,2.55415667256,2.5572576942,2.5602628626,2.55886172676,2.52957696684,2.54020234512,2.53833823764,2.53678578816,2.38206820476,2.35719765096,2.2105435680000003,2.16120609432,2.3890641661200003,2.0986669840800003,2.5601021256,2.5494779743200002,2.54526052992,2.5471800978,2.55169820628,2.52444840132,2.56043110884,2.53634411724,2.53843787004,2.51703040104,2.53330547628,2.52376113408,2.53482278448,2.55972067584,0.0,1.1059650390000002e-06,1.5199084093200001e-06,0.0
2.52889495116,2.53257109224,2.5318181559600004,2.53679766552,2.55886467156,2.5596814609200003,2.5567732746,2.56050836076,2.5556489990399998,2.5596530436,2.5567214952,2.55961628268,2.25680004468,2.2332568104,2.2002394183200003,2.06061737052,2.54060283792,2.45001647088,2.4759467600400002,2.47203459324,2.5286232442800003,2.51667756492,2.5401063446400003,2.53749401256,2.43947781696,2.46911727804,2.46219631092,2.4588155332799997,2.54881136976,2.55012946224,2.54937220692,2.5436989515599997,2.54130517272,2.54562607776,2.53579594272,2.53730279688,2.36211767556,2.3401538356800002,2.2616972470800003,2.13117772332,2.39927231532,2.12836509576,2.5340726457600002,2.54058796668,2.5627016478,2.5514668922399997,2.54451662436,2.5453085301600002,2.55644355516,2.5230674373600004,2.53886157768,2.51679992136,2.53088666664,2.5373471652,2.52259185216,2.5563900088800002,0.0,6.8884128468e-07,1.32740953272e-06,0.0
2.5268957264400003,2.5404281622000005,2.5321743786,2.52923409396,2.5594613862,2.55984313044,2.5586346336,2.5590846481200002,2.5525293270000002,2.5585772590799998,2.55799899852,2.55731776812,2.25093037116,2.23265400984,2.19174097092,2.14328178384,2.53341742776,2.4587493243600003,2.48776674552,2.4713994980400003,2.52860204172,2.5392551992800003,2.54283372024,2.53975763124,2.43273898572,2.4490709446800003,2.45164042992,2.4452883981599998,2.53837298628,2.53679457348,2.54239612296,2.53907679348,2.545130517,2.54596698744,2.54343804228,2.54634662124,2.3797930032,2.2872880989600004,2.31133469772,2.1655445209199997,2.36405466684,2.1464247198,2.53857131856,2.53539338856,2.56739281236,2.5552437454800003,2.54701111536,2.52714549456,2.5490124996000003,2.5284974031600003,2.54169658572,2.53005741096,2.54100406692,2.5449524547599998,2.5261883364,2.5440487938,0.0,5.49402747e-07,1.22848923444e-06,0.0
2.5449335098800003,2.547447093,2.52936391056,2.52687540732,2.55944430636,2.5589377026,2.55893014428,2.5580280048,2.55445625688,2.55748105728,2.55522637116,2.55495500784,2.2371214677599998,2.2307341474799998,2.18262141612,2.1491288805599997,2.53714392492,2.4607561074,2.451771768,2.45842804668,2.54031910644,2.52423828984,2.5443398382,2.54214149592,2.43614818068,2.4634210041599998,2.46882255264,2.42514184344,2.53198969056,2.54195489376,2.5412552092800005,2.54288711928,2.5484741901600003,2.54786805216,2.5449059269200003,2.5469545261200004,2.3652593845200003,2.2763983758,2.3495062750800004,2.2310170446,2.380566504,2.15077227528,2.5489972848,2.53568669064,2.5548486024000003,2.5539885244800002,2.54457056328,2.5309345196399997,2.55479834448,2.53721769216,2.55047444556,2.530094859,2.54226414684,2.55309551388,2.53195312596,2.5538834442,0.0,7.843620076800001e-07,1.32490071036e-06,0.0
2.53988283432,2.5430615496000004,2.5356993042000004,2.53422243792,2.5595931169200004,2.55620929632,2.5585952714399998,2.55555908448,2.55211057644,2.55385541952,2.5555078449599997,2.5534294542000002,2.24255423112,2.22524391144,2.179729917,2.1387672582,2.53331200392,2.47963517112,2.42741449284,2.468401299,2.53687864752,2.53645965156,2.545759968,2.53684492956,2.4334870140000002,2.4268460482800003,2.46350252604,2.45237638452,2.5340078110800004,2.54504447976,2.54409512532,2.54503539996,2.5492755684,2.5492367952,2.5504999671600004,2.550548949,2.36028895476,2.28774552456,2.2854479916000003,2.22356748588,2.3890050247200003,2.165500398,2.546789421,2.54465277228,2.55811821384,2.55306861804,2.54210026872,2.52888695112,2.554964922,2.5334459432400003,2.5423966628400003,2.5384410602400003,2.54790726708,2.5478889602400003,2.53036548612,2.5551920151600003,0.0,7.3443007704e-07,1.2913955121600001e-06,0.0
2.53328181972,2.53637479224,2.5409041891200004,2.53877480424,2.5572775225199997,2.55730230792,2.5576429722,2.55347289,2.55437174112,2.55296402856,2.55448379076,2.5528429482000004,2.2357460989200004,2.2293367908,2.1755232702000002,2.1321189795600004,2.53519436916,2.46039502584,2.44962495972,2.48109544836,2.53751364456,2.5328369586,2.53820542716,2.5496820980400003,2.4675245338800003,2.4616521118800003,2.4505954676400004,2.4378848274,2.5380713896800002,2.5467545742,2.54471559468,2.54892867096,2.5436714667599998,2.5463946705600002,2.54685459924,2.5474148965200003,2.36579725224,2.32268798148,2.2600866378,2.19340610808,2.39067865272,2.16583625244,2.53989044172,2.5383447161999997,2.5532380422,2.54358798168,2.53956003516,2.51908282848,2.56765298544,2.5403256831600003,2.55192495588,2.54508202596,2.54545552476,2.54223425712,2.5350336812400003,2.5558841413200004,0.0,6.850155968400001e-07,1.22716103148e-06,0.0
2.53233943464,2.53823389356,2.53820964804,2.52997515288,2.5559006321999997,2.55463171788,2.55484192752,2.5524276332399998,2.55171734748,2.55378229032,2.55315863076,2.55289035948,2.23116291036,2.2172631108000003,2.18163971796,2.12912313636,2.54360746644,2.43929597556,2.4312722299200002,2.481470076,2.5409200419599998,2.5331064078,2.5352839401600002,2.54315293656,2.4669545678400002,2.47899919248,2.45962451892,2.45858451372,2.54153575056,2.5487018232,2.54586961272,2.54810609016,2.54428005876,2.5446182690400003,2.54602342944,2.54478568092,2.3923892870400003,2.3593876987200004,2.2423942303200004,2.2085874355199997,2.29314221412,2.12428482996,2.55899841456,2.53817283804,2.56200392652,2.5437545592,2.5422846622799997,2.51090992872,2.5551138798000004,2.5449195711600003,2.54960199948,2.5398582943199997,2.54518715532,2.5365812718000003,2.5352116944,2.55642024216,0.0,5.5526010144e-07,1.3136614394400002e-06,0.0
2.53946133528,2.52763536204,2.53053824772,2.5299681835200003,2.55533542692,2.55279980688,2.5534442272800004,2.55297777096,2.5500377317200003,2.55206154552,2.5525134250800003,2.55320697456,2.24391193116,2.19986974776,2.20642050444,2.1184733162400002,2.53575285048,2.4524170718400002,2.43683137428,2.47128779196,2.5472263802399997,2.5217816395200003,2.5400173626000004,2.5310217348,2.4537073359600003,2.46573659856,2.46674641956,2.45150310408,2.54347519584,2.5447171161599997,2.5466488068,2.548412742,2.5416931010400003,2.54191965432,2.5440796160400003,2.5435778712,2.40080557452,2.37195585972,2.2373984752800005,2.21109503088,2.3475751733999997,2.14217380284,2.55068362452,2.5253338536,2.56236221052,2.54639108772,2.5468841454,2.49803374164,2.5468304028000004,2.55149849976,2.5415665728,2.53882466952,2.5377759280800003,2.53809921804,2.53612733088,2.55386832756,0.0,5.5140820488e-07,1.53724312176e-06,0.0
2.5375936449600003,2.5214388157200003,2.5366686832800003,2.52666902592,2.55369286656,2.55377217984,2.5525234374,2.55279784368,2.54909681904,2.55231401304,2.5520738646,2.55192431784,2.2579086146400003,2.20496199408,2.1981201439199998,2.14487516604,2.5392379722,2.423083281,2.4553470005999998,2.46729557568,2.5561438726800003,2.53199194824,2.53335627408,2.54285507004,2.4549101886,2.4631184750400004,2.45328102708,2.44807805628,2.54429674596,2.5465656162,2.5457651214,2.54637925944,2.5374385030799997,2.54061829812,2.53875271824,2.54004538728,2.3612776713600003,2.3347198944,2.26939500336,2.1937113366,2.4503454541200003,2.21727803112,2.5460985218400003,2.5228853996400002,2.5495124775600004,2.54701695588,2.54280913116,2.5284321267600003,2.5555933914,2.54785239564,2.5377282714,2.53761975552,2.53857863148,2.538800424,2.5332808872,2.55318881496,0.0,5.4485283468e-07,1.5447017602800001e-06,0.0
2.53748144808,2.52938599656,2.53773602604,2.524697286,2.55257025972,2.5537052347199998,2.55214856436,2.55162007092,2.54703202344,2.5528145799599997,2.55156200928,2.55118752888,2.2604532654,2.2228740836400003,2.20426653048,2.16450525192,2.5392060701999997,2.42203581564,2.4525008023200003,2.44450567032,2.54801460504,2.4979488332399997,2.541541542,2.554842222,2.48447431188,2.4758953242,2.47440785664,2.454591414,2.54242930104,2.54271475032,2.54185094232,2.54043709476,2.5461987922800002,2.54602593252,2.5412264484000002,2.54242184088,2.32124336076,2.33636657748,2.28528637116,2.1745318542,2.42721370656,2.17589402052,2.5474526881200004,2.54252618496,2.55436619508,2.55239597664,2.5431348751200002,2.5241333077199997,2.573682807,2.5405130706,2.54110899996,2.5329583334400003,2.54539201524,2.5476559774800003,2.53949966676,2.5504703719200004,0.0,5.5580012868e-07,1.4012249692800002e-06,0.0
2.54352751512,2.53342012716,2.530612653,2.5248316670400004,2.5524970323600003,2.55251843124,2.5515065488800004,2.55084725724,2.5465735180799998,2.55159572724,2.5508708647200002,2.55109633824,2.2780043715600002,2.2457501734800003,2.22654153756,2.123064603,2.54349041064,2.453305518,2.43989224848,2.43626749416,2.53643565144,2.5383947778,2.55087007944,2.5562709408,2.4544240512,2.47966103628,2.45171694564,2.4772872329999998,2.538639687,2.5385067783600004,2.54127960204,2.54354955204,2.55052804092,2.5502436714,2.5461891726,2.54946138528,2.31170093268,2.31158225724,2.2660356245999997,2.18830522368,2.3984929740000003,2.1042708894,2.5518071148,2.53253506752,2.56194699372,2.55148141992,2.542929279,2.52069171996,2.59355353212,2.5492731144,2.55830447244,2.54063694852,2.55317733024,2.55647717496,2.53809779472,2.54712247788,0.0,5.9025306168e-07,1.72757668692e-06,0.0
2.53413497736,2.53669641348,2.53598774736,2.53266817248,2.5519172012399998,2.5519811524800002,2.55153172692,2.5495777048800004,2.5503195,2.5515992119199997,2.55033849396,2.5493057035200004,2.27001022116,2.2473857154,2.2363024698,2.11248594888,2.54215887024,2.4729903280800003,2.44196985396,2.4538117291200003,2.5421858151600003,2.50690269396,2.5584113196000002,2.5554389366400003,2.44672408632,2.4453908772,2.46266698812,2.4536841702,2.537384466,2.54442563004,2.54436398556,2.5486437615599997,2.56785264288,2.5624960026,2.55739767036,2.5595546872800004,2.3743389391200003,2.3200778580000003,2.25581859192,2.22099682272,2.43733125408,2.09699163828,2.5609543998,2.54042722968,2.5641794466000003,2.54198090616,2.54863939344,2.54159636436,2.6039121115199997,2.5486407186,2.5885391266799997,2.5500642349200002,2.5669622826,2.5677661148400004,2.52689553012,2.55012337632,0.0,5.505619675200001e-07,2.21466844752e-06,0.0
2.5327818908400004,2.5393299972000003,2.530750077,2.5394925010800002,2.5512291977999997,2.55064617648,2.55029093544,2.5489230267600003,2.55101432556,2.55003959676,2.55112131996,2.54919429192,2.27217965532,2.2515866689200004,2.23949139372,2.13969737328,2.52315656664,2.4646136481600003,2.4424174635600004,2.45001686352,2.5487737254,2.52234090612,2.5537420938,2.5410109872,2.4671573664,2.46984906084,2.47690426176,2.46284073132,2.54550946368,2.5473937430399998,2.55302812704,2.55759467748,2.5627226540400003,2.56211872464,2.57595138276,2.57451932652,2.41425604668,2.32392430668,2.2648611892800004,2.2102581678,2.3979203576400003,2.09759365356,2.5746250939200004,2.5447103922,2.56307215272,2.55495613668,2.56256672688,2.5194246216000002,2.6045822498400004,2.5571826017999997,2.57761131744,2.5556688273600003,2.5625838558000003,2.55602347944,2.52756277272,2.55169015716,0.0,8.4865008372e-07,1.87478763156e-06,0.0
2.5376343322799997,2.54047959804,2.53564271496,2.52585866604,2.5504315005600002,2.55050654388,2.5498510804800003,2.5489683276,2.55626475672,2.54970408588,2.55089147832,2.5500065168400003,2.2679587753200003,2.2389142619999998,2.24205008136,2.16003318048,2.5267792596,2.44974270264,2.4541168104,2.44122010788,2.56153315116,2.49908037264,2.5400814610799998,2.5544744655600002,2.46982187052,2.48064646452,2.4484702545599997,2.45678097096,2.54675418156,2.5599683826,2.5706013192,2.5746243577200003,2.5636176769200003,2.5627279546799997,2.5693954236,2.56926521436,2.40632751624,2.31619337232,2.28163378848,2.16000672636,2.4204238812,2.1053321462400003,2.5568667720000002,2.54003660196,2.58863149524,2.55935017092,2.55496109376,2.53126968696,2.59590397332,2.56303382124,2.5879593446399998,2.5579850598,2.561454525,2.5514292969600003,2.53478155728,2.55860258436,0.0,1.0426828084800001e-06,8.834417668800001e-07,0.0
2.53561429764,2.54050418712,2.5358182250400003,2.52582426096,2.5500100996799997,2.54984921544,2.5491671997600003,2.54934889392,2.55730863924,2.5517554335600003,2.55131518596,2.5523967619200003,2.25909109908,2.2337348496,2.22163569708,2.1673764319199997,2.53143970008,2.47900071396,2.4398424813600004,2.45588153088,2.56734760968,2.50768576536,2.54735762016,2.54139813024,2.4483371986800004,2.45463543876,2.43959433288,2.44550356488,2.5522991908800003,2.55641813172,2.56924307928,2.57153864904,2.56164107808,2.56174257552,2.56518273996,2.5682325711600003,2.40236739828,2.3574877137600003,2.28194819496,2.15319609108,2.3911427532,2.12497607268,2.5720392159600003,2.54589454536,2.5872656970000003,2.5612022538000003,2.56782712128,2.54093137944,2.5923237836400004,2.56308996876,2.5622603695199997,2.54922997308,2.5641251150400004,2.54800370928,2.53209815736,2.55756753624,0.0,6.5158544196e-07,4.57426144788e-07,0.0
2.5361599690800003,2.53375902456,2.53261987776,2.5334192927999997,2.54981672448,2.5513447812,2.54934977736,2.55204289512,2.5562282412,2.55428457504,2.5519560726,2.55472825824,2.2610371701600003,2.23877104656,2.2116007512,2.1661819719600004,2.55100500036,2.46182276304,2.4509059968,2.47904979396,2.5564010518800004,2.5082591179200002,2.54306292384,2.5465422050399997,2.46077465964,2.4559271262,2.47165024776,2.45827614408,2.5602726786,2.5551620763600003,2.56794908508,2.56886864796,2.55432153228,2.56158321276,2.5610888789999997,2.5627448382,2.43454645488,2.34869454096,2.27779946256,2.1616464891600002,2.3165943068400003,2.12394333132,2.58104353092,2.55758427252,2.56555717128,2.55940033068,2.5654084588800004,2.54915414448,2.56676728776,2.56622323596,2.55892661052,2.55737975616,2.5462896393600003,2.541001662,2.5247326236000003,2.5566807097199997,0.0,3.51328117368e-07,2.808306066e-07,0.0
2.53066870236,2.5360975884,2.53299617412,2.53109255724,2.5506952074,2.55263121708,2.5489118365200003,2.5539851379600003,2.5567175688,2.5546019754000002,2.5532462876400004,2.55599074308,2.26627601844,2.2427818150800003,2.21476611672,2.1650640768000002,2.55346273044,2.46793744392,2.46469448292,2.478281103,2.57687501928,2.5166474298,2.54599255812,2.54167327272,2.4757342927200003,2.4713450683200002,2.4807797658000004,2.45665576788,2.55735727752,2.56095405624,2.5637163768,2.56283131716,2.5472512147199997,2.54555216328,2.5503995004,2.54944101708,2.41215606072,2.2968444657600005,2.3148640405200003,2.17002046968,2.32644652788,2.09461744236,2.556643458,2.54901775116,2.56078291428,2.55665808384,2.55999076308,2.54778039528,2.5618003917600003,2.56126615596,2.54337521988,2.54283509448,2.54269973184,2.53929976392,2.52719437824,2.55244913028,0.0,1.98885126936e-07,2.36661899868e-07,0.0
2.53691977656,2.53827934164,2.53369458252,2.518412592,2.55135665856,2.55272309484,2.55159224256,2.5557295884,2.55297953784,2.55417787512,2.55338351532,2.5565348439599997,2.2581031186800002,2.2468852957200003,2.22393484968,2.17675061376,2.54501105628,2.4196426257600003,2.4669237456,2.4570098309999997,2.5600489719599997,2.4938218923599997,2.54481007368,2.55342263208,2.4435528312000003,2.4632373467999997,2.46274895172,2.46567181296,2.55274361028,2.55464825784,2.55495756,2.55252814908,2.5396901953200004,2.54718117756,2.54246581656,2.5428638062799997,2.40652658472,2.315636118,2.28533392968,2.1700024082400002,2.39108832348,2.0909333012399998,2.54941259976,2.53829509632,2.5498809702,2.55570745332,2.55612831432,2.53962143424,2.56041658116,2.5488162777600003,2.54736311712,2.54133987228,2.53914501468,2.53737160704,2.5331034139199997,2.55188579004,0.0,1.3575495116400003e-07,1.9821456162e-07,0.0
2.53584836016,2.52548875008,2.5330964936400004,2.5419521943600003,2.55217438044,2.55441601128,2.5545309075600002,2.5564669172400003,2.5518449064000004,2.5541583412800004,2.5546086012,2.5555411212,2.2614918472800003,2.2311382722000004,2.22771994836,2.17507040904,2.5315562160000002,2.45623613388,2.4456798111599998,2.4623491460399998,2.54820969804,2.51026894392,2.55388192272,2.5413837498,2.4546295982400004,2.4541455222,2.4336730272000002,2.45682789144,2.54490749748,2.5462137126,2.54493719088,2.54514322872,2.5451886768,2.5490488678800003,2.54303715684,2.54659854888,2.38331513124,2.38718263524,2.2692933096,2.17261940292,2.39916262152,2.090234991,2.54311244556,2.5334634157200004,2.55409954344,2.55035056764,2.5475097190800002,2.54061702204,2.5571264052,2.5460966568,2.54792105856,2.5308671328,2.5462864982399998,2.553623811,2.5163375877600003,2.54921799756,0.0,9.598263942e-08,1.816400493e-07,0.0
2.5306319905200003,2.5254302957999997,2.53237423236,2.53677494148,2.55315185772,2.55542435988,2.5555077468,2.55529444512,2.54918054952,2.5524318050400003,2.55482450412,2.5535141172,2.26625216556,2.23963534536,2.2169102256000004,2.1639980592000003,2.521206471,2.43806392032,2.475180474,2.47958250828,2.5353189341999998,2.49716345508,2.54703673512,2.54981917848,2.45168067552,2.4474786913199997,2.43934505556,2.4552422148,2.54317963608,2.54333953872,2.54411465916,2.5446102689999996,2.55539820024,2.55595717236,2.5491681322799997,2.55623035164,2.3910360042,2.3635713270000003,2.2626282946800003,2.1722216586000003,2.3765134776,2.10238911312,2.55445910352,2.53598867988,2.560461882,2.55991459092,2.5478484201600002,2.5365554557200003,2.55444678444,2.53784748672,2.551163676,2.5448794237200003,2.5560194058,2.5455588872400003,2.52008808504,2.55050202852,0.0,8.711286255599999e-08,2.3375211844800003e-07,0.0
2.5296886238400003,2.536088754,2.53410793428,2.52018948432,2.554345287,2.5542119366400002,2.555685171,2.55328692588,2.55318587016,2.5522675342800003,2.55398656128,2.55182998608,2.26973507868,2.2465438461600002,2.1953725964400004,2.17572140616,2.5230290568,2.4454846690800003,2.4780459607200003,2.4865945188,2.5400450928000002,2.4733412009999998,2.54764876272,2.52527206188,2.4470596953599997,2.47218409092,2.4369405282,2.4554327924400003,2.54088568596,2.54105314692,2.55026938932,2.5491978747600004,2.5466807088,2.5475570322000003,2.55176961768,2.5522294972800004,2.40135124596,2.30345068284,2.2521694448400003,2.18078665848,2.36104071312,2.1334787409600002,2.5375776939600003,2.53370803044,2.55717882264,2.5545676684800003,2.5443600100799997,2.52132504828,2.55495638208,2.54690348292,2.55430769172,2.5413776148,2.54188259892,2.54337448368,2.53017063852,2.55102301272,0.0,1.1635543330800001e-07,7.936773426e-07,0.0
2.5321774706399998,2.529319395,2.53597920744,2.52215111376,2.55485807484,2.5515884634000003,2.5540616536800003,2.5523368843200003,2.5538856528,2.55239479872,2.55341875476,2.5518313603200005,2.2583295737999998,2.2443394670399996,2.1968735119200002,2.1884911878,2.53335244584,2.4771016124400003,2.4521437944,2.45910692124,2.5445534834399997,2.49719943072,2.53782191604,2.52281276124,2.4515519386799998,2.46962029896,2.43508201584,2.42473364508,2.54364000648,2.5461724854,2.5520542325999998,2.5521825277200003,2.5442837397600004,2.54313973404,2.54486906784,2.5418006844,2.3547335404800003,2.32022912256,2.23551910392,2.1867455594400003,2.37542326356,2.1480581022000003,2.53701351936,2.53290012456,2.55240854112,2.5439805235199997,2.54380653492,2.53255415964,2.56209496992,2.54906211948,2.5457187408,2.54371617864,2.54440521276,2.54323514556,2.5302871544400003,2.55287764776,0.0,1.30414993176e-07,1.15068325032e-06,0.0
2.53304255472,2.52193442556,2.5355021989199997,2.52778446708,2.55409070904,2.55157874556,2.55293860512,2.55224942376,2.55288525516,2.55261919248,2.55345836232,2.55270792912,2.26749050304,2.23884510828,2.19482726856,2.18270750244,2.52864449592,2.44793793288,2.4551668770000004,2.4591519276000002,2.5440046218,2.5020965840400002,2.53267170624,2.52973309032,2.46750244788,2.4582918987599998,2.47298821764,2.44102452408,2.54597508564,2.54680056216,2.54613832572,2.545648311,2.5427894500800003,2.5463210505600005,2.54464663728,2.5452554256,2.35125165804,2.34518379948,2.2505489214,2.1885138627600003,2.38122520668,2.16345209328,2.56207558332,2.53309556112,2.5568528332800002,2.5452652416,2.54576742816,2.5204136817600005,2.5741485271199998,2.54373522168,2.5496884784400002,2.52946192332,2.5358038446,2.5368145490400003,2.52539220972,2.55117501348,0.0,1.84984144548e-07,9.956567573999999e-07,0.0
2.52664689084,2.5390823886000002,2.53124313468,2.52806996544,2.55266071416,2.55215440488,2.55207891984,2.5526319042,2.55052573416,2.55223308012,2.5521638773200004,2.5525126888800003,2.24819833296,2.2386603220800003,2.19431168316,2.1014451084,2.53338876504,2.4468043321199997,2.47989495156,2.4631477758000004,2.53877897604,2.5136587032000004,2.53432722372,2.5351159393200002,2.47505551632,2.49985485504,2.47729871772,2.47774789788,2.54218758204,2.542461792,2.54444040312,2.54429326128,2.5432978698000004,2.5449045526800003,2.5459624229999998,2.54693926224,2.33190083736,2.30451174336,2.2624640239200002,2.1936932260799997,2.42825145408,2.14878163956,2.55137653596,2.5308493167600004,2.56835159016,2.55603471876,2.5476604437600003,2.5373033367600004,2.56701808656,2.5322007345600004,2.53748812296,2.51769587676,2.53615471752,2.53625950332,2.5318313094000002,2.54986418484,0.0,3.15336933732e-07,1.3433353056e-06,0.0
2.53222066104,2.54462661264,2.5363208533200003,2.5337845952399998,2.5521396318,2.55228485952,2.55200328756,2.55253295892,2.5491575800799997,2.55154542024,2.5512233082,2.5513948918800002,2.26380577296,2.22874591668,2.21529367764,2.14556051916,2.54154640092,2.42645036532,2.44907634348,2.4539388954,2.536207773,2.51615643348,2.53399765152,2.54086345272,2.4542526638399997,2.49675859416,2.4389731764,2.4555146088,2.5395923298,2.5430855497200002,2.54555716944,2.54614902516,2.5414842656400003,2.54418381288,2.54201766708,2.54465085816,2.3333676422400003,2.30939701932,2.2323552107999998,2.2147154661600004,2.37581075016,2.1909745376400003,2.54537783112,2.53677508872,2.56143690528,2.5554008014800003,2.5429876351200003,2.52951036528,2.56249806396,2.5377866765999997,2.55888769008,2.5296366972,2.53722279648,2.53683609516,2.5352958666000003,2.55001878684,0.0,5.1164118396e-07,1.52078571432e-06,0.0
2.53973996244,2.52903051012,2.53948847652,2.52680119836,2.5521706012800003,2.55168259884,2.55251784228,2.5512867686400003,2.5492801328400003,2.54933215764,2.55088549056,2.55036750024,2.282136564,2.23855799028,2.21350103064,2.156846367,2.5384275141600003,2.4286757016,2.4447925919999998,2.45590641444,2.5465640947200003,2.50806706788,2.5415546954400003,2.54435902848,2.4495375482400004,2.45558179932,2.45895629472,2.44774529388,2.5397190543600003,2.54008843044,2.54374896408,2.5446521342399997,2.54642617992,2.5461978106800003,2.5450884063599997,2.5486601052,2.37983683164,2.3343063954,2.29180453872,2.21289582516,2.3959466545200003,2.16593186028,2.55565174752,2.54658554268,2.55761435856,2.54229241692,2.54364035004,2.5302439640400003,2.5534289634,2.5407636239999998,2.54139813024,2.53346380836,2.5369540344,2.5440045236400004,2.53100764884,2.54759865204,0.0,5.630968032e-07,1.15306201068e-06,0.0
2.5330466283599997,2.52038467548,2.53611776028,2.53327170924,2.5520779873199997,2.55121393392,2.55217869948,2.55027203964,2.5501346156399998,2.54957269872,2.5503732426,2.5493384889599997,2.26983888288,2.2489140666,2.2114943457600003,2.18414628264,2.539199199,2.46595628064,2.43343145544,2.44669282236,2.5371810294,2.4995530130400003,2.5466667700800003,2.5381506538800003,2.47278419208,2.42899943328,2.4611673978,2.4556242535200004,2.53924180044,2.5441485734400002,2.54445969156,2.54580791916,2.54775722952,2.54691845232,2.54689430496,2.5485352947599997,2.39788982988,2.34571499232,2.30082558996,2.20331958096,2.4302105313599998,2.1279143450399998,2.56052612772,2.54071851948,2.56153187508,2.5503253896,2.54548546356,2.53399765152,2.54855625192,2.53929382524,2.54413816848,2.53687835304,2.54568718236,2.54478754596,2.5229975965199998,2.55138684276,0.0,4.5592650048e-07,7.0159796196e-07,0.0
2.5222239484799998,2.52919316124,2.52895698828,2.5251074966400004,2.5519430664000002,2.55064259364,2.55115292748,2.54934177732,2.54972803692,2.5495383918,2.5501044314400003,2.54919321216,2.26782748632,2.24695768872,2.2020983724,2.1975805584,2.53957873464,2.4698772818399997,2.48131650468,2.47379769408,2.5434529626000004,2.5035728613600003,2.5404449966400002,2.53620669324,2.48027257308,2.468646699,2.4879607096800003,2.43158305356,2.5394612862,2.54632090332,2.54377576176,2.5468373230799997,2.54704399896,2.54826275352,2.5481440290000004,2.54936739708,2.3742794541600003,2.33107403568,2.32385181552,2.2090408856400003,2.4117467826,2.12553543744,2.5602289483200003,2.5311203856,2.5591408938,2.54040641976,2.54224049028,2.5302280130400003,2.5653382253999997,2.5456622497200003,2.54611373664,2.5397428090800003,2.54199955656,2.5419702067200003,2.52517007364,2.55112082916,0.0,3.07934555616e-07,3.37342707564e-07,0.0
2.53328368476,2.53402086636,2.52834010176,2.5272339858,2.55115248576,2.55068004168,2.54997328968,2.5495222935600004,2.54900592288,2.5492832248800004,2.54977898196,2.5493148324,2.2673845884,2.2476586002,2.19209645736,2.19462795468,2.5404831318,2.46267405564,2.45622695592,2.488657842,2.5500330200400003,2.50033377768,2.53797028488,2.5299343674,2.4457449403200004,2.46558494136,2.46276166344,2.44738730436,2.5394313474,2.54403411888,2.54312589348,2.5472173495200003,2.54671501572,2.5468672618799997,2.5476677076,2.5485693562800003,2.34418477608,2.3350832827200003,2.35501094064,2.26160654724,2.3436408715200003,2.14828956348,2.5510755774,2.52213943272,2.5546070797200002,2.54922580128,2.54227597512,2.53245403644,2.56511756172,2.5434925701599997,2.54466518952,2.53257442968,2.5451994253200003,2.5410489260399998,2.52419897676,2.54941711512,0.0,1.96692527016e-07,1.8931961653200002e-07,0.0
2.53021029516,2.52620757576,2.53510082268,2.5280975484,2.550077781,2.5502594260800002,2.5493359368,2.54919198516,2.54973755844,2.5494616306799998,2.549426244,2.54957142264,2.2877947027200003,2.24797330116,2.1926666197199998,2.18432164548,2.5355959908,2.4536243416800003,2.41717272384,2.48020582428,2.54470896888,2.54014305648,2.5308313044000004,2.5427052288,2.4412832738400003,2.45399342328,2.4381123132,2.4469492653600002,2.53965402336,2.54364893904,2.5466807088,2.54867011752,2.54702711544,2.54599545384,2.5490499967200004,2.55060013944,2.36680555176,2.38895142936,2.32458109524,2.28180767892,2.40949808424,2.17680268764,2.5472840492400004,2.52816346284,2.56138856148,2.54623398264,2.54523024756,2.53338228648,2.5654094404800003,2.53513861428,2.5483649871600003,2.53098551376,2.54125059576,2.53075262916,2.52488756916,2.5492970654400002,0.0,1.35113745504e-07,1.8846214476e-07,0.0
2.53233104196,2.5346156178,2.53487814672,2.53108632408,2.5491742182,2.5496377788,2.54913549408,2.54929829244,2.54919890544,2.5495205757600004,2.54907821772,2.5492332614400004,2.29002023532,2.24684259612,2.19847248924,2.17006807728,2.5185992432399997,2.43242747496,2.43557914716,2.48864881128,2.53489507932,2.51826937656,2.53851193176,2.5631204965200003,2.46612801156,2.47962869256,2.42284509576,2.44332249876,2.54007508068,2.54318361156,2.53925436492,2.54668973952,2.54092637328,2.54326518252,2.5439371368,2.54407156692,2.4087313074,2.37830902032,2.2765956774,2.23930111056,2.3788550844,2.13889810548,2.521405245,2.53552551192,2.5575801498,2.55081525708,2.54735492076,2.5317966098399998,2.5653495137999998,2.53654416732,2.54227828188,2.5217114060399997,2.53857053328,2.53218694308,2.530096086,2.5476111183600003,0.0,1.18904854644e-07,2.1222154699200002e-07,0.0
2.5366339346399998,2.54277546228,2.53214301648,2.5272741332399997,2.5491172854,2.5496542206,2.54931183852,2.54916425496,2.5476355602,2.5492878384,2.5488482288400003,2.54930938452,2.2646289427200004,2.231389071,2.21004138144,2.1505294274400004,2.52809303304,2.44315444884,2.4698763984,2.46766097628,2.53234802364,2.5124649794400002,2.553225036,2.53005814716,2.47231744128,2.49296078376,2.45131512768,2.47262090292,2.5391530147199997,2.5424911909200003,2.54178659844,2.54588899932,2.55278547552,2.5485975281999997,2.5503231319200004,2.5479259665600003,2.44021593108,2.36519788728,2.29529520648,2.23183142904,2.33871863832,2.1119472468000002,2.53949127408,2.53037579292,2.56101128352,2.5509922395599998,2.54615403132,2.5400053380000003,2.55942560688,2.54462749608,2.54507559648,2.5284496974,2.54700615828,2.5523691789600003,2.52952950648,2.54705180268,0.0,1.314518229e-07,2.15882718672e-07,0.0
2.53509861408,2.5440580699199997,2.5316288544,2.5382520531600004,2.54896445028,2.5495251402,2.54896842576,2.54909686812,2.54759938824,2.54910413196,2.5488264864000003,2.54869210536,2.2596095311199997,2.25499208472,2.21918395476,2.07897564636,2.5358008016399998,2.4490559262000002,2.4598729128,2.4395702346,2.53950663612,2.50931473056,2.5396646246400003,2.5501959165600003,2.46181643172,2.4624027414,2.48162649396,2.46288966408,2.5376793386400003,2.5424393624399997,2.54052946332,2.5470867476400003,2.54842628808,2.5498487246400003,2.55030860424,2.55093712272,2.41917926148,2.35674032352,2.31640422,2.24198946756,2.35364695836,2.12247966756,2.54988548556,2.53642730784,2.56494529092,2.54995513008,2.5437312462,2.4992485697999998,2.56396094244,2.53905578724,2.5528016719199997,2.5523728599599997,2.5488144618,2.54373968796,2.53191975156,2.5466907702,0.0,1.3297995814800003e-07,2.85888138636e-07,0.0
2.53656914904,2.54350434936,2.53313600304,2.53171170144,2.54897475708,2.5492668321600003,2.54936032956,2.54846196924,2.5480399794,2.54826996828,2.5487373571200003,2.54779241988,2.26896786012,2.25055451652,2.21243172468,2.08062998592,2.53669837668,2.4630120696,2.4515788345200002,2.4478160672400002,2.55258385488,2.52936145656,2.54391509988,2.5463824005599998,2.46089318784,2.4808680607199998,2.45927850492,2.43598533324,2.53908651132,2.54577258156,2.54327102304,2.54944499256,2.55194591304,2.55167155584,2.5485924729600002,2.55016337652,2.40063708288,2.35630621092,2.3176285206,2.2163676462,2.44257525576,2.13970576596,2.54420786208,2.53854535524,2.5645538288400003,2.54701278408,2.54269011216,2.53144249764,2.59146110448,2.55771619956,2.55327077856,2.5485506568000003,2.54653258536,2.5498971666,2.52963566652,2.5486706574,0.0,1.35297888756e-07,3.14464477836e-07,0.0
2.5362214663200002,2.53415338236,2.53481925072,2.53419210648,2.54898570192,2.54921534724,2.54882614284,2.5478284446000004,2.54881460904,2.54828768616,2.5484548035600003,2.54816287572,2.28012183,2.25601918188,2.2045987039200003,2.1034853149200003,2.5401916947600003,2.4898232466,2.47560516324,2.4728431862400004,2.54473871136,2.5151592751200003,2.55032264112,2.54848700004,2.4671087281200004,2.47977406752,2.4801403024799997,2.45836188684,2.54243425812,2.54682210828,2.5467896664,2.54783619924,2.55862221636,2.5605905206800004,2.557025055,2.55952784052,2.39109534192,2.36516578896,2.3175703117200004,2.20073532264,2.44308033804,2.13067278828,2.5556785942799998,2.54126713572,2.55363917304,2.54413041384,2.54280525384,2.5393837888800004,2.5808104009200004,2.5467908934000003,2.56220098272,2.54373605604,2.55868587312,2.5566270652800003,2.53476526272,2.54847271776,0.0,1.5397228887600003e-07,3.6943222752e-07,0.0
2.53078340232,2.53646205648,2.53507054032,2.52655761432,2.54896778772,2.54903404572,2.54855222736,2.54830025064,2.5517180346000004,2.54835203004,2.54929956852,2.54822854476,2.28325426284,2.26807715628,2.20824618228,2.0818075132800002,2.53437841416,2.46870574224,2.44547043588,2.47802593608,2.54242704336,2.5349153002800002,2.5533420427199998,2.55599785968,2.46420800196,2.4658595930400002,2.4959494122,2.4770424710400003,2.5432586058,2.54641675656,2.5523639274,2.5550641617600003,2.5611411492,2.55842619084,2.5616887838399998,2.5645099513200003,2.41863854712,2.34047908884,2.2822774236,2.24268247716,2.45014618932,2.13757466328,2.55121187256,2.547395559,2.5763017158,2.54627157792,2.54753342472,2.53474484544,2.5853494174800002,2.55819914676,2.5667403919200003,2.5483134040800004,2.56131994764,2.55740625936,2.5354031064,2.54917215684,0.0,1.68588347232e-07,3.38810788524e-07,0.0
2.54068112052,2.53381399416,2.53515186588,2.52150188352,2.5487337252,2.54856130716,2.54799256812,2.54836056996,2.55197020764,2.548865505,2.54976141132,2.54888479344,2.27275521648,2.26437588624,2.21063893044,2.14075195524,2.51369271564,2.44900802412,2.4358148784,2.48516820492,2.5399948839600004,2.54183018148,2.54935110252,2.55447809748,2.45241024972,2.47847148432,2.44971860436,2.4634247833200003,2.54822535456,2.5558982763599998,2.55621567672,2.5608955038,2.5617142563599997,2.5571989945199998,2.56191278496,2.56031665428,2.43816208032,2.36708898876,2.2977345806400002,2.24574948636,2.43350757852,2.1565263654,2.5505148874800003,2.5567740108,2.57210895864,2.5459819568400004,2.5509743744400004,2.5439482779600002,2.5755125093999998,2.5598180996399997,2.55826859496,2.54229310404,2.5576436102400004,2.56019650644,2.5291384370400003,2.55812915868,0.0,1.5703762935600002e-07,3.05909156532e-07,0.0
2.5370988204000002,2.53307121744,2.53306194132,2.53863104892,2.54859502512,2.54865652236,2.5485371598,2.54987846712,2.55358538136,2.5488832719600003,2.5510701786000003,2.5506433789200003,2.2756374885599997,2.2449709794,2.20574109,2.1519599622,2.5287932574000003,2.4563216312400002,2.46462179544,2.4796214287200002,2.54407510068,2.4923874312,2.55441208488,2.54935252584,2.4551727666,2.4217771149600003,2.46720860592,2.45718612636,2.54681484444,2.5546471289999997,2.5610913820800003,2.56190468676,2.56342940604,2.5635509772000002,2.5667004408,2.5666276551600005,2.42975271312,2.3925279871200003,2.2834668283200004,2.18733923112,2.36961371304,2.14376885376,2.56991930352,2.54274297132,2.5664206848,2.54862520932,2.55620193432,2.5466781566399996,2.5747660026,2.56866472056,2.56463966976,2.55263749932,2.5637461683600002,2.5584426326400003,2.52627722028,2.5486156878,0.0,1.44740154372e-07,2.4063305101200003e-07,0.0
2.5313005092000003,2.53059837072,2.52987306648,2.54073864228,2.54901156708,2.5493442804,2.5482191214000003,2.55098708616,2.55163199736,2.55120559032,2.5504046047199997,2.5517366359199998,2.26963893096,2.2323144744,2.1910283293200004,2.16822747912,2.5478756104799998,2.45953534056,2.44653360684,2.4649839567600003,2.56748017476,2.4870993066,2.5501663704,2.52079974504,2.4719381510400003,2.4285473574,2.4812023936800003,2.4800237865600003,2.5462546944000004,2.5574404681200003,2.56545881496,2.56720095864,2.55893534676,2.55612635112,2.56167896784,2.5614355801200004,2.3716491588000004,2.3668194904799997,2.290966056,2.19911362128,2.39411017908,2.1262116616799998,2.55186571632,2.54974904316,2.57597808228,2.55370817952,2.55590171196,2.51353904616,2.59003930596,2.57030546496,2.56742201496,2.55545469132,2.55581749068,2.55420673416,2.52437355432,2.5496300241600003,0.0,1.75228959576e-07,5.777417844e-07,0.0
2.5363613443200004,2.53971026904,2.53071537744,2.53376069328,2.54986663884,2.55035684988,2.5495720116,2.55159430392,2.5553611448400004,2.55120274368,2.5516424514,2.55267921732,2.26384012896,2.24756328684,2.16934292028,2.1681495891600004,2.53650348,2.49324868704,2.46061073244,2.47438140252,2.5679119806000004,2.5194619224,2.53131837432,2.52085913184,2.46530960256,2.48351312916,2.4454670984400004,2.4631805612399997,2.54735398824,2.55921951996,2.5592876920800003,2.56480973196,2.5629080292000004,2.5616048570400003,2.5617300601200004,2.5612589412,2.4167296296,2.3321328385199998,2.31910867524,2.20957060608,2.38653090192,2.1235653662400003,2.5694307612,2.54788797864,2.57952141288,2.55860106288,2.5672949959199998,2.52318616188,2.5832084988,2.5602717951600003,2.5655375883600002,2.54807585688,2.55553881444,2.5427962722000004,2.53110482724,2.55217094484,0.0,1.9325229386400002e-07,1.11033237372e-06,0.0
2.5371424525200004,2.52752561916,2.53403951676,2.53088097336,2.55018241956,2.5511575410000003,2.5500321366,2.55249722868,2.55602377392,2.5533547544400004,2.55273482496,2.55303961176,2.2752047502,2.2638363498,2.1575794258800003,2.154868443,2.54297251848,2.47080543372,2.4796879812,2.47685184432,2.56355775024,2.4971501544000003,2.52946545708,2.52832007712,2.4623501767200002,2.4531732474,2.47016979864,2.46026304972,2.5489222414799997,2.553888843,2.56029653148,2.56218110532,2.5490623158,2.55985755996,2.55770525472,2.55964833192,2.42827830084,2.32246000488,2.2392607668,2.19062979972,2.38189838796,2.1186916240800002,2.5779561535199997,2.55147111312,2.5737874946400003,2.56070438628,2.5584194668799998,2.53915242576,2.57190444228,2.5532342630400002,2.54738878596,2.53313114412,2.54806726788,2.52290198868,2.53528693404,2.5508538830400003,0.0,3.13028014212e-07,9.732568908000001e-07,0.0
2.53628124576,2.52285938724,2.53534686072,2.52477939684,2.55079258212,2.55148215612,2.55118178652,2.55393919908,2.5560335899199997,2.55339077916,2.55341482836,2.55460187724,2.2946674732799996,2.2824293262,2.1994485432,2.17385518824,2.54382837552,2.4683127586799998,2.4492598536,2.47707108468,2.55752429676,2.50396034796,2.54246159568,2.5314905469599998,2.4683292004800004,2.46896542452,2.47873401324,2.48499804456,2.5506743484,2.55256113084,2.55852901344,2.55992514312,2.54307146376,2.55327416508,2.5450725044399998,2.54737798836,2.398056162,2.35477584744,2.22569809776,2.18325498984,2.40478959444,2.1138355998,2.5620221352,2.54608772424,2.562583365,2.5569241465199997,2.55447255144,2.51807182956,2.5634570871599998,2.53671889212,2.5421726126400004,2.5144000566,2.5381428501600003,2.5317152352,2.53652463348,2.5524382836,0.0,3.15188515812e-07,5.0173733076e-07,0.0
2.5334048142000003,2.53267705596,2.53232608488,2.5236202744800003,2.55161820588,2.5526030942399998,2.55258194076,2.5547430804,2.5526170820400003,2.55307200456,2.5543607472,2.55473900676,2.2858773925199998,2.2949743214400002,2.22738895284,2.19134062536,2.53662073212,2.4625292205600005,2.44612207104,2.46841199844,2.5344301444800004,2.50153059348,2.53449551904,2.5411842886800002,2.46624781584,2.46961058112,2.4632045613600004,2.46206840844,2.54823306012,2.5506930478800003,2.55155057364,2.5500419526,2.53887399492,2.54774358528,2.5389134552400003,2.5425302586000003,2.39123188248,2.3748820584,2.25514472352,2.19560307612,2.4360831006000003,2.13018812328,2.5524835844400005,2.55533832264,2.55857323452,2.55312402936,2.5510828412400004,2.54021598936,2.54350371132,2.5259691942,2.5343007695999997,2.52017107932,2.53413576264,2.52581861676,2.5345229547600003,2.54948675964,0.0,2.6251874571599997e-07,2.33442070272e-07,0.0
2.53369026348,2.53458243972,2.52808267716,2.5285728882,2.55256427196,2.5539588801599997,2.5534774053600002,2.5548002586000003,2.5500737073599997,2.55346130712,2.55424550736,2.55420364212,2.2837571365200002,2.29041876492,2.22527257416,2.18688121656,2.54377350408,2.4565062211199997,2.44498827396,2.47104759444,2.528713257,2.50739599704,2.54897460984,2.5322251764,2.4549290844000002,2.46941563536,2.45945097204,2.46031031376,2.54248284732,2.54507594004,2.5433680542,2.5414708668,2.5447230057600003,2.54642200812,2.53984057644,2.5414416642,2.3618954413199997,2.3741596008,2.2876541375999997,2.20426127892,2.4187577133600002,2.1130956206400002,2.54634264576,2.5530244951200003,2.5514122171199998,2.55196053888,2.5447382205599998,2.53194208296,2.5416498124799998,2.5384362504,2.53049834568,2.51494553172,2.53265963256,2.5335171092400004,2.52325624812,2.54775119268,0.0,1.98775811052e-07,1.29724162728e-07,0.0
2.53125839856,2.53345816416,2.52867404208,2.5446474225599998,2.55319494996,2.55349316004,2.55420349488,2.5539069535200003,2.5489713705600003,2.553493749,2.55259357272,2.55284599116,2.27240704296,2.272725474,2.2166537826,2.1819167745600003,2.54973073632,2.4441757545600002,2.45831221788,2.4666654866399997,2.5342694565599997,2.48291508936,2.53759467564,2.5215030123599997,2.46396539952,2.45520250908,2.46745842312,2.45709444492,2.53693616928,2.5401336822,2.53893912408,2.53844881488,2.54568350136,2.54713759452,2.54395313688,2.54512565808,2.3934893661600003,2.3537607258000004,2.27683818168,2.2074034296000002,2.3829618534,2.09989766508,2.54117157696,2.54481846636,2.54745573108,2.5511986700400002,2.54325094932,2.53524467616,2.53379470572,2.5304062716,2.53781960928,2.53632846072,2.53698407136,2.53319956164,2.52553380552,2.54912425476,0.0,1.2832275204e-07,1.2697587414000002e-07,0.0
2.53377276696,2.5402809222,2.5323137658,2.52793121628,2.5540429542,2.55316093752,2.5542834462000004,2.55279170868,2.55115498884,2.55251524104,2.5533945092400003,2.55115233852,2.26105807824,2.27438035344,2.20600258824,2.1840103801199997,2.5438477130400003,2.45126909064,2.47247675496,2.46468304728,2.5424203194,2.47615338684,2.5236120290399997,2.51060872476,2.45837273352,2.45112165432,2.4703539468000004,2.4581676282,2.53635511116,2.53777622256,2.5393625863200002,2.5426431426,2.53579363596,2.54041535232,2.5393427579999996,2.5392613833600004,2.4003452041199997,2.31821718612,2.23175339184,2.2059546861599997,2.3313510431999998,2.1145734685199997,2.5417811014800002,2.53729528764,2.5438060932,2.54816101068,2.54184323676,2.52980469804,2.54104980948,2.53992396336,2.53490867448,2.5376484182400003,2.53400216688,2.5203789822,2.53024784136,2.5460146932,0.0,8.9741989812e-08,1.75054980792e-07,0.0
2.53514087196,2.5407711332400003,2.5342688185199997,2.53343755056,2.5531896983999998,2.5527381133200002,2.55166507728,2.55109108668,2.5485140922,2.5514885856,2.55252255396,2.5501248487200003,2.27010911736,2.2639109513999998,2.20174641972,2.18107210776,2.54028710628,2.47043389812,2.46437703348,2.44172253984,2.53896209352,2.49943787136,2.52025034352,2.49979664616,2.45418508068,2.44745302248,2.47369207392,2.43926083428,2.5365027438000003,2.54005942416,2.537539068,2.53981328796,2.5269668924400004,2.53227091896,2.5335895513200004,2.5349667852,2.38392730608,2.3284617036000004,2.22822876072,2.17500169704,2.4188546954400003,2.11715065932,2.5355768496,2.5307808010799997,2.5338967921199997,2.54338513404,2.54332579632,2.5172366842800002,2.5306214874,2.53415907564,2.52444972648,2.5161321388799998,2.51971581324,2.50654838544,2.5267888302,2.55118909944,0.0,1.39524879216e-07,2.1712301935200002e-07,0.0
2.5291221424800003,2.52627255768,2.5369667952,2.5362188160000003,2.55288751284,2.5521145519200004,2.5515631871999997,2.55083037372,2.5473916325999997,2.55078978456,2.5510608534,2.5501008486,2.2638296749199998,2.27166726012,2.2099852339200003,2.1910935075599998,2.52311283636,2.4622535382,2.4518560383600003,2.4493329828,2.5325299632,2.4867457342800003,2.51765607288,2.52791099532,2.4721328514,2.47369595124,2.49948886548,2.46771648576,2.5357829365200004,2.53698755604,2.5347017532,2.5360108149600005,2.5202111285999997,2.5317126339600002,2.52074026008,2.52331926684,2.36584211136,2.34464715876,2.2672381336800003,2.149586208,2.41364014176,2.109766377,2.52335288664,2.52674087904,2.53703104092,2.5395260718,2.53240736136,2.52861244668,2.53810280088,2.51784468732,2.51330056644,2.50641184488,2.5131128354400003,2.5016642874,2.5297657776,2.54944558152,0.0,3.1618982633999996e-07,2.63944716036e-07,0.0
2.535525561,2.53168004484,2.5348080114000004,2.52633076656,2.55245384196,2.55157099092,2.55107577372,2.54989407456,2.5434620424000003,2.5499177802,2.54941529916,2.54887551732,2.26620794448,2.28842312304,2.2067445306,2.20782973848,2.51405713464,2.4496865060400004,2.45426719152,2.47021593384,2.52523638072,2.50112082456,2.52296005032,2.52333369636,2.4819393298800003,2.49978344364,2.47092086988,2.47022545536,2.532508368,2.53152205632,2.52851320692,2.52447608244,2.52190532112,2.53082968476,2.51810456592,2.52215533464,2.3910286421999998,2.326950285,2.27069532888,2.16014302152,2.38488819432,2.131878144,2.52442302696,2.52326336472,2.54048588028,2.54436064812,2.5335829746000003,2.51602126716,2.54568590628,2.5153122084,2.51882456952,2.50161721968,2.51245270944,2.5241380194,2.53634711112,2.5362980802,0.0,4.28875808172e-07,6.5835941448e-07,0.0
2.53954614552,2.5368745248000004,2.53255985292,2.5305871314000004,2.55121722228,2.55091488948,2.5495926252000003,2.5485981662399997,2.5461695896800003,2.54717833092,2.54433129828,2.5471387233600002,2.26770885996,2.25147815304,2.20326348252,2.17596690432,2.5173664518,2.45136842856,2.4607327944,2.4694631938800002,2.51824223532,2.5091480548800003,2.5199576304,2.52003920136,2.45954397864,2.4704732112,2.47577159352,2.46202364748,2.52666568848,2.5320342552,2.5215853686,2.5175087838,2.5307736354,2.53682524848,2.52142845984,2.52885161352,2.3667658460400003,2.3283675190800004,2.30270604108,2.16476429616,2.4101124676800003,2.11073659044,2.53189800912,2.5125364399200003,2.5379977206,2.5430929607999997,2.53148097636,2.5257731195999997,2.5387276874399998,2.51022967992,2.51770716516,2.5077624774,2.52767040516,2.52647830104,2.53212574032,2.54343298704,0.0,5.3209012056e-07,2.1390608547600004e-06,0.0
2.53419141936,2.53003807344,2.53383166296,2.54120696364,2.54982629508,2.54995743684,2.54746019736,2.5463315046000004,2.54494685964,2.54675830428,2.5469157529200004,2.5431828262800003,2.26255914096,2.25279663816,2.19702929184,2.14571958744,2.51143690068,2.4503744604,2.45086432788,2.46485492544,2.51681493984,2.51589572052,2.5212761646,2.5219011984,2.46693807696,2.4421577322,2.47744615404,2.4534731262,2.52319587972,2.52718623096,2.52072519252,2.52074595336,2.52425296476,2.53013760768,2.5303527253199998,2.5303554738,2.3812320288,2.32652765712,2.27118210432,2.16370740744,2.4184686812400003,2.1251292513599997,2.5305170451600003,2.5179946758000002,2.54876641248,2.53592330532,2.53165148028,2.5148651386800003,2.51857661736,2.5180570074,2.52061000176,2.5127085144000003,2.5148235679199997,2.51343426036,2.52613488828,2.5444138017599998,0.0,9.7239293556e-07,3.7693147483200004e-06,0.0
2.5326283685999997,2.52984911544,2.5324522695600002,2.5306439169600004,2.5490298739200004,2.54782103352,2.5484007664800004,2.54269791588,2.5443891636,2.5453554506400002,2.54550578268,2.5415938122000004,2.25649653396,2.271773322,2.1888827971200002,2.1412965959999997,2.52805720464,2.4612576068400003,2.45262742872,2.47187449428,2.53240991352,2.5113750598799998,2.52516212268,2.5397914964400004,2.48329222008,2.4818709123600002,2.45947281264,2.4675073068,2.523574581,2.52694279416,2.52779727696,2.52855944028,2.51989564236,2.5263296868000005,2.5212684590400003,2.52477522504,2.37791510424,2.30019844572,2.32016899956,2.1620174358,2.43887187528,2.125134552,2.52739536084,2.51340756084,2.527993008,2.5346654830800004,2.52279489612,2.51254772832,2.53186159176,2.5187490354,2.52011674776,2.51098188,2.51866957488,2.52355858092,2.5270701567600002,2.5328067744,0.0,1.1189732512800001e-06,4.2040902228e-06,0.0
2.5385001525599997,2.5310865204,2.53583466684,2.5150913484,2.54709479676,2.54599275444,2.54638460916,2.54159435208,2.53774206288,2.5443607953600003,2.5418239483200002,2.5404572666400003,2.24804598864,2.27917227924,2.19569308884,2.1681956262,2.51742667296,2.4685801956,2.457785295,2.4496755612000003,2.5195934568000005,2.4771403856400003,2.5364007555600003,2.53146355296,2.4789279283199996,2.4679127076,2.48321374116,2.46234428712,2.5269223278,2.5289789761200003,2.5235890596,2.52379328148,2.53070138964,2.53017279804,2.5237508763600003,2.52745258812,2.3921025616800002,2.326990776,2.31413014728,2.16457097004,2.42251449288,2.12135038584,2.531229834,2.51857705908,2.5403864442,2.5280062596,2.52451407036,2.5242131118,2.54912867196,2.51481031632,2.5394718384,2.5189107539999998,2.52894339312,2.53688021808,2.53580448264,2.53760773092,0.0,1.1625134444399999e-06,3.4907126682e-06,0.0
2.5329805176,2.52062983008,2.53405443708,2.5292775788400004,2.54574995568,2.54562897348,2.54392943124,2.5415509653600004,2.53750132548,2.54186758044,2.54060381952,2.53948356852,2.23769565468,2.2859134172399997,2.19664563348,2.15981050452,2.52123719508,2.46125284608,2.4755273714399997,2.45187905688,2.5220571255600004,2.5011178797599998,2.53000518984,2.5192579950000002,2.46316112556,2.4523273536000003,2.49131292276,2.4790005176400003,2.52600939072,2.5237067534400004,2.52227798556,2.52357423744,2.53461939696,2.5311249991199998,2.5324914844800004,2.53397551644,2.42339979792,2.34543950628,2.28865797084,2.162712654,2.3708132773200004,2.1508566928799997,2.52549419796,2.52667795848,2.55040421208,2.52631461924,2.53008229452,2.52114821304,2.55706868712,2.5244469780000003,2.5385434902,2.52999370512,2.53480928748,2.53565788068,2.53661175048,2.53640379852,0.0,1.0791034077599998e-06,2.57619535944e-06,0.0
2.52474744576,2.5321258384800003,2.5338541416,2.53040744952,2.54538583116,2.54140347996,2.54333679024,2.53938928584,2.5414450998,2.5408328268,2.53976749632,2.53860807948,2.2260147619199997,2.27870484132,2.21804269752,2.17340281788,2.5200380725200002,2.45554739424,2.45304696456,2.46425899608,2.53507633176,2.51538406152,2.5238128644000004,2.52575805204,2.45302252272,2.4619678926,2.45826132192,2.44546223952,2.52936150564,2.5311968522400004,2.5287956132400002,2.53234434264,2.53241580312,2.53150747956,2.53520281092,2.53688468436,2.42061264288,2.3584671051600004,2.30617432836,2.20795553052,2.41072685112,2.15585853384,2.53344231132,2.5245900462,2.5417593590400003,2.52920616744,2.52777985356,2.52391853364,2.55793431108,2.53778108148,2.53749651564,2.53459333548,2.53265742396,2.52513665016,2.5262168028,2.53781627184,0.0,1.0084214838e-06,5.593007106000001e-06,0.0
2.5338012824400002,2.53151920968,2.53299960972,2.51963208276,2.54439024336,2.539638465,2.54229575436,2.5384431216,2.53741052748,2.539562391,2.5391715669600003,2.53876022748,2.23930523328,2.2734500911200004,2.21945065548,2.1839269932,2.5233190705200004,2.4442373499600003,2.4584589670800003,2.4702715905600003,2.5404065670000002,2.51190571284,2.5229686393199997,2.52733003536,2.4421950330000004,2.4386445858,2.45291258352,2.43920414688,2.52823134048,2.53051684884,2.5344331383600003,2.5346188080000003,2.5301575832400003,2.53097294928,2.53134463212,2.53391092716,2.4077851431600004,2.39730234228,2.29851534528,2.18753574744,2.40488014704,2.17080344292,2.54576816436,2.528799147,2.5447828833600004,2.5353588362400004,2.5316059340400003,2.4935642223600003,2.56235921664,2.53797769596,2.5410863249999998,2.51956994748,2.52422577444,2.5297147344,2.52493743444,2.5379762235600003,0.0,1.82690322036e-06,1.08337734324e-05,0.0
2.5315149888,2.52396854616,2.53208201004,2.526354963,2.54136038772,2.53978707924,2.5398934846800003,2.53836748932,2.53752174276,2.53893166392,2.5386220182,2.53845377196,2.24445460872,2.26393662024,2.21362373064,2.1360796374,2.5214419077600003,2.44288107324,2.4531663271200004,2.46319278216,2.5284375255600002,2.5259771451599997,2.52574053048,2.53576124316,2.45914299504,2.4670120896000003,2.4523331941200004,2.4535940102400002,2.53043630856,2.534071566,2.53207592412,2.53304657928,2.53546980612,2.53225138512,2.5345127952,2.53449718776,2.35678856916,2.3704374226800002,2.29435876008,2.17920652788,2.42194580292,2.19238951404,2.53885210524,2.52651133188,2.5462858602,2.53294925364,2.5403813889599998,2.52122467968,2.55293026152,2.5315248538799997,2.54252809908,2.5222263534000002,2.5350628347599997,2.5351424916,2.53227023184,2.53737371748,0.0,3.64258694904e-06,1.1568848028e-05,0.0
2.52675781164,2.51995841568,2.5334380904400002,2.53059635844,2.5398807729599997,2.5401577314,2.5381908504,2.53779654168,2.53785239472,2.5392440090400004,2.5376333016,2.53784989164,2.25256129956,2.25115692444,2.2074885834,2.07945697392,2.5274652998400002,2.45567083044,2.41883265852,2.453552145,2.52350228616,2.5147087698,2.53712596164,2.54110728216,2.48405723004,2.46516221532,2.4740826525600004,2.449694457,2.53034928972,2.53399136928,2.53275470052,2.5325931291600003,2.5410115270799998,2.5377653268,2.5379442234,2.54096014032,2.36546640396,2.3385296312399997,2.32173474972,2.21294696652,2.41428706524,2.16166612116,2.5422186006,2.5292025846,2.55049456836,2.53718431776,2.53749111684,2.53109717076,2.5618218888000004,2.5254045288,2.546223774,2.52572080032,2.54246812332,2.54084833608,2.53340093688,2.53842525648,0.0,4.956748219200001e-06,1.04928490284e-05,0.0
2.52905254704,2.52693940764,2.53030261464,2.51542283472,2.5390772842800002,2.53954354428,2.5381241997600004,2.5376470440000003,2.53782608784,2.5383596856,2.5378316829600003,2.5373882451600003,2.26120404216,2.25163511088,2.21243653452,2.0662205396399997,2.5320122673600003,2.4628753818,2.45283430092,2.46037495212,2.52880047216,2.5117500801599997,2.5378293271200003,2.52069648072,2.47279729644,2.48066997384,2.48499195864,2.46737891352,2.53191518712,2.5321176421200002,2.53428476952,2.5374558774,2.54655030324,2.54260947372,2.54807487528,2.55068828712,2.36245878156,2.3007970254,2.30388852552,2.2168836242400003,2.37271183896,2.1610000074,2.5441839601200003,2.53013441748,2.56185266196,2.5410325333199997,2.5414550139600003,2.53264068768,2.56234542516,2.5365766092,2.54830923228,2.53135798188,2.542436025,2.542609032,2.5269269904000002,2.5374661351200003,0.0,5.1377449524e-06,8.0488225752e-06,0.0
2.52900027684,2.5295934577200003,2.52816203952,2.52076911912,2.53879929516,2.5384839070800003,2.53762402548,2.5374682455600004,2.53945142112,2.53811752488,2.53830314544,2.5371086854800002,2.2732925934,2.27088099852,2.21486300064,2.12035067532,2.53226453856,2.47586484552,2.47860851568,2.4472799664,2.5469140842,2.52322910688,2.5276970556,2.53970197452,2.4513737292,2.4476399191200002,2.45902314168,2.45391528792,2.53655874408,2.53821804072,2.54230782804,2.54888822904,2.5438161546000004,2.5445345385600002,2.5500358176,2.5503116472,2.3732350317599997,2.31893252712,2.3432634954,2.2011107846400004,2.3885660532,2.16332904972,2.55428261184,2.52794893416,2.55791924352,2.53691221824,2.53912984896,2.52257840424,2.57670103068,2.54549670288,2.55629631516,2.53145427684,2.54181359244,2.53454185056,2.52220839012,2.53911841332,0.0,4.7688515251200004e-06,7.0430104296e-06,0.0
2.52562067712,2.5284590226,2.52964268496,2.52337271496,2.5383448634400003,2.53836601692,2.5373186988,2.5374333987599997,2.5416411744,2.53857887688,2.53783315536,2.5378122963600003,2.2736324723999997,2.26113287616,2.23354422288,2.13377646024,2.5279862840400003,2.4588500856,2.45260018932,2.438855139,2.5360969994399998,2.53211091816,2.53427436456,2.5547620743599997,2.4323083577999998,2.4655995672,2.44731461688,2.44929406236,2.5361601654,2.54569405356,2.54756405064,2.55109216644,2.54448182664,2.54418415644,2.54284103316,2.5433209374,2.39505766848,2.3380985616,2.33747490204,2.20118568072,2.44081092792,2.16812706144,2.54394022884,2.53213403484,2.56755134076,2.55115332012,2.53822206528,2.50965348072,2.5937526006,2.54868165132,2.56483373208,2.5241990749200003,2.54490784104,2.5440223887599998,2.52587873976,2.54038781844,0.0,3.12499653288e-06,6.626013498e-06,0.0
2.5242418726799998,2.52724812084,2.5290670747200004,2.52414116052,2.53778171952,2.53836891264,2.5374728099999997,2.5385842266000003,2.54020479912,2.5400406756,2.53833126828,2.53920464688,2.2774912892400003,2.26446202164,2.24104909476,2.11113075192,2.52266655192,2.46754652172,2.43237299616,2.4590260374,2.52859580856,2.53411750488,2.5549236948,2.55242812404,2.4447494016,2.47968685236,2.4566203812,2.47240190796,2.54192102856,2.5439245232400003,2.5450330932,2.54559069108,2.5545646746000004,2.5486037122800003,2.5479895742400003,2.54688360552,2.40931310172,2.3583131412,2.2988529666,2.2235188476000003,2.38895830056,2.1768317920799998,2.55929048964,2.53038217332,2.5641257530800003,2.54165040144,2.5443123534,2.54411397204,2.61950163732,2.5500367501200003,2.55367205664,2.53423416804,2.55104509872,2.56309517124,2.52364196784,2.53847080272,0.0,2.07623604984e-06,8.3656241592e-06,0.0
2.5247778753600003,2.53170600816,2.52799457856,2.52875630016,2.5380504816,2.53874599428,2.5381794638399997,2.53958359356,2.54212667376,2.53909794696,2.53908076896,2.5405267148400004,2.2759159194,2.27057606448,2.2259066386799997,2.11052554644,2.5167345468000004,2.46339607152,2.4739628973600003,2.47139900724,2.5550657814,2.52735761832,2.55794182032,2.56169300472,2.45311420416,2.47536511296,2.47016616672,2.4703136521199998,2.5371566366400002,2.54470342284,2.54395294056,2.54750044296,2.56226100756,2.5561658114399997,2.55738044328,2.55859149228,2.403799749,2.34153568308,2.30166520152,2.21669324292,2.40504142392,2.19365155716,2.5741693370400003,2.53475294364,2.57144196144,2.54819679,2.54331048336,2.53287003852,2.57551290204,2.5479662121600004,2.5696907379600002,2.55250346184,2.56901299224,2.56400658684,2.5229201973600004,2.53940567856,0.0,3.93498085272e-06,1.28779745736e-05,0.0
2.52646401876,2.53408629,2.5266067434,2.52075827244,2.53868547864,2.5389780936000004,2.53845627504,2.54023473792,2.54751811176,2.5402062224399997,2.53972307892,2.5406695867200004,2.2768599732,2.24935539396,2.21384365812,2.0929417039200002,2.54695707828,2.44913509224,2.46441776988,2.46663520428,2.56541223804,2.5296192738000003,2.5647694372800003,2.5544364285600003,2.45096042652,2.46805926048,2.4651125463600003,2.45586803388,2.53654868268,2.545602912,2.54839075416,2.5535893568400003,2.56418886996,2.55967679832,2.56675045332,2.56668714012,2.4060876132,2.3332615312800002,2.33552092908,2.20516253496,2.41757316756,2.2359667626,2.5531856247599998,2.53624011672,2.57940322824,2.55060504744,2.5476181368,2.51118134112,2.60049408216,2.56081074264,2.5694072028,2.5456814890799997,2.56371544428,2.5704506436,2.52206507652,2.5408990848000004,0.0,7.031496752400001e-06,1.35532623672e-05,0.0
2.52531417252,2.53395824028,2.5266225471599997,2.53305246888,2.53992661368,2.53948057464,2.53896862116,2.5411759450800004,2.545136652,2.5413319213200003,2.54047361028,2.5425961730399997,2.28193720104,2.25689854824,2.20257557724,2.0899886094,2.5420555077599998,2.47704865512,2.4239663774399998,2.45247959976,2.5557700794000002,2.544775914,2.5548002586000003,2.5450858051200003,2.4671158938,2.4681114325199998,2.45824384944,2.47357364388,2.54054860452,2.55031346316,2.5575560024399997,2.5645487245200003,2.56956160848,2.56624016856,2.5695550808400003,2.57080804416,2.39025185304,2.34650253,2.32608981444,2.19344718804,2.397097875,2.2666410264000003,2.5540449174,2.54489139924,2.56985221116,2.5518165381599998,2.55176868516,2.53264942392,2.5979847199200004,2.5777378947600003,2.5723734507600002,2.55639359172,2.56911998664,2.56363284264,2.52372344064,2.5454386903199997,0.0,7.4479420248e-06,1.2894126801600001e-05,0.0
2.52613307232,2.5318089289200003,2.52655628916,2.5277550190799998,2.54066781984,2.54007076164,2.53994958312,2.54275784256,2.5495685269200004,2.5424707245600002,2.54356712268,2.5440217998000003,2.27159403276,2.25679793424,2.1949061892,2.08728866952,2.53182453636,2.4423242606400004,2.4518058295200005,2.45940743808,2.5521506748,2.4896636875200002,2.55464079768,2.55454990152,2.4650510982,2.45998834896,2.46588712692,2.46480918288,2.5447592268,2.55505174452,2.56562234952,2.5711665735600002,2.56178390088,2.56426514028,2.5696907379600002,2.56900553208,2.38267193784,2.32965783228,2.30611611948,2.2000669512,2.4291461824800002,2.2447604262,2.54723452752,2.5405947888000004,2.57850594768,2.54871060852,2.56395313872,2.53630662012,2.58775242336,2.58673578024,2.5608141782400002,2.54810432328,2.56063066812,2.5530734278800002,2.5223879247600003,2.5415675544,0.0,7.241087002800001e-06,1.33846612788e-05,0.0
2.53131012888,2.52769587768,2.52736866132,2.5197031506,2.54120554032,2.5413827682,2.54181702804,2.5454410461599997,2.5516922676,2.5468366850399997,2.5450404552,2.54668625484,2.2667745730799997,2.25837605256,2.18437627152,2.1345822556800003,2.53558097232,2.4361929416400003,2.43283331748,2.46920797788,2.55799188192,2.4861318907200003,2.55168161724,2.51539201248,2.4836160990000002,2.47699849536,2.47920400332,2.467537491,2.5520998770000003,2.55548531724,2.5684339954800004,2.570007942,2.5530751947600003,2.55872435184,2.56113187308,2.55934624452,2.43026486292,2.29920231804,2.35149995376,2.2624780608000004,2.4399550218,2.18491624968,2.55933240396,2.55724733832,2.5804703256,2.55915900432,2.5602518196,2.54471372964,2.5809721686000002,2.5597815841200005,2.56319102448,2.55062070396,2.54993549808,2.544103518,2.52776915412,2.54325276528,0.0,7.2098942088e-06,1.464874809e-05,0.0
2.52810967116,2.52640271784,2.52937991064,2.52712983804,2.54209580244,2.54318071584,2.54346876636,2.5475337192,2.55268383084,2.55037147572,2.54863266948,2.54755575612,2.25796014864,2.270346321,2.1719349332399998,2.1650824818,2.5328668974,2.45091193548,2.4506457746400003,2.44445457804,2.56606097748,2.5054274964,2.539040916,2.51162055804,2.46259312272,2.47246752792,2.47010943024,2.46824713872,2.54800753752,2.55445905444,2.5624368612,2.56209737484,2.54589263124,2.54873819148,2.55322218936,2.55054399192,2.39516500644,2.29379389836,2.33638881072,2.3036906349599997,2.4378523364399998,2.15876863428,2.57557734408,2.55166070916,2.56586995812,2.554606638,2.55314793132,2.53853254536,2.5702510843199997,2.5590163287600003,2.5541148564,2.55765048144,2.53937102808,2.5368958746,2.5277817186,2.54685621888,0.0,8.642220388800001e-06,1.34239341132e-05,0.0
2.5294003279200004,2.52822800304,2.52651525828,2.5278584306400003,2.5444047710400004,2.54686382628,2.54556256824,2.55030099684,2.54610765072,2.5472382576,2.54875011792,2.5516561938,2.255873856,2.28469490808,2.17963784292,2.17763724396,2.54647668324,2.45626523832,2.4669545678400002,2.44332132084,2.5652485562400003,2.540875281,2.54211052644,2.5256327508000003,2.4492418903199997,2.4501388764,2.46076023012,2.4510262428000003,2.5469724403200003,2.54970359508,2.55538249464,2.5532881528800004,2.54537783112,2.55231543636,2.54572728072,2.54803026156,2.364817959,2.2933430494800002,2.3655987236400002,2.25659523384,2.46946834728,2.14997114244,2.5653141762000002,2.54219317716,2.55439480872,2.55544143972,2.5524907992,2.53248893232,2.57635403508,2.55283700952,2.54489458944,2.5291125227999998,2.53787325372,2.53258881012,2.52377831208,2.54690088168,0.0,1.0974778800000001e-05,9.719321725200002e-06,0.0
2.5279598299200003,2.52956003424,2.52457296636,2.5313268160800004,2.54627957796,2.5478198065199997,2.54660993544,2.55168451296,2.54720115312,2.5471571774400004,2.54805401628,2.55099749112,2.25944899044,2.27659906392,2.17579414272,2.1913540242000003,2.54519250504,2.46538813056,2.4518715476399997,2.4695724950400004,2.54520433332,2.5048360824,2.5259559426,2.5491019233600003,2.46655770696,2.46522498864,2.46694543896,2.46244907292,2.5466586718800004,2.54219587656,2.54815772232,2.5479619912800002,2.54494833204,2.55401625468,2.544200451,2.54801038416,2.41294497264,2.3690340291600003,2.34845404896,2.22646875192,2.45393462544,2.1303387498000004,2.56437517764,2.54874334488,2.55636561612,2.55128397108,2.5492701696,2.52772262628,2.56718328984,2.5251007726799997,2.5356349603200004,2.51675133216,2.53661410632,2.52618264312,2.52140485236,2.54382857184,0.0,7.0064021484e-06,8.1975482268e-06,0.0
2.5239976506,2.53333026168,2.53020509268,2.5241495532,2.5476618180000004,2.5469439739200004,2.54984381664,2.5502095608000004,2.5469177652000003,2.54896062204,2.5485300432,2.5500326274000003,2.259907005,2.27527630884,2.1583258345200003,2.19102636612,2.53332348864,2.4805724028,2.4450615504,2.47114688328,2.5268944503600004,2.5187593422,2.55442366776,2.5455921143999998,2.4656002543200004,2.4955688458800003,2.4430804362,2.46680511924,2.54113187124,2.54230076052,2.54427058632,2.54453085756,2.5510343501999997,2.55157369032,2.54589704844,2.55164304036,2.41017617352,2.38809694656,2.25748898064,2.19877305516,2.4048785274,2.12489347104,2.5619112634800003,2.54085029928,2.56217163288,2.5518375444,2.54781529116,2.5167350866800002,2.5534413806400003,2.52260711604,2.5368995556000002,2.51722397256,2.54682996108,2.5482251582399997,2.52999390144,2.54583422604,0.0,5.0391201648e-06,5.6997973332e-06,0.0
2.52830667828,2.53214679564,2.52709769064,2.53063110708,2.54869794588,2.54829652056,2.5503837948,2.55006717972,2.54789293572,2.548919493,2.5493422190399997,2.54978163228,2.2648645758,2.27388901356,2.1550779164400002,2.19609902952,2.5349357666400003,2.47710092532,2.4318200118,2.45630165568,2.54050340184,2.54738373072,2.5513104252,2.5552046778,2.4607839357600003,2.4715127256,2.45967644556,2.45996557584,2.5359531459599998,2.54069986908,2.54536507032,2.5467467704800004,2.54998953516,2.54986977996,2.54836749024,2.54977559544,2.40111718344,2.36098839384,2.29303541604,2.18825202096,2.39080110732,2.12279991456,2.5530233172,2.5343641809600004,2.55633857304,2.54164922352,2.54499932616,2.52648679188,2.5772882728799997,2.53406430216,2.55342596952,2.53701067272,2.54773921716,2.54861951604,2.5216945716,2.54809794288,0.0,3.53969730576e-06,3.9039665626800004e-06,0.0
2.53094831112,2.5273161948,2.52586696056,2.52819649368,2.54886103872,2.54864719716,2.54955979068,2.548772253,2.5487639584800004,2.54839546584,2.54947856328,2.54940558132,2.28125920992,2.2725004912799998,2.1816815832,2.17910331264,2.52944027904,2.47225589496,2.45511347796,2.4539319751199997,2.5497289694400003,2.54335475352,2.54862486576,2.5647599648400004,2.45766534348,2.47879948596,2.46530724672,2.4632112853200003,2.53872955248,2.54157202068,2.5457739558,2.5472281962,2.55184083276,2.54971218408,2.55270302112,2.5539768925199997,2.40564746376,2.35230408048,2.33940620004,2.1748809602400003,2.43435921468,2.13538034556,2.54966413476,2.51868744,2.56670750832,2.54965426968,2.54404305144,2.51964626688,2.59217006508,2.54365939308,2.57094041292,2.5318616408400003,2.54319838464,2.55139474464,2.52124480248,2.5477545792,0.0,2.23298456364e-06,2.4167627586e-06,0.0
2.5248910047599997,2.53382847276,2.53004278512,2.53193378844,2.54901770208,2.5485309757200003,2.54968788948,2.54901883092,2.54962187688,2.5487705352,2.54931841524,2.5493165502000004,2.30513491212,2.2577625034800004,2.19655297044,2.168890599,2.5064270106,2.4572369732399997,2.47236956424,2.4702256026000002,2.5431767403600003,2.5079446132800003,2.5581508520400003,2.5613418864,2.47352318964,2.4744505071600003,2.44509624996,2.47088631756,2.5382822373600002,2.5396436184,2.54863011732,2.5502039166,2.5603514520000004,2.55412820616,2.55794294916,2.55896332236,2.4325274509200003,2.4026507861999997,2.359794621,2.18113193628,2.4572786421600004,2.13053639496,2.55239700732,2.53910314944,2.57290631232,2.55384265872,2.54775448104,2.5197707828400002,2.5697727506400003,2.54457036696,2.5551769476,2.54555599152,2.55941932464,2.562631218,2.5295908074,2.548488816,0.0,1.4038907004e-06,1.50744738996e-06,0.0
2.5323043915200003,2.53552889844,2.52993628152,2.53209717576,2.5489739718,2.54856915996,2.54917662312,2.5490098002,2.55132730872,2.5490215794,2.5498932402000003,2.54909627916,2.2987764999599998,2.2680749476799997,2.21350044168,2.18638354536,2.52549032064,2.44385825604,2.45642312868,2.4617887996800003,2.54191881996,2.51412780984,2.55350533188,2.53883399472,2.4634262557200004,2.4738119272800003,2.462320287,2.47137986604,2.53923586176,2.55023792904,2.55009775656,2.55740360904,2.55663251316,2.55743227176,2.55974030784,2.5594907360400003,2.4148314606,2.3820285972,2.3692373676000003,2.20248963816,2.45286360168,2.12760587724,2.5508765579999997,2.53108784556,2.5755946693200005,2.5558238710800003,2.54591967432,2.5341021919199997,2.56188392592,2.5561577132399997,2.55657945768,2.5492917648,2.55693715272,2.55511599024,2.52738274728,2.5502277204,0.0,9.413646086399999e-07,1.00356295644e-06,0.0
2.53675972668,2.53077599124,2.52994226928,2.52860425032,2.5490009658,2.54867497644,2.5487989034400003,2.54915208312,2.55210095676,2.54953215864,2.5500354740400004,2.54999449224,2.2867111635599997,2.2709031336,2.2341329865599997,2.1918509101200003,2.52942913788,2.4650803008,2.4518414125200003,2.44358188656,2.5572748722000003,2.512722993,2.54138664552,2.5546105644,2.46108832992,2.47492300032,2.4708012619199997,2.45573168964,2.54362528248,2.54706338556,2.5561389156,2.55834349104,2.5591742682,2.55776267832,2.55770962284,2.5592597655600002,2.40520633272,2.35149558564,2.36711593368,2.22332360736,2.44797704964,2.1304077072000003,2.55124770096,2.53463421912,2.56041388176,2.55519893544,2.5478056224,2.53236986424,2.5649572664400004,2.55951871164,2.55946467456,2.55065707224,2.55127690356,2.5449217797599997,2.52135454536,2.55301089996,0.0,7.0115560392e-07,8.955638397600001e-07,0.0
2.5311451710000004,2.53568168448,2.53263067536,2.52767639292,2.5487864371200004,2.549020107,2.54888229036,2.54985834432,2.55390189828,2.5495553244,2.55023542596,2.5510098102,2.2871768346,2.2788552715200003,2.23779558156,2.1840440489999997,2.5324281222000002,2.46997755228,2.47080685704,2.45525389584,2.5619656441200003,2.52681464628,2.54519883636,2.52440997168,2.46316245072,2.46492535524,2.46177319224,2.4662548342800004,2.5461234054,2.55197658804,2.55271759788,2.55884072052,2.5534563991200003,2.55856901364,2.5616932992000003,2.56172583924,2.40361506096,2.34127325232,2.3475933330000003,2.2083192133200003,2.4091951134,2.12830943904,2.56096966368,2.53010472408,2.56352589732,2.5484726686799997,2.54857554036,2.5487122772400004,2.55289968468,2.55456398748,2.54836174788,2.54294066556,2.54749229568,2.5447126008,2.53020435648,2.55067444656,0.0,6.076194798e-07,1.78132679616e-06,0.0
2.53277222208,2.5359277225200003,2.52970045212,2.5334976244800003,2.54888042532,2.54930693052,2.54869843668,2.55089506116,2.55223685928,2.55106811724,2.55124843716,2.5516027456800003,2.27877124656,2.27404287936,2.24180904948,2.1986708706000004,2.53769916696,2.46598759368,2.4963862242,2.47254728292,2.5642148332800003,2.52281143608,2.52533473704,2.54057034696,2.45748924444,2.4723836992800003,2.4645717338399997,2.46619628184,2.5456972928400003,2.55143224176,2.5546351044000004,2.56119371388,2.5472968100399997,2.55407318748,2.5496979018,2.5566597525600003,2.43347803236,2.3628823419600002,2.36081759544,2.1991794866400003,2.3454258129600003,2.1271404025200003,2.55682225644,2.53392820332,2.55288584412,2.54990050404,2.54947812156,2.5430792184,2.5575036831599998,2.55426950748,2.5541277644400004,2.54796567228,2.5452197444399998,2.53540330272,2.52333094788,2.55235308072,0.0,7.7464696524e-07,2.3328893576400003e-06,0.0
2.5323908214,2.53334680164,2.53286532684,2.5423571534400002,2.54951890704,2.54911689276,2.5494594220800004,2.551526868,2.55223749732,2.55134463396,2.55140475696,2.55236152248,2.28066642168,2.27304233448,2.23780912764,2.21231108604,2.5336201281600004,2.4576194536800005,2.47932891192,2.47201437228,2.55319333032,2.51733862344,2.54348564988,2.53530548628,2.4641024308799997,2.46676958532,2.46283420368,2.46308338284,2.54773632144,2.55181737252,2.5518165381599998,2.5544358396,2.54375740584,2.54782579428,2.5460777610000003,2.54628468228,2.4356435892,2.3894013948,2.28527748768,2.19375187668,2.39707269696,2.13017442996,2.55405257388,2.5343984388,2.55759129096,2.5524225289199998,2.54941313964,2.54062433496,2.5627789978799997,2.5463321426400003,2.5509463988400003,2.5274399254800004,2.5410340548000003,2.5467879976799996,2.52332913192,2.54925721248,0.0,8.758728946799999e-07,2.8799245836e-06,0.0
2.5341014557199997,2.53634539332,2.53420413108,2.52601812696,2.54981525208,2.54994840612,2.55057378348,2.5517688324,2.5502608494,2.5516975191599998,2.5518215934,2.55256917996,2.28384484248,2.27771857872,2.23004810724,2.2167346173599998,2.51809681128,2.46306645024,2.4691350450000003,2.4908409694800002,2.53392854688,2.50250679468,2.54815394316,2.53753617228,2.47935993048,2.49341550996,2.47447480176,2.4741468982800003,2.54719634328,2.54663879448,2.5479316598399997,2.54825072892,2.5479884453999997,2.54729577936,2.54360157684,2.54505184176,2.4142780345199997,2.4037122393600003,2.22292684464,2.1754298218800003,2.3972361824400004,2.14211142216,2.53758628296,2.52781366968,2.5617301092,2.55579506112,2.55285296052,2.51023188852,2.57344270764,2.5319283405600004,2.55020106996,2.53823335368,2.54622313596,2.5474947006,2.5356676476,2.5482858211200003,0.0,9.8127523764e-07,3.57174207948e-06,0.0
2.53789799004,2.5357749855600002,2.532183213,2.5355104443600003,2.5502432296800004,2.5511663263199997,2.55049903464,2.55244888488,2.55014565864,2.55175523724,2.55083268048,2.55187028076,2.28633668316,2.2688477122800004,2.22517927308,2.2086787734,2.5135317332400002,2.4370234734,2.44697130228,2.4885023074799997,2.54016008724,2.4898089152400003,2.54328329304,2.5308512799600003,2.4837852777600005,2.4995234668800004,2.4832648825200003,2.48201260632,2.54187263568,2.54365281636,2.54211494364,2.5442686722,2.5522952154,2.55031596624,2.5489297998,2.55075454512,2.40043001436,2.37863633484,2.26350957516,2.17538864376,2.42116690332,2.18084908824,2.52719972796,2.51291131296,2.56988367144,2.53345644636,2.5538672478,2.53138502496,2.5721096457600003,2.54491225824,2.55667472196,2.54985191484,2.54870373732,2.5466922426000003,2.53564448184,2.5485462886800003,0.0,1.35494748636e-06,4.17624826764e-06,0.0
2.53615633716,2.53599731796,2.53558607664,2.54203769172,2.5503968009999998,2.5518059859599997,2.5513776648,2.55123832668,2.54955714036,2.5509271104,2.55089403048,2.5511283384000003,2.3108167074000003,2.2715588424,2.2262082352799997,2.1789685389600004,2.53964612148,2.4209950251600003,2.42932498092,2.47417934016,2.55563211552,2.47630205016,2.53301688588,2.52113422524,2.47086099228,2.4664835961600002,2.4808609932,2.47562803452,2.54150905104,2.54347985844,2.5455679179599997,2.54940533592,2.55004632072,2.55309674088,2.55228839328,2.55426911484,2.39717718828,2.34197077728,2.30204993964,2.1900326433600004,2.42792664264,2.18010233604,2.55176947044,2.531980758,2.56647162984,2.5552028127599997,2.55063297396,2.5407860044799997,2.55801063048,2.55279750012,2.54677631664,2.54222861292,2.54889524748,2.53198213224,2.5262992081199998,2.54841872976,0.0,2.15484630792e-06,4.27369709844e-06,0.0
2.53607285208,2.5398129444,2.53566013836,2.534226168,2.5513438977600003,2.5515015918,2.5514646836400003,2.5510944732,2.5508862758400004,2.5501729961999997,2.55131513688,2.55075734268,2.31011373456,2.27502570636,2.23916520804,2.18765236152,2.53665479364,2.45241290004,2.4479620802400004,2.4629361919200004,2.55218493264,2.48121574344,2.5271380344,2.5071557013600003,2.48358365712,2.47679167224,2.4742542853200002,2.4707598384,2.54236898172,2.54597307336,2.5502122602,2.55314267976,2.53767678648,2.5465932973200003,2.54399613096,2.5444839370800003,2.39271125184,2.3348870118,2.3049209233199996,2.1928411482,2.42753920512,2.16142867212,2.555191917,2.53851566184,2.5536450626400002,2.54927885676,2.5474458660000003,2.53925372688,2.53849740408,2.54873720988,2.53468977768,2.53220706588,2.53882417872,2.5288646197199998,2.5256007997200003,2.55014374452,0.0,1.97399494968e-06,3.3748524570000003e-06,0.0
2.53719221964,2.5415916036,2.53348466736,2.5387555157999997,2.5514345975999997,2.55053869128,2.55113211756,2.5504341018,2.5492443044399997,2.55093295092,2.55035390508,2.55043547604,2.29283899788,2.27914479444,2.24995618224,2.18366780172,2.53544060352,2.4715056090000003,2.49602543712,2.45986265508,2.55137069544,2.48337663768,2.52115159956,2.5075878998400003,2.4994271719200003,2.49643716924,2.4602809639200003,2.45536653444,2.54456796204,2.5465391129999997,2.5471309687200003,2.54627270676,2.529260499,2.52918059676,2.53567604028,2.53357605432,2.3517974767200003,2.3089082316000002,2.37413883996,2.1889620122399998,2.41003349796,2.15627674452,2.52858427476,2.53513724004,2.53361271708,2.5509020305199996,2.5435859694,2.5189858464,2.53508712936,2.53978359456,2.5251263924400003,2.53491986472,2.52638578524,2.50988965368,2.53345251996,2.5500870080399998,0.0,1.5482957905200001e-06,2.7462294365999997e-06,0.0
2.5372059620400003,2.5305643092,2.5341208914,2.5420979128799996,2.5513570511999997,2.5507698580800002,2.5506314524800002,2.5505241636,2.54495255292,2.55104863248,2.5503774634800003,2.55070252032,2.3041148824800004,2.28668107752,2.2587138702,2.1458699194800004,2.5502945673600004,2.4600108766799997,2.4729765366,2.45981529288,2.54404540728,2.51713926048,2.50568678604,2.5210011693600003,2.4884412028800003,2.48396466516,2.48414631024,2.4679781803200003,2.540034786,2.54036151156,2.5406412675600003,2.53836822552,2.5278815473200003,2.5315503264,2.52456859824,2.5249014588,2.3711972301600004,2.3069401236000004,2.34009920964,2.20827931128,2.4281773432800002,2.15576484012,2.5282808131200003,2.5370596545599997,2.5403967510000003,2.54321085096,2.53856469276,2.51538175476,2.55508055448,2.53680620544,2.52529738716,2.5070577867600004,2.5197105126,2.52194694096,2.53467790032,2.5476307012799997,0.0,1.32352362372e-06,2.84876624376e-06,0.0
2.53590676536,2.53666706364,2.53708105344,2.53236019548,2.55080176008,2.5508272326,2.5502915244,2.5503768254400003,2.54188024308,2.55039572124,2.5487489400000003,2.54930118816,2.29543267956,2.30111427852,2.2529185038,2.1735625242,2.53438479456,2.45219645724,2.4352286178,2.45990216448,2.5307271566400003,2.5302742464000003,2.51885215248,2.54446710264,2.47882554744,2.4902967213600005,2.4915039911999997,2.47479926964,2.53825038444,2.5337594172,2.53126379736,2.5283831940000003,2.52726897984,2.52999684624,2.5248353971200004,2.5268473335599997,2.4399456966,2.32632677268,2.28975309288,2.23017061092,2.4106397831999997,2.15008917984,2.54254959612,2.5352220502800002,2.55572620188,2.53805185584,2.53409797104,2.52357207792,2.56499962248,2.5205138049599998,2.52291484764,2.5057108352400004,2.527612638,2.53126119612,2.5361397972,2.5437650132400003,0.0,1.15624342536e-06,2.5178685892800002e-06,0.0
2.53928317488,2.53855433688,2.53716252624,2.52901652232,2.55055689996,2.55064553844,2.5499224428000002,2.5481267528400005,2.54082148932,2.54775742584,2.5477638062400003,2.54693381436,2.29286147652,2.2946573628,2.24521505424,2.16348527136,2.51369408988,2.45133853884,2.44581105108,2.4714254122800003,2.51515534872,2.5014949614,2.53301943804,2.5455162858000002,2.48693788248,2.50078973088,2.48640742584,2.48279342004,2.53167960312,2.5259771451599997,2.5309706916000003,2.52682843776,2.541066693,2.54320672824,2.53329001608,2.53424496564,2.42172739692,2.325511014,2.28574477836,2.2218268146000004,2.43306389532,2.16379894164,2.54773376928,2.52722549496,2.5608785712,2.5430709238800002,2.5401695106,2.5199344155600003,2.55393267144,2.52019620828,2.5330595364,2.51456467092,2.5329630451200003,2.5404912299999998,2.54137697676,2.5454996476800003,0.0,1.37907163152e-06,1.8698696192400001e-06,0.0
2.5400599640399997,2.5346006484,2.5347507350400003,2.5364202403200005,2.5497820249200003,2.54984376756,2.54954040408,2.54522185488,2.54258208708,2.5475766642,2.5462804614000003,2.54304432252,2.28398334624,2.2918032626400002,2.2423005856800002,2.1578347891200003,2.5203887000400003,2.4523025682,2.46719481444,2.49439033692,2.52670426536,2.4963132913200003,2.53900881768,2.5193600814,2.46854294388,2.48744183592,2.48268372624,2.48876218608,2.53104563676,2.5313625954,2.5336376988,2.53536438228,2.5400926513199997,2.54179523652,2.5386742884,2.5407140532,2.4000248589599997,2.35300705332,2.36368946256,2.2131978144,2.4476775144,2.1837230657999998,2.53579638444,2.5214575642800003,2.55226370604,2.5328399524800003,2.5361064228,2.52304805076,2.5412478472799997,2.52633356412,2.53489822044,2.52707457396,2.5397037414000003,2.54667467196,2.53674976344,2.54351549052,0.0,1.0484184445199999e-06,1.61244261432e-06,0.0
2.5372254468000004,2.5393352978399997,2.53709867316,2.53400172516,2.54813627436,2.5458542997599998,2.5484374292400003,2.54374950396,2.54584477824,2.54489326428,2.54638200792,2.5428917328000002,2.2756307646,2.27693805948,2.24308812336,2.1771279408,2.52941195988,2.43886426788,2.47564408368,2.4712472518800004,2.53493974212,2.4936121735200003,2.5293621927600003,2.51800699488,2.45984758752,2.46163900752,2.4619223954400002,2.47243562592,2.53345163652,2.53749936228,2.53661994684,2.53879129512,2.53491471132,2.53738161936,2.5391638614,2.5377588482399998,2.40178737084,2.3808194623200003,2.40359596884,2.2677013998,2.46043507512,2.20002773628,2.5390916647200004,2.53396913604,2.5459619322,2.53762672488,2.5368786966,2.49281634132,2.53805862888,2.5274742324000004,2.5393936048800003,2.5355093646,2.5388443506,2.5306544691600004,2.5366942539600004,2.54557871556,0.0,7.3828545828e-07,1.78725085032e-06,0.0
2.53584963624,2.5402063206,2.5350227364,2.53302527856,2.5467020095199997,2.54478322692,2.5472043924000003,2.543204127,2.5449354730800002,2.5446702938400003,2.54618421552,2.5432529125200003,2.2835877123599997,2.26283310552,2.23135123032,2.19315791052,2.53075051872,2.46402596424,2.44637772876,2.4440587478399998,2.53785013704,2.4854303412000003,2.5269501561600003,2.5284139671599997,2.46816919968,2.46003232464,2.4843451824000002,2.48010894036,2.53370430036,2.53826574648,2.53909770156,2.53821004068,2.5322189432399997,2.53529802612,2.5352627376,2.53485110364,2.44680354684,2.36858440728,2.35892286204,2.26101066696,2.44733130408,2.20245930672,2.53544624772,2.5378844930400004,2.5378844930400004,2.52903929544,2.53683570252,2.5143447925199998,2.5510043132400004,2.53584183252,2.53049873832,2.53282248,2.5304104434,2.52516678528,2.52059184216,2.5417233343200003,0.0,5.8178209908e-07,1.92995880312e-06,0.0
2.53721975352,2.5347687474000002,2.53556816244,2.53190497848,2.54514749868,2.54558431068,2.54491814784,2.54357816568,2.54380221588,2.54422023024,2.5445287471199998,2.54364648504,2.28196807236,2.28514943796,2.2098737732400004,2.1899586797999997,2.51931993396,2.4754288678800003,2.46762480432,2.45698121736,2.531011428,2.51705445024,2.53210120032,2.53366709772,2.47342723824,2.4768639180000003,2.48812576572,2.47642484832,2.5356774636000003,2.5380531319200004,2.536624953,2.5361167296000002,2.5359272807999997,2.5348774596,2.53551397812,2.53383686544,2.41357113528,2.33033646144,2.3524643757600003,2.2379113122,2.4178486536,2.1899896002,2.5321640718,2.52855168564,2.54316574644,2.53822206528,2.53499471172,2.52451451208,2.55627251136,2.5353432288,2.5328906030400002,2.52431019204,2.53579098564,2.5399535586,2.5223582804399998,2.54223190128,0.0,7.0632078312e-07,2.0953313109600004e-06,0.0
2.5350173376,2.5322329310400002,2.5363839702,2.52977078376,2.5439737014,2.54459274744,2.5437702648,2.5435150978800003,2.53999596372,2.5440633214800004,2.5432372560000003,2.54324456892,2.28645329724,2.28002160864,2.2126907198400003,2.1977437494,2.5189814782799997,2.47129858956,2.47838922624,2.47039993476,2.52836547612,2.53614941688,2.53097604132,2.5365515784,2.4839282968800003,2.48976390888,2.4928716054,2.4806593725600004,2.53362783372,2.5357223227200003,2.5336884966,2.536186914,2.53652983596,2.53809156156,2.54100416508,2.53830903504,2.40171546864,2.33040900168,2.32337441436,2.22146637108,2.41495278636,2.16056668008,2.54086458156,2.5261163360400003,2.5587005480400005,2.54083832376,2.53771349832,2.53476491916,2.55423819444,2.53307975736,2.5423235827200004,2.5252583685600003,2.53104539136,2.52624998088,2.53541974452,2.5391722050000003,0.0,9.4621852248e-07,2.2453653372000002e-06,0.0
2.5372560236400004,2.5349921595600002,2.5357904948399996,2.5340326455600004,2.54393586072,2.54389851084,2.54372501304,2.5430318562000003,2.5399587610800003,2.54328432372,2.5423806136800002,2.54210979024,2.29005557292,2.28365848572,2.23515046404,2.2076408786400004,2.52106251936,2.4665161362,2.47437183192,2.4597111942,2.53117623864,2.4872112090000003,2.535424947,2.52822034656,2.46043321008,2.48900498484,2.47637792784,2.4670636236,2.53193678232,2.5389817255200002,2.53642907472,2.5408016609999997,2.5295781447600003,2.531589345,2.53563883764,2.5318782298799998,2.39015222064,2.35319228124,2.2966859373600004,2.2264325308800004,2.4360713214,2.1660438117600003,2.54981019684,2.5316500569600002,2.55961539924,2.5450465902,2.53863178512,2.5184582364,2.54443147056,2.52737597424,2.5337787547199997,2.5281452050800004,2.5273853976000002,2.531373393,2.5308926544,2.54349654564,0.0,8.9604992808e-07,1.94974044804e-06,0.0
2.53693945764,2.535296112,2.5352175349199997,2.5350397671600002,2.54378366364,2.54372064492,2.54332589448,2.54185967856,2.54112171168,2.54311691184,2.542288785,2.54160991044,2.2902035982,2.28389343168,2.23747803396,2.2014952282799998,2.53185761628,2.46841832976,2.46859526316,2.4536951641200004,2.5378890084,2.49010604556,2.5258636231200002,2.50834638216,2.47433227344,2.47638607512,2.46627029448,2.45825248752,2.536103478,2.53541969544,2.5383211578,2.53823001624,2.5295196414000003,2.5305534625200004,2.5287846684,2.5289295034799997,2.3878613134799997,2.3831062467599997,2.30996634732,2.2255917904799998,2.4487904034000003,2.17494245748,2.53958810892,2.52849048288,2.5497626874,2.5429592178,2.53439362896,2.51458611888,2.5407425196,2.5337608896000003,2.53267789032,2.52812905776,2.5262193549600003,2.525563548,2.5235535256799997,2.53912111272,0.0,1.0423288926e-06,1.5609910687200002e-06,0.0
2.53694269692,2.53506342372,2.5341572106,2.53045883628,2.5429521012,2.542431117,2.5427182840800002,2.54163518664,2.53892572524,2.54240225796,2.5401429583199997,2.5416131988000004,2.29629820536,2.29468744884,2.24018538492,2.20121184036,2.53742260116,2.45111620644,2.45795957808,2.47792124844,2.53783119216,2.50089157188,2.5230017192400003,2.5212806799600003,2.4928055928,2.48379038208,2.4775441668,2.48436638496,2.5356885066,2.5343433219600002,2.5331895002400002,2.53065687408,2.526286251,2.52634912248,2.5293962542800004,2.5269571745999997,2.4319200859200003,2.3696131240800002,2.26481471052,2.2094652804,2.4533641686000003,2.176724994,2.53579020036,2.53236107892,2.54578784544,2.53446980112,2.533519416,2.52038197608,2.54518578108,2.5355493648,2.53536870132,2.52422690328,2.52460236528,2.51531731272,2.5300498526400004,2.5408102009199998,0.0,9.599639163600001e-07,1.2202419294e-06,0.0
2.54010904404,2.53398435084,2.53351848348,2.52707712612,2.5425792895200003,2.54228127576,2.5419638754,2.5417414448400004,2.53583191836,2.54055326712,2.54055336528,2.54065235964,2.30804560152,2.2893933855600004,2.2425678753600002,2.19394539912,2.5283608135200004,2.46403376796,2.42629355472,2.47263057168,2.53372142928,2.4869803366800003,2.52120431148,2.52518214732,2.47042594716,2.50874874,2.47867835652,2.471760825,2.5339310008800005,2.53006089564,2.53174973844,2.5293112968,2.5227372762,2.5264894422,2.52880758876,2.52743776596,2.41389202032,2.3691291462,2.34271222884,2.20078911432,2.44372642716,2.17240752456,2.52968042748,2.53322979492,2.5475263572,2.53796223576,2.53662583644,2.5125200472,2.52685175076,2.5264602396,2.51954099028,2.5103699014800003,2.52089142648,2.51351180676,2.53357934268,2.53472477172,0.0,6.787916148e-07,1.05261208512e-06,0.0
2.5353189341999998,2.5336799076000003,2.53325330424,2.53287617352,2.54169005808,2.5417505246400003,2.54151935784,2.5402450447200002,2.53667025384,2.5402448484,2.53785357264,2.5391754933599997,2.32584853716,2.2759321158000003,2.24287222044,2.1823275741600003,2.5097882053200005,2.46747005508,2.45288568768,2.45392500576,2.52748556988,2.50190811684,2.52494675964,2.5073484385200002,2.4613076684400004,2.49502872048,2.48151925416,2.4842268996000003,2.53167459696,2.53170178728,2.53255764432,2.5307176351200003,2.5198803784800003,2.5208636472,2.52026835588,2.51762893164,2.40135963864,2.35689409116,2.35492765188,2.24235987432,2.4562003054800003,2.17872029232,2.54050958592,2.5322779374,2.54020715496,2.5351501971599997,2.53421409432,2.52251008488,2.5474218168,2.52452580048,2.51754171648,2.5139215266000003,2.51100185556,2.5202925523200004,2.52938481864,2.5382923969199997,0.0,5.6312482788e-07,1.10248983144e-06,0.0
2.5322583054,2.53439878236,2.53314341412,2.53766387844,2.5417253956800003,2.54023434528,2.5414411243200004,2.53871630088,2.5313259326399997,2.5392603036000003,2.5392669294,2.53732267428,2.31569148024,2.29660151976,2.2508564076,2.18870424408,2.5180172526000004,2.4610461702,2.4599028025200003,2.45762514696,2.5246869791999997,2.4836780379600003,2.52422130816,2.50496904012,2.46582096708,2.4749775772800002,2.48061235392,2.4785153127600004,2.52913873152,2.52835408956,2.5274510175600002,2.52332972088,2.5300267359600004,2.52950928552,2.52310115532,2.52836248224,2.3921636172,2.3450222772,2.3709774008399997,2.25628259424,2.42182913976,2.1517011142799998,2.53972052676,2.5264125829200004,2.5331619663600002,2.53295146224,2.5325270674800002,2.51378636028,2.56282788156,2.52264559476,2.52496491924,2.51019630552,2.5223553356400004,2.52242085744,2.5282283956800002,2.5348657785600004,0.0,5.2789962108e-07,1.1511943203599998e-06,0.0
2.5337376747600002,2.536145196,2.5321888572,2.52732095556,2.5413434551200003,2.53986781584,2.54046796608,2.5370292249600004,2.53546156068,2.5377025044,2.53756522764,2.5362318222,2.28249813636,2.29723730208,2.24927097636,2.21862979248,2.51640340404,2.45132381484,2.45558508768,2.44799570004,2.5261391091600003,2.49957681684,2.5141875402,2.5225772263199997,2.46878323956,2.4951876906,2.4729094442400004,2.49013892916,2.52372506028,2.52395907372,2.52238836648,2.52203759172,2.53181722344,2.5337044476,2.52985814616,2.5322972749200003,2.4006261871200003,2.3593086308399998,2.36324882232,2.23933203096,2.435621994,2.144191089,2.5342352968800004,2.5231697200800003,2.54794029792,2.52752704248,2.5331245674000002,2.51116651896,2.5565117763600003,2.51906619036,2.54991640596,2.5184219172,2.5286663365199997,2.51863305936,2.53235072304,2.53091125572,0.0,6.7607140488e-07,1.04988888132e-06,0.0
2.53433885568,2.53681229136,2.53378891428,2.5248258265200003,2.53926727296,2.5374594111600004,2.5384807659599997,2.5363346448,2.5349891166,2.53791315576,2.53552291068,2.5350471782399997,2.26833472812,2.29064536728,2.22300954444,2.23151309616,2.49843987864,2.4593109468,2.4563754229200003,2.4375892185600003,2.52328358568,2.48995129632,2.5197684270000003,2.52024096924,2.47471966188,2.48845543608,2.47811639052,2.47403720448,2.526585639,2.52590210184,2.52601626192,2.52787933872,2.53489080936,2.53301271408,2.53888386,2.5356858562799998,2.4488304526799998,2.37628530468,2.32352248872,2.20009944216,2.44760114592,2.14754835732,2.54447466096,2.5230146272800003,2.5555157468400003,2.5326709209600002,2.53889613,2.5150177774799998,2.5590819978,2.52332113188,2.53594013976,2.52215508924,2.53313570856,2.52735280848,2.53322081328,2.5370903786400003,0.0,6.7562796708e-07,9.8222881296e-07,0.0
2.53273025868,2.53216657488,2.5335401277600003,2.52591927984,2.5381302366,2.53629258324,2.5367812237200003,2.535923109,2.5348485024,2.53474116444,2.53518391512,2.53542705744,2.28706365612,2.2989950532,2.21870169468,2.2268397967199998,2.51244235356,2.46313580028,2.44523720772,2.43984846912,2.52442999632,2.472704388,2.5217285840400003,2.4971763631200004,2.46438046908,2.45949190476,2.48327626908,2.4899844744000004,2.52801376884,2.5325792886,2.52918408144,2.53814339004,2.5362252945600003,2.53719128712,2.5390487197200002,2.53799924208,2.4278773663199997,2.36835117912,2.3325973807200002,2.20161606324,2.4098996568,2.16070312248,2.54475721452,2.52299072532,2.55169972776,2.52784881096,2.5346442805200002,2.50956091584,2.5394259486,2.5258325064,2.5247823416400004,2.5324865274,2.53339593072,2.52733415808,2.52892788384,2.5360750116,0.0,6.1557210852e-07,8.436120708000001e-07,0.0
2.52982624416,2.5305043334399997,2.5315181790000003,2.53138016604,2.53697214492,2.53668880608,2.53546607604,2.5344406476,2.53628684088,2.5357409731200002,2.5355603587199997,2.53512266328,2.2997402839200003,2.30794268076,2.21489343024,2.2210953262800004,2.5111679913600002,2.44046884032,2.43428907936,2.4664950318,2.5464510143999997,2.47288858524,2.5070142528,2.50202767572,2.47039802064,2.48349619656,2.4682403656800003,2.46732836112,2.53086237204,2.53807467804,2.53429311312,2.5399974852000002,2.520346344,2.5302092153999998,2.53212289368,2.5298339988,2.4200334498,2.37153342816,2.31112497888,2.2103976531600003,2.40119428812,2.1529550592000004,2.5362596014800003,2.533253157,2.5445975082000003,2.5356833532,2.5339953447599997,2.51759187624,2.5284670226399997,2.52738186384,2.51244583824,2.52896695152,2.51453291616,2.5027822316400004,2.52662014224,2.5383764218800002,0.0,4.72858850172e-07,5.9271643596e-07,0.0
2.53100544024,2.5286136245999997,2.52918678084,2.52824645712,2.53647835104,2.53563883764,2.5351334118,2.53454828004,2.5351308105599997,2.5359847043999997,2.53546018644,2.535432309,2.2945240615199998,2.31390114,2.217509247,2.2253000589600003,2.51759310324,2.45454154872,2.42945955828,2.46112926264,2.5357195251599998,2.4784347724800004,2.50872709572,2.51754593736,2.45755761288,2.47871438124,2.4733892994000004,2.4759291894,2.53390896396,2.5348730914799997,2.53412275644,2.5341406706400003,2.51147542848,2.52097721832,2.51561032032,2.5170091493999998,2.42662965456,2.38995320124,2.28428621892,2.2123890250800002,2.42525350044,2.15141973864,2.53795521732,2.5341110263199997,2.54017142472,2.53199199732,2.53136936844,2.51465129712,2.53787742552,2.5322619864,2.52581945112,2.50849995348,2.4964105678800004,2.50461600768,2.5269792606,2.53632036252,0.0,3.87978249084e-07,5.048613709199999e-07,0.0
2.53073309532,2.5256889474,2.52875045964,2.5283233164000003,2.53591682676,2.53553110704,2.53437802152,2.53552963464,2.5335580910399997,2.53580835996,2.5335486676800003,2.53553105796,2.2946367001200003,2.3094704920800004,2.2382672894400004,2.2312323585600002,2.52279950964,2.45281830084,2.44945749876,2.4545016466800003,2.52480923748,2.47341398664,2.5145350756800005,2.51490577692,2.4603224856,2.50067306772,2.47326085704,2.48700492576,2.5311226923600003,2.52672654768,2.5225841466,2.5188881772000005,2.51612796708,2.52282969384,2.5109423215200004,2.51548084728,2.3920386104399998,2.3856782841600004,2.2717679232,2.20662055452,2.463771828,2.2088027494799998,2.52060823488,2.51998747104,2.5357089729599998,2.5362060552,2.5277313134400003,2.48318267352,2.54570431128,2.52321811296,2.5312924110000004,2.4989479548,2.5120502043600004,2.51041824528,2.5268013456,2.5297062435599997,0.0,3.4049421289200005e-07,6.5506187652e-07,0.0
2.5285007406,2.5289028039600003,2.5308181018800004,2.5245457269600005,2.53440697872,2.53569154956,2.53454896716,2.535087522,2.52970231716,2.5347521092800003,2.53163415504,2.53463961792,2.305909689,2.2986905118,2.2436752674,2.23821472476,2.52164338116,2.4566449212,2.46001342884,2.45783300076,2.51247567888,2.5150329432,2.51501890632,2.4936934500000003,2.47392677448,2.50470253572,2.48173844544,2.48856203784,2.5213150359600003,2.51818358472,2.51465792292,2.5127607845999997,2.51729955576,2.5222182061200003,2.51598455532,2.51700698988,2.3964624853200003,2.37374595456,2.31221092296,2.20018312356,2.43911457588,2.17196781684,2.53238851464,2.52067488552,2.5374653498399997,2.53379534376,2.52638215332,2.4983872158,2.53507858944,2.5127966130000003,2.51047763208,2.50103341308,2.512746306,2.51266684548,2.5278761976000004,2.53115160048,0.0,3.6274492046400003e-07,6.646948572e-07,0.0
2.53101982068,2.53278832032,2.52747168024,2.5256877204,2.5350926754,2.5357994273999998,2.53511363256,2.53382302488,2.52932214348,2.5310266428,2.53250478516,2.5318130516400004,2.29089994524,2.29602419172,2.238976839,2.2258543684800003,2.52431941908,2.45076577524,2.45841504048,2.44642165536,2.51808095844,2.51308559604,2.5123186719599997,2.53277654112,2.4781856424,2.4893209128,2.4862910571600003,2.47664826048,2.518940202,2.51474145708,2.5130880009600003,2.51533341096,2.51440098912,2.52453272076,2.5133507262,2.51538455232,2.37748580148,2.3314440007200004,2.3706846877200003,2.19878861352,2.44194045504,2.14099956384,2.5385861898,2.52309374424,2.52618215232,2.52369968592,2.52300196464,2.49914712144,2.52811757304,2.5242793207200003,2.5278811056,2.5069648783200003,2.5152126250799998,2.51525022036,2.52772876128,2.5213612202399998,0.0,3.58418277972e-07,5.761582182e-07,0.0
2.53083650688,2.5302100006800003,2.5280121001199998,2.53132264428,2.5346848696800004,2.535519426,2.5349520612000003,2.53091969748,2.52516069936,2.53275126492,2.5306999663200003,2.52947394792,2.275762299,2.2958822032799997,2.23781801112,2.217119061,2.51946025368,2.44753851984,2.4582842422800004,2.4404759569200003,2.5188417475200002,2.48536717524,2.5306921626,2.53528349844,2.4672355999200004,2.48443053252,2.4784947482399997,2.47159022292,2.51572502028,2.5171213462799997,2.51293570572,2.51207435172,2.53913676924,2.52968096736,2.52677660928,2.53145035044,2.37080542452,2.32286383512,2.37159978432,2.2025046075600003,2.47573272216,2.1573771672,2.53594067964,2.5247834214,2.54447755668,2.52792248004,2.5244036894399997,2.51273118936,2.54831001756,2.51491397328,2.51722225476,2.50551049068,2.53036931436,2.54100450864,2.5250685762,2.527910799,0.0,2.7866387674800004e-07,5.9230863024e-07,0.0
2.52589719384,2.5300443556800003,2.5294914204000003,2.52872469264,2.53401522216,2.5342643522399997,2.5342637632800002,2.52959905284,2.5283554638,2.5303976826,2.52927262176,2.52901598244,2.26787769516,2.3106490010400003,2.23316777928,2.22146691096,2.5141585830000004,2.4488519006400002,2.45942731548,2.4676951850399997,2.51842554912,2.47185167208,2.52847654416,2.5070061546,2.4718636966800003,2.45934000216,2.4684525876000003,2.47698013944,2.5176733490400003,2.51976479508,2.5235222126399997,2.52787894608,2.5461088286400004,2.54353904892,2.5427422842,2.5499343692400003,2.3969208434400002,2.3349622514400004,2.36197578528,2.20705221312,2.41450694364,2.16681667452,2.53806265344,2.53268858976,2.5519680972,2.5326169820400004,2.52399082848,2.5189231221600004,2.54958226932,2.52034295748,2.5439510264400003,2.52636031272,2.5443498996000002,2.54539976988,2.52745661268,2.53020705588,0.0,2.1410962514400001e-07,4.80792877572e-07,0.0
2.5301113008,2.5316701306800002,2.5266743756400003,2.52588163548,2.53256058912,2.5315784492400004,2.53135788372,2.52765818424,2.53270660212,2.5298709069600003,2.5296106847999997,2.52793813656,2.252648073,2.29934833104,2.2320077244000003,2.18697726612,2.52104710824,2.4300092052,2.4807617534400004,2.45620109076,2.5326616939199997,2.43189593856,2.5220805858000004,2.49177265512,2.46784016736,2.47579294332,2.467181661,2.46642695784,2.52367337904,2.53323421212,2.53381836228,2.5395792745200003,2.53206694248,2.5345099485600002,2.54347230012,2.54276613708,2.41448848956,2.35512819276,2.3456132985600004,2.21133532656,2.4506940202800003,2.15551816404,2.53397227716,2.52392996928,2.54603982216,2.53523029572,2.52239244012,2.50559451564,2.5388222155199998,2.5283770099200003,2.5368084140400002,2.526610179,2.53493846604,2.52600590604,2.5270160705999998,2.53754628276,0.0,1.70720254824e-07,3.64492212636e-07,0.0
2.53185997212,2.53170139464,2.52600212688,2.52586308324,2.53168451112,2.53095110868,2.52876817752,2.52774353436,2.53432511328,2.53108681488,2.53146208056,2.5301081106,2.25233023092,2.29952580432,2.2370489766,2.1701541145200003,2.52622205436,2.44259739084,2.47792861044,2.46102158112,2.5422736192800004,2.5059847997999998,2.5002636914400003,2.53102355076,2.48193972252,2.47971688932,2.48794927404,2.4737747246399997,2.53076377032,2.53966683324,2.53699212048,2.5424730804,2.5260975383999997,2.52830682552,2.529434733,2.5278469950000004,2.43998240844,2.39515862604,2.34467228772,2.21850223356,2.44850387436,2.1569958156,2.52705292968,2.52335980692,2.5423377668400002,2.53368422664,2.52883124532,2.512996614,2.54439107772,2.5314035772,2.53952366688,2.51357811384,2.5309203846000004,2.50323843024,2.52476653788,2.5383322008,0.0,1.4892189798e-07,3.03995694204e-07,0.0
2.5300892148000003,2.53009790196,2.52718451316,2.52188490384,2.5306456347600004,2.5298777290800003,2.52778623396,2.53023355908,2.53244981556,2.53168205712,2.52907605636,2.53176912504,2.25967343328,2.30915220828,2.23388420004,2.19503899968,2.52114404124,2.45269270512,2.46899300748,2.4531274066799997,2.52893053416,2.49699044808,2.5206037686,2.52509831868,2.4694141629599997,2.4758549313600002,2.474411145,2.4786420864,2.53398341832,2.53516708068,2.53201565388,2.5310980542,2.5192312464000004,2.52442430304,2.52433011852,2.5231262352000003,2.44023831156,2.39362183308,2.30983550004,2.21449043436,2.4002864553600003,2.1718579758,2.5265252706,2.51134782048,2.5471336190400002,2.52733621944,2.53384879188,2.51197236348,2.55965373072,2.51893622652,2.51641297464,2.5040501152799997,2.52665469456,2.52416123424,2.5269451500000004,2.53219111488,0.0,1.9543194648e-07,3.7813560846e-07,0.0
2.5288636872000003,2.5276135705200002,2.5265535897599998,2.5245986842800003,2.52914648616,2.53004685876,2.5290683508000003,2.53216912704,2.5285130596800003,2.5318116774000003,2.5297198878,2.5319675064,2.2792612612800003,2.2912728060000003,2.236488483,2.21824922616,2.5110472545599998,2.45662533828,2.4556341186,2.4675884360399998,2.5256668614,2.49820331304,2.51995286964,2.50563088392,2.4609745134,2.46433875108,2.45999374776,2.48687334228,2.5293301926,2.52367514592,2.5286330111999997,2.5275018153600004,2.52751060068,2.5238386314,2.52061122876,2.5211355013200003,2.41955531244,2.38712545704,2.3068240494,2.21998984836,2.42099227668,2.18325135792,2.52963983832,2.52051998904,2.54604399396,2.5326155096400003,2.53176711276,2.51616477708,2.53195926096,2.5139441034,2.51887139184,2.51413634976,2.52757985256,2.52107827404,2.52393738036,2.52833700972,0.0,3.3021001914e-07,5.095971491999999e-07,0.0
2.52927924756,2.52557625972,2.52549130224,2.52424727148,2.52993186432,2.53055802696,2.53026079848,2.5322186487600002,2.52591540252,2.5317038486400003,2.53003797528,2.53099125612,2.29311782136,2.2868430906,2.23466938188,2.18917688448,2.52232780176,2.4653671734000002,2.45080361592,2.46990815316,2.5362170982000003,2.5040269004400004,2.51524285836,2.528168469,2.4725402154,2.48837867496,2.47612212288,2.4816798930000004,2.52732198624,2.52350999172,2.52621915864,2.52292461456,2.5235920044,2.5231385052,2.5242711243600002,2.5209225432,2.39434306368,2.3662839786000003,2.32315998384,2.2251802056,2.45853234168,2.1906720576,2.53361453304,2.52366901092,2.53014457704,2.52697695384,2.52746201148,2.5190444970000003,2.52621209112,2.52562754832,2.52246713988,2.51764625688,2.51750466108,2.51186865744,2.52436638864,2.52767457696,0.0,3.6483725976000003e-07,6.096272444399999e-07,0.0
2.5281452050800004,2.52579172092,2.52514357044,2.52394326996,2.5305913032,2.5312113799200002,2.5318025976,2.53080342696,2.5284337954800002,2.53104018888,2.53018703124,2.52952219356,2.32089656148,2.290528017,2.2367329014,2.16438009792,2.51670284112,2.44698244344,2.46500093844,2.45724899784,2.52781666356,2.50392928032,2.5258793778000004,2.52750824484,2.47804385028,2.4910355226,2.47960189488,2.48134865208,2.52595353768,2.5217679461999998,2.524972134,2.52339460464,2.52948106452,2.52801686088,2.5250281342800003,2.52630004248,2.39929194732,2.35533432876,2.38441231464,2.22503429076,2.45900552196,2.23165748952,2.5347849438,2.52196294104,2.5355775858,2.52977578992,2.52426626544,2.50560683472,2.53620399384,2.52447333396,2.51935870716,2.50919914716,2.5208042604000003,2.52583530396,2.52560187948,2.5255354742400002,0.0,3.76193287092e-07,6.4854464148e-07,0.0
2.525096061,2.52778068792,2.5245225612,2.5245060703199997,2.53097182044,2.53114585812,2.5312938834,2.5286516616,2.52846697356,2.5296421450800004,2.52987768,2.5284714889199997,2.3171068002,2.2873579398,2.2486642494000004,2.14380855948,2.51297487156,2.45090094156,2.4755845987200003,2.4412045986,2.5161830839199997,2.50249467192,2.5270029171600004,2.5231254499199998,2.4682704026400004,2.47094913996,2.4758447718000003,2.4845831222399997,2.5245588313200003,2.52444668352,2.5253623690800002,2.52534175548,2.5321657896,2.53151012988,2.52876763764,2.53201540848,2.3950060363200003,2.35104179196,2.36693325792,2.24235270864,2.41373241216,2.2186987008,2.53691349432,2.52303209976,2.53349664288,2.5289153684400003,2.5277819149200003,2.5135431198,2.54293089864,2.514129135,2.5388244732,2.52236176512,2.5273539373200005,2.52745126296,2.52451088016,2.5280842477200003,0.0,4.20329777712e-07,6.885177002400001e-07,0.0
2.52768738684,2.52697037712,2.52526705572,2.52443392272,2.53065810108,2.5303790322,2.5300555459200003,2.52817008864,2.52966266052,2.5287562020000003,2.5294699724400003,2.5287993924,2.3111559974399998,2.29303664304,2.25832942656,2.17883675916,2.5215519942,2.46752355228,2.4520500516,2.4527135150399997,2.52258188892,2.50533075972,2.52655516032,2.52812341356,2.4678095414400003,2.46529384788,2.47028086668,2.46886692096,2.5240727920799997,2.52663854724,2.5274674102800003,2.52737401104,2.5328259156,2.53311975756,2.53402086636,2.5359704712,2.39802219864,2.34630076212,2.377038879,2.2536578940000003,2.40430350612,2.19430967088,2.52536766972,2.5227394847999998,2.5395007956,2.53656276864,2.5280193639600004,2.5130640989999997,2.55053574648,2.52778535052,2.55078566184,2.51787330096,2.5301300984400004,2.52481782648,2.52039012336,2.52976170396,0.0,4.1528450586e-07,6.9263502144e-07,0.0
2.52714573996,2.52665268228,2.52455897856,2.5273888332,2.530002834,2.52975026832,2.5289871724800004,2.5285056486,2.5311024714,2.5286204958000003,2.52887541732,2.52881210412,2.31451738848,2.3026762986000002,2.25862513356,2.1996895750800003,2.52733700472,2.4364193476800002,2.4695618446800003,2.4650999328,2.52328545072,2.49031571532,2.5231762968000004,2.5318697390400002,2.46450056784,2.4807627350400003,2.4773879451600003,2.4735982820399998,2.52439750536,2.5287493307999998,2.53141623984,2.5322050536,2.52743933652,2.53266527676,2.53305865296,2.53435343244,2.43408402312,2.35745517372,2.33801507652,2.23809138672,2.4244635578400002,2.16094346724,2.53090011456,2.53023709284,2.539445826,2.54023090968,2.53096686336,2.51470562868,2.55816032448,2.52658372488,2.53312152444,2.51662357692,2.52614450796,2.5271956543200003,2.5228042704000004,2.5309516976400004,0.0,3.52801572588e-07,5.688494699999999e-07,0.0
2.52591211416,2.52487804764,2.52485345856,2.52646971204,2.52923085468,2.52921912456,2.5286919072,2.5288894542,2.53064165928,2.52939075732,2.52961775232,2.52941809488,2.31003334152,2.3043640125600002,2.2547565497999997,2.20499374884,2.52706186224,2.4444016207200003,2.44716924192,2.46996592032,2.5246339728000002,2.5050655314,2.5307300032800004,2.52287082288,2.4793253290800004,2.4800805721200003,2.47909008864,2.47127238084,2.5279114861200003,2.5333975503599997,2.5334720538,2.53466754444,2.5388361542399998,2.53626122112,2.5357338565200003,2.54149157856,2.4230179064399997,2.3758994868000003,2.32864644072,2.2381634361600002,2.45629733664,2.16100609332,2.5297116914399997,2.5260224460000003,2.5471128582,2.5334970846,2.5331712915600004,2.51922555312,2.57076239976,2.53103513364,2.54804474016,2.5208806288799996,2.54171827908,2.5308869611200002,2.52317050536,2.5318295425199997,0.0,3.21739782924e-07,4.42479944904e-07,0.0
2.5274062566000004,2.5237964226,2.52655015416,2.52453046308,2.52912739404,2.52900371244,2.52842181996,2.52952292976,2.53050384264,2.52945112572,2.5297534585199997,2.5301640618000003,2.30363915004,2.3103693432,2.24593064064,2.21067196128,2.5214491716,2.45449506996,2.46397374312,2.4832617904800003,2.52383117124,2.5004743428,2.52668909964,2.52724228032,2.47381241808,2.48628320436,2.4716021493600002,2.46469791852,2.52854314572,2.53025539968,2.53877917236,2.53606195632,2.53338184476,2.5321148445599997,2.54199214548,2.5403251432800005,2.4405393192,2.4085084842,2.33120130012,2.2317641403599997,2.4486488075999997,2.17273248324,2.53872965064,2.52190507572,2.5565016168,2.5337074905600003,2.53475976576,2.5216535898,2.57334209364,2.53247465004,2.54502759624,2.52942005808,2.5297078632,2.531774622,2.52350248248,2.52987753276,0.0,2.92172346744e-07,4.1473644422399997e-07,0.0
2.5265834304,2.5227490554,2.52547677456,2.5232217939600003,2.52910653504,2.5290221174400003,2.52885769944,2.53001750892,2.5320821082,2.53025800092,2.5303321608,2.53031341224,2.33507096364,2.31013886352,2.25244468548,2.21422496064,2.50880267892,2.4717296592,2.4516853381200003,2.4975796044000003,2.5374151900800004,2.48761788588,2.53172917392,2.52179017944,2.47775550528,2.48907026124,2.47788124824,2.4718084326,2.5387535035199997,2.53400746752,2.54006256528,2.5406552062800003,2.5343308556400004,2.54031945,2.5308732678,2.5342502172000003,2.43015148812,2.41223287092,2.33291590992,2.21950714656,2.4569234502,2.1988014234,2.5384701156,2.53097152596,2.55220824564,2.52281634408,2.5319140582800004,2.52723761772,2.5719873384,2.5351792034400003,2.5344399604800003,2.5262241648,2.53678279428,2.5371402929999998,2.52078801492,2.5339051848,0.0,3.13869809832e-07,7.1115015696e-07,0.0
2.52560070156,2.52621268008,2.5226034350399997,2.52401821512,2.52936616824,2.52953245128,2.5292648671199998,2.5306109352,2.5308781758,2.53044612456,2.5312585458,2.53113206664,2.3538895608,2.2954566306,2.25322790412,2.2061289201600003,2.5112346910800003,2.4427394283600004,2.448987705,2.4869273793600004,2.532439656,2.49998923608,2.5247768446800003,2.4994780188,2.4816097086,2.49038364204,2.46450959856,2.4702634923600004,2.53250110416,2.53261428264,2.53432143228,2.53392010512,2.5368944022,2.53693371528,2.5385140422,2.53800586788,2.42010157284,2.37108542592,2.3699141808,2.2235492772,2.44397182716,2.18475256788,2.53697278296,2.53301933988,2.5468333476,2.53464099216,2.5364011482,2.5221875802000002,2.5537378238399997,2.53094143992,2.5389422651999998,2.5305602846400004,2.5388031234,2.5317707937600002,2.52204068376,2.5299247968,0.0,4.08210816504e-07,1.1185987218e-06,0.0
2.52509885856,2.52716689344,2.52300049224,2.5221974452800002,2.5297123294799997,2.53022310504,2.52973083264,2.5307329971600003,2.53293840696,2.53110065544,2.53101402924,2.53161717336,2.3311450544400003,2.30304199368,2.25251477172,2.20216374696,2.528412642,2.45414753448,2.46411843096,2.47128509256,2.52730044012,2.51510381472,2.52848636016,2.52824768412,2.47631378028,2.4951903409200002,2.48368117908,2.48335293204,2.52984523812,2.53214375268,2.5373196313200004,2.53734260076,2.53523338776,2.535168504,2.5385089869599997,2.5397640116400004,2.417951967,2.33953199208,2.3887162870800003,2.2852563342,2.45824581264,2.1428698554000003,2.54612703732,2.5443196172399998,2.54360898792,2.53511947308,2.5342618000800003,2.50828562112,2.55753852996,2.5308473044800004,2.53439446332,2.52469183812,2.53908292848,2.5220864754,2.52395259516,2.5309712805599998,0.0,6.1806581424e-07,1.0145678212800001e-06,0.0
2.52430896504,2.5270901814,2.52435554196,2.5246500219600003,2.5300963314000002,2.53025196408,2.53040965812,2.53173643776,2.53279430808,2.53233148368,2.53129839876,2.5319348682,2.30834999568,2.31903559512,2.25869114616,2.2268876988,2.5311713797200004,2.46187199028,2.4616925538,2.46092401008,2.5292811126,2.49277673376,2.52920327172,2.5368274570800002,2.46827854992,2.49826962012,2.4856194464400003,2.47260382308,2.5307023221600002,2.5341248178,2.5363677738,2.53862638632,2.53259519052,2.5334483972400004,2.534892429,2.5354334869199997,2.3966172836400004,2.3050922616,2.37416333088,2.28049321836,2.4725182275599997,2.1460183374,2.54047370844,2.53676203344,2.5472308956000003,2.5331415,2.5351968722400002,2.50909514664,2.55486254112,2.5248485505600002,2.53334488752,2.51355224868,2.5276092024000003,2.5223389429200003,2.52498813408,2.53373163792,0.0,5.3979504252e-07,8.1980792724e-07,0.0
2.52496570452,2.52756964392,2.52492271044,2.5218312103200002,2.53061309472,2.53100907216,2.5309785444000004,2.53203700368,2.53314449388,2.5319743776,2.53189776372,2.53303067736,2.3054056374,2.32883760732,2.25799990344,2.2335404928,2.52314567088,2.48340029424,2.4595090336800003,2.45638175424,2.52177133272,2.50983640188,2.53074055548,2.53719236688,2.47599358236,2.48725449756,2.49760419348,2.48338954572,2.5312362634800003,2.5336180177200003,2.5356225921599997,2.53588094928,2.5320337644,2.5337570613600002,2.53173280584,2.53433380044,2.4206481277200003,2.36029832904,2.32750650864,2.2372342536,2.4335276031600004,2.15180310252,2.5497221473200002,2.5390976034,2.5428172784400003,2.5378301124,2.53659506328,2.52827541432,2.53538578116,2.5230366151199997,2.52805318008,2.51253491844,2.52828537756,2.5275184044,2.52231425568,2.53243582776,0.0,4.1185880529600005e-07,6.1816019508e-07,0.0
2.5263145210799998,2.525861709,2.52585419976,2.52768547272,2.53126610412,2.53151125872,2.5315692222,2.53289202636,2.53270400088,2.5327072892399998,2.5322233113599997,2.5331383098,2.3007649270800004,2.32632608556,2.26149999456,2.20781859732,2.53219420692,2.46695314452,2.47235557644,2.47573232952,2.52245241588,2.50432447248,2.53606254528,2.55120573756,2.47628639364,2.492508168,2.4813522839999997,2.47709464308,2.5292809162800003,2.53137874272,2.52964116348,2.53301477544,2.535348873,2.5370559244799997,2.534091198,2.53617165012,2.421327444,2.39227007172,2.35704118392,2.2070229614400003,2.4421193516399997,2.150416887,2.54371323384,2.53561395408,2.54038580616,2.5364845841999997,2.53265472456,2.51796085968,2.54075243376,2.5258316720400003,2.54942143416,2.52600865452,2.5295487949199997,2.533573404,2.52446778792,2.53162502616,0.0,2.94335297436e-07,5.2670295252e-07,0.0
2.5242902655600004,2.5238619444,2.52586165992,2.52380800548,2.53172662176,2.53204917552,2.53180200864,2.5329614254800004,2.53320231012,2.5325146011600004,2.53237869864,2.5329255970799998,2.30935162032,2.32483989408,2.2560987896399998,2.19716210232,2.529210192,2.4799716635999998,2.4787898172,2.47134497016,2.52714976452,2.49364378104,2.54277084876,2.51168333136,2.48003581116,2.4757530412800004,2.47215459384,2.473871265,2.5263993804,2.52949569036,2.53147660824,2.53533915516,2.5475998299600002,2.5438357866000003,2.54162090436,2.54384992164,2.43474463992,2.4178982734799996,2.36324602476,2.2083288820800004,2.4359769896400003,2.15670560556,2.53912675692,2.53032533868,2.55485910552,2.5418649792,2.5310210476800004,2.51321065188,2.5643490179999997,2.5381585066800003,2.53787310648,2.52392177292,2.53972047768,2.54501326488,2.52163474308,2.5324784782800003,0.0,2.5683620932800004e-07,5.2902149172e-07,0.0
2.52327180648,2.52542322828,2.5264788409200003,2.52381536748,2.5319952366000003,2.53232966772,2.53241280924,2.53296201444,2.5338219941999998,2.5325661842400002,2.5328709710400004,2.53285001388,2.32855451388,2.32021557648,2.24899470504,2.18258136684,2.53010339892,2.4756705378,2.4792617214000003,2.46754642356,2.5299664657200003,2.4676683873600003,2.52440614344,2.5064306916000003,2.46357015828,2.45825307648,2.47609596324,2.47243783452,2.5298369926800004,2.5346885997600004,2.5357726297200003,2.5417682916000004,2.53659265836,2.5403542477200003,2.5436451108,2.5429442484000004,2.4398728128,2.3941734432,2.3314115588399997,2.2067634264000002,2.4340800967200003,2.17630791216,2.545778373,2.52927806964,2.5558954788,2.5293087937200003,2.531269098,2.50714966452,2.5537509282,2.53613434932,2.53772984196,2.53438327308,2.53440756768,2.5309262742,2.51626696164,2.5353498545999997,0.0,2.637176376e-07,5.3888647356e-07,0.0
2.5263983988,2.52511608564,2.52615461844,2.52283386564,2.53260073656,2.5327521974400002,2.53279494612,2.5329192166800003,2.5343004751200002,2.5326806388,2.5348486005599997,2.5330846653599997,2.3594851716000003,2.30323100076,2.25037792668,2.1570713988,2.52414621576,2.4798122026800002,2.46133436796,2.45710151244,2.5385107538400002,2.4544309224000003,2.51201334528,2.47629650412,2.48051723688,2.48519097804,2.46896478648,2.4643760028,2.53012411068,2.53851787044,2.53717032996,2.54451363048,2.52776144856,2.53014182856,2.5338195402,2.53320093588,2.4265764027600003,2.39960075868,2.3192605778399997,2.2087803199200002,2.4562679377200003,2.1951626322,2.53240790124,2.5252747122,2.5529840041200003,2.53104391896,2.53727045316,2.52612978396,2.54551623672,2.529540255,2.52592335348,2.5155367003199998,2.5201299012000002,2.51752763052,2.5221851752799997,2.53662696528,0.0,2.9028670786800004e-07,6.9255894744e-07,0.0
2.52535481076,2.52475294272,2.52586377036,2.5240437858,2.53283445552,2.5328119278,2.53275995208,2.53320437148,2.53444869672,2.53442219352,2.53392030144,2.5340078110800004,2.33897454144,2.29885203408,2.22874164672,2.20836436692,2.49392000328,2.45876915268,2.44812669456,2.47782333384,2.52645690216,2.46269619072,2.49719305032,2.48282257356,2.4730089293999997,2.4863144683200002,2.48838009828,2.4851814565200003,2.5328386764000004,2.5359469128,2.53488693204,2.5356417824400004,2.5147839603600004,2.5103678892000003,2.5240389268800003,2.5195139472,2.4472916965200002,2.3893974193200003,2.3680632267600004,2.21358269976,2.42815191984,2.2282398528000003,2.538029868,2.53187243844,2.5293733830000003,2.53412952948,2.53193280684,2.4938481010799998,2.5284295746,2.51160460704,2.51203204476,2.5045910259600004,2.51068892148,2.48812910316,2.52458479464,2.53299102072,0.0,3.4280856066000003e-07,7.5934868016e-07,0.0
2.5235108260800003,2.52369796812,2.52732777768,2.5248379983600002,2.53300623552,2.53315126692,2.53322557404,2.53471073484,2.53079739012,2.5348327968,2.53197373956,2.53473728712,2.3167677555600004,2.31605889312,2.22223864488,2.23915652088,2.5183048123200003,2.44729287444,2.4532464747600002,2.4700940682,2.52008617092,2.4968529259200003,2.49535338468,2.50449934452,2.45494292496,2.49848105676,2.48304029244,2.4911727012,2.52985029336,2.53060151184,2.5315943511600003,2.5270295676,2.5078940118,2.51092190424,2.51161736784,2.51174865684,2.43083556516,2.371370139,2.33659381788,2.2240010586,2.44165917756,2.28688372884,2.53475539764,2.53480987644,2.52434871984,2.525207718,2.5254667131599997,2.49054702936,2.52167842428,2.5149018996000003,2.51161314696,2.49429526896,2.49505993536,2.48315317644,2.5270947458400004,2.53213899192,0.0,3.82403050656e-07,6.217267896e-07,0.0
2.5264732458,2.5235137218,2.52606892476,2.52397674252,2.53299087348,2.5338967921199997,2.5336202754,2.53475971668,2.527990554,2.53335244584,2.53269344868,2.53328427372,2.3141950801199997,2.3186255808,2.2597864154400003,2.25468607092,2.52687221712,2.4419531176800002,2.4383653206,2.4659351271600003,2.5079493249600002,2.5113975876000003,2.52367612752,2.51734132284,2.4746489376,2.48454184596,2.47993848552,2.47087380216,2.52510744756,2.52130703592,2.5219331004,2.5151012134800004,2.5191647429999997,2.51704959132,2.51222645064,2.51371720656,2.43043404168,2.3780979763200003,2.33391066336,2.2286469714,2.45334394764,2.34684643356,2.5351897556400003,2.53186949364,2.5321446852,2.5223080716,2.51562367008,2.51219327256,2.53351921968,2.4954013358400005,2.5020127554,2.47588580268,2.49959193348,2.5230770079600005,2.524375812,2.525622444,0.0,3.12735040968e-07,5.258926908e-07,0.0
2.52768817212,2.5257180518399998,2.52596492424,2.52764915352,2.5333826300399997,2.53407357828,2.53419122304,2.53262964468,2.52832096056,2.53022914188,2.53260736236,2.53095729276,2.31600318732,2.3254174184400003,2.24414942928,2.25465564132,2.51878859388,2.45938343796,2.45177279868,2.45156460132,2.5011656346000004,2.5221583285199998,2.52330572076,2.5297110534,2.4615087001200004,2.48303921268,2.4823361907600003,2.477316681,2.51993436648,2.5139681035200003,2.51686063332,2.5146607204800002,2.5179701848800002,2.52370405404,2.516415036,2.52205668384,2.42666253816,2.36937017808,2.33135604936,2.24060541156,2.3904860628,2.24224811916,2.54304932868,2.5267274802,2.53821970944,2.5264501782,2.52201167748,2.51474184972,2.52262277256,2.49995301504,2.52576384348,2.50203562668,2.5194102902399997,2.52327234636,2.52552394044,2.5210800900000003,0.0,3.02157211392e-07,4.334238849e-07,0.0
2.5245268311599998,2.52882113484,2.52412682916,2.52799502028,2.53309752432,2.5337084721600003,2.53449178896,2.5308860286,2.52523431936,2.53154178648,2.53089609,2.52841725552,2.31216626016,2.32564779996,2.24002965408,2.25462344484,2.5178406136800002,2.45582391096,2.45724301008,2.4470118914400003,2.51817445584,2.4858748096800003,2.52435966468,2.5289316630000003,2.46003158844,2.46972739152,2.46598985136,2.46633856476,2.5172950404,2.51831889828,2.5168996519199998,2.5165078953599997,2.5304143698,2.527920615,2.52737455092,2.52879659484,2.3871562302,2.3525273454000004,2.37058520256,2.26223482032,2.4456374551200004,2.20062150612,2.53006879752,2.52271376688,2.55069437304,2.52414508692,2.52891698808,2.5107568482000002,2.52558730272,2.5139185818,2.52617915844,2.5141285460400002,2.52434719836,2.5267502042400003,2.5258550832,2.53002354576,0.0,2.96568020256e-07,3.99052434516e-07,0.0
2.5249266859199997,2.52971934792,2.5259183964000003,2.5288843008,2.53330915728,2.53196544504,2.53274660232,2.52808434588,2.52711172752,2.53035630816,2.52941303964,2.52718534752,2.3108922906,2.3194020264,2.25544632012,2.26408067004,2.50555382832,2.45752497468,2.45749366164,2.44403101764,2.51656674228,2.46574396056,2.5243510266,2.49718873128,2.47277280552,2.47329133572,2.4713640132,2.46965568564,2.51836959792,2.52144210408,2.52243145872,2.52599437224,2.5255314006,2.52411343032,2.52990437952,2.5300218279599997,2.4359696276400005,2.387587398,2.3994502303200003,2.2864674322800003,2.4610447468800003,2.17610648784,2.52946845096,2.52416506248,2.54022099552,2.52975144624,2.53165820424,2.50731727272,2.52251057568,2.5192636392,2.51760071064,2.51884371072,2.5260330963600004,2.5232897697600003,2.5225681956000003,2.5316174678400003,0.0,3.05483333544e-07,3.9512474862000003e-07,0.0
2.52887831304,2.52874864368,2.52682019232,2.52468751908,2.53204681968,2.53119591972,2.5305900761999998,2.5273932013200002,2.52989098068,2.52915586044,2.52859482696,2.52754201188,2.3156137866,2.30799416568,2.262228489,2.2421324376,2.5181011303200003,2.4519320142,2.4693228741600004,2.4582080701200004,2.52350002848,2.49050683284,2.50090467624,2.5141017974400004,2.48182379556,2.4938426532,2.48033308872,2.4580174924800002,2.5229976456000003,2.5292020938,2.5272710411999997,2.52970413312,2.50641493692,2.51903585892,2.52073392876,2.51891006688,2.4255159312,2.38442846196,2.3653259369999997,2.3093132397600002,2.4286211246400002,2.16112668288,2.51985559308,2.5196744388,2.52030276096,2.5189689137999998,2.52071895936,2.50863271488,2.5404406776,2.52379514652,2.5225866006,2.52088494792,2.50532109096,2.49444717156,2.5267554067200004,2.5320656664000003,0.0,3.04747344588e-07,3.89616632736e-07,0.0
2.5265223258000002,2.5298971156800003,2.5266388908,2.52383907312,2.5303308847199997,2.5297988575200003,2.5284879798,2.52800277492,2.52747992568,2.52893328264,2.5285722010800002,2.5283303348399997,2.31186957156,2.3040266857200002,2.26527473736,2.2086404909999997,2.51094546264,2.45624153268,2.44781636172,2.47422763488,2.52140068056,2.50908773556,2.50380707112,2.5297311271200003,2.4734028454800003,2.49251533368,2.4791598804,2.47791845088,2.5246793718,2.52693351804,2.52431696508,2.5224381826799998,2.5019150862,2.5130032398,2.5127567600400003,2.5079173248,2.39764923972,2.36940149112,2.34826052652,2.25952113804,2.45235920652,2.18116521252,2.51842741416,2.51540977944,2.5292241307200003,2.52141717144,2.5180638786,2.5113617592,2.56619849964,2.5301663685599998,2.5230697932,2.49967811796,2.49702298812,2.49251027844,2.5270639236,2.528826141,0.0,3.2856075936e-07,4.72234469136e-07,0.0
2.5245779234400003,2.5284789490799997,2.52603770988,2.52713111412,2.5293326466000003,2.52989333652,2.5280852293200002,2.52842422488,2.52329394156,2.52858805392,2.52811148712,2.528116935,2.30279320716,2.30116802112,2.2705128494399998,2.21587900572,2.49637645728,2.46323788668,2.45666293356,2.4730647333599998,2.50459863336,2.50085966988,2.5155449457600003,2.54630367624,2.47762843716,2.49355470084,2.48375740032,2.49070972956,2.5225997049599997,2.51612075232,2.51534175456,2.5123321198800004,2.507268978,2.51125800408,2.50590646812,2.50606440756,2.4377915263200003,2.376570165,2.39695029144,2.24635905996,2.44062486564,2.1861137035200002,2.52481100436,2.5154130678,2.5382591206800003,2.52179013036,2.5213942510800003,2.51344603956,2.5625853282000004,2.52033436848,2.5299378520799998,2.49491819232,2.5084086156,2.51038987704,2.52626234904,2.51873863044,0.0,3.67545391092e-07,6.953840904e-07,0.0
2.52872866812,2.52761946012,2.5256668614,2.52289884756,2.52773219688,2.52926918616,2.5278394366800003,2.5280144559599997,2.51691550476,2.5275095209200003,2.5269909907200003,2.52576914412,2.3119912899600004,2.3016664776,2.28026156076,2.2328734956,2.5160206291200002,2.44657822056,2.45939767116,2.45297314824,2.50794544764,2.51155925712,2.53714834212,2.53036519164,2.4770822258400003,2.49583044228,2.4697658211599998,2.46096744588,2.5167484855200004,2.51529655188,2.51389654488,2.5116412698,2.5317093456,2.515529142,2.5199014338,2.5155054363600002,2.4277439178,2.38143600528,2.37685944252,2.24329239432,2.43869818116,2.177420703,2.52196588584,2.51591226048,2.54445365472,2.51554980468,2.526575823,2.51246404692,2.55197212176,2.50888474068,2.51967056148,2.51394429972,2.5302100006800003,2.54441571588,2.52352319424,2.52082727892,0.0,4.7008502526e-07,7.8620265492e-07,0.0
2.52564026004,2.5270938624,2.52530960808,2.52533768184,2.5280611310400003,2.52786854112,2.52802289772,2.52550602624,2.52165609288,2.52384211608,2.5254800629200003,2.52371750196,2.32005444684,2.29864035204,2.2697001828,2.23009870872,2.50448781072,2.4459577021200003,2.46613125084,2.45172838128,2.5388725716,2.49610690992,2.5296597648,2.5151789561999998,2.4794121516,2.4847886692800003,2.4709241582400003,2.48489227716,2.5158313275600004,2.5131680013600004,2.5177691041199997,2.5195195914,2.52984121356,2.52283204968,2.5348094837999997,2.5311834534,2.44467318036,2.37019079568,2.4063612342,2.2557575364,2.42635303968,2.17213591584,2.54514960912,2.5209296598,2.5373872144800003,2.51667928272,2.52555628416,2.51164161336,2.5409886558,2.5261780786799997,2.53177815576,2.53817666628,2.5369747952400004,2.52871836132,2.52437944392,2.5217380564800003,0.0,5.0393488776e-07,7.6782572868e-07,0.0
2.52481169148,2.52431681784,2.5256796222,2.524183173,2.5272761946,2.52633454572,2.5276490553600004,2.5232183092800002,2.5261952566800003,2.52427976244,2.5243884746400003,2.5216551603600004,2.32651337484,2.31103172688,2.27092575948,2.2212241122,2.498776911,2.4395234122800002,2.47856056452,2.44697635752,2.54523446844,2.4778766347200003,2.51838972072,2.50661636124,2.48481360192,2.47361860116,2.47959899916,2.47990682892,2.51979841488,2.52397399404,2.5304173146,2.53182502716,2.5258728010800002,2.5265519210400003,2.5292670266400004,2.52959733504,2.41325854476,2.35690120776,2.38080179352,2.25102013848,2.45638263768,2.1760098984000003,2.54163366516,2.5278229948799997,2.53901480544,2.52294620976,2.53119037368,2.51154669264,2.52756831876,2.53947669732,2.53009760748,2.53139209248,2.52407573688,2.51523186444,2.52245521344,2.5288496012399997,0.0,5.026498752e-07,6.616452714e-07,0.0
2.52534578004,2.5238702880000004,2.5259509364399997,2.52199479396,2.5271484393600003,2.5249049925600002,2.52525488388,2.5218183022800003,2.52744709116,2.5251667362,2.52453242628,2.52276515364,2.32206922992,2.31685727748,2.27347374768,2.2495139223600003,2.5163870113200004,2.43502743888,2.47092631776,2.4597995382,2.54228220828,2.48814657564,2.51503608432,2.50812606204,2.48839914132,2.4767270829599997,2.47571510244,2.46634622124,2.52759580356,2.5275663064800002,2.5295952246,2.5307271566400003,2.51739472188,2.52376319544,2.52023115324,2.52249143448,2.4087622278,2.37157195596,2.3091343431599998,2.25397009188,2.43527382048,2.1958101446400002,2.52353570964,2.5264836507600004,2.5280600512799998,2.5277954119199997,2.530486272,2.51401644732,2.5307872796399997,2.53359951456,2.5210781268,2.518121793,2.5122238493999998,2.51166831288,2.51964184968,2.52845303484,0.0,4.7632498283999997e-07,7.2066259716e-07,0.0
2.52622225068,2.52324186768,2.52534092112,2.5198184886000004,2.5259078442000003,2.5256881130399997,2.52240264876,2.5242599341200003,2.5253174608799998,2.52553468896,2.52301791564,2.5251851411999997,2.33078299128,2.3145199406400003,2.27300778216,2.26142892672,2.52436000824,2.4429420306,2.46193957344,2.46124754544,2.52999900576,2.49579770592,2.5076841948,2.52186541908,2.4722528520000004,2.49544010904,2.48782907712,2.47326547056,2.52648507408,2.5243915666800003,2.52643476708,2.5233662854800003,2.52249977808,2.5237264836,2.5183024564800003,2.52013927548,2.40749022144,2.38139836092,2.28189455052,2.26078372104,2.39609085156,2.18441627172,2.5274809563600003,2.51098610088,2.5324382817599997,2.53122448428,2.52226890576,2.5162655874,2.5314246816,2.5213054653599998,2.51556737532,2.50812463872,2.52303106908,2.51382425004,2.52385855788,2.52630053328,0.0,4.2147782271600005e-07,8.68222746e-07,0.0
2.52521773032,2.5223292250800005,2.52413772492,2.52017716524,2.52492702948,2.5254729463200003,2.5224497655600002,2.52506744736,2.5234967401199997,2.52463750656,2.52358959948,2.5258187640000003,2.32852511496,2.31871191252,2.27387963928,2.25605510844,2.511972069,2.46278492736,2.45575514988,2.4658205744400004,2.51394429972,2.47408412496,2.5123057639199997,2.50465949256,2.4692199534,2.49581095752,2.4844935512400004,2.48395877556,2.5231282474800003,2.51948047464,2.52090261672,2.51951360364,2.5213576374,2.5235208384,2.52600266676,2.5266583755600003,2.3971894092,2.35667774652,2.31775666848,2.26083913236,2.4150915846000003,2.18709628512,2.52317659128,2.51436452268,2.53695619392,2.5288195152,2.5230880509599998,2.511800289,2.5201639627200003,2.50873298532,2.51265913992,2.50925873028,2.52327524208,2.5100459244000004,2.52260382768,2.52260583996,0.0,4.794730182119999e-07,8.0960910324e-07,0.0
2.52364447092,2.52287793948,2.52409713576,2.52110178336,2.52486891876,2.5254671058000002,2.5236605200800004,2.52544953516,2.52399284076,2.52487632984,2.5240646938799998,2.52408884124,2.33215384476,2.325147822,2.27122725792,2.2375896909599997,2.5185151692,2.45644011036,2.4575774411999998,2.4790457694000003,2.51058845472,2.50565238096,2.51880675348,2.52770657712,2.47037348064,2.49537650136,2.47490911068,2.48059969128,2.52015120192,2.5221664758,2.52088691112,2.5248904158000003,2.5162615137600004,2.5167334670400003,2.5193352469200003,2.51930908728,2.37552142356,2.3548542282000002,2.37016861152,2.25918808116,2.4130957464000002,2.2247794183200003,2.5194238363199997,2.5179453504000002,2.5278954369599997,2.52723683244,2.52253737336,2.5089354894,2.5270687825200002,2.5140176743200002,2.51007689388,2.505665289,2.514191712,2.51204269512,2.5213027659600002,2.5233026778000003,0.0,5.7494388084e-07,6.9491670156e-07,0.0
2.5225824288,2.52409855908,2.52298836948,2.5209253898400004,2.52528580428,2.52501640416,2.52471407136,2.52431799576,2.52193005744,2.52457964124,2.524304646,2.5239223128,2.33111953284,2.32778493948,2.2618206342000002,2.232530181,2.5117085094,2.45848993656,2.46237761244,2.48213133084,2.51407411632,2.50384770936,2.51432854704,2.52133520784,2.47479823896,2.4959847498000003,2.48043689292,2.47578234204,2.5210164823200003,2.52163017864,2.52151130688,2.51961220536,2.5185203226,2.51923306236,2.5191755406,2.52253644084,2.37223880592,2.31620058708,2.35562218296,2.24862096084,2.44145186364,2.29437569268,2.5260561148800003,2.5182397813199997,2.5349861718,2.52478749504,2.51985220656,2.50479917424,2.53598303568,2.50959213072,2.52306174408,2.4994571598,2.51284711632,2.51664738072,2.52064288536,2.52296854116,0.0,6.1466133096e-07,6.6581471556e-07,0.0
2.5209122364,2.5241740932,2.5224369066,2.52047890908,2.52527780424,2.52462837768,2.52469144548,2.5240933075200003,2.52200338296,2.52448020516,2.52377453292,2.52392074224,2.32801222896,2.3314160742000003,2.22858400176,2.23584744912,2.51400353928,2.4485810772,2.4750077124,2.46589586316,2.51113417524,2.4934896207599997,2.5238698953600003,2.52498852672,2.45910427092,2.48203125672,2.4692889108,2.47493428872,2.52019085856,2.52037412328,2.51907487752,2.52103120632,2.53179714972,2.5263846564,2.52206306424,2.5258755004799998,2.38801989096,2.3179475406,2.37884369784,2.2468359703200003,2.45382925068,2.2640956394400003,2.5346217528,2.52124004172,2.53907654808,2.52320736444,2.5203478654800002,2.51144563692,2.51739845196,2.51740439064,2.5201151772,2.50727604552,2.52518352156,2.52596855616,2.51944440084,2.5233369356399997,0.0,5.5676175312e-07,8.1520638276e-07,0.0
2.5213027168799997,2.52185265828,2.5217166576000003,2.52340348812,2.5247255560800004,2.5247286481200004,2.52436948068,2.5237259927999998,2.52354150108,2.5237606432799997,2.5239227054400004,2.52335970876,2.32235242152,2.3222953414800003,2.19747366216,2.24031235488,2.52032357088,2.44068420336,2.4454065828000005,2.4525881647200003,2.51465713764,2.4694965192,2.5232216958,2.5078184776800003,2.46739795656,2.48062266072,2.46115527504,2.4686864538,2.51786083464,2.52044347332,2.52022737408,2.5236369616800003,2.53068514416,2.53196225484,2.5314186447600004,2.5321054212000003,2.4188811986400003,2.34644491008,2.3963124968400003,2.2728738919200002,2.4556804992,2.215774269,2.53031434476,2.5260857592,2.5297954710000004,2.51922520956,2.52544276212,2.5133470452,2.52143390772,2.52077868972,2.5286190234,2.5172108191199998,2.52820812564,2.52787629576,2.51619093672,2.5244285239199997,0.0,5.359663117199999e-07,7.4051889276e-07,0.0
2.52204294144,2.52103478916,2.5196140704,2.52171749196,2.52446876952,2.52461571504,2.5238594904,2.52320903316,2.52611079,2.5235682496800003,2.5234415742,2.5232207142,2.3099045065199997,2.31858111432,2.16759802812,2.2605378793199997,2.51211921084,2.46191468988,2.45569664652,2.46501261948,2.52271263804,2.4857220727200002,2.51392972296,2.4971943754800003,2.4604177008,2.47557861096,2.4487467221999997,2.4788717808,2.51914790856,2.52479407176,2.5233738438,2.5278057678000003,2.52520879776,2.52800709396,2.52993112812,2.53178016804,2.44416677292,2.3701674336000003,2.40466792512,2.2722545514,2.42962324008,2.19351668532,2.51588776956,2.5243690880400003,2.52909195828,2.51973122436,2.52528781656,2.51497640304,2.50260721236,2.52243121332,2.50720806972,2.5241626084799997,2.5248963054,2.51466150576,2.51615432304,2.52517120248,0.0,4.5826220295600005e-07,6.351489916800001e-07,0.0
2.52327700896,2.5200194712,2.52096332868,2.51656958892,2.5241257494,2.52422670696,2.52351509604,2.5231688366400005,2.525880114,2.5240076138400003,2.52377374764,2.524112007,2.3196071317199998,2.320271724,2.1871073772000003,2.2695345378000003,2.51154747792,2.4488444404800003,2.46067865916,2.4696250597200002,2.5244133091200003,2.4874496396400003,2.49929072952,2.5036742606400004,2.45452142592,2.47628163288,2.47494749124,2.4672207777599997,2.52032730096,2.5281000024,2.52732532368,2.5293695056799996,2.5052054094000002,2.5210718445599998,2.51725862304,2.52185143128,2.42543504736,2.39125843476,2.38031904264,2.26272066324,2.40964512792,2.19123485796,2.5140155148,2.5130891298,2.5157497566,2.5234351938,2.5207851192,2.52063576876,2.51580688572,2.52602892456,2.51495063604,2.5115863002,2.50631662968,2.4854281816799997,2.51978933508,2.52784071276,0.0,4.08499765188e-07,5.0096515512e-07,0.0
2.5231458672000002,2.5198705134,2.5201523798400003,2.51750760588,2.52348530448,2.52375293772,2.52331067784,2.5244754444,2.5238562511200002,2.52399146652,2.52426798324,2.525439621,2.3228344362,2.32633570524,2.22604828356,2.27245101864,2.5141778223599998,2.44812453504,2.4523280898000004,2.4697482014400003,2.52009029364,2.45298065748,2.50349919228,2.49864012504,2.45785012968,2.47869946092,2.46662789136,2.46961534188,2.5217436516,2.52317958516,2.52290331384,2.5202786136000004,2.49980817996,2.5067383741200002,2.5009140996,2.5060828616400004,2.44003762344,2.39481609672,2.3527899234,2.2558756228799997,2.42020076352,2.18593618116,2.51709032772,2.509012545,2.51747545848,2.5220823036,2.5202160366,2.5122341562,2.50839698364,2.5103730426,2.509353651,2.4991489374,2.50100332704,2.4963475982400003,2.5186347280800003,2.524927962,0.0,3.23585082948e-07,3.71554721568e-07,0.0
2.5219829166,2.52051719148,2.51897833716,2.516731602,2.52347229828,2.52421453512,2.52308142516,2.5252769208,2.51786230704,2.5243402290000003,2.52405242388,2.52500015868,2.3347293668400004,2.3296156725599997,2.24813006268,2.27867333196,2.5136990960400003,2.4492538167599998,2.45842436568,2.4698637357599997,2.50667064372,2.49168117,2.50145049492,2.4870205332,2.4544544808,2.47821617016,2.46264784692,2.4726367066800004,2.51922692736,2.5146719598,2.5134773526,2.50832365812,2.5057651668000003,2.50747599744,2.50151194308,2.50186075464,2.4380600920799997,2.41940002332,2.3780921358000002,2.2495499961600003,2.4255986800800002,2.19301430244,2.51750525004,2.51296353408,2.51066958396,2.5182523458,2.5164571957199997,2.5055025888,2.51545439316,2.5078802203199997,2.51125849488,2.49214011708,2.50942766364,2.5083887382000003,2.51178517236,2.51691727164,0.0,2.5934146357200003e-07,2.65243201056e-07,0.0
2.5214194291200003,2.5227888592800003,2.5192878847199998,2.5226148216,2.5241520562799997,2.52492815832,2.5240653319199997,2.5243716402000005,2.51933730828,2.52445600872,2.5199692132800005,2.52349222476,2.34317377716,2.32615415832,2.25652681632,2.2861802652,2.50658853288,2.45762490156,2.46667667688,2.47300294164,2.5043030736,2.5123834575600004,2.4966048755999997,2.51361929196,2.45853189996,2.49378650568,2.46883894536,2.4839974015200004,2.51330930268,2.5081492768800002,2.5058610691200003,2.50274144616,2.5086954882000003,2.5096257996,2.50783801152,2.50734353052,2.42764433448,2.41383714888,2.3758419650400002,2.23829344908,2.42885769024,2.1809227573200003,2.5193039338800003,2.5097800089600004,2.5196070028800004,2.5191097734000003,2.51402228784,2.49198752736,2.52171327108,2.5029189194400003,2.50621699728,2.50767958128,2.5066550853600003,2.50589517972,2.51458199616,2.5115099808,0.0,2.3234878873199998e-07,1.92589762944e-07,0.0
2.52142870524,2.52182522256,2.51845804008,2.52021785256,2.5240956633600002,2.5245771872400002,2.5244435424,2.52289914204,2.5162868390399997,2.52213599712,2.5218194802,2.5216777371599997,2.34809777724,2.31901390176,2.2545858986400003,2.28885433992,2.50384162344,2.4322263942,2.4628766578800003,2.4582886104000004,2.5097768187600002,2.51230723632,2.51531745996,2.53073186832,2.4675476505600002,2.50652840988,2.47827712752,2.4815500764,2.5104532884,2.50518204732,2.50677366264,2.5074662796,2.51942177496,2.5234296477600004,2.5119746702400003,2.5188094038,2.41065391824,2.36856183048,2.38760143488,2.2285098909600003,2.43812453412,2.2099051844399997,2.52238713948,2.50911394428,2.5280734010400003,2.50571402544,2.51305973088,2.500003911,2.5312256622000002,2.50999605912,2.51426498844,2.4968349135600003,2.51305438116,2.5198413108,2.51909372424,2.5178398284,0.0,2.0385838370399998e-07,1.7650841628e-07,0.0
2.51955193512,2.5214639446800002,2.52002325036,2.52053569464,2.5244587572,2.52367632384,2.52419819148,2.51968862292,2.5201820732400004,2.5185275864400003,2.52041957136,2.5194859716,2.33467827456,2.32265023896,2.2547760836400004,2.266141392,2.48441458152,2.4393476568,2.4569596712400004,2.44044552732,2.50452697656,2.47259415432,2.5311123364799997,2.51453316156,2.46968896188,2.4881290050000002,2.4739033633200003,2.48793715128,2.50951811808,2.5126425508800003,2.5107341732400004,2.5146991992,2.53118949024,2.522519361,2.5200214344000003,2.51988018216,2.4365571152400003,2.3692374657600004,2.4103912420799998,2.25789820968,2.45316298968,2.20229032428,2.5222521694799998,2.51536781604,2.5286126920800003,2.50963522296,2.5189781408400003,2.5087823598,2.54772630912,2.50502852508,2.54607034992,2.51090025996,2.5294912731599997,2.54432383812,2.51810005056,2.51973721212,0.0,1.74704073516e-07,2.0713382584800003e-07,0.0
2.5207107139200002,2.52102988116,2.52112465464,2.51724605856,2.52376025064,2.51938319808,2.52332859204,2.519028546,2.52028749708,2.52049706868,2.5205134614,2.5179573750000004,2.33314192332,2.3334729679199997,2.2250957880000004,2.2288047636,2.49998835264,2.43834770088,2.46694838376,2.45578081872,2.5093097244,2.44625718828,2.52438729672,2.48728158972,2.46343199808,2.46703407744,2.47303916268,2.4745909250400002,2.5119939096,2.5148868811200003,2.5153596687600004,2.517746331,2.5397364286800004,2.53100833596,2.53812675192,2.53681896624,2.43617051208,2.37965180004,2.37626253156,2.25241278348,2.43444662616,2.1798409850400002,2.53936027956,2.51265766752,2.53840243428,2.51238331032,2.53470597408,2.5131875842799998,2.52611157528,2.5216033809600003,2.53192765344,2.52680267076,2.53574833512,2.53178090424,2.5175043175200003,2.52300800148,0.0,1.5567851581200002e-07,2.3739389371200004e-07,0.0
2.5214827914000004,2.5190526933600004,2.51916336876,2.51551721556,2.5215839943600002,2.51876699868,2.52130973532,2.5182967632,2.52464766612,2.52054678672,2.52175660872,2.51950530912,2.32720388136,2.33929429764,2.22653761116,2.2414146916799997,2.49958839972,2.4294680000400004,2.43657223188,2.46714661788,2.528927982,2.4773457363599998,2.49385232196,2.4507022166400003,2.46478351404,2.4624254654400004,2.47022864556,2.44880669796,2.51404751496,2.52271769328,2.52450342,2.53346699856,2.51276436744,2.52204117456,2.53117309752,2.5295889423599998,2.43092287848,2.38093867764,2.366695269,2.2560804337200002,2.45026309788,2.18409440508,2.5325172514800003,2.51290179144,2.52827723028,2.5207335361200003,2.52279141144,2.5126740602399997,2.524870293,2.5262706926400003,2.51567697096,2.51266547124,2.51949647472,2.4956156681999997,2.51910967524,2.5268999964,0.0,1.620333255e-07,2.9001927585599997e-07,0.0
2.51918064492,2.5176312384,2.51966796024,2.5138819681199998,2.51969279472,2.51991630504,2.51964445092,2.51959154268,2.5250274962400003,2.52094222428,2.52015130008,2.5211929249200002,2.33286943116,2.3390914009199997,2.2523886852,2.26524882312,2.50590386688,2.44577483004,2.46754504932,2.4559769424,2.52041176764,2.46613787664,2.48186585712,2.49137167152,2.46556157928,2.44813292772,2.4761127486,2.4557824383600004,2.5225964166000003,2.53187116236,2.52744203592,2.53227994968,2.4974355546000004,2.5126623792,2.50635653172,2.5104184906800002,2.465764476,2.39828502204,2.35373721648,2.24473726044,2.46305702688,2.20210053192,2.5201311282,2.5277362705199997,2.5052733852,2.52169839984,2.5115529258000002,2.5011380516400004,2.50507716336,2.5081583076,2.4857333120400003,2.49487190988,2.48874358476,2.4767392548,2.5187860908,2.52301919172,0.0,2.09844587868e-07,4.3248231945600004e-07,0.0
2.51936798328,2.5171320457200004,2.5195913463600004,2.51727506484,2.51923914828,2.5198637403600004,2.51898353964,2.5215262272,2.5187088879600004,2.5209335862000004,2.5203961602000002,2.52296373132,2.33312670852,2.3335240602,2.24515836684,2.2563661284000003,2.51127729252,2.4455581909200004,2.4596953413600002,2.4567963329999998,2.5121331004800003,2.4590152398000003,2.48804350764,2.5021731488400003,2.4690822839999997,2.47713169848,2.47020268224,2.46958348896,2.52313732728,2.5224180598799997,2.52027822096,2.51447215512,2.4880167099599997,2.5015191578400002,2.4918692936399998,2.496827208,2.42427415812,2.41979678604,2.2916383047599997,2.24006283216,2.44372294248,2.2324923403200003,2.51017186368,2.5103106619199997,2.50218816732,2.518367193,2.51093657916,2.4863558918399997,2.50922074236,2.489167047,2.47915585584,2.4600078828,2.47544270844,2.48096126364,2.5183476591600003,2.5186106298,0.0,2.83219816092e-07,6.067620522e-07,0.0
2.5209066412800003,2.51590126656,2.51805720372,2.5159486287600004,2.5194903397200004,2.5213562140800003,2.5189976256,2.52276588984,2.5098709542,2.52149368716,2.5208231071200005,2.52273869952,2.3263696686,2.3329557138,2.18969894844,2.17549696332,2.50874986884,2.46346684488,2.46869641704,2.4638928102,2.48946614052,2.44540025148,2.4956379996,2.45261427528,2.46402351024,2.4813278912400003,2.46963855672,2.47883222232,2.51724134688,2.5097024625600004,2.50015586268,2.4972855661200004,2.4949026339600002,2.5009904190000003,2.48764492896,2.4975656656800003,2.39872325736,2.3809584568799997,2.3283997155600002,2.2367790856800003,2.4202180396800004,2.2275186222,2.5094179458,2.4971823017999997,2.514730365,2.51693901408,2.5114429866,2.5104140244,2.50078595172,2.47216283928,2.4907987115999997,2.47525075656,2.48635564644,2.48835850308,2.51454538248,2.51676085368,0.0,2.9321380962e-07,7.735648003199999e-07,0.0
2.51912238696,2.51718171468,2.51768581536,2.5198996669200002,2.51989475892,2.52182085444,2.5206801370800003,2.5212903978,2.50935016632,2.52130777212,2.52005736096,2.51890550244,2.3215060860000003,2.32927230888,2.17592813112,2.13384262008,2.50202777388,2.470055295,2.46551480604,2.45935688568,2.49171959964,2.46720713352,2.48370797676,2.4606078367200004,2.44264421316,2.47656963432,2.47039448688,2.47572727428,2.5021278970800003,2.5008537312,2.4935111178,2.49111414876,2.48447092536,2.48980449804,2.4904145624400003,2.49240048648,2.37924767532,2.3489219286000003,2.36523204696,2.23500827928,2.4402482748,2.2677865536,2.50784139804,2.50124700924,2.50000675764,2.51152387044,2.50372432224,2.49137167152,2.49904017612,2.48446675356,2.4879964890000004,2.48721174888,2.4854411388,2.47684781976,2.51227739568,2.51237413236,0.0,2.6733746919599997e-07,8.5441389168e-07,0.0
2.5183458922799997,2.51778672384,2.51834790456,2.5193176272000004,2.5209294144,2.5211032066800003,2.5210189363200004,2.51732075832,2.50521188796,2.51916086568,2.51885760036,2.51601238368,2.3371738453199997,2.3202705951600002,2.20118263776,2.19342147012,2.5025124879600003,2.45995153896,2.46736929384,2.4488492994,2.49650563584,2.47968513456,2.46547770156,2.50141854384,2.45496260604,2.48458891368,2.45867472276,2.4699543374400004,2.4987174260400002,2.5039886671200002,2.49438631236,2.49380014992,2.4838554621599997,2.48970084108,2.48477522136,2.48607790272,2.37732290496,2.346903759,2.39222967888,2.2425585010800004,2.459347266,2.29627189848,2.50743933468,2.50291033044,2.4991035384,2.5043943133199997,2.4962912544,2.4782703544799998,2.54606676708,2.4919139564400004,2.4967914286800004,2.48337889536,2.4832389192,2.4691563457199996,2.5139540175599997,2.50585994028,0.0,2.6712293560799996e-07,7.9283051628e-07,0.0
2.5167994305600003,2.5188184836,2.5172857642800004,2.516302152,2.5201424165999997,2.51880537924,2.51979694248,2.5158446282400004,2.50151400444,2.51848346352,2.5163970727200002,2.51459127228,2.34642090996,2.325476658,2.2076571732000003,2.2065404559600004,2.504158533,2.43813950352,2.4226082847600003,2.44543691424,2.48957838648,2.45897563224,2.48739825288,2.4861235962,2.46831305316,2.48366179248,2.4739640262,2.47181986824,2.49612467688,2.49608919204,2.4875746464,2.48568109092,2.4939033160800004,2.49131375712,2.4884889086400004,2.49108897072,2.39517634392,2.36608073832,2.3743256384399998,2.25151319616,2.45695824792,2.28151638912,2.5045791486,2.50430204292,2.5141971108,2.502345027,2.49750470832,2.49666313356,2.526244533,2.48944007904,2.49772370328,2.47834102968,2.49302905404,2.4905940479999997,2.51374611468,2.5133600514,0.0,4.49070019572e-07,7.1051574888e-07,0.0
2.51803820976,2.5191994916400002,2.5176474347999998,2.51483461092,2.5183228246800002,2.5165914786,2.51758284552,2.51214517416,2.5000052361600003,2.5141141656,2.5114891218,2.5107653390399998,2.33613541068,2.3321549736,2.19942930384,2.21674610208,2.49943477932,2.443979091,2.43943762044,2.4526687050000002,2.47957598064,2.4563207478,2.48841641748,2.47341683328,2.46925931556,2.48843560776,2.47477885236,2.4638088343200004,2.49593115444,2.49047051364,2.48976248556,2.48821356984,2.4881643426,2.48506096512,2.4906682569600003,2.4874808545200002,2.4102334989600003,2.35498247424,2.3846981074799998,2.26522295796,2.42284411416,2.25391296276,2.5221650034,2.50349850516,2.51158104864,2.5021985232,2.4998311494000003,2.48962412904,2.52033446664,2.49812090772,2.5005230792399997,2.4940715132399998,2.48817126288,2.48516918652,2.51592600288,2.49974054772,0.0,6.1160001504e-07,9.5720989032e-07,0.0
2.51902398156,2.51770726332,2.5178336934,2.5132410814800004,2.51582131524,2.51620850736,2.51580418632,2.50915870524,2.49874761024,2.5111406538,2.50933529508,2.5088074396800004,2.3279267316,2.33205666636,2.2221993808800002,2.23447389624,2.4974557755599998,2.43808914744,2.45175552252,2.4569222722800004,2.49540840336,2.48419627368,2.4845135758800003,2.47827118884,2.4725549394,2.4809096314800003,2.47423097232,2.47311499128,2.4960153266400003,2.49630961032,2.4898940199600004,2.48881975692,2.4874674066,2.49056371656,2.4892833666,2.4896784606,2.41638808188,2.35546635396,2.39824924272,2.2636061645999996,2.4421701003600003,2.25372356304,2.51917706208,2.50154521932,2.5191569883600002,2.49499598412,2.49604595256,2.4782424770400002,2.5090279561199997,2.49732527184,2.4958871787600003,2.4919566560399997,2.48899364736,2.48354964468,2.5134402972000003,2.5122451992,0.0,6.0126681e-07,6.8804059356e-07,0.0
2.5182303088799998,2.51593684956,2.51696119824,2.51179081656,2.51276269872,2.51351813808,2.5117595526,2.5072086095999997,2.50959213072,2.5115602878,2.50957421652,2.507610084,2.32525128264,2.33720717064,2.25363158712,2.27051157336,2.49585130128,2.44848281904,2.44243567224,2.44858893,2.5073488311600003,2.49103709316,2.48187101052,2.4921312336,2.4796877358,2.48466817788,2.48145343788,2.47490969964,2.4931568092800003,2.49498636444,2.48913283824,2.48806269792,2.48745950472,2.4880046853600004,2.48856596424,2.49065132436,2.42314507272,2.3808717325199997,2.4058662133200004,2.23527036648,2.44304171208,2.255921709,2.51160514692,2.5091521776,2.51016675936,2.49431863104,2.4934826514,2.4838008852,2.5035615238799998,2.4960387868800002,2.48873862768,2.47833194988,2.48680060572,2.47993181064,2.51391794376,2.4988252548000003,0.0,5.2290008688e-07,4.4019900589200005e-07,0.0
2.51695535772,2.51410965024,2.51559407484,2.5092936752400004,2.51251445208,2.51078919192,2.5099330404,2.5063429365600003,2.50285933632,2.5092183374399997,2.50751010804,2.5071821064,2.32395635592,2.341070601,2.2523397524399997,2.28268100844,2.4936178668,2.4318296314800003,2.42876983704,2.4437970042,2.4959415103200002,2.4757652622,2.48910628596,2.5242963024,2.4842037829200003,2.48087237976,2.4819222991200003,2.47355391372,2.49982889172,2.4959721853200003,2.49199925748,2.48968940544,2.48753592228,2.4892223110800002,2.48906339004,2.4910892652000003,2.4305805945600003,2.40283027176,2.34132184152,2.2341675388800004,2.42349952848,2.2467913566,2.5125963666,2.50622475192,2.50414425072,2.49994555488,2.49402145164,2.49408972192,2.52067866468,2.49700203096,2.48440378392,2.4763796947200003,2.48933951412,2.49496800852,2.51565841872,2.5084385544,0.0,3.98428799496e-07,3.1316379894000005e-07,0.0
2.51609100984,2.5140925213200003,2.51515191312,2.50787889516,2.5100221206,2.51004945816,2.50731810708,2.50540501776,2.4976492980000002,2.5062736356,2.5049271257999997,2.50549164396,2.32801944372,2.33545442568,2.24627547672,2.2701244794,2.50011566616,2.43027772188,2.45603205924,2.45524118412,2.47806308964,2.45282659536,2.51408457036,2.50178139228,2.46651682332,2.48144533968,2.47998398268,2.46788698968,2.49473733252,2.49319769292,2.49039556848,2.48972317248,2.5108918181999997,2.4991164955200005,2.49802937352,2.4968505700800003,2.42847339384,2.38844747592,2.34058107708,2.24345995344,2.4533528802,2.24960275716,2.51848532856,2.5047666832799997,2.51555966976,2.5025277027599997,2.49482803236,2.4934426512,2.52275681004,2.49294787572,2.50435249716,2.49329408604,2.5080992643599997,2.5187063358,2.511850596,2.50663810368,0.0,2.5849240902e-07,2.53670465892e-07,0.0
2.51533488336,2.513230971,2.51388707244,2.5068992583600003,2.50819924032,2.50750986264,2.50667393208,2.50372083756,2.50142315736,2.50491078216,2.50312574256,2.50203322176,2.3330844506400004,2.3386541472,2.23873624884,2.25847789356,2.50040460012,2.443152093,2.44883280852,2.44619524932,2.4905820234000005,2.4621369732000002,2.50780316472,2.47857111672,2.46054938244,2.4675014172000003,2.46943035936,2.4747817480800003,2.49616722924,2.49700752792,2.49223484148,2.501223549,2.50276510272,2.4986387508,2.5135045429200003,2.51468634024,2.431596207,2.39048959656,2.3293223214000003,2.2471908678,2.4295614483600003,2.22804642852,2.5249996188,2.50355082444,2.5221956784,2.49892135344,2.49749106408,2.48821224468,2.49362454168,2.49704448516,2.49933205488,2.505930321,2.5055149078800003,2.50152411492,2.51174610468,2.50485517452,0.0,1.84510895556e-07,5.5030846932e-07,0.0
2.51367004068,2.5112557464,2.51263847724,2.5057749828,2.5067883866400003,2.5049569664400004,2.5064020779600003,2.50202556528,2.5049177024400002,2.5042895766,2.50418498712,2.50119051816,2.33941356204,2.3382390285600003,2.24821413672,2.26358290068,2.4965018566799997,2.43331219104,2.4325257822,2.44638322572,2.50922270556,2.4317068824000003,2.49325256436,2.4772580304,2.46096891828,2.47082256264,2.46087620616,2.46225069156,2.49861637032,2.50719786108,2.4970059082800002,2.50823786628,2.50129181928,2.50091159652,2.50380427356,2.5023775179600003,2.42031305856,2.37777615876,2.37161863104,2.2448876906399997,2.4606092109600004,2.21937006612,2.50759521276,2.508653034,2.5036063829999997,2.49846648,2.50237732164,2.4819662748000004,2.5053744900000003,2.50311990204,2.49699496344,2.4939469482,2.4969739081199998,2.49526440264,2.50720301448,2.5097600334,0.0,2.47188102192e-07,9.816660126e-07,0.0
2.51234645124,2.50950157812,2.5107568482000002,2.5046701920000003,2.5050684271200003,2.5047792477599997,2.50369968408,2.50271602272,2.5040897719200004,2.50326316656,2.50288102968,2.5027090042799998,2.34827475972,2.3421303854400004,2.264805189,2.27110357632,2.4836201235599997,2.4353989254000004,2.4409513458000003,2.457139893,2.4983950195199998,2.4313316658,2.47998084156,2.47277143128,2.4752299466400003,2.47446763608,2.47804468464,2.4651186322800003,2.50145805324,2.50678500012,2.50157623788,2.5061724326399997,2.49322336176,2.4912320389200002,2.50026418224,2.501846865,2.42493060312,2.40852698736,2.3866422644400003,2.2495129407600003,2.45908130148,2.23207044864,2.50377772128,2.50583628372,2.50735270848,2.50177378488,2.4999890397600004,2.49802898088,2.50455274356,2.4927351630000003,2.50041525048,2.48710622688,2.49212946672,2.48333320188,2.5044544854,2.5063551084,0.0,4.30273606572e-07,6.042648618e-07,0.0
2.5113339799200003,2.5098067575600003,2.5096589776800005,2.5036098186,2.503502088,2.50452206856,2.50192303716,2.5031209818,2.50229359116,2.50326081072,2.5025784514800002,2.50314272424,2.33484539196,2.34292307652,2.26502266248,2.27457338508,2.4883366134,2.4312222664800003,2.44045288932,2.46047576244,2.48885975712,2.4522296844,2.4804438132,2.4731009053200004,2.4879356298,2.48455465584,2.48064862404,2.47536172644,2.5008515226,2.50322311728,2.50025039076,2.49980081796,2.4851344378799998,2.48791089348,2.4919046803200002,2.49060258792,2.414621889,2.37213642504,2.37302546016,2.25213366552,2.44661046612,2.2436288868000003,2.49916552644,2.4910087249200004,2.5104441595200004,2.5009019768400003,2.50010864772,2.48429197968,2.52053378052,2.4948632718,2.5011582725999997,2.47250566308,2.49034501608,2.46986108544,2.5076308448400004,2.50427048448,0.0,3.9905307746400005e-07,4.52067590388e-07,0.0
2.51077834524,2.5069971238799997,2.5094611361999997,2.5033735474800003,2.5032213504,2.50334193996,2.5025386966800003,2.50285526268,2.49980332104,2.50275720084,2.50224132096,2.50294777848,2.31919225848,2.3374078587600002,2.27180777616,2.28965188992,2.4855215318400004,2.42303798016,2.4239775186,2.44948527804,2.4842934520799997,2.4815812422000003,2.48113270008,2.4810525033600004,2.47815285696,2.48554734792,2.4743893044,2.4748158096,2.49988474476,2.49420766116,2.4951488192399998,2.4917660784000004,2.4863287506000002,2.49069500556,2.4885725409600004,2.49123091008,2.44547181012,2.3785715983199998,2.3993918251200004,2.26342343976,2.4788879772,2.22770188692,2.50160715828,2.4961835237999996,2.5114142257200003,2.49579289608,2.50347882408,2.4740973274800004,2.50760139684,2.48218870536,2.49278777676,2.4641781122400004,2.4869010724800003,2.47212764892,2.5047181431600003,2.4975693957600003,0.0,2.50441158948e-07,4.84871759316e-07,0.0
2.5081931544000002,2.50578435708,2.50819742436,2.5035098426399998,2.5028110416000002,2.50322763264,2.5026218382,2.5026046602000003,2.49915786996,2.50060769316,2.50196897604,2.50191169968,2.33286952932,2.3428230024000003,2.2891684519199997,2.3051995504800002,2.4914616351600003,2.4334785231600002,2.4153903836399997,2.43736477572,2.47878476196,2.45544476796,2.4872752584,2.4996237373200003,2.4729838495200003,2.4876485118,2.4663018038400004,2.47312750668,2.4964718688,2.49393850644,2.4913979783999998,2.4917889006,2.4890520525600004,2.49092366928,2.48768021748,2.48681346468,2.46556933392,2.4022431768,2.39798445612,2.2680233155200002,2.46591794916,2.19606653856,2.50947640008,2.50151621304,2.5105041843600002,2.49727452312,2.49478017936,2.4838450572000004,2.4947888665200004,2.492767065,2.4821995029600004,2.46978373536,2.48832895692,2.4923398726799997,2.50413458196,2.4983154608400002,0.0,2.29161842736e-07,1.41439764864e-06,0.0
2.5086005183999998,2.50456633872,2.5066217600400003,2.50336751064,2.50264058676,2.50283450184,2.50236912528,2.5013648994,2.49580968144,2.5014301758000004,2.50123763496,2.49985019244,2.3380207207200003,2.34816148308,2.28070009056,2.2994019264000003,2.49807271116,2.4526120176000004,2.4166991018400004,2.43866264724,2.49381943836,2.45318998368,2.49216603132,2.4834348956400003,2.4646940412,2.47971212856,2.46510488988,2.47259017884,2.49519465996,2.4931914106799997,2.49020930988,2.49025264752,2.50010874588,2.4970440434400003,2.49606882384,2.49544030536,2.44133166672,2.38647264396,2.38689483012,2.2613415152400003,2.4426013663200004,2.1666366,2.5094493570000003,2.50453973736,2.51071925292,2.50089240624,2.49486366444,2.4892264338,2.49818530068,2.49226738152,2.4923981797200003,2.48809523796,2.5004426862,2.49541964268,2.50342002624,2.49912223788,0.0,5.6092442424e-07,2.65397214096e-06,0.0
2.5075948201200005,2.50474827828,2.50639393068,2.50328962068,2.50176818976,2.50212716088,2.50121157348,2.49952351596,2.49754142016,2.50144332924,2.49987659748,2.49955144248,2.3297352314400004,2.35379306952,2.24927519724,2.2905093175199998,2.49320147208,2.4497312179199997,2.42501345016,2.44020464268,2.4996718848,2.44509551376,2.4812649706800003,2.462573049,2.46624624528,2.46948262956,2.4600175024800004,2.46080454936,2.49445399368,2.4962561131200003,2.49519559248,2.49581454036,2.4919704966,2.4865110337200003,2.4949908798,2.4930561462000003,2.42645218128,2.3843601916800004,2.40389599488,2.27438742096,2.45140234284,2.1598534986,2.50249899096,2.49924395628,2.49799251444,2.5045896517200004,2.49557571708,2.479024665,2.48430390612,2.4917886551999997,2.48435494932,2.49425512152,2.4852325488,2.48025647484,2.5014678201600002,2.50189560144,0.0,1.10585372556e-06,2.7343620889200003e-06,0.0
2.5065847537200003,2.50433762592,2.50575991524,2.501396556,2.50102791612,2.50181623908,2.49998982504,2.4985007869199998,2.4972892962000004,2.50047444096,2.49922766172,2.49891148836,2.33798449968,2.3502122418,2.2607978560800004,2.3018856198,2.48726897616,2.44719525432,2.4225440390400004,2.4385179594,2.4947592222,2.47667976984,2.4749790496800004,2.47465183332,2.4687100122,2.46937377012,2.46303960348,2.4627566082,2.4967759194,2.4967030356,2.49563053944,2.49546322572,2.4791759786400003,2.4803332850400004,2.48665449456,2.48395013748,2.43208951008,2.40606302412,2.37397466736,2.28781649424,2.4661677172800003,2.1579894402,2.49649601616,2.49631378212,2.4910250194800003,2.49209977332,2.49349168212,2.4676238718,2.48795005932,2.49503608248,2.48626430856,2.4789120263999997,2.47510003188,2.4704697756000003,2.50125726696,2.49881165964,0.0,1.2800580321600001e-06,2.16842536968e-06,0.0
2.50652644668,2.50354640724,2.50529291904,2.50004999712,2.5006258527600003,2.5008917191199997,2.4994894053600003,2.4990417957599997,2.4992064591600003,2.49967586028,2.49531397344,2.4987293033999998,2.35250751708,2.34286467132,2.28069714576,2.30840403276,2.4818218814399997,2.42730013644,2.42428559376,2.43220317936,2.48429664228,2.46331209564,2.4715083084000002,2.47611510444,2.46566764116,2.4767808746399997,2.47362841716,2.4614829822,2.49443018988,2.4925765855199997,2.49038418192,2.48596879788,2.47461129324,2.48127679896,2.4782033112,2.47740350352,2.43896071008,2.42618577504,2.31152022012,2.26041405048,2.45516403036,2.1633637002,2.49428383332,2.4936632658,2.48795604708,2.48970540552,2.49120401424,2.46675579384,2.49810112848,2.48191341564,2.47600761924,2.46245412816,2.46470665476,2.47228588284,2.5023564135600003,2.49872233404,0.0,1.2398892914400001e-06,1.47002604948e-06,0.0
2.5057198659599997,2.50259101596,2.50438395744,2.500621092,2.4996343386,2.5000443038399998,2.49862383048,2.4991704344400003,2.49417036036,2.49819182832,2.49553463712,2.49706765092,2.34629452896,2.3445100292400003,2.2770131518800003,2.3038085742,2.48612595204,2.4241952374799998,2.42783761152,2.4520493154,2.47410886128,2.41762003896,2.48601650364,2.4718276719600003,2.45699972052,2.48567510316,2.46767290272,2.46965391876,2.49244765236,2.48492732028,2.48091920208,2.4791558067599997,2.47419941388,2.48165957388,2.47431843288,2.47917401544,2.44526601768,2.42787923136,2.36114270136,2.2197470496,2.44695441876,2.1767645034000003,2.4962312295599998,2.49182536704,2.4871710615600002,2.4878453716799998,2.4870976378800003,2.47472064348,2.4925354564799997,2.46849641604,2.47062899112,2.46752477928,2.4720816609600003,2.4861485288400003,2.5031798778,2.4926068188,0.0,9.3755492088e-07,1.180259889e-06,0.0
2.50391980788,2.5025991632399998,2.50329968208,2.50057049052,2.49904498596,2.49923011572,2.49825916608,2.4974524872,2.4889347513600004,2.49521257416,2.49414542772,2.49602700768,2.34021184824,2.34600775452,2.2630465053599997,2.2478482944000002,2.4755730158400002,2.41917636576,2.42189397444,2.43558945396,2.4747519074400004,2.435531196,2.47192293624,2.44131488136,2.46572408316,2.47282860948,2.4641552900400003,2.47321619424,2.48816645304,2.4809031529200003,2.47794411972,2.47778873244,2.48302154388,2.4889104567600002,2.4806932377599997,2.48442577176,2.4454401535200003,2.4077749836,2.37940163928,2.2098960064799997,2.45317791,2.19552538248,2.49425865528,2.4898021422,2.48474214144,2.4899839836,2.4869646801600003,2.48574734892,2.47376608656,2.47396245564,2.48130894636,2.4799985594400002,2.48387754816,2.47612840512,2.503093497,2.48885043192,0.0,5.8609220652e-07,1.361965092e-06,0.0
2.5025881202400004,2.5018541779200003,2.50287818304,2.5007983198800003,2.4988416966,2.49680787048,2.49881215044,2.4963024446400004,2.491367058,2.49413870376,2.49467166348,2.49395622432,2.35386963432,2.3420229984,2.2687865586,2.22207658272,2.48861872524,2.42843977404,2.4251524938,2.43135463524,2.48082953292,2.47291680624,2.449561941,2.46900321612,2.4667762602,2.4742475613600003,2.46556290444,2.4736018158,2.48516319876,2.48209447176,2.4785446135200004,2.4813341244,2.46954530472,2.4732226728000004,2.47945396776,2.480986638,2.42829783468,2.37079757172,2.38911152832,2.22170676492,2.4441173002800003,2.20658345004,2.49339101904,2.49179302332,2.4728941312800004,2.48529276996,2.48398365912,2.46753022716,2.476915452,2.4786803688,2.4744570348,2.4666229833599997,2.4678767319599997,2.4500543606400003,2.50088200128,2.4912565298400002,0.0,5.525369958e-07,1.40616246636e-06,0.0
2.50164828732,2.50366410108,2.50316289612,2.4995961543600003,2.49864130296,2.4961984932,2.49671133012,2.4937011064799997,2.49111277452,2.4946011846,2.49224671884,2.4926907456,2.35131477492,2.34417648156,2.26835848284,2.17594251156,2.47924591764,2.4347365908,2.4248778912,2.41739937528,2.472549786,2.45252117052,2.46959183256,2.51141653248,2.47011482904,2.48615113008,2.47227552696,2.47186840836,2.48585350896,2.48490950424,2.48261221668,2.48102678544,2.4693609111600003,2.4738986516400003,2.4732464766,2.47131135036,2.40497462604,2.3974570915199998,2.4086395278,2.2434968615999997,2.46609929976,2.21116138704,2.48459553948,2.4913851194400003,2.48240220336,2.481976827,2.47954643448,2.46976783344,2.50794647832,2.4683348937600003,2.4664760869199998,2.4435646594800002,2.45035036212,2.4556927692,2.50040253876,2.49086580396,0.0,6.0764298912e-07,1.1978113878e-06,0.0
2.50189511064,2.50097255388,2.50282983924,2.4968270607600003,2.4966745692,2.49594857784,2.49342861432,2.49308956968,2.4878886602400003,2.49382061628,2.49029569068,2.4916043598,2.3311433366400003,2.34870489684,2.2584340160400003,2.20341553236,2.4717837944400003,2.43210109296,2.3999188952400003,2.41932370392,2.4544198794,2.4409228794,2.47630793976,2.4592542593999998,2.4781692006,2.48834063796,2.47165068948,2.47166997792,2.4840411808800003,2.48157034644,2.4774876757200004,2.4767176596000002,2.48187567312,2.4803701932,2.47454434812,2.48442454476,2.4135795770399997,2.38984002276,2.37677208012,2.2460476964400002,2.4601575768,2.2246656018000004,2.49332441748,2.4833719260000002,2.49731938224,2.4838470694800003,2.48092219596,2.4824826945600003,2.49093947304,2.46005284008,2.46914039472,2.46617041668,2.48358611112,2.48438523168,2.50000886808,2.4940608138,0.0,5.5730246748e-07,8.896351720800001e-07,0.0
2.50191763836,2.49726161508,2.50196313552,2.49524015712,2.4958333379999997,2.49514783764,2.49352250436,2.49037731072,2.4863409715199998,2.48991448632,2.49169579584,2.48796134772,2.32109229252,2.34894784284,2.27991309276,2.2356558898800003,2.46790735788,2.43635323692,2.4221851660800002,2.42420019456,2.47043090424,2.42801366148,2.47335749556,2.4610029798000004,2.45840497908,2.4657138254400004,2.47081765464,2.4626481414000003,2.4800631978000003,2.4824219826,2.4756531144,2.4778416897600004,2.4681449050800004,2.47124396352,2.47655859132,2.4729481192800002,2.43392343336,2.375481816,2.35031791104,2.24491758036,2.4350785802400003,2.20183216248,2.4930178638,2.47977323316,2.4898348785600004,2.48450866788,2.4831444402,2.47851069924,2.4743893534800003,2.47540418064,2.4776923393200003,2.4824440686,2.47880213628,2.47233152724,2.49857671368,2.49240819204,0.0,4.27100157576e-07,1.1230092469200001e-06,0.0
2.50124215032,2.49531205932,2.50037917668,2.4931852266,2.49447176064,2.49331931316,2.49182625048,2.48975708676,2.48607603768,2.48832179124,2.4902055798,2.48752797132,2.32335507684,2.34877866408,2.29594041216,2.21227623924,2.46907791588,2.43025328004,2.43897680832,2.4291419616,2.4858666133200003,2.418790008,2.45692673856,2.43909852672,2.46068587392,2.46195724224,2.45718804048,2.4503311227599998,2.48348338668,2.4815089964399997,2.4785505521999998,2.4760701962400002,2.4638178650399998,2.47143679884,2.47135925244,2.46513163848,2.4462864399599997,2.40460770396,2.3678924774400003,2.2524488572799997,2.4578427186,2.2213234501200003,2.4911568974400002,2.48354169372,2.48545836588,2.48098364412,2.47828071036,2.4602081292,2.47310787468,2.48227268124,2.4724685586,2.48218379736,2.4670869366,2.4623342748000003,2.49286831704,2.4924324866400003,0.0,3.44918637468e-07,1.76460813588e-06,0.0
2.50031836656,2.49763589916,2.4977503046400003,2.49273462312,2.4940364701199997,2.48934663072,2.49136087392,2.4881108454,2.48548079544,2.4881785758,2.4888710946,2.48725650984,2.3243816832,2.35963354044,2.29412867304,2.20634320344,2.47225663116,2.41909567824,2.4263692360799998,2.4358575289199997,2.4781426974,2.44087497732,2.44973254308,2.44607760456,2.4646395624,2.46903816108,2.46073348152,2.45066432688,2.48253864576,2.4805624395600003,2.4735483676800003,2.4716851436400002,2.45280455844,2.46472564872,2.462968143,2.46174168288,2.45401973016,2.4246090309599997,2.3678792258400003,2.2419920688,2.4410155915200002,2.22744431508,2.48893509492,2.4828624756,2.4862981737600003,2.4829684884,2.4773979084,2.47299037716,2.47318493028,2.47909833408,2.4697569867599998,2.4643148000400004,2.45514925728,2.43617797224,2.4939739912800003,2.49098806224,0.0,3.96136964724e-07,1.91957445672e-06,0.0
2.49870613764,2.4973357749600003,2.49610504488,2.49515127324,2.49108833268,2.4906291402000003,2.49092896992,2.48699530608,2.4799678353599997,2.48665032276,2.48741665788,2.48685331764,2.3417726413200004,2.35946519604,2.2855984218,2.2256830302000004,2.47380274932,2.4254871212399998,2.42944939872,2.44754494932,2.46909710616,2.4167224639200002,2.4573493173600003,2.44751501052,2.4718867152,2.476554714,2.4686626499999997,2.45845047624,2.479137549,2.4734063301600004,2.46822569076,2.4635592134400004,2.4521335366800003,2.4553970622,2.4553474914,2.4540557058,2.4296079762,2.41559607792,2.35058637864,2.24614762332,2.4376587649199997,2.24272208472,2.4845673675600004,2.4758815818,2.48412191748,2.4812579031600004,2.47760605668,2.4561000350400004,2.4870805580399997,2.46907526556,2.45906510508,2.4456346084800002,2.45332200888,2.4520113274799997,2.4955687967999998,2.48768591076,0.0,4.54526552376e-07,2.76659096172e-06,0.0
2.49772704072,2.49594813612,2.49695815344,2.4955592262,2.4892947040799998,2.48873165832,2.48864807508,2.48651015028,2.4776549403600003,2.4824035776,2.4853541690400003,2.48467529448,2.3306733956400003,2.35435194348,2.27190343308,2.2534416966000004,2.47627736292,2.42145912564,2.409102843,2.44916331324,2.4579676272000004,2.41321628688,2.45049303768,2.4293692019999997,2.46727265532,2.4688164176400003,2.4698044962,2.466045459,2.47697523144,2.4634870167600003,2.45767182204,2.45386066188,2.4580685356800003,2.45845847628,2.45307793404,2.45567838876,2.4183091712399998,2.3986122874799998,2.3732293384800003,2.26273047924,2.44269535452,2.25675469476,2.48497821624,2.47806505284,2.47885715496,2.4780337398,2.47100563104,2.4565005278400003,2.46570081924,2.4533332482,2.45333972676,2.43821866956,2.45378345904,2.44920473676,2.49452403084,2.48269962816,0.0,7.2149666268e-07,4.88406864108e-06,0.0
2.49723565176,2.49536702892,2.49687196896,2.49227582328,2.4886240749599997,2.4879654704400003,2.4872875284,2.4837821857200004,2.47653159732,2.48334576636,2.4807449680800002,2.48122501956,2.32855873476,2.34987903768,2.25811278744,2.2796193489600003,2.47871600088,2.43070928232,2.4033966058800003,2.4271720867199997,2.455600008,2.4092190153599997,2.4363167214,2.4279909865200002,2.46119498076,2.44278418932,2.46838858728,2.4678940572,2.469285966,2.46053141916,2.4566508108,2.45411833188,2.45191787916,2.45833268424,2.45417870028,2.4541578903600003,2.4172226382,2.38328440716,2.3539428616799998,2.27150966424,2.43784472904,2.26469294304,2.48232058332,2.48120519124,2.46306144408,2.4781687098,2.46382689576,2.45376348348,2.4529067920800003,2.44906579128,2.44807732008,2.44560138132,2.44004591796,2.42970952272,2.49122703276,2.48442925644,0.0,1.7196617516400002e-06,7.881822476400001e-06,0.0
2.4963177576,2.49365384244,2.49560330004,2.4898458234,2.4867098568,2.4871479448800002,2.48752944372,2.4801601308,2.475823422,2.4818354766,2.4812992285199997,2.4788060136,2.34783868392,2.34429594228,2.2520004624000003,2.29081155216,2.48018339472,2.43073554012,2.4175212900000003,2.4262644012,2.46069804576,2.4275135853600003,2.44553085336,2.43267066636,2.4615064915200002,2.46436682484,2.4556775544000002,2.4609021204,2.4684713361600004,2.4655002292800003,2.4593929104,2.4559541692800004,2.44764615228,2.4528636507600003,2.4481543756799997,2.4498203472,2.4002003199599997,2.3901606133200004,2.34630881124,2.26962347076,2.44066010508,2.2530593634000002,2.4741326160000003,2.4820501525200003,2.4551414044800004,2.46802618056,2.46423646836,2.4407479582800002,2.45588913828,2.4456271974,2.43678303048,2.43345948012,2.43236563416,2.42802681492,2.49039954396,2.46671918016,0.0,2.7895157880000002e-06,9.3709852596e-06,0.0
2.49534332328,2.49201938028,2.4953521085999997,2.4863378794799997,2.48491166376,2.4834957548400003,2.4851287446000003,2.4785253250799997,2.47870623396,2.4820960423200003,2.47546940796,2.4774359454,2.32711195452,2.34135614844,2.25428925912,2.29251467724,2.46913278732,2.4260367681600004,2.41915275828,2.44549134396,2.4473089236,2.45918005044,2.43467097084,2.45500388232,2.4584346234,2.46744207948,2.4626173191600005,2.45663539968,2.4675391597200003,2.46151748544,2.4527737362,2.44931143668,2.43965926572,2.44442527728,2.4414404280000004,2.44217471388,2.40217549548,2.38729664808,2.3770780448399997,2.26440430356,2.45326978776,2.2297493081999997,2.46812277,2.4727505232,2.45885798748,2.46114418296,2.45777533176,2.44630140936,2.45114266056,2.43852203304,2.4438924647999998,2.4302307032400003,2.42981146188,2.42364730836,2.48923163628,2.47548447552,0.0,3.35931770448e-06,1.0138125782399999e-05,0.0
2.49382758564,2.49028126116,2.49376162212,2.48701331844,2.48404962264,2.47919948796,2.4802995180000003,2.4766986656400003,2.4693609111600003,2.4780772737600003,2.47538533392,2.47537610688,2.32808913732,2.34536892924,2.26280552256,2.2925233153200004,2.4657093591600003,2.42612246184,2.41168773936,2.43304769892,2.442668655,2.45319808188,2.44353422988,2.46921337668,2.4660784898399997,2.4770655877200003,2.471317878,2.4613568465999998,2.45781798228,2.45303135712,2.44454625948,2.4404922514800003,2.4341505756,2.4434597264400004,2.43521207784,2.4346525167600004,2.39725532364,2.37700044936,2.36527337232,2.27889100176,2.44143100464,2.2515270858,2.4671402865600003,2.46635937468,2.46032758992,2.45951742636,2.4555369402,2.4459108798,2.4395513388000003,2.43507460476,2.45411587788,2.42706190212,2.43544633668,2.43313177296,2.48962751556,2.46286428972,0.0,3.75621348036e-06,9.8143047768e-06,0.0
2.49312186432,2.4897215528400003,2.4908219755200003,2.4851888676,2.48162457984,2.47921489908,2.4777491248800003,2.47328068536,2.46582685668,2.47379357136,2.46996484056,2.47186158624,2.33795505168,2.34331669812,2.27404827816,2.29546090056,2.46063100248,2.43157431732,2.40912267132,2.4118687464,2.43935457708,2.44595981256,2.45665483536,2.4626293928400003,2.4607703406,2.4748813804800003,2.46323283144,2.45978442156,2.46217309608,2.4422419044000003,2.44143978996,2.43632025516,2.4505888418399997,2.44695657828,2.4501992448,2.44256274036,2.40243345996,2.36879275188,2.35422163608,2.27106126936,2.4538281218400004,2.27563135356,2.4572390836799998,2.46835059936,2.45964950064,2.46125495652,2.44884188832,2.44780198128,2.4555615783599998,2.43178276008,2.44019546472,2.4375011199600003,2.44807442436,2.4484704018000003,2.48912346396,2.45902220916,0.0,3.7608586078799996e-06,9.379063827599999e-06,0.0
2.49080685888,2.48637846864,2.48989087884,2.4864729967200003,2.47816561776,2.4722073548399996,2.47673204004,2.4723286806,2.45736507204,2.47056886812,2.4719654886,2.46717817632,2.3360513857200003,2.343486564,2.28287477628,2.29589457144,2.46419003868,2.39700059844,2.41934156904,2.409723705,2.4450308754,2.43102182376,2.46043370088,2.45148626964,2.4577815158400003,2.4644594388,2.4639682461600003,2.45480692428,2.45348780112,2.44867447644,2.4480915041999998,2.4472608252,2.44996984488,2.44842200892,2.44706116776,2.446229409,2.42945695704,2.37447768828,2.3575261434,2.2636478335200003,2.4418453870800003,2.23229170128,2.45835918744,2.46212858052,2.45357771568,2.4580812474,2.4522431814,2.45132435472,2.4518669832000004,2.43960797712,2.45057613012,2.45392657632,2.4498155864399997,2.4590976942,2.48816149596,2.47341202344,0.0,3.8838736524e-06,8.4480284976e-06,0.0
2.48883359748,2.4862305906,2.489351097,2.47610445408,2.4756370161600003,2.4735753126000004,2.47409634588,2.46926029716,2.46533409348,2.46819599736,2.47113107952,2.46553350552,2.3244049962,2.3451616153200003,2.28848574912,2.28527606436,2.45750936724,2.4239939604,2.41067222508,2.4133790852400003,2.45468927952,2.44043222664,2.45890255212,2.44276769844,2.4544787754,2.4669502978800004,2.46279759,2.45148420828,2.45499161232,2.4554407434,2.44889116464,2.4474501758400002,2.4601717609200002,2.4530851488,2.4554177248799998,2.45435416128,2.42076812832,2.394398475,2.40025921596,2.276908317,2.42903855004,2.19111480828,2.46162443076,2.46011580972,2.4561530905200004,2.45678077464,2.45118634176,2.45152450296,2.4553176998399997,2.45401256448,2.45589895428,2.45920483584,2.46127056396,2.46182055444,2.4872659822800003,2.46202929168,0.0,3.7239136869600004e-06,6.9096816648e-06,0.0
2.48981347968,2.48522685552,2.4879319488,2.4776154309600003,2.4725315773200003,2.4727986216,2.4718615371599997,2.4657041075999997,2.4630252721200003,2.4675493192799998,2.47033392216,2.463136242,2.3229826087200003,2.34630611184,2.28917841516,2.26817389296,2.4529482155999998,2.39958706536,2.41522719264,2.41986024648,2.458532538,2.4011820671999997,2.44693994016,2.4501715146,2.45579966544,2.47113348444,2.4539854232400002,2.45728953792,2.45635098108,2.45755800552,2.45151031884,2.45394434328,2.4552960064800002,2.45474022456,2.4576986688,2.4570439416000003,2.3888934658800003,2.3900193119999997,2.39910190956,2.31751902312,2.4474658323600003,2.1806597376,2.46487961268,2.45973470352,2.4580048789199997,2.45418051624,2.45287636248,2.43362041344,2.4418031782800003,2.45759712228,2.45435690976,2.45192990376,2.45210075124,2.4380464478399997,2.48520619284,2.46946569696,0.0,3.2542240256400002e-06,6.2115436956e-06,0.0
2.48816929968,2.4804366966,2.4850149280800005,2.4765755239200002,2.47091777784,2.47087704144,2.4706683041999997,2.46223567308,2.4599457966000005,2.46522135672,2.46700566012,2.46388009848,2.3276234662800004,2.34513756612,2.29168659948,2.2674412758,2.4500186304,2.41888919868,2.39947683168,2.4185743504799997,2.4550736740800003,2.40886588476,2.43882858672,2.41590047208,2.4575757724800003,2.4695604704400003,2.4586569558,2.4613913007600003,2.45758284,2.4593675360400002,2.45716791768,2.45630302992,2.44181058936,2.44494248232,2.4540925648800003,2.45114717592,2.4079331193600004,2.3890220064,2.3900469440400003,2.3024960768400002,2.458481004,2.1992561496,2.4604775784,2.4605990514,2.45425168224,2.4570019782,2.4582974448,2.43152204712,2.45130217056,2.45233996716,2.45811791016,2.4435442422,2.44162624488,2.4358925720399998,2.4829763412,2.46876051552,0.0,3.10308535584e-06,6.3265975224e-06,0.0
2.4815800642799997,2.48098065024,2.48292804648,2.47343994996,2.46801680628,2.46931227288,2.4654533088,2.4631907208,2.4591308232,2.4645207888,2.463314157,2.46291950472,2.33043653556,2.34544137132,2.28154210704,2.23630997904,2.4471898064400004,2.4121531650000003,2.40366099984,2.4267422931600002,2.44956434592,2.42192656356,2.4337567576800003,2.43941371848,2.4536719492800003,2.47182310752,2.4556611126,2.46486321996,2.46012655824,2.45926618584,2.4571578562800003,2.45395283412,2.4399162486,2.44269486372,2.44090776276,2.44422733764,2.43763064208,2.40348814008,2.35930475352,2.26270981656,2.44869774036,2.1852714907200004,2.4520324809600003,2.4598687409999997,2.45927546196,2.4521118924,2.46022442376,2.4415525267200002,2.455412277,2.44381717608,2.4438262068000003,2.4413148322800002,2.44301015364,2.43650749536,2.48014089144,2.4630504010800003,0.0,3.5061997640400003e-06,5.4999357204e-06,0.0
2.48172691164,2.4790867512,2.4810899514,2.4740538426,2.4655502908800004,2.46508216584,2.46277653468,2.46298806948,2.46207076428,2.4644805431999997,2.45943330324,2.46281727108,2.33695166016,2.3476386829200004,2.2833004471200002,2.20712990676,2.45157898176,2.40469624428,2.40985047864,2.4214064137199998,2.44535396904,2.4385854444,2.4506304126000003,2.46082766604,2.45771231304,2.46990962556,2.45652791448,2.4558051624,2.4599301400800004,2.4548488386,2.45199935196,2.4455400313199998,2.44948282404,2.44649331216,2.44844007036,2.44506410256,2.4301486414799998,2.40545649348,2.4079600642799996,2.26344807792,2.45722539036,2.24703817992,2.46029985972,2.4593494745999998,2.45279400624,2.45153034348,2.44839550572,2.4430917246,2.4559516662000003,2.4410001804,2.43716634528,2.42166815736,2.44040945352,2.45025897516,2.47999689072,2.456228232,0.0,3.94910381904e-06,5.8139932416e-06,0.0
2.48262365232,2.47612609836,2.480725287,2.47049745672,2.46372426948,2.4648187044000003,2.4638678775600003,2.46241923228,2.45588962908,2.4632263038000004,2.45872826904,2.46046152924,2.35011903888,2.34496652232,2.27260444272,2.22401912004,2.45668585392,2.410219413,2.40300676344,2.40846573552,2.43877999752,2.4275227633200003,2.4575693920800004,2.4525017348400002,2.45887653972,2.4633397276799998,2.46118541016,2.45976891228,2.45466164748,2.44775079084,2.4469207989600004,2.44718887392,2.45185971936,2.455058901,2.4523444825200005,2.4534093712800003,2.4308444486400003,2.40881489064,2.36812781604,2.2568650266,2.4481568296800003,2.27266505652,2.4654661186799998,2.4627345222000003,2.45553998316,2.4534849054,2.45018069256,2.4463524034799997,2.48450081508,2.43480152364,2.44031693772,2.4367686009600003,2.45259346536,2.46421521672,2.47620295764,2.45323307592,0.0,3.7292409774e-06,8.3175552072e-06,0.0
2.4781115315999998,2.4701881545599997,2.47876297044,2.47382027088,2.4618287508,2.4640399029599998,2.46349153212,2.46024523368,2.4575516251200002,2.4606071005200003,2.46046545564,2.45916473748,2.35228179816,2.3495482875600002,2.22521789904,2.23122730332,2.44602184968,2.4146479014,2.426310291,2.40142643652,2.44439965752,2.42640889272,2.4550763244000002,2.43649228056,2.4516206016,2.4617249466,2.4556213578,2.45524854612,2.4542284674,2.45487543996,2.4512557899600003,2.45175787836,2.46169530228,2.46254585868,2.46135203676,2.4616180503600003,2.41394659728,2.3916188292,2.3647391856,2.2536441516,2.44223125404,2.2005434198400002,2.47457006604,2.4626918226,2.45981224992,2.45253245892,2.45587529772,2.4428315024400002,2.4545393892000003,2.4388494457200003,2.4532534932,2.45275469316,2.45892532524,2.4549919068,2.4737829700800003,2.45868188844,0.0,4.11799276164e-06,8.495959044e-06,0.0
2.47738372428,2.4660484528800004,2.4764101734,2.47385045508,2.4622855383599997,2.46096459924,2.4616827378,2.45941504548,2.45979777132,2.45929357248,2.45796728364,2.45735324376,2.34482237436,2.34947599272,2.2419399458400004,2.23750625496,2.4462110530800003,2.41694513988,2.40245746008,2.40833356308,2.4461572123199997,2.41526768364,2.44494405288,2.44319729568,2.44471543824,2.4583902550800003,2.45253255708,2.4584831635200004,2.45733091236,2.4588974478,2.45795457192,2.45990452032,2.45524790808,2.45651284692,2.4601861413600004,2.4587617416,2.4252961018800003,2.3991604129199997,2.39645104968,2.28413603412,2.44560697644,2.2093097949600002,2.47040052372,2.46220112076,2.45693159748,2.45122545852,2.4545985306,2.4448902612,2.44747093668,2.4524341026000003,2.4531758977200004,2.4509980218,2.4497939912400004,2.45367636648,2.47333943412,2.46254350284,0.0,4.23895081428e-06,7.7590478748e-06,0.0
2.4745875876,2.47010442408,2.47482960108,2.4668511072,2.46219380784,2.45871972912,2.45982344016,2.45801950476,2.4608342427600003,2.45904704364,2.45787889056,2.4579301300800003,2.3465609352,2.35163173356,2.2711586440800002,2.2567922900400004,2.43568005564,2.4250521251999997,2.38724295456,2.41292092344,2.44788384672,2.43755015088,2.43507465384,2.44476697224,2.45062471932,2.4546708254400005,2.4539271162,2.45141456376,2.462162004,2.4627225957600003,2.46134339868,2.46200450628,2.4509113465200003,2.4528316015200002,2.45785145484,2.4578495898000003,2.43747643272,2.405415708,2.38765738608,2.2883472944400003,2.4422540271599997,2.2081202429999998,2.45572457304,2.4598623606,2.45506802988,2.4537465018,2.4535522922400004,2.4439970052,2.4349350703200003,2.4496984324800004,2.42950279776,2.44376711448,2.44565522208,2.43291312156,2.4711924786,2.46302026596,0.0,3.7316397133200005e-06,6.8580166212e-06,0.0
2.47331111496,2.47642543728,2.47383730164,2.4664093871999997,2.4606711008400004,2.45909077392,2.46049932084,2.45888954592,2.4588844416,2.4594419904,2.4593330328,2.45869224432,2.3429923284,2.35110564504,2.28801212712,2.27627670648,2.4420073020000004,2.4246111904800003,2.40088370988,2.4295083438,2.44377570348,2.4191590896,2.4392404169999997,2.4446198304,2.45318757876,2.4541577922,2.45662254072,2.4532152108000003,2.4630810760800004,2.46180160956,2.4609729428400002,2.4580763394000003,2.44229707032,2.44921317852,2.4406373319599997,2.44615559268,2.42966451636,2.39950495452,2.3759291802,2.25348086244,2.4341579866800003,2.2079314813199997,2.45604555624,2.45125014576,2.44677645468,2.45820242592,2.45502886404,2.43721380564,2.44995963624,2.4429090488400003,2.44817587272,2.43254767188,2.4370831056,2.4400841512800002,2.46976852056,2.4612653614799997,0.0,2.9631966564e-06,6.2786978964e-06,0.0
2.4749886202800004,2.4719010465599998,2.4711271040400002,2.46988886472,2.45882593824,2.45944429716,2.45953219944,2.45894721492,2.45712880092,2.45962142688,2.45782077984,2.45886976668,2.35210172364,2.35078539804,2.28598880412,2.2938350764799997,2.42513722992,2.40992949744,2.3981577576,2.43864586188,2.4383906458799998,2.4170962081200003,2.43492147516,2.44482783144,2.45113328628,2.4555995172,2.453036805,2.45712978252,2.4617030078399997,2.45222541444,2.4521666166,2.4460286718,2.4423404079599997,2.4402541644,2.44496343948,2.4436571261999998,2.4346006392,2.40157215504,2.3434732142400003,2.23163378388,2.4281714046,2.2238517572400003,2.4575391588,2.45142742272,2.45860674696,2.45828694168,2.45878696872,2.43569409252,2.46440334036,2.43844831488,2.44246016316,2.43719348652,2.4397893768,2.43461197668,2.46850034244,2.45706416256,0.0,2.73382530096e-06,5.5591762620000006e-06,0.0
2.47063488072,2.4687773008800002,2.4693863346,2.46734725692,2.45857145844,2.4591556086,2.4590163686400004,2.4586584282,2.45234757456,2.4583913348400004,2.45787962676,2.45829994788,2.3644705707600004,2.34475444764,2.28241843044,2.30512813908,2.45271960096,2.40848335524,2.39609423808,2.4237879716400004,2.44658931264,2.39890200672,2.43730268952,2.43118889208,2.43923217156,2.45435872572,2.4474614642400003,2.4595766659200002,2.45338497852,2.44827570144,2.44616810808,2.44433335044,2.43758578296,2.43932812296,2.4397101616800003,2.43594670728,2.43339086628,2.4115916898,2.34614714172,2.22805006044,2.42447941068,2.22009885504,2.45910005004,2.45320941936,2.45931295908,2.4556435419600002,2.45648177928,2.44356961656,2.458434378,2.4430135401600004,2.44051929456,2.43739167156,2.4346455474,2.4344583072000003,2.4669870588,2.4540514358400003,0.0,2.49459077964e-06,5.2789088484e-06,0.0
2.46830205924,2.47535284296,2.47049711316,2.47164136428,2.45845567872,2.4590640744,2.45895654012,2.45831894184,2.45308917336,2.4564488466000003,2.45734337868,2.45733920688,2.34171026064,2.349674325,2.24099064048,2.30806106172,2.44970054292,2.42210811048,2.41301878896,2.4136935407999998,2.44469914368,2.39498704236,2.4296573016,2.42729586648,2.4451266304800003,2.45049239964,2.44804924632,2.4573123110400004,2.45138349612,2.44975134072,2.44284858228,2.4403456986,2.43577664508,2.4391735209600003,2.4373895611200003,2.43719309388,2.4251005180800003,2.4024458281200003,2.3726893112400003,2.24065238112,2.44285324488,2.21520646248,2.4645598073999997,2.45750391936,2.45730180792,2.45323562808,2.4501733796400003,2.4324889722000003,2.44720619916,2.44565168832,2.4415906128,2.43321923352,2.43716624712,2.4339504273599997,2.46528329568,2.45206560996,0.0,2.5448866875600002e-06,6.0712126872e-06,0.0
2.4713762832,2.4692606898,2.46788188536,2.46965352612,2.45785616652,2.45825273292,2.4585435810000003,2.45646690804,2.45174227092,2.45750922,2.45491642176,2.4543436581600004,2.3337149814,2.347024005,2.19169336332,2.27007338712,2.4574861524,2.40033612432,2.4065997139200004,2.4034338576,2.44606346952,2.41905793572,2.4276288252,2.42578395708,2.4430719453600003,2.44854780096,2.4378585696,2.45077068324,2.4516866632800003,2.44356073308,2.4410598616800003,2.4382005099599997,2.43682990188,2.43732026016,2.43816095148,2.4373081374,2.41533693552,2.39097303456,2.36540456316,2.2536572068800003,2.4312990275999997,2.1910547343599998,2.45996876604,2.4630225236400003,2.44694833284,2.4511379488800005,2.44546881624,2.43249839556,2.43908473524,2.4383407806,2.4338828442,2.42791270392,2.43079365084,2.42572241076,2.46498380952,2.4527060548799997,0.0,2.89626522972e-06,6.78787443e-06,0.0
2.4693804940799997,2.46622332492,2.46808380048,2.47140681096,2.45780301288,2.4576407544,2.4579616394399997,2.4544766158800004,2.4455740928400003,2.4536556547200004,2.4544451555999998,2.45414704368,2.3156335658400002,2.35274609496,2.21408356116,2.18268737964,2.4569021494800003,2.4103483952399998,2.40676054908,2.40455396136,2.4410676654000003,2.40888998304,2.4298414006800004,2.42898289332,2.4484787454,2.4538824534000003,2.44836944424,2.4516203562000003,2.44843447524,2.4391319992800002,2.44228553652,2.43854210676,2.43008493564,2.43539637324,2.4351567156,2.4319887979200003,2.41291135284,2.38096930356,2.352609309,2.24377696116,2.41243424616,2.18409268728,2.45067659688,2.46223989396,2.4416922084,2.45145706704,2.4450949738800003,2.4323054130000004,2.44489767228,2.42998373268,2.4327240654,2.41567077768,2.42414615748,2.4243421830000003,2.463834405,2.45499347736,0.0,3.18895896312e-06,6.3696426456e-06,0.0
2.46790220448,2.46574342068,2.4681732242399996,2.46622572984,2.4566557188000004,2.456612283,2.45608383864,2.45247940344,2.44469207616,2.45347592376,2.45352421848,2.44939649232,2.31088272,2.35952846016,2.2373966102400002,2.1892145288400005,2.4458315665200003,2.40651136992,2.4118679611200005,2.3997595815599997,2.42854917336,2.42428961832,2.4361588801200003,2.4438144276,2.43834181128,2.4541011048000003,2.45394144756,2.4474100284,2.44362576408,2.4389211516000002,2.4357441050400004,2.4355724232,2.43449099448,2.44121230416,2.429885769,2.4355424353200004,2.41147237632,2.3912526923999997,2.35833242964,2.2325187944400002,2.42228160828,2.19379241676,2.4520488736800004,2.4509032974,2.4510549546,2.44214919228,2.43892645224,2.43576565116,2.4801767689200003,2.4243056184,2.45488167312,2.42578803072,2.4307432456800004,2.44115581308,2.4652288659600003,2.4441326132400003,0.0,3.4456835841600003e-06,6.2062729944000006e-06,0.0
2.46947801604,2.46401163288,2.46565144476,2.46400500708,2.4558758376,2.45517566232,2.45560422888,2.45000189412,2.44743540276,2.45217069024,2.45059821612,2.45004572256,2.30413809732,2.35726989672,2.26634050956,2.23342991556,2.4403822632,2.40245696928,2.40479676012,2.4034276735200004,2.4294590184,2.4126612411600004,2.43457074948,2.4151730574,2.4338541324,2.44854102792,2.43733179396,2.4463881828,2.43903285768,2.4405849636,2.43220018548,2.43238649316,2.4479219328000004,2.4415565022,2.44127704068,2.4476345694,2.4184296135600003,2.3958099667200004,2.35571734908,2.23487002092,2.4162182160000003,2.1928098351600003,2.46073485576,2.44478881284,2.4499906548,2.44332966444,2.4434166342,2.43511588104,2.4711855583199998,2.44930216056,2.44735172136,2.4289595312400003,2.4442142332800003,2.43787187028,2.4648196860000002,2.44770730596,0.0,3.34627027728e-06,6.3832510572e-06,0.0
2.46469978356,2.47141765764,2.4658913478,2.45886633108,2.45380480884,2.4539380610399997,2.45445904524,2.45001171012,2.4465460240800003,2.45041460784,2.4508959354,2.44785876684,2.31065567592,2.35192699884,2.26936810752,2.2700772644400002,2.44030378428,2.40285230868,2.39944630392,2.40264008676,2.4302776728000004,2.3800763911200002,2.43024680148,2.40471675972,2.43732570804,2.44298257068,2.43672791364,2.44389658752,2.4420495108,2.44347739524,2.43737817456,2.43997239612,2.43839074404,2.44124420616,2.446262538,2.4476611216800004,2.40813611424,2.39231782656,2.34355095696,2.24292478512,2.42244833304,2.20735331892,2.4568942475999997,2.4517845288,2.4560214088800003,2.44153844076,2.444737377,2.4335366338799997,2.43765532932,2.46711103488,2.42479612392,2.43172729968,2.4306652575600003,2.42065936704,2.4637999017600003,2.45109353148,0.0,2.9792175463200003e-06,6.1912221216e-06,0.0
2.4672460539600003,2.4661419012000003,2.46618936156,2.45958662916,2.45279886516,2.45320249908,2.45181363324,2.4479664483600003,2.45077416792,2.4495057444,2.44963757328,2.44800944244,2.32011005448,2.3510699148,2.25201955452,2.28747214896,2.4390742812,2.40386016648,2.40200283204,2.4189444136800002,2.4335843887200004,2.39014240464,2.41006083552,2.4051114610799997,2.44314615432,2.4440873123999998,2.44702283628,2.43833827752,2.4458446218,2.44743353772,2.44426954644,2.44639318896,2.41730150976,2.42717537508,2.42929700532,2.43119586144,2.40524790348,2.38466360424,2.3460643928400002,2.23086779232,2.4260537989200004,2.23361475084,2.4458515420799998,2.44963516836,2.44825459704,2.44114408296,2.44182433176,2.42918475936,2.42931236736,2.44099610676,2.4218988824400003,2.4152045176800003,2.40978559488,2.39664555372,2.46171689748,2.4495541863600003,0.0,2.7008041788e-06,6.383997564e-06,0.0
2.46444608904,2.4605620941599997,2.46475598016,2.4613504662,2.45205540132,2.45218237128,2.44977190524,2.44755687576,2.44259474052,2.44962751188,2.4482117011200004,2.448053958,2.32824903996,2.3504451264,2.24717354256,2.3005594782,2.4438948697200003,2.4100790932800003,2.3923059492000003,2.41605311088,2.42729223456,2.3941259337600003,2.40856703664,2.40270457788,2.444813451,2.43726156048,2.4420759158400003,2.43369359172,2.4478889019600003,2.4468023689200002,2.44131414516,2.43539480268,2.41358050956,2.4251308986,2.4147867487199997,2.41540628556,2.3889883866000003,2.37522699264,2.3508508707600004,2.2336665302400003,2.4095992381199998,2.29642306488,2.44075129572,2.44418861352,2.43838308756,2.4370961608800004,2.44208126556,2.4305868768,2.4198499887600002,2.4197113377600004,2.40189853704,2.4023035452,2.39991010992,2.40090309648,2.46051772584,2.44398458796,0.0,3.05485851348e-06,8.8740924684e-06,0.0
2.46335214492,2.46211601604,2.46334370316,2.4620075001600004,2.44998530508,2.44991816364,2.44822240056,2.44809071892,2.4434929045200002,2.44872174048,2.44540383432,2.44787491416,2.31548033808,2.3491786660800003,2.2432314860400004,2.3086099724399998,2.43695986572,2.39984714028,2.3948686614,2.40981788952,2.4182060541599997,2.40780217392,2.40804153708,2.4008913663600002,2.4410044012800003,2.4502274658,2.44513953852,2.44282364964,2.43979418664,2.43233417388,2.42289471564,2.4176031554399997,2.40437997276,2.4089241918,2.40980856432,2.4070306854,2.3958040771199998,2.34343414656,2.3575180452,2.2361507144400004,2.4216472492800003,2.27994666348,2.4333996025199998,2.4386299599599996,2.4376680410400002,2.4376853172,2.4309237128400003,2.42305589436,2.406296694,2.40740104308,2.4023815824000003,2.3997194832,2.39716491828,2.40090609036,2.4592346274,2.43354600816,0.0,3.7217626578e-06,9.2367534228e-06,0.0
2.46222477732,2.46598032984,2.45974393056,2.45690023536,2.44724492328,2.449774212,2.44878613344,2.44645866168,2.43032851968,2.44720212552,2.44464765876,2.44516550184,2.3081526450000003,2.34788108904,2.25380425056,2.31455940096,2.43299071704,2.39683564056,2.39739795012,2.4081421510800003,2.41439567928,2.38959319944,2.40875211732,2.40203816964,2.44014574668,2.44727765964,2.4347557810800002,2.44416088332,2.4324946164,2.42453781588,2.4206678087999998,2.411111442,2.40329427408,2.4096836557200003,2.40334291236,2.4021442806,2.37271767948,2.33976095028,2.3642391585599998,2.25272699364,2.41221480948,2.2512424218,2.42744340096,2.4385028918400002,2.4110483742000004,2.43077794524,2.4283055893200003,2.41497732636,2.4021150289200004,2.4024846013200003,2.39759706768,2.40221907852,2.4023840364000004,2.4035094408,2.45889985272,2.43977082456,0.0,4.05878377848e-06,1.06679640144e-05,0.0
2.46240058188,2.46165962112,2.4591121237199998,2.46012366252,2.4484139598,2.44800423996,2.44602018096,2.44457192832,2.4326776848000002,2.44330114896,2.4408588300000003,2.44211419824,2.31086107572,2.3506490537999998,2.26857757596,2.3233777518000003,2.42740506948,2.40072601584,2.39793733932,2.40397359036,2.40739088352,2.38886259456,2.40814048236,2.3873770901999998,2.43321403104,2.44192401324,2.4315837406800003,2.44007143956,2.4366673489200004,2.42509919292,2.4105978198,2.40554876388,2.4061582393200003,2.40634754088,2.40191007084,2.40056410092,2.3779955463599998,2.3441395734,2.35798440336,2.2617886340399997,2.40406556628,2.2180340103600003,2.4204342861600003,2.4375908382,2.40477948396,2.43129848772,2.42420947068,2.4125159643600003,2.40475622004,2.4022517658,2.40004036824,2.40380323368,2.40229240404,2.40148233864,2.45774082852,2.42312504808,0.0,6.131824524e-06,1.3077452871600001e-05,0.0
2.46105716412,2.45750352672,2.46239601744,2.44948989156,2.4472807026,2.44405040424,2.4470533640400003,2.43752300964,2.43437639268,2.44345781232,2.43970795308,2.43500623632,2.29577879172,2.3540564327999998,2.26620234936,2.32421741244,2.4225794257200004,2.39976959388,2.3942468178,2.39132714676,2.4061494049200003,2.3954406888000004,2.40336720696,2.4097245393600004,2.43932934996,2.44109608272,2.4355178462400002,2.43953838168,2.41842985896,2.4251375244,2.40626778588,2.4043004140799997,2.40377319672,2.40581801676,2.4050384300400003,2.4030726288,2.3855666271600002,2.3377338972,2.3479648686,2.2686965949599998,2.40614125764,2.18318770116,2.4183588402000002,2.4296200008,2.40863565048,2.42801160012,2.42094133164,2.40732757032,2.41512245592,2.40373093884,2.4054343584,2.40439155564,2.3984692192800003,2.3998831159200003,2.4583854943200003,2.4371807748000003,0.0,7.4544485604e-06,1.34718371748e-05,0.0
2.4604694311200004,2.4558442300800003,2.4596028255599998,2.44796723364,2.4441236316,2.44194413604,2.44550626428,2.4343460121600002,2.4373954998,2.43408613356,2.44010182008,2.4321920382,2.2913673340800003,2.3538696834,2.2578369087600003,2.3169742842,2.42057475312,2.3907307266,2.39489874744,2.39105730492,2.40469884552,2.39191537056,2.40388264512,2.4017250883199996,2.4438265503600003,2.44779319596,2.4244613001600004,2.4287298859199997,2.42122933308,2.41136145552,2.41186069728,2.40407341908,2.4060684229200002,2.41170388668,2.40729635544,2.40788830932,2.3804691783600003,2.34834872328,2.35855299516,2.25862042188,2.40649880544,2.19045213012,2.4255868518000003,2.42123973804,2.4231351094800004,2.41854490248,2.41172405856,2.40728570508,2.41027639488,2.40536692248,2.3911302868799997,2.3980065912,2.3991738608400004,2.39638538064,2.45753852076,2.4229264704,0.0,7.5988787304e-06,1.24582203276e-05,0.0
2.45985602928,2.45646239268,2.45559480552,2.4599973306,2.44127105292,2.44185201288,2.43759113268,2.43395126172,2.4239669664,2.43545718336,2.43333555312,2.43127713792,2.29940845404,2.3496186192,2.2340569616400003,2.3083620693599998,2.4074557182,2.38501516428,2.3903723444400002,2.39825709552,2.40691839036,2.3792101781999997,2.40038716752,2.3934889735200002,2.43397202256,2.4482295662399998,2.4292924408800003,2.4289380342,2.41941028104,2.41567082676,2.4066778002,2.40512922804,2.39692064712,2.4023360852400004,2.39999330052,2.395578849,2.39476667316,2.3732926026000003,2.35502605728,2.2569958248,2.41771353636,2.20940962368,2.4308484731999997,2.41570179624,2.40519317928,2.4201395116800004,2.41330198056,2.4106958325599996,2.38991285748,2.39993769288,2.3869928428800002,2.39879992032,2.3964947308799998,2.3928538783200004,2.45468878872,2.4283789639199997,0.0,6.336834138e-06,1.0392178095600001e-05,0.0
2.4588289812000004,2.45302468224,2.45509310976,2.45633336136,2.43923006112,2.4352899678,2.43670842888,2.43182595048,2.41933101684,2.4302659426799997,2.4337015917600002,2.42909936016,2.30554222704,2.3495473059600003,2.22268787412,2.25078651768,2.41057735344,2.38209176316,2.3919483032400004,2.3966151732000003,2.40497624568,2.3723002540800002,2.3909083962000004,2.37137274024,2.4227377578000002,2.43998024892,2.4346294000800004,2.4330478461600005,2.42123478096,2.41779005208,2.41090790724,2.4033629370000003,2.39088027336,2.39220597324,2.39394581016,2.39295459048,2.40714484548,2.385971439,2.3593192321200003,2.25329352408,2.43429938616,2.19137036784,2.4269480856000003,2.42273329152,2.40033514272,2.412308994,2.40805238376,2.3992363887600003,2.38461113772,2.39463145776,2.39060738856,2.3966271978000004,2.38781454024,2.38451827836,2.4525568025999998,2.43566655864,0.0,5.1148152672e-06,8.7423612576e-06,0.0
2.45706313188,2.45927963376,2.45610960564,2.4468075714,2.43804247236,2.4334938361200003,2.4367674721199997,2.4299776958400003,2.41466095668,2.4276197944800004,2.42764767192,2.42814230016,2.32016875416,2.3477096526000003,2.2326591632399997,2.19949580724,2.4157227534,2.3786622,2.3757099889199997,2.38551283548,2.4009769128,2.37611450628,2.38162005528,2.385949353,2.42863015536,2.43220106892,2.4359728669200003,2.42667269772,2.4167265866400003,2.413647651,2.4039193569600004,2.3959302127199997,2.37803220912,2.38482841488,2.3850641952,2.38156376052,2.40179870832,2.3794246578,2.37606792936,2.23921885248,2.42848875588,2.1913687482,2.4031737826799997,2.42340495132,2.3938535397600003,2.4083956002000004,2.40913901496,2.3921343164400004,2.38143418932,2.3947214214,2.3868182162400005,2.39348180784,2.3790869383200004,2.3744905963200003,2.45096209524,2.4256056003600004,0.0,3.90876697932e-06,6.8361338124e-06,0.0
2.4581102046,2.44901523888,2.45441850516,2.44232813796,2.4341700112800004,2.4307825587600003,2.43357982428,2.42621836416,2.40385241184,2.42862971364,2.42665404732,2.42366065812,2.3236982932799997,2.3481587836799998,2.22913207812,2.22816613464,2.41238173056,2.38635578448,2.38930701396,2.3836130468400003,2.39928792276,2.3889291470400003,2.3898679002,2.40105779664,2.4282055151999997,2.43349447416,2.42834181036,2.4256363735199997,2.41575377196,2.40690734736,2.3911756368,2.3880688728000004,2.38007624388,2.38710773916,2.38027658844,2.38027187676,2.3904999524400004,2.3573323755600004,2.3754532514399997,2.23239221712,2.4067621687200003,2.1978349891200004,2.40521953524,2.4148011782400003,2.3930319405600002,2.40542851788,2.4081892188,2.39541629604,2.4013185096,2.39091732876,2.3887383730800003,2.37725198436,2.37478723584,2.37815996436,2.45373516432,2.4266312251200004,0.0,3.4008653478e-06,5.3129360124e-06,0.0
2.4560139978,2.4406045465200004,2.4550182627600003,2.4414903914400004,2.43241304544,2.43077539308,2.4303912439200004,2.42346531972,2.4089865724800004,2.42478890916,2.42229957156,2.42046800412,2.325822672,2.34809120052,2.23523262396,2.24535738624,2.40188602164,2.39538944928,2.3823978751199997,2.38341324216,2.3897661082800004,2.40798077604,2.39735387628,2.4214356654,2.42044542732,2.4432307191600002,2.42698666248,2.4263430764400002,2.4039370257600003,2.40159860916,2.3848376910000004,2.3836807281600003,2.38822465272,2.38846377048,2.3822811138,2.38348759836,2.38360190568,2.34778489224,2.3583880372799997,2.2423164876,2.41714896912,2.2133096186400003,2.40983712888,2.4146018643600002,2.4065686462800002,2.40207439068,2.39650503768,2.39293868856,2.4323046768000003,2.3859450339599997,2.38780761996,2.3792483133599998,2.38521963156,2.39478478368,2.448677274,2.42706577944,0.0,2.98880532432e-06,4.977750042e-06,0.0
2.45124062424,2.45210291076,2.45164936248,2.44082123472,2.42865494076,2.4303077097599997,2.42625517416,2.4190980831599997,2.4077340508800003,2.42092714752,2.42064199272,2.41652270832,2.3205630137999997,2.3423407914,2.25055412388,2.27181999708,2.3981192298,2.38448146836,2.39039801328,2.37513217008,2.3875100970000003,2.4097512879600003,2.40934127364,2.40944507784,2.42068567392,2.44347440136,2.42988954816,2.42302507212,2.40057563472,2.3926338036,2.3840293434,2.3837549862,2.40342639744,2.39354011488,2.39740064952,2.3932336102800003,2.40458394924,2.3800617161999997,2.34857596368,2.25790704408,2.42030201556,2.2482276828,2.40994770612,2.40705046464,2.42360686644,2.41108955232,2.4000967120800003,2.39362610304,2.4223517436,2.3864563494,2.40024895824,2.39093352516,2.3959068015600002,2.40847422636,2.44573797096,2.4086454174,0.0,2.5645493134800003e-06,4.935931428e-06,0.0
2.45001917028,2.44813410564,2.4434716528800005,2.44571544324,2.42695333716,2.42789292468,2.4225303457200003,2.4165175549200004,2.407198539,2.4177330702,2.41955874804,2.4142815682800003,2.3169740388,2.3416966654799998,2.2601484786,2.2906342752,2.40835103556,2.37984581328,2.38691691612,2.36875353696,2.3993659599600003,2.35699745364,2.4107361272400003,2.38480878288,2.42172847668,2.43514262964,2.4285218358000003,2.42775805284,2.40214094316,2.3899948210799997,2.3950420610400003,2.39545742508,2.4072541466399997,2.40168229056,2.4034315999199998,2.40453634164,2.4109357846800004,2.38617139092,2.34237750324,2.25893507376,2.4134540794799997,2.26135663188,2.42445698112,2.4121406496,2.41903256136,2.4157503854400004,2.4028957444800003,2.38991344644,2.3888523368400003,2.39476642776,2.39878995708,2.4016858734,2.40512824644,2.41173667212,2.4430860804,2.40413599608,0.0,2.3385848462400002e-06,4.43703160836e-06,0.0
2.4447073891200004,2.4379184472,2.4506132346,2.43493305804,2.42242678692,2.41966446636,2.41896757944,2.41318001676,2.40694891812,2.41798548864,2.4176817816,2.41155134604,2.3299667418000003,2.3430525004800002,2.2573331516399997,2.28925527444,2.4111112456800003,2.38088974488,2.3841049266,2.3767237854,2.41149460956,2.3630530422000002,2.3982606783600002,2.36778646464,2.41550964804,2.43427823268,2.42436633036,2.41445040348,2.40839108484,2.40922912584,2.4017124256800004,2.40016424616,2.39871142908,2.40064336512,2.40390443664,2.40440814468,2.39988556992,2.37166383372,2.3531774590800003,2.26058411268,2.40841503588,2.26176365232,2.41673345784,2.42406350676,2.39787073776,2.4007354392,2.40590341596,2.38665502524,2.3756615469600004,2.40126432528,2.3892324614400002,2.40664805772,2.3959674153600004,2.38541104356,2.44322747988,2.41784173332,0.0,2.1560501912400003e-06,4.74241154016e-06,0.0
2.4441696195600002,2.43641007156,2.4498690345600003,2.42497516776,2.4187161426,2.41715034336,2.41708869888,2.41111914756,2.4114022410000002,2.41616162676,2.4148742092799997,2.41207591308,2.3423534049600003,2.3472373557600004,2.26299394068,2.28924697992,2.4131497344,2.36152670328,2.37134383212,2.38790646708,2.4055988254800003,2.36393761104,2.38288150944,2.37589737636,2.4220273247999997,2.42292210228,2.42798229936,2.4195901592399998,2.40399130824,2.41111227636,2.40310168416,2.40398301372,2.38635931824,2.39324465328,2.3933037456,2.3943996038399997,2.38424367576,2.3762837341200003,2.33372656428,2.25072325356,2.4040333698,2.2679477814,2.41617605628,2.41857439956,2.3896551384,2.39509546008,2.39808104556,2.39804840736,2.3992394808000004,2.4015472224,2.38981185084,2.38534282236,2.38286060136,2.3810319787200003,2.44245545148,2.4213251372399998,0.0,2.32300680516e-06,7.2869193792e-06,0.0
2.4469502960400003,2.4423227391599998,2.4406971114,2.42225785356,2.4166086474000004,2.4168572376,2.4144388206,2.4114842046,2.4059835145200004,2.4131621025600003,2.41288381896,2.41226094468,2.33945105916,2.3477329656,2.26124286444,2.3010956772,2.3887479436800003,2.38048120296,2.3757866028,2.4034093176,2.39290050432,2.36818175496,2.37469594704,2.38274820816,2.4255929868,2.43328230132,2.42646135924,2.4201892788,2.4089710632,2.40903521076,2.3988802151999997,2.39919663396,2.3821700948399998,2.38612692444,2.38738945836,2.38665801912,2.38280999988,2.3680785888,2.34651082452,2.25317931492,2.4180507650400003,2.28143452368,2.3984637714,2.40558258,2.4019759362,2.40099306012,2.3981928498,2.3987700306,2.38668658368,2.3894345728800004,2.3843397744,2.3743296139199996,2.3807816707200002,2.36797517724,2.4386755552799997,2.41368873096,0.0,3.97471346856e-06,6.003045966e-06,0.0
2.4438917286,2.43747741432,2.4352457958,2.4342865762800003,2.4138723392399997,2.41340190744,2.41213927536,2.4121787356800004,2.39986637964,2.4126203084399998,2.41167841416,2.41148876904,2.32830057396,2.33971398072,2.2530082711199997,2.31036993216,2.3907422604,2.38025342268,2.37481315008,2.38990893108,2.38589030976,2.36672142864,2.38214261004,2.37801640536,2.4251148985200004,2.43744266568,2.4237453702000002,2.42358625284,2.41018878708,2.3970205249200003,2.39502223272,2.3879999154,2.3777584899599997,2.38318433304,2.380348098,2.38025626932,2.3871559848,2.382491667,2.36189441064,2.26982941044,2.40790661616,2.28511115556,2.3994797274,2.4019166475600002,2.39384715936,2.4050075096400003,2.40389574948,2.39032517856,2.3838531462,2.3799463782,2.37049646592,2.37032002332,2.37363930372,2.37169004244,2.4323871312,2.4085205088,0.0,3.01809641556e-06,3.38261313384e-06,0.0
2.43548731848,2.43275979564,2.43490694748,2.42888277012,2.4126771430800003,2.41323523176,2.4112152462000003,2.40963177816,2.4001293993600004,2.4115063887600003,2.4087580560000004,2.4077219772,2.31858135972,2.33821090572,2.25747180264,2.31436749816,2.39881277928,2.3820139222799996,2.37848973288,2.38343734044,2.38461030336,2.3551545487200003,2.3854210068,2.37816300732,2.42156911392,2.43500662896,2.42444706696,2.42424407208,2.40788114364,2.3896755556800002,2.38408887744,2.3804341352400002,2.3792231844,2.38208955456,2.37543244152,2.37597737676,2.37767745888,2.3603773969199997,2.38272229392,2.28007211196,2.42068955124,2.30688353436,2.3988316259999998,2.4001929088800003,2.38623043416,2.39370090096,2.38976453772,2.38564402632,2.40652447428,2.37749831688,2.384402106,2.3753186250000002,2.37432519672,2.37836909424,2.4329926802400004,2.40712889448,0.0,1.90177608552e-06,1.66054273212e-06,0.0
2.43608830308,2.42787329268,2.43515043336,2.41373069436,2.4118090651200004,2.41179934728,2.4123295585199998,2.4060701407200002,2.39990235528,2.40810593004,2.4051706024799997,2.4033578817600003,2.31339826632,2.3410539137999997,2.2482063820800002,2.3138720355599998,2.39846863032,2.37495877044,2.38152881556,2.3885034762,2.3849626486799997,2.3668140425999997,2.37961872012,2.37246442668,2.41485143616,2.4296542095599998,2.41334198076,2.4224224188,2.3969329662,2.38482046392,2.3819625846,2.3749694208000003,2.37919687752,2.3807286152400002,2.3778690672,2.3789456860800002,2.3902652518800003,2.35271517456,2.36111752332,2.29752054276,2.40358988292,2.2447034934,2.40137774916,2.40260450376,2.3985829867199997,2.3915755406400003,2.38177455912,2.38500230532,2.38390634892,2.37916836204,2.38502046492,2.37826239432,2.3772459966,2.37506507772,2.43316073016,2.4031317702,0.0,1.2199130934e-06,9.206967752400001e-07,0.0
2.43484132752,2.4223834983600003,2.43202776744,2.4219002566800003,2.41010059032,2.40833066736,2.4115352478000003,2.40309559824,2.39755706748,2.40449192424,2.4047619133199998,2.4013582643999998,2.3200901280000004,2.34014068224,2.2493222158800004,2.3123577703200002,2.39383194456,2.36208435024,2.37905184612,2.38244705328,2.38426831392,2.3788329493200004,2.3770332348000003,2.38714670868,2.4150280750800004,2.42122123488,2.4189702297599998,2.41859128308,2.3936780787600003,2.38313456592,2.38013160612,2.3775365502,2.3842983999600005,2.3819017254,2.38336499652,2.3796219594,2.39299370724,2.36490914964,2.354873124,2.29724451684,2.4015462408,2.21101512864,2.4022858764,2.4059101889999996,2.39888011704,2.3912595636000002,2.38958196012,2.3808613275600004,2.38917994584,2.38226300328,2.3823833965200003,2.3747102784000003,2.38020105432,2.37905047188,2.43040101084,2.4075116203199998,0.0,8.1816202944e-07,9.1214365272e-07,0.0
2.42906338452,2.4211203754799997,2.43027453168,2.42352593352,2.40806524272,2.40320210184,2.40924286824,2.4013502152800004,2.39092959876,2.39777954712,2.4037085092800003,2.39948370288,2.3291033755200004,2.33810243892,2.2509678192,2.2997510815199997,2.39330516892,2.3595354786000002,2.3642195756400004,2.37652093776,2.37830406324,2.38517850252,2.3761544574,2.39450944488,2.4132898578,2.42081691384,2.41698248976,2.41686960576,2.3894256894,2.3863579930800003,2.38148410368,2.38359282588,2.3823390282,2.3840363127599997,2.38580810076,2.38658734392,2.40625016616,2.37477393516,2.37150103536,2.30100600804,2.4006019906800002,2.2220649998399997,2.39818293564,2.40143330772,2.39506188936,2.39275027044,2.39086805244,2.37878033556,2.38691927196,2.37732423012,2.38030525116,2.3776241579999997,2.37462630252,2.3766386806799997,2.4262410882000003,2.40090216396,0.0,5.309763972e-07,1.21097812848e-06,0.0
2.42650896684,2.4288045856800005,2.42508643212,2.42547156288,2.40453634164,2.40194496672,2.40430193556,2.39864109744,2.39820183144,2.39723696772,2.40040625964,2.39856767376,2.33028325872,2.34628098288,2.25619567356,2.28600244836,2.39558390424,2.37001587456,2.35488505044,2.36348931432,2.3853908226,2.37698106276,2.38783579188,2.3934460775999997,2.4096837048,2.4174152772,2.41355989596,2.41399479384,2.40042343764,2.39378821428,2.3866334791200003,2.3871472485600003,2.37997150716,2.38304376792,2.38017548364,2.38267193784,2.3872881572400004,2.34764373816,2.37141588156,2.265756114,2.41085921988,2.20069684392,2.40373432536,2.4007921756800004,2.38517025708,2.3897037766800002,2.38800197676,2.3834232544800003,2.3717068278,2.377427838,2.37587008788,2.38011192504,2.37924394524,2.3834063709600004,2.4233250981600003,2.4038201172,0.0,6.1329783948e-07,1.5325928899199998e-06,0.0
2.43085406832,2.42673439128,2.4216397891200003,2.419057494,2.4021131148,2.3998650054,2.4022345878,2.39691794772,2.3951681966400002,2.39815442016,2.3983876974,2.39643769992,2.33276778648,2.3417388742800003,2.26111663068,2.25544126488,2.38140940392,2.37793522704,2.36135826072,2.3682073747200003,2.383621734,2.35374987912,2.38742965488,2.38148179692,2.40843982128,2.41207306644,2.4138223757999997,2.40893739432,2.3993737146000003,2.39103855636,2.3818386085200003,2.38189038792,2.38440858456,2.38229210772,2.38184081712,2.38329147468,2.38687406928,2.37265318836,2.36314570524,2.2522225003200003,2.406041478,2.1825550108800003,2.3976753993599997,2.39820482532,2.376626607,2.38775755836,2.38545948552,2.3841463992,2.3745036025200004,2.3803704784799997,2.38307851656,2.3874674464799996,2.38279812252,2.38857493668,2.42272298472,2.40019281072,0.0,9.792056322000001e-07,1.8683618325600002e-06,0.0
2.42941406112,2.41683417,2.42509610088,2.41345020216,2.4005340148800003,2.39884055856,2.4005489352000002,2.39585752524,2.39807540136,2.39857930572,2.3961104835600002,2.3964984609599997,2.337123342,2.33322850044,2.25083520504,2.230270047,2.38406399388,2.3842259578800005,2.36130044448,2.3735706407999997,2.3857368366,2.35241995836,2.38768074816,2.34164105784,2.40663009444,2.4114345847200003,2.41090083972,2.4086505708000003,2.3975307606,2.39016449064,2.3833478676,2.38239345792,2.3825444770799997,2.38369741536,2.3852922208800003,2.3848052982,2.38661860788,2.3822555922,2.33531930844,2.24365651884,2.3824138752,2.19039171264,2.39885528256,2.3930382228,2.3947400718,2.38999020756,2.3886060534,2.3862073665600003,2.37504853776,2.38244042748,2.3765265328800003,2.38853523096,2.38578999024,2.38259920128,2.41988135088,2.39171615484,0.0,1.07208590028e-06,2.32226231064e-06,0.0
2.42458552164,2.41682518836,2.4253143105599997,2.4080522856,2.39899339368,2.3973690420000002,2.39823329172,2.3954773515600003,2.396075784,2.3978407008000002,2.39532466368,2.39466134748,2.33980983396,2.33113612188,2.2500059984400003,2.23196374872,2.3818890627600005,2.37038161872,2.36860614972,2.3768070250799997,2.3859748746,2.33779961532,2.3672657258400003,2.34198074052,2.4006919052400004,2.4077252655600003,2.40946524972,2.40974942292,2.3919445731600004,2.39098736592,2.38672103784,2.38516741044,2.37417560088,2.38048753428,2.37606866556,2.3745245596799998,2.38382821356,2.3664329854800004,2.34682248252,2.23620470244,2.37753988764,2.2127144745600003,2.3974968463199997,2.3914476872400003,2.37528166776,2.39180071968,2.3901713618400002,2.37946730832,2.3708454738,2.38682366412,2.3727914467200004,2.3747891499600002,2.38067016096,2.369470743,2.42035826124,2.39554954824,0.0,1.0866586848000001e-06,2.6529655101599997e-06,0.0
2.4221566015200002,2.42062677792,2.41873793412,2.4109653799200004,2.3981459783999997,2.3971246236000003,2.3969015550000004,2.39477457504,2.38932105084,2.3951982336,2.3951508714,2.3943842418,2.3416464075600003,2.33113941024,2.249724132,2.2686464352,2.38674670668,2.36318614716,2.35510365276,2.37791829444,2.3832024435599997,2.34281112504,2.3430583410000003,2.32032659544,2.40429879444,2.41150305132,2.4064996888800003,2.4080405064000003,2.3952990929999998,2.39058162156,2.3865048895200003,2.3799212983199998,2.36689360128,2.3725217030400003,2.3690268143999997,2.36873729148,2.3804518040400002,2.36076488352,2.34500598264,2.22281327352,2.37385034772,2.2390077103199997,2.38124910864,2.39244941004,2.36531666088,2.3840220304799997,2.38099109508,2.37936826488,2.36160557484,2.37614326716,2.36323380384,2.35024890456,2.3683791056400003,2.3478177758400003,2.41458650232,2.39483067348,0.0,1.35322438572e-06,3.90449378004e-06,0.0
2.4211859954399997,2.42269721772,2.4160239573599998,2.42075723256,2.3976581232,2.39621306076,2.39703323664,2.39410188456,2.3853113620800004,2.39214776436,2.39427346824,2.39411013,2.3381743411199998,2.33445594216,2.17583232696,2.2693153956,2.38871854476,2.3635789344,2.3572556635199997,2.37433903728,2.36041945848,2.3672187072,2.33523469452,2.35931594376,2.40803643276,2.40959423196,2.4074701968,2.40847525704,2.3887884346800003,2.37665085252,2.3785743958800003,2.36931192012,2.35441407876,2.35950230052,2.36266977648,2.3632642825200003,2.36923594428,2.35905856824,2.3421261154799997,2.22760637724,2.3809731318,2.26649741832,2.3716226556,2.3857125910800003,2.37601423584,2.39488814616,2.38180582308,2.37744025524,2.37548853996,2.35715858328,2.35092547236,2.34158770788,2.35063634208,2.33642056548,2.409571557,2.38867172244,0.0,2.85607101648e-06,7.1778538032e-06,0.0
2.41836036168,2.41826441028,2.4161453322,2.40436304016,2.39576245728,2.39414590932,2.396475786,2.3928421972800002,2.3817121293600003,2.39180822892,2.39248425684,2.3910960290400003,2.32670174388,2.3392148861999997,2.16961865172,2.2779679542,2.38370997984,2.36998519956,2.3527699969199998,2.36072674836,2.3584674487200004,2.34285834,2.3542374889200004,2.37665831268,2.40542248104,2.4077843088,2.4053715359999996,2.4052522716,2.38331733984,2.3721573822,2.3695384734,2.36635818756,2.35555842804,2.3619475152000002,2.35360362072,2.3531621952000004,2.3574336276000003,2.3440904934,2.33260719672,2.23459163916,2.39690037708,2.3294539048800003,2.37010495476,2.38105965984,2.3751835077599996,2.38300533828,2.3662434385199997,2.3583208467600003,2.36993975148,2.35389245652,2.3396021274,2.32687214964,2.3497571720400003,2.36373432168,2.41112915988,2.37854951232,0.0,3.7461535036799996e-06,9.5421193668e-06,0.0
2.41559298588,2.4136726818,2.41326291288,2.40463023168,2.3947503786,2.39428122288,2.39498331228,2.39059492224,2.3797900584,2.38968910176,2.38733576484,2.39020522704,2.31569256,2.3393456353200004,2.23726802064,2.28932300484,2.37899942868,2.36372921736,2.35337584044,2.35628083656,2.34700417668,2.3651011505999997,2.36828757144,2.3634499521600003,2.40020002548,2.41197824388,2.4022737045600002,2.40670253652,2.3776107591600004,2.3660289098400002,2.36601271344,2.35562925048,2.3657244666,2.3695363138800003,2.3560152646800003,2.36075065032,2.36270231652,2.3499730258800002,2.3061507208800003,2.2372394069999997,2.39534998896,2.29507213788,2.3818898971199998,2.3810415002400003,2.37264288156,2.3797468680000002,2.3699189906400004,2.3673485238,2.3500471857600003,2.33405554752,2.3440183458000003,2.3424600067199997,2.37157485168,2.37120419952,2.41275149928,2.39033013564,0.0,4.7826818274e-06,9.2490631776e-06,0.0
2.41489398852,2.4087337614,2.4131977346399998,2.40113534304,2.3938357728,2.3943627447600004,2.39135070516,2.3887483854,2.37998667288,2.39021749704,2.38777125168,2.38487165436,2.2825353880800003,2.33904600192,2.2509554510400003,2.2973545542,2.37342291,2.35422080172,2.35679858148,2.36463950412,2.35642547532,2.3805811298400004,2.3674123278,2.3805365652,2.39380573584,2.40373000632,2.40072655572,2.4064867808400003,2.3738410716000002,2.3608871908799998,2.36123875092,2.3592052683599998,2.36549069856,2.36401908384,2.3658299886000003,2.36207075508,2.3659655966399997,2.3438551548,2.3352470136,2.25991088232,2.3927044788,2.27171251188,2.3850834836400003,2.3856526644,2.36560932492,2.37681423984,2.3741940549600002,2.3664852066,2.3662999296000002,2.35087516536,2.3798947951200002,2.36625830976,2.36038608408,2.35913429868,2.4104440030800003,2.37987756804,0.0,4.9599281124e-06,6.1103142324e-06,0.0
2.4104847885600003,2.40958539756,2.4116845000800002,2.39993234316,2.3925957666,2.3921386845600003,2.388112554,2.38333775712,2.38335002712,2.38988419476,2.38374040944,2.38327100832,2.2785541657199997,2.3354056892400004,2.25649442352,2.28386776284,2.36759156796,2.3493771456,2.35535396076,2.3632810188,2.36161691232,2.39854956324,2.37727652436,2.3933324574,2.39531833236,2.4041753091599998,2.4048387235199997,2.40360274188,2.36840369472,2.36799966816,2.36629423632,2.3647933699199997,2.374458498,2.3736191318400004,2.36852781804,2.3725564026,2.3775898510799998,2.35407984396,2.3589642364800003,2.3003224218000002,2.39289397668,2.244846807,2.38310722836,2.38493153196,2.3833614136800003,2.36774185092,2.36598694644,2.3675330646,2.38988365488,2.37019167912,2.37159325668,2.3650600706400002,2.3724627579599997,2.3814762018,2.41181593632,2.38987609656,0.0,3.83581849188e-06,5.333899062e-06,0.0
2.40531931488,2.40530547432,2.41231503084,2.40286079952,2.3920775308800004,2.38527838032,2.387184942,2.38245814536,2.37861832248,2.3855564676,2.38215605796,2.3817230742,2.29501289832,2.3343854632800003,2.2507560880799997,2.28724535028,2.37032390064,2.34575239128,2.3541215619600004,2.35294737204,2.3765333550000003,2.3636076462,2.41282094748,2.4044932984800003,2.40479376624,2.41029116796,2.4033290718,2.39549560932,2.37050863776,2.36904605376,2.365384833,2.3694254421600003,2.39274197592,2.3879037186,2.38407405528,2.3878924302000004,2.3745451242,2.37488299092,2.3410814967599998,2.3238432756,2.39351056872,2.26997414736,2.3793035283600004,2.3773041564,2.3776714711199998,2.36899795536,2.3717716624800005,2.37618238392,2.41034952408,2.37820413636,2.39465599776,2.37963246252,2.39539833276,2.4156489861600003,2.40896379936,2.38262167992,0.0,2.62934090124e-06,5.3411687916e-06,0.0
2.40433059828,2.39978603568,2.40807775812,2.40256985328,2.3868428544,2.38567651728,2.38532795112,2.3808622600800002,2.38537025808,2.3805343566,2.38070014884,2.38045749732,2.30098750488,2.33521810548,2.20311859836,2.29315276632,2.37014475864,2.34940198008,2.35970716044,2.3424839086800002,2.38098284964,2.35216798164,2.39535911784,2.37131875224,2.39567671452,2.3952679272,2.40555170868,2.40253196352,2.37928973688,2.3763181392000003,2.37605330352,2.37946362732,2.39444686788,2.3882861008800003,2.4010701648,2.39951953128,2.38217843844,2.37023953212,2.3318254995600003,2.2975774264799997,2.3603987958,2.212851555,2.38243340904,2.38015639152,2.39520726432,2.37453781128,2.37949955388,2.37510566688,2.40616069332,2.382777558,2.40173897796,2.4019948319999997,2.4070912992,2.39551460328,2.4060828033600004,2.3835005064,0.0,2.2933398102e-06,4.080128572320001e-06,0.0
2.40834779628,2.39949661092,2.40488849064,2.4008815503600003,2.3847572979600002,2.3839934659199997,2.3829405036,2.3795584989600003,2.38574655444,2.38365270348,2.3819439832800002,2.3801695940400003,2.3120806646400003,2.33317097868,2.21067083244,2.2836235407600003,2.37054746004,2.36319336192,2.3705965400399998,2.35000860888,2.39237102928,2.31903623316,2.37490056156,2.36027997312,2.383175106,2.3845842418800003,2.40230791332,2.4011856009600003,2.3835749116800002,2.38628157552,2.3930088729600003,2.3908835617200004,2.39146859532,2.38812698352,2.39772698244,2.39748104256,2.38283606136,2.3488917444,2.32676068896,2.27294761008,2.3641651459200004,2.2143485440800004,2.39834897328,2.3847981816000003,2.4010448886,2.38252028064,2.38156881576,2.37356553648,2.38006691868,2.3964967922400002,2.3860519302000003,2.3977941238800002,2.39769360804,2.3909055004799997,2.40799206444,2.39212744524,0.0,2.1816445278e-06,2.0517638784e-06,0.0
2.40862887744,2.40223046508,2.4036339567600002,2.3869353702,2.3846168309999998,2.38331046864,2.3814819932400004,2.38097229744,2.38528976688,2.38307360856,2.38246133556,2.38274290752,2.31935829612,2.32815588612,2.2517165346000003,2.2908475278,2.38169396976,2.3655173980799997,2.3479440096000004,2.34631470084,2.39738023224,2.32111177728,2.35785272172,2.31600524868,2.38577104536,2.3908531812,2.3966586089999997,2.3956374505199998,2.39371292556,2.39253986448,2.3986659809999997,2.3992789902,2.3750786238,2.38056346104,2.39182697748,2.38770906732,2.36678611608,2.33993621496,2.33161538808,2.24704981188,2.36209534416,2.21336817108,2.39216970312,2.38838440812,2.38630390692,2.38853621256,2.385045054,2.38023737352,2.3646604121999997,2.38819176912,2.37748094256,2.38435852296,2.38545295788,2.3537842842,2.40168425376,2.38999879656,0.0,1.55895071496e-06,8.4460314324e-07,0.0
2.40276484812,2.40837243444,2.40428598456,2.39844639708,2.38261888236,2.38267237956,2.380903929,2.3834111808,2.38704422964,2.3816573560800003,2.38595568432,2.38407464424,2.32309642524,2.3248155504,2.25035279772,2.2922015959200004,2.39002466172,2.3537668608,2.34288391068,2.3580267594,2.3876411406,2.3059079712,2.3479373837999997,2.33517005616,2.39218697928,2.3969685492000004,2.3980249471199997,2.39669487912,2.39498036748,2.39507469924,2.3955197076,2.39587769712,2.3581617294,2.3604999496800003,2.37436023984,2.37300602448,2.3584612646400003,2.34287757936,2.32161666324,2.23194043572,2.36458080444,2.2757281884,2.38167001872,2.38380661836,2.35422006552,2.3821729905600004,2.3822554940400003,2.3672199342,2.35401069024,2.3804678041200003,2.3543703484800003,2.3589738070800004,2.36534895552,2.3356786722,2.3979778794000004,2.38699853616,0.0,8.065153945200001e-07,4.29518029788e-07,0.0
2.3992006094400002,2.4015433450800003,2.40003614736,2.40478129992,2.38174746696,2.3828268343200003,2.38121612688,2.3844502043999998,2.38159340484,2.38527072384,2.38541330124,2.3845287814800002,2.32473486288,2.3260905015600004,2.26760721528,2.3036822422800003,2.3755120002,2.36003207004,2.34389824704,2.36429216496,2.37030947112,2.36232808152,2.3400833568,2.3284680840000003,2.3916875412,2.39881744188,2.3921614086000003,2.4006367393200003,2.39193912528,2.39110329288,2.3910494521200003,2.38482399768,2.3381284022399997,2.35344479784,2.34778710084,2.35245431436,2.35963947912,2.344566324,2.3079247174799997,2.2269207296399998,2.3671681548,2.3359248083999997,2.36041101672,2.38128272844,2.3545116007200004,2.38016493144,2.3769782652,2.36708334456,2.3401541792400002,2.35646361048,2.3411898654,2.33970612792,2.34508986036,2.3267568607199998,2.39630690172,2.38337613768,0.0,4.5810750770399997e-07,2.6933356752e-07,0.0
2.3999827974000003,2.40166211868,2.3970551263199997,2.39334413844,2.38191492792,2.3830774858800003,2.38317505692,2.3852746011600003,2.37436087788,2.38324735176,2.3831697072,2.384549346,2.31118372764,2.3277472460400004,2.27750915436,2.3005479444,2.37302153376,2.3461474362,2.3445879192,2.36449461996,2.3498670130800003,2.3583340492800002,2.33939540244,2.35576176648,2.39192660988,2.39867442276,2.39169166392,2.39812899672,2.3860774027200002,2.37331032048,2.37874701024,2.3596668166800003,2.33907211248,2.35219203084,2.33964325644,2.33841944664,2.35784113884,2.3375527429200003,2.29322285256,2.23093355952,2.37829444356,2.3547165588,2.34602483436,2.37667146612,2.348437509,2.3799924152400003,2.36233701408,2.34277730892,2.3387410188000004,2.3476543394400005,2.33667048084,2.3247149854800004,2.33355846528,2.32967736612,2.39308396536,2.37351390432,0.0,2.78643734316e-07,2.3194817323200002e-07,0.0
2.39697777624,2.40007477332,2.39755201224,2.39152518456,2.38265318928,2.38352926728,2.38455072024,2.3838307166400003,2.36486365248,2.3817387798,2.38308180492,2.38182108696,2.29801629984,2.3308293228,2.26724525028,2.2998266647200003,2.376743172,2.3428777266,2.3488599896399998,2.36502517476,2.34460004196,2.3391826406400003,2.34717654564,2.36593909344,2.3937311342400003,2.39795770752,2.39363312148,2.3975207482800003,2.37973057344,2.3570247911999997,2.3692219074,2.34554198532,2.35043442696,2.3499407312400002,2.33842734852,2.34078171612,2.36532490632,2.3451146457600003,2.3094920382,2.25303914244,2.38276067448,2.3406355068,2.3551138614,2.36898396756,2.34512146788,2.3705494723200005,2.34195320664,2.36029911432,2.34867608688,2.33270054688,2.32780810524,2.31635401116,2.3408281458,2.348562663,2.39443076964,2.3711146776,0.0,2.6966493114e-07,2.13151244892e-07,0.0
2.39478610884,2.39536073748,2.39627568684,2.3943265728000003,2.38447975056,2.38283247852,2.38444583628,2.3806489583999997,2.3619424599600003,2.380791045,2.3797996780800004,2.37572049204,2.29262834652,2.33155246752,2.2701097554,2.29954244244,2.36617963452,2.34100179084,2.3440028856,2.3382900717600004,2.33886479856,2.3429801565600004,2.3617560541200002,2.35566694392,2.39263660116,2.40243768084,2.39479715184,2.39032979208,2.36793615864,2.35294702848,2.35081440432,2.3421120786,2.3488715725200002,2.35096768116,2.3423047176000003,2.3473399329599998,2.3528428316400003,2.3423592454800004,2.3375269268400003,2.2993199137199998,2.36732285496,2.2994155215600003,2.35957930704,2.37045592584,2.34720128196,2.3660603210400004,2.35738228992,2.3559819393600003,2.33618512872,2.3287129932,2.3386021224,2.3401127066400003,2.35826361948,2.3578151264400002,2.3940740562,2.37068655276,0.0,2.3688758934000002e-07,2.25797732664e-07,0.0
2.39641949124,2.3926581472799997,2.3960659189199998,2.39384495076,2.38397452104,2.3818926946800003,2.38172754048,2.37588692232,2.36755942056,2.3772155179200003,2.37599990448,2.3738464703999997,2.291572194,2.3345606298000003,2.2490507544000002,2.2769505258000002,2.3655318276,2.3430713472,2.339868141,2.34076144608,2.3443089484799997,2.35056277116,2.3551988679600004,2.36017346952,2.3894680945199998,2.3911813791600003,2.39384421456,2.38535219664,2.3587200634800003,2.3498624977199998,2.34711401772,2.34476843544,2.3569492570799997,2.35433265504,2.3513782353600003,2.35175202864,2.3393451936000003,2.3454869175599997,2.35533197292,2.31030980916,2.37638007816,2.2720177404,2.36078976708,2.36853684876,2.34088193748,2.35380116772,2.3529347094,2.35049842728,2.33957690028,2.3416961256,2.35687563708,2.3534776323599997,2.3575350268800004,2.35759087992,2.3929262222400003,2.3703613486800004,0.0,2.2708087527599999e-07,3.1214865766800004e-07,0.0
2.3977132400400003,2.39734955724,2.39698911372,2.38254496788,2.38219512564,2.37635867928,2.37886647096,2.37154275336,2.3705777914799997,2.3781546146399997,2.3734295358,2.36959231416,2.29722876216,2.3333844276,2.22580568112,2.2195833678000003,2.3613776964000004,2.33943952536,2.3409992877600003,2.3389860261599997,2.34775716204,2.3349978835200003,2.35558321344,2.358755352,2.38797434472,2.3856196826400002,2.3942004372,2.38262447748,2.3603980596,2.35378801428,2.3507246370000003,2.351084148,2.35747220448,2.35776158016,2.35695122028,2.3591121636,2.35976635092,2.33704177104,2.34637497108,2.30911996272,2.38640447184,2.2564247299200004,2.36319714108,2.36526812076,2.35654046976,2.35435577172,2.35662321864,2.35356617268,2.355022818,2.35287929808,2.35915918224,2.35469800656,2.35627970772,2.35372499556,2.3932527514800004,2.36137740192,0.0,2.499773235e-07,5.5648538364e-07,0.0
2.39424956628,2.39502895668,2.3955850330799997,2.3872038378,2.3795255662800003,2.37510345828,2.37728162868,2.3699346471600005,2.36969027784,2.3713817218799997,2.37230334612,2.3681458284,2.2974603216,2.33232052044,2.21019004476,2.2142795376,2.3532613368,2.3361672636,2.33103629316,2.3442733164000003,2.35540348248,2.34786067176,2.35459223916,2.34639003864,2.38489997352,2.3876921838,2.3911528146000003,2.38268342256,2.3644769020800003,2.35692314652,2.35831181604,2.35617192804,2.35629295932,2.35652520588,2.35694145336,2.3575192231199997,2.37525393756,2.3487715965600002,2.3323253302799998,2.30519744004,2.3702514094800002,2.24159888892,2.36333338716,2.3615561022,2.3641818822,2.35782214488,2.36093955924,2.35463665656,2.36155129236,2.3581462692,2.358301362,2.35821517752,2.356031412,2.3573890138799998,2.39241500496,2.36726940684,0.0,2.9827074288e-07,8.652185592e-07,0.0
2.3898262312800003,2.39002485804,2.39245225668,2.39273152188,2.37374001588,2.37357073896,2.37233912544,2.3685184928400003,2.3630751281999998,2.36825537496,2.37221274444,2.3691614899199998,2.31018985764,2.33395022184,2.2049801046,2.23221027756,2.3542269367200004,2.3377129400400003,2.3414107254,2.3445456613199998,2.35823417148,2.33590944636,2.34940075308,2.34796982568,2.37899133048,2.3862732810000002,2.38647023904,2.38471386216,2.3670506082,2.36171772264,2.3578814826000003,2.35755696564,2.35358757156,2.35040841456,2.35545751956,2.3518332560400004,2.3706019879199998,2.35883270208,2.33683013808,2.2736933316,2.36660319492,2.24049949692,2.3691792078000002,2.36154712056,2.3601557516400002,2.3606173490400004,2.3650511871599997,2.3566482003600004,2.35232037504,2.35729404408,2.35278884364,2.3584652892,2.3559485649600003,2.3520080790000004,2.38924571304,2.37050721444,0.0,4.57429364436e-07,1.16715867012e-06,0.0
2.39458321212,2.3885120652,2.3893902045599997,2.38821012504,2.3738737098,2.3687575615200003,2.37102972012,2.3676485989200002,2.37031801104,2.3691595758,2.36916777216,2.36777807196,2.3242295352,2.33275124652,2.22510737088,2.2564745461199998,2.3530354215600005,2.34784369008,2.3408832626400002,2.34020203224,2.35720285344,2.3523580194,2.345891484,2.36167055676,2.3770683760800004,2.3852936442,2.38686994656,2.3853061105199997,2.36671681512,2.36388725496,2.3563585302,2.35513393512,2.3483415085200003,2.35119074976,2.35142024784,2.34761114904,2.36001086748,2.3553848811600004,2.3577487212,2.25393131868,2.36879643288,2.2736423865599997,2.3652530532,2.36059810968,2.3533838404800003,2.3581686006,2.36094328932,2.3603673846,2.34738803136,2.35784005908,2.3569276618800004,2.35046520012,2.3493738572400003,2.3445460048799998,2.38863834804,2.3698807573200003,0.0,6.30146709e-07,1.50885480804e-06,0.0
2.3927946387600003,2.3924164282800002,2.3883853897200003,2.3714884218,2.37242383752,2.3679176064000003,2.37046505472,2.36741934624,2.36569521492,2.36974529652,2.36725365216,2.366123487,2.3239543927199997,2.33276788464,2.2268503489200002,2.29115766432,2.3483756682,2.34648348696,2.3418325189200004,2.33253058284,2.3561032651200002,2.3305097629200002,2.35275124836,2.3716297722000004,2.37977636508,2.3821601316,2.3811756849599996,2.38315061508,2.3635495845600003,2.364287895,2.35477707444,2.35172091192,2.34934617612,2.35329363144,2.34676554972,2.3466335736,2.35409604036,2.34037788588,2.33446561092,2.26040428356,2.3763428264399997,2.28294672756,2.36739205776,2.36137828536,2.35684942836,2.3590713781200003,2.36081627028,2.3495099070000003,2.35938465576,2.35335478512,2.35333137396,2.34221681532,2.34859962024,2.35690537956,2.3904326146800003,2.36147153736,0.0,9.3759065112e-07,1.5979200877200001e-06,0.0
2.39072518056,2.38856747652,2.3845201434,2.38154967456,2.36903746476,2.36932777296,2.36857439496,2.36793571692,2.3626091136,2.3663274144,2.36463577404,2.36601075024,2.32089450012,2.33330452536,2.1733921184400002,2.31133464864,2.3582064903599997,2.34494934432,2.32852153212,2.33702557464,2.3491027883999998,2.3294371686,2.35574493204,2.33456391816,2.38234432884,2.38367636004,2.3801709192,2.38291876116,2.36207826432,2.3589682610400002,2.34939908436,2.34781620528,2.36066058852,2.35394776968,2.3563708983600002,2.3535972893999997,2.3530045993199997,2.32382619576,2.32896541164,2.25337465332,2.36497913772,2.26348086336,2.37122869044,2.36615455464,2.3648274805200002,2.36154466656,2.35991275656,2.35718950368,2.358640014,2.35116704412,2.3562627260399998,2.35085656404,2.36135943864,2.35968747936,2.3858703342,2.36626788036,0.0,9.6635359248e-07,1.30588078704e-06,0.0
2.3891147676,2.3901147726,2.3832558426,2.38415199432,2.3681363068800003,2.3689650717600004,2.36707593348,2.36532613332,2.35825159488,2.36362148676,2.3638051932,2.36412990648,2.3175324710400003,2.3326011108,2.18864019468,2.3110518006,2.36149961112,2.35031673312,2.33759882904,2.33662179348,2.3553041445600003,2.31073832664,2.3480863906800002,2.32434030876,2.37930951612,2.38051737492,2.38096370844,2.38205303904,2.36157593052,2.35736854752,2.355599508,2.3562416216399997,2.3522503378799997,2.353289067,2.36108478696,2.35653119364,2.36109097104,2.3298323607599998,2.3267456214,2.2377370782000003,2.35314855096,2.24049105516,2.37067256496,2.36692982232,2.36397044556,2.35944109776,2.36365284888,2.35382472612,2.3587271800800003,2.3519732812800003,2.36016404616,2.35707573624,2.3547437982,2.34393265212,2.38219345692,2.3643961164,0.0,7.760373525600001e-07,1.04269875948e-06,0.0
2.38424868192,2.38680378672,2.38519357008,2.3809657207200003,2.36857753608,2.36655107196,2.36698773672,2.3636000388,2.3601122667600003,2.36577816012,2.36385098484,2.3623348054799997,2.31795681672,2.33269077996,2.2343630736,2.3039874708,2.35825561944,2.3501479470000004,2.33361348396,2.3417488866,2.36202987144,2.29773683832,2.3307213468000003,2.31554831388,2.3752753364399997,2.3769509767200003,2.37933479232,2.3790580302,2.36410885116,2.36320082208,2.3641502256000004,2.36010176364,2.33903859084,2.3361388462800003,2.35438198044,2.34831893172,2.3665937224799998,2.3521105580399997,2.32886582832,2.22743621688,2.36204160156,2.24823803868,2.35714017828,2.3701279242,2.3584967004,2.3570978713199997,2.35903235952,2.34090358176,2.32209323004,2.3540122608000003,2.3210959244400002,2.3493231085199997,2.33765762688,2.3152574658,2.3825449188000003,2.36606493456,0.0,6.1542138384e-07,9.4087012764e-07,0.0
2.38221058584,2.3853014479200003,2.38543283508,2.3854026508799997,2.36644186896,2.36575509252,2.36737767732,2.36214093948,2.36134918092,2.36435449656,2.36245313736,2.36170098636,2.3175852320400003,2.33159879904,2.2347454068,2.3038655070000003,2.34942283908,2.33990563812,2.3335250417999998,2.34973724556,2.3597980075200002,2.2941037404,2.33037965184,2.31385603548,2.37123708312,2.3744429887200003,2.37691289064,2.37939432636,2.36445138048,2.3646769521600004,2.35931501124,2.35726189668,2.32532333208,2.33472303552,2.33807593572,2.32928246844,2.3552796536400002,2.35320680892,2.3410183308,2.21634914304,2.36254820532,2.24300346036,2.35319694384,2.3623682780400004,2.318250855,2.34523793472,2.35752849924,2.3277454300800002,2.31874528692,2.3505349428,2.31638733648,2.32997842284,2.32527066924,2.3077246674,2.3839140054,2.36575018452,0.0,4.9451211672e-07,9.347717413200001e-07,0.0
2.3857810086,2.385451191,2.38517575404,2.3786777092799998,2.36439606732,2.36506340808,2.36568701856,2.36252415612,2.3631659262,2.36319139872,2.35713453408,2.36140066584,2.31260120712,2.329377291,2.23382069052,2.30476519248,2.340192069,2.3186333354400004,2.32183364592,2.34913356156,2.34121926432,2.2947179766,2.32264749048,2.31511719516,2.36970986076,2.3812859677200002,2.3754012757200003,2.37732290496,2.36303718936,2.3579524032,2.34626905644,2.33980929408,2.31811755372,2.32843043964,2.31669928896,2.31871058736,2.3456529552000003,2.3475403266,2.3306587698,2.2277485620000004,2.36993459808,2.28359772468,2.3582385396,2.35758768972,2.32851019464,2.3418228010799997,2.3360583060000004,2.3375643258000003,2.31114181332,2.33241303624,2.31557643672,2.31918597624,2.31803824044,2.3101133910000002,2.3791800430800003,2.35651229784,0.0,3.99514468728e-07,1.0927558932e-06,0.0
2.38341378204,2.37816447972,2.38140032412,2.3821945857599998,2.36292990048,2.36486527212,2.3623175784000003,2.36125440744,2.3531656308,2.36070878508,2.3561090074799997,2.3589530462400004,2.3132221182,2.32882396308,2.22476150412,2.29804933068,2.33886411144,2.3346209981999997,2.32250525664,2.33943177072,2.3271405190800003,2.3162112865199997,2.3209204634400002,2.30567204364,2.3753895456,2.3796156771600003,2.37381638436,2.3774705376,2.35759156704,2.3322693300000004,2.3368222362,2.32148615952,2.31684137556,2.32465157412,2.32025906136,2.32203325428,2.35916251968,2.3373535272,2.32039005588,2.24020545864,2.35159291128,2.31864020664,2.33783186088,2.35078397472,2.33530507524,2.35462065648,2.3239522332,2.33343041556,2.30773492512,2.3202676994400004,2.3107533942,2.3145988612800004,2.3120708486400003,2.3018618159999997,2.3768264607600003,2.34901596588,0.0,3.39788192184e-07,1.206636708e-06,0.0
2.3777341462800003,2.3749884147599998,2.3789133914400002,2.37526198668,2.36280523728,2.3632520616,2.36249588604,2.35886671452,2.3508234841199998,2.35748383644,2.3535915961200002,2.3559352152,2.2911001916400004,2.3262335697600003,2.22019191072,2.28014425956,2.34318197352,2.3303023017599998,2.3356298376,2.32915093404,2.31808702596,2.2990242067200004,2.3032945593600003,2.32244827476,2.3753444901600003,2.37683490252,2.3729016804,2.37954475656,2.35059511488,2.33017341768,2.32503277848,2.318610366,2.30451346116,2.31226608888,2.31293799408,2.31151275996,2.3533983681599997,2.32898720316,2.32525005564,2.26259688348,2.343617853,2.3025790220399998,2.33066230356,2.3454357271200004,2.3103355761600004,2.3421064344,2.3361511162800004,2.3133089898,2.30456720376,2.31517344084,2.30352086724,2.30909733684,2.29491792852,2.29275742692,2.37776222004,2.34982907424,0.0,3.49833302532e-07,1.0718770158000002e-06,0.0
2.37592093476,2.37301363188,2.37664295064,2.37892374732,2.36157907164,2.3600518002,2.3634503448,2.3580112992,2.33334747036,2.3551464505200004,2.35559450184,2.3513070693600002,2.2713249762,2.32794729612,2.18839234068,2.27884589724,2.3425646452800004,2.3231473212,2.33088448872,2.32637963184,2.31599410752,2.31506438508,2.3157263270399997,2.3283167212800002,2.3703593364,2.37184886532,2.3757519032400003,2.37481167768,2.34282089196,2.3242128970800002,2.31920811132,2.31552858372,2.30209651656,2.31272037336,2.30233509444,2.30476008816,2.3531300968799997,2.33344057512,2.3341823702399997,2.25801909372,2.35738602,2.25611415168,2.32398776712,2.33944978308,2.30744255556,2.3275309014000003,2.33332793652,2.3177242265999998,2.30490399072,2.3069239762800002,2.2975150458,2.30158799868,2.30111761596,2.30552073,2.37844394124,2.35827721464,0.0,3.85865551404e-07,8.2420328664e-07,0.0
2.37936178632,2.37972065928,2.37469928448,2.37775603596,2.35951771164,2.35555430532,2.36111001408,2.35256111244,2.343781044,2.3526865118400004,2.35230363876,2.34777846276,2.26386128244,2.32733006604,2.18337773892,2.27600872968,2.3409125634000003,2.325144141,2.32892825808,2.324853342,2.31406153344,2.3133773091600003,2.316304833,2.33594193732,2.37387925584,2.37380784444,2.37234604572,2.370213078,2.3303592345600004,2.3324518094399997,2.3078292078000002,2.30567184732,2.31344661012,2.31403002408,2.30553010428,2.3054542756800003,2.33916639516,2.334123327,2.34278329668,2.2826849348400002,2.3653699617600004,2.2657996479599998,2.3137473232800003,2.32776260808,2.3072235606000002,2.3172098682,2.33042593428,2.31317863332,2.31510198036,2.30368076988,2.3094898786800004,2.30991898512,2.3078905578000004,2.31337127232,2.37501172776,2.35370006292,0.0,4.51696005708e-07,7.6255978824e-07,0.0
2.3792160678000003,2.3816500922399997,2.37593870172,2.35759922352,2.35681605396,2.35301932332,2.3597660564400003,2.3498188656,2.34536917464,2.3483843553600003,2.34916600344,2.3448407793599997,2.2779534265200003,2.3261859621600003,2.1978804372,2.2738037125200004,2.33156326512,2.32345632888,2.32091261064,2.3315412282,2.31738056844,2.3096557690800004,2.32493633628,2.31319743096,2.37439970016,2.3742408282,2.37107595348,2.3681372393999998,2.3181378237600003,2.32137906696,2.3058174186,2.30540372328,2.3149418814,2.3174902622399998,2.31433539984,2.31333608196,2.33826504096,2.3293264932,2.32538875572,2.2923964926,2.36960689092,2.275141437,2.32640898168,2.33067246312,2.32271865648,2.3236121088,2.32113803508,2.32458472716,2.30871093,2.30937758364,2.30972428476,2.3197761632400002,2.3182942908,2.32144699368,2.37208714872,2.3241656330400002,0.0,4.49681919564e-07,8.4093716172e-07,0.0
2.374646229,2.37063825804,2.37428127012,2.35858582968,2.35500053568,2.3487138294,2.3552412730800003,2.34207909684,2.33137347276,2.3412625038,2.3452720453199998,2.3430888687599998,2.28614600736,2.32347748236,2.2053653826,2.25853045824,2.33228164908,2.31231590508,2.31755225028,2.32757207952,2.32322359152,2.29428028116,2.3136687952800004,2.3102660298,2.37144091236,2.37412715892,2.3701303782000003,2.3710855731600002,2.33067094164,2.32215669048,2.3153948898,2.30900796216,2.3150891214,2.31425127672,2.31284704884,2.3140687482000004,2.35071810936,2.32701669024,2.3121434870399997,2.27155717368,2.3561155351200003,2.27274009984,2.3171411562000004,2.3340970692000003,2.3262239500799997,2.32671121632,2.32390163172,2.322791982,2.29919785176,2.31542394516,2.3162150656800002,2.3275269259200004,2.32235305956,2.30665310376,2.37334791576,2.34541913808,0.0,4.55765743848e-07,6.390741646800001e-07,0.0
2.36817395124,2.36701080432,2.3696725599599997,2.36246300244,2.3534716936800004,2.34743819112,2.34962691372,2.34025813068,2.33858091984,2.33927927916,2.33891814852,2.3398224966,2.31186858996,2.31981537816,2.20473509724,2.21879411232,2.32325058552,2.3222376234,2.3224991216400004,2.32117759356,2.32216248192,2.29319939232,2.3040792504,2.3017840242,2.37159801744,2.3759353152,2.36804379108,2.3648686095600002,2.3334179983200003,2.32943437104,2.31610021848,2.31305887812,2.3036553955200003,2.3026729120800002,2.30916192612,2.30639405952,2.3574182655600002,2.3436829330799998,2.32194260352,2.2763809033199998,2.35697345352,2.3039312251200004,2.324549046,2.33149200096,2.31518669244,2.318869263,2.32111496748,2.31365976456,2.31382698012,2.3225173303199997,2.31391012164,2.31481849428,2.30860427916,2.2982353929599997,2.37637251984,2.3472622884,0.0,3.5728136431200004e-07,4.963095244800001e-07,0.0
2.36792084568,2.36345044296,2.3697536401200003,2.36610930288,2.34782238936,2.34660638328,2.3443851206399997,2.3391146648400003,2.3426009154,2.34291767772,2.33677983108,2.33412789144,2.31353431608,2.31963206436,2.2155379488,2.2578823568399997,2.31977547612,2.31848776416,2.31382231752,2.32436067696,2.31805841232,2.28026715588,2.3000833531200002,2.2787397372,2.36846278704,2.37078809928,2.3655950917200004,2.36081862612,2.33175183048,2.32734871644,2.3112817404,2.30860054908,2.30091835116,2.30218000164,2.3011488799200004,2.29860810648,2.35494090348,2.3506477286400003,2.33852771712,2.27162843784,2.3617919316,2.3205209522400003,2.3255801677199996,2.32896472452,2.32236066696,2.31883014624,2.3142547614000004,2.31475444488,2.3063003167200002,2.3116348219200002,2.3023950211199997,2.30615823012,2.29996934028,2.2934370867600005,2.37272116416,2.33834916408,0.0,2.7856971186e-07,4.1269123154399997e-07,0.0
2.36952762672,2.3686500763200002,2.3672872228800004,2.35815770484,2.34459547752,2.34020576232,2.34277583652,2.3365152408,2.32470477684,2.34097818336,2.3339909582400002,2.33395066356,2.31772599348,2.3211320473200003,2.1898013784,2.27029807536,2.3226434659199997,2.3122227512399998,2.3178562518000003,2.3277325711200003,2.31069773748,2.26776780504,2.28501667656,2.2719156540000003,2.36597290956,2.366955393,2.3623522288800003,2.3593519194000003,2.32608068556,2.3176053548400004,2.3124172062,2.3032726206,2.294716995,2.29274211396,2.29840403184,2.29304906028,2.34361741128,2.34441663,2.33945640888,2.27916408288,2.3635967504399997,2.3108706954,2.3257340335200003,2.33222412732,2.3050917708,2.32392582816,2.3172686169600003,2.31063604392,2.28885114972,2.30979849372,2.29553864328,2.29812746604,2.29274481336,2.27846601804,2.36425555128,2.33677531572,0.0,2.4847207425600004e-07,4.1496275701199997e-07,0.0
2.36652510864,2.3648348916,2.36546792544,2.35431317028,2.3419024088400002,2.33944080144,2.34147825948,2.33387429508,2.31969223644,2.3316420876,2.33403684804,2.33274388452,2.3312159750399997,2.32148591412,2.1724193037600004,2.28302142732,2.32216508316,2.30724078768,2.31281092596,2.3156583512399997,2.30905110348,2.28087196872,2.28610070652,2.2671966120000002,2.36321858904,2.3646238966800004,2.3592743730000003,2.36110427172,2.32505427552,2.3122408126800003,2.30304032496,2.29885797276,2.28123957792,2.28288807696,2.28889762848,2.289259299,2.3398859079600003,2.33049646224,2.35342315356,2.2934838600000003,2.3500033082400003,2.26756677336,2.314002981,2.3321103108,2.2931800548,2.32209411348,2.3232627573599998,2.3073977946,2.2808655883199997,2.2981697729999997,2.2814876773200004,2.28728093328,2.27256581676,2.26891544268,2.36578743624,2.3292176828400004,0.0,2.31845497872e-07,4.1337340428000004e-07,0.0
2.3656919265600003,2.3536091176800005,2.3673007689600003,2.35011300204,2.33863657656,2.3379963279600005,2.33720412768,2.33225769804,2.3204506206,2.3325463866,2.32860909084,2.3302888047600003,2.33726636112,2.31888310356,2.17806065712,2.28357127056,2.32312430268,2.31115629192,2.30318275512,2.3054664966,2.29904256264,2.28520794132,2.2756382738400003,2.3010976404,2.36001862212,2.36083820904,2.35813262496,2.360783583,2.31792329508,2.31148704204,2.29359757836,2.29111040028,2.2736735032800004,2.28293087472,2.27756854116,2.27483399988,2.3441727024000003,2.32489177164,2.34451930536,2.2858705704,2.35316361852,2.23649137872,2.3029485944399997,2.31758503572,2.3067363434400003,2.31184458984,2.31324086676,2.29915966752,2.28101886516,2.2835657736,2.2767903286799998,2.28122451036,2.2704690210000003,2.26312184316,2.36200685292,2.33005930668,0.0,1.8379925518799998e-07,4.2884475034800004e-07,0.0
2.36477835144,2.36582846712,2.3660082471600004,2.34913601556,2.33687018736,2.3333370654000003,2.3349267665999998,2.32793743104,2.3216205896399997,2.33332828008,2.32796025324,2.3261125384800003,2.3247104210400003,2.3180825106,2.1918566034,2.27678699124,2.31285951516,2.31304351608,2.3041067352,2.31015442188,2.2893981954,2.271057981,2.2844364528,2.28595901256,2.35990117368,2.3588110578,2.35910018808,2.3593386678,2.31130770372,2.30527533,2.28532951248,2.2814458120800003,2.27712956964,2.2868570784,2.27520975636,2.27791205208,2.34349505484,2.33070303996,2.3388221971200003,2.29511979456,2.3524245718800003,2.22820849068,2.30647234212,2.32195791648,2.2856700295200003,2.29884378864,2.30715700812,2.300287575,2.28628937004,2.28019098372,2.2733314156800004,2.2722383550000003,2.27061812604,2.27528234568,2.3579666364,2.3109768554400003,0.0,1.47173020524e-07,5.295356047200001e-07,0.0
2.36387846964,2.3597827436400003,2.36071629432,2.34568677132,2.3327384857199998,2.33050362792,2.3308507707599997,2.32796859684,2.31317617932,2.3243730942,2.32098942084,2.32221612636,2.3105978106,2.31774209172,2.1942295723200003,2.28609172488,2.31153607296,2.31307968804,2.3052435261600004,2.3077809130799998,2.2873836577200004,2.26101385716,2.28021822312,2.272806456,2.35953444792,2.3584012398,2.35795893084,2.3546597241600002,2.30357868348,2.30105749296,2.27580067956,2.27670802152,2.279869068,2.2835937001200004,2.27842204236,2.2794910538399997,2.34522875676,2.33624127624,2.32434428424,2.29625010696,2.35274535876,2.229097035,2.30317637472,2.31317627748,2.3004083118,2.3043987612,2.2966060842,2.29279855596,2.26812255528,2.27561864184,2.27538546276,2.2867744767600002,2.2816463038799997,2.2779493038000003,2.3579661456,2.32978185744,0.0,2.27064885012e-07,5.2975018248e-07,0.0
2.3594354044799997,2.34327090648,2.35829542332,2.35811637948,2.32987623828,2.32842769116,2.32536936912,2.32064885472,2.3109336159600002,2.3227190491200003,2.3198494396800005,2.31718297236,2.3060280699600004,2.31659278536,2.19098798556,2.2913132970000003,2.30989542672,2.30779642236,2.29165347048,2.30561378568,2.28606011736,2.24375212668,2.27737217208,2.27476023264,2.3579151024,2.35867481172,2.3523249394800003,2.3538814626,2.31009189396,2.2931499687600003,2.28861016692,2.27876898888,2.27674811988,2.26965414576,2.2779960279600004,2.27583366132,2.34616834428,2.33279404428,2.31944762172,2.2738008168,2.34508146768,2.2461495374400005,2.3039534583599997,2.3136552492,2.27625324624,2.3013647337600003,2.2930016980800003,2.29672098048,2.26164851064,2.27990622156,2.27162274456,2.2805485806,2.27347742868,2.2653354493199997,2.35288773984,2.30414914032,0.0,2.56708164516e-07,3.9395632069200004e-07,0.0
2.34732515988,2.34479955216,2.35854268836,2.33303321112,2.32810395948,2.32607298,2.32666203816,2.3156087313600002,2.29888624284,2.3212242195600004,2.31388425648,2.31311934468,2.30848383684,2.31407630652,2.19454977024,2.26597952616,2.30600534592,2.31335306364,2.29381500276,2.30353303908,2.28221700612,2.25715037772,2.26279001328,2.25588043272,2.3577688930800003,2.3595191349599998,2.35489462104,2.35286786244,2.30537388264,2.29307482728,2.28783509556,2.27879509944,2.26888486584,2.2702170442800003,2.2743281814,2.2687293313200003,2.34503695212,2.3355468924,2.31135850152,2.23825040592,2.33728913424,2.2542027801600004,2.30628338412,2.3079892086,2.26899141852,2.29031780736,2.29185558192,2.2872284667600002,2.26874366268,2.2837081055999997,2.26865693832,2.2795593732,2.26275919104,2.2596086967600004,2.35650483768,2.32047668208,0.0,1.96219862076e-07,3.0459681132e-07,0.0
2.35608765768,2.3503929543599997,2.3510760498,2.34031422912,2.3271816972,2.32671754764,2.32437122916,2.3123631691199997,2.3062321446,2.3168445657600003,2.3142847002,2.30969758524,2.312172297,2.3162342068800004,2.18670526476,2.2373791868399997,2.30078662044,2.30541064356,2.30128394808,2.30730876348,2.2811271847200003,2.26358133012,2.25875868024,2.24431095156,2.35107708048,2.35732413012,2.3517477096,2.35052713908,2.30260199148,2.28905208324,2.27930199768,2.27694669756,2.25985802316,2.2610258326799997,2.26670325984,2.2644077391599997,2.33586232956,2.33934804024,2.29305573516,2.2201578492,2.34417967176,2.2233151656000003,2.2725607615200003,2.30704726524,2.2687551474000003,2.2773490554,2.28571567392,2.2853731936800004,2.26205999736,2.27767141284,2.25561535164,2.2652028842400003,2.2511890718400003,2.2517354794799997,2.35266521112,2.30006985612,0.0,1.6703283516e-07,2.4986743338e-07,0.0
2.35713688992,2.3497370001599998,2.3481035196,2.34107015928,2.32266182184,2.3231178731999997,2.31753742812,2.3096401125600003,2.30916212244,2.31126029244,2.30425647828,2.3063412003600003,2.3115264042,2.31441976836,2.18507713392,2.22589024596,2.29300002936,2.2959236268,2.29606267044,2.29651165428,2.2720849800000003,2.25449681844,2.25474663564,2.2743606723600003,2.3449178349600004,2.3520694289999997,2.34970593252,2.34800742096,2.2928367402,2.2901368494,2.27230593816,2.26932020544,2.2521508926,2.25605064216,2.2564882394400003,2.25450000864,2.32689614976,2.33340739704,2.32598007156,2.2278055438799997,2.35032998472,2.2199764986000003,2.27359016544,2.29272027336,2.25698659776,2.28118716048,2.28754841928,2.26783376856,2.2557716714400002,2.2610265198,2.24858493612,2.25722394864,2.24776456392,2.244611223,2.34523253592,2.29047461796,0.0,1.67943470388e-07,1.8719965992e-07,0.0
2.3421881526000004,2.33907176892,2.347997016,2.3508249074400003,2.3149364826000003,2.31522104844,2.3135011380000003,2.30723465268,2.30216532672,2.30785222632,2.29948565688,2.30492215032,2.31168306756,2.31327988536,2.18288139288,2.24401200528,2.28875799588,2.2922787006,2.2905458821200004,2.29724765796,2.267500908,2.25936040104,2.25707970252,2.26892560224,2.34329240352,2.3493058814400003,2.34904011324,2.34814553208,2.2855243600799997,2.28200566764,2.2626514113600003,2.2640876394,2.25252031776,2.25941919888,2.2508252418000003,2.25276704292,2.3205104000400003,2.3202676012800003,2.3368876107600003,2.24117385612,2.3457239739599998,2.24994636624,2.26916192244,2.2920276564,2.2578868722000003,2.2760903988,2.27455267332,2.27510182944,2.2572660102,2.2498721572800005,2.25553957212,2.23989591108,2.2497246228,2.26094813904,2.34389324088,2.29622895348,0.0,1.4983922281200002e-07,1.60635541824e-07,0.0
2.340205566,2.34216685188,2.3449343258399997,2.3325296994,2.312164935,2.31548627676,2.31164061336,2.3038301203200002,2.282696076,2.2994033988,2.30349539472,2.3034473454,2.30410246524,2.31378648912,2.17074150396,2.26361563704,2.28707847828,2.2995714978,2.28610772496,2.29590365124,2.26214387508,2.26651410552,2.26615695036,2.26317921768,2.3383026362400003,2.34972713508,2.34620809908,2.34401029668,2.27816805336,2.2792271016,2.2546794451200003,2.2541989519200003,2.25791406252,2.25812216172,2.2566903018,2.2587744349200003,2.32577634048,2.30955319188,2.32148787732,2.22464223972,2.33945552544,2.24877242172,2.26898120988,2.2850235477600003,2.2614077732399998,2.28013125336,2.2744857281999997,2.27191604664,2.24446697688,2.24684308692,2.2508276958000004,2.26005674808,2.25875652072,2.2549783914000003,2.34252258372,2.29994367144,0.0,1.2358579583999998e-07,1.5790217846399998e-07,0.0
2.35181651976,2.3410472389200003,2.34325083276,2.316037347,2.31054205572,2.30775863076,2.3106659827200002,2.3025056474400003,2.29930533696,2.3003908884,2.2940609917200003,2.2963066471199998,2.29230137556,2.31394413408,2.15053114524,2.28249371916,2.2803603097200003,2.2893419497200003,2.2891379241600003,2.29351458408,2.2593445482,2.26505431908,2.26710566676,2.2666407810000004,2.3344760158800004,2.3477872971600005,2.34346143504,2.3463130812,2.28424729848,2.2807549129200004,2.254564647,2.25572720496,2.25278382828,2.25165965088,2.25587518116,2.2525540357200002,2.32597118808,2.3153986689600004,2.3157576891600002,2.2293219195600003,2.34025199568,2.2641183144,2.2721039739599997,2.28679994928,2.2546039110000002,2.27536406388,2.2627010803200003,2.27345416476,2.25029385264,2.2577954361600003,2.25571414968,2.26425161568,2.2537309741200002,2.25393377268,2.3382189057600002,2.30377534704,0.0,1.08312080208e-07,1.4655380761199998e-07,0.0
2.34738027672,2.3226788526,2.33544421704,2.3199540782400003,2.30993802816,2.29929380316,2.3067357054,2.29794218904,2.29114917348,2.30167963104,2.2881064098,2.291094891,2.2975896474,2.3131421178,2.1503605431599997,2.29171658736,2.2829225802,2.29008026016,2.2836320806800003,2.290528017,2.2683940658400004,2.2714229398800003,2.26278868812,2.26139378544,2.3355909662400003,2.34484087752,2.34341976612,2.34561796116,2.28298972164,2.2745544401999997,2.2571845373999997,2.2559554269600004,2.2564338097200003,2.25529132548,2.25387914664,2.2542036145199997,2.32531920936,2.3207773952400004,2.30643783888,2.22084339864,2.3333668569599997,2.2673514103200003,2.26509633156,2.29027343904,2.2596643044,2.27308601568,2.26704294252,2.2754937332400003,2.2478411778000003,2.26596504756,2.25296076168,2.25968874624,2.25460616868,2.2594576776,2.3352259092,2.28931309068,0.0,1.04055332544e-07,2.24655665604e-07,0.0
2.3274267536399997,2.3269946042400003,2.3392996964400004,2.3177092572,2.3036046958800003,2.2982347549199997,2.30381981352,2.29596352884,2.29420302924,2.29085263212,2.27982352176,2.29109646156,2.2897817065200003,2.3128330119600005,2.18519271732,2.28853257144,2.2787488170000003,2.29212993912,2.28153670824,2.2905260538,2.2668929540400002,2.2399052362800003,2.26300645608,2.2656276225600003,2.3387473992,2.34081042792,2.34287438916,2.3416041987600003,2.2843603788,2.27464214616,2.25482555628,2.2544851864799997,2.25542119116,2.25597285036,2.25633466812,2.2549975326,2.3299619810400003,2.31525432468,2.31498831108,2.2178358253200003,2.32897130124,2.2805471082,2.2711208034,2.28772093548,2.2512027160800003,2.2723213002,2.2600152263999997,2.2746435204,2.24954852376,2.26271663868,2.2494438852000003,2.26434987384,2.25522423312,2.25625672908,2.33473525644,2.2953964094400003,0.0,1.11708151176e-07,4.63833303204e-07,0.0
2.33281554132,2.33287173792,2.33512647312,2.31755818896,2.30104620456,2.29918612164,2.2995872034000002,2.28884535828,2.2791900462,2.2873547005200003,2.2864568800800003,2.28634865868,2.296950135,2.31056993316,2.1931367079600004,2.29589437512,2.2775378170800002,2.28444116448,2.28035942628,2.2856183482800003,2.27093145276,2.24778738612,2.26324189284,2.25383060652,2.33488028784,2.33644692144,2.33668697172,2.3319893776800003,2.27414393508,2.26985130012,2.26803877572,2.25587768424,2.25362716992,2.2545991502400002,2.25347688696,2.25468430404,2.32820506428,2.3189431284000004,2.3176767171600003,2.2141917334800003,2.3279205966000003,2.2762338105600004,2.27940835404,2.2873275102000004,2.25867740376,2.27238029436,2.2581810086400003,2.2682490344399997,2.2518117007200003,2.2629740632799997,2.2536912684,2.2651269084,2.2532731068,2.25594482568,2.329511034,2.2965668202,0.0,1.59408752868e-07,5.0105732736e-07,0.0
2.3372239560000003,2.3116461103200003,2.31621025584,2.31234510768,2.2986412354800003,2.2939724514,2.29370295312,2.2856369495999997,2.26941389916,2.2810170492,2.28648073296,2.2832935759199997,2.3006128281600002,2.3110486104,2.18440375632,2.2929574770000003,2.27545854288,2.2778452542,2.27454212112,2.2755002118000003,2.26351237272,2.2382673875999997,2.25713108928,2.2384137932400003,2.33332445184,2.3360337169200003,2.33364023256,2.33127653976,2.2798786386,2.2691387076,2.26393362636,2.25421986,2.25161243592,2.25301499508,2.2544233456800002,2.25338088648,2.3200290234,2.32095472128,2.31170942352,2.21491237512,2.3295765558,2.29120664616,2.2772562942,2.2868329310399997,2.2648906863600002,2.27157533328,2.2639747554,2.25894533148,2.244690978,2.2623190416,2.25412793316,2.26505824548,2.25351747612,2.24916751572,2.3237137044,2.27192954364,0.0,2.40619735608e-07,3.43709159028e-07,0.0
2.3188849686000004,2.32518301236,2.33000703648,2.32265966232,2.29550144064,2.29177258764,2.2898018784,2.28227050332,2.28436906596,2.2852941257999997,2.2807909376400004,2.2804418316,2.30487665316,2.30966126604,2.1834690768,2.29876418088,2.2681032177600002,2.28296464176,2.2708746672,2.27615331936,2.2642888674000003,2.23938302508,2.2416428646,2.2469060074800002,2.33106053868,2.3368650830399997,2.33061194748,2.33193848172,2.272675167,2.2630053763199998,2.2571982307200003,2.2543270998,2.2431060866399997,2.24462089176,2.2477654964400005,2.24631827448,2.3206446829200003,2.31082411848,2.30883363,2.2231505512800003,2.32760118396,2.2980956622,2.2767132240000003,2.2843427590800003,2.2607443098,2.27529098376,2.2565068407599997,2.26307246868,2.2463942994,2.26015520256,2.24657594448,2.2535286663600003,2.24743720032,2.23729889196,2.32148846628,2.2832375756400003,0.0,2.4358181667600004e-07,2.60542264668e-07,0.0
2.3178007914,2.31164233116,2.32254177216,2.2982419206,2.28870233916,2.2893588332399997,2.28641614368,2.28098249688,2.26856491332,2.28402889248,2.278873971,2.28075898656,2.30400469788,2.30902121376,2.18545956528,2.2955859564,2.27107510992,2.2823290066800004,2.2712906202000003,2.2724842458000003,2.2553440374,2.2448900464799997,2.24249764188,2.24674011708,2.3302170007200003,2.33233470456,2.33068988652,2.3353309404,2.26865973588,2.26758552192,2.2528581844800004,2.2513839194400003,2.2405312516800002,2.24222195952,2.2447184628000003,2.24138092464,2.31898008564,2.314250835,2.31106181292,2.2552623192000003,2.32303262124,2.27388641232,2.26898120988,2.28504097116,2.25538369404,2.26443816876,2.2491900925199997,2.26361028732,2.24742311436,2.25189852324,2.24184134412,2.24314387824,2.23799460096,2.2329452014799998,2.32857836676,2.2867401698400003,0.0,1.5514265546399998e-07,3.00032847396e-07,0.0
2.32084885572,2.30873291784,2.3147941506,2.30469785472,2.2859591598,2.28849433812,2.28387944388,2.28259408776,2.2625590428,2.28081218928,2.27535130308,2.2775440011600003,2.29388391108,2.30791004256,2.17403658792,2.27656004532,2.26403492748,2.27240385276,2.2681099907999998,2.27088340344,2.2460354755200003,2.2314312798000002,2.2416561161999997,2.2451971891199998,2.32876948428,2.33165357232,2.33215124352,2.3353447318800002,2.27376071844,2.26326363528,2.2494895296,2.2460679174,2.24025694356,2.2450835198399997,2.2397695791600003,2.24054573028,2.317629993,2.3139941956800003,2.3118062092800002,2.27946032976,2.32208194164,2.25777879804,2.26348434804,2.28185504112,2.25204237672,2.26911534552,2.25123888804,2.2615762158000003,2.25198981204,2.24300807388,2.24987618184,2.2431275346,2.24098043184,2.23656445884,2.32114451364,2.28560156292,0.0,1.6834957794e-07,3.51612830448e-07,0.0
2.31180061416,2.3044793505600003,2.3152527050400002,2.30229774456,2.28178358064,2.2818328569600004,2.27908344444,2.27601844752,2.2700734362,2.27962631832,2.27416881864,2.27322128016,2.28883215576,2.3066252754,2.1910802559600002,2.26634428872,2.26256998764,2.2788025596,2.265498444,2.27273803848,2.24664647244,2.2269991104,2.2408720632,2.2300113954,2.325784635,2.32434227196,2.32992242256,2.3294047758,2.27316969708,2.24583508188,2.24700554172,2.23991760444,2.2400124760800004,2.2412443840800003,2.2408509588000003,2.2397407201200004,2.31964070244,2.30849885532,2.31218191668,2.28695837952,2.32136223252,2.27060364744,2.27765688516,2.27781933996,2.26213263576,2.26610364948,2.2506416826000004,2.2558797456,2.2320083624400002,2.24213616768,2.22983598348,2.24345524176,2.24494374,2.2390707290400003,2.3151608272799997,2.25046739952,0.0,1.81399400244e-07,4.23407780832e-07,0.0
2.3157784500000003,2.3035889412,2.31101783724,2.2867741332,2.28222397548,2.27915991108,2.27957792544,2.27274073788,2.26955446428,2.27629687836,2.26885124604,2.2728406156800003,2.27992506828,2.30747126736,2.1754433679600003,2.2733951706,2.265415008,2.2725716082000003,2.26128379716,2.27190284412,2.2499090163599997,2.22942361332,2.23158386952,2.22221425212,2.3226459690000003,2.32336823028,2.32213867812,2.32677619824,2.2732956363600003,2.25750831816,2.25198775068,2.24055117816,2.23308660096,2.23854380616,2.23815141156,2.23614438312,2.31526487688,2.3065447842,2.30502909564,2.26832501028,2.31985905936,2.26628735592,2.2650526503600004,2.27478923892,2.25986783916,2.25951627912,2.2520250024,2.2494027561600003,2.21931475296,2.2373839476,2.2189394382,2.2441415274,2.2390099680000004,2.22125557248,2.3092238650800003,2.2692750027599997,0.0,2.63564871192e-07,8.5566062184e-07,0.0
2.30601457296,2.3000316718800002,2.31065970048,2.29186804824,2.28109204344,2.27441785056,2.27747057748,2.27067633492,2.25907235052,2.27404847448,2.26914160332,2.2699640368800003,2.27962013424,2.30769978384,2.17156624428,2.28615233868,2.26728024432,2.27596318344,2.2556608488000003,2.27106450864,2.24493058656,2.2376224273200003,2.2325008802400004,2.2219623735600003,2.3199284094,2.32248871668,2.32168164516,2.32318275696,2.2615016141999997,2.25874253292,2.24446589712,2.23972084272,2.22622472616,2.2342312938,2.2327278752399997,2.23164939132,2.31283615308,2.30708633292,2.2956401407199998,2.23757594856,2.31640579056,2.2543283268,2.25528656472,2.2675796814,2.25181597068,2.25566929056,2.23872893592,2.2410965060400003,2.2197000309600003,2.22677466756,2.22956049744,2.2315441638,2.2275026712,2.2223945229599997,2.30594644992,2.27821786956,0.0,4.7312207602800005e-07,1.41163238328e-06,0.0
2.30550016548,2.2954862258400004,2.30720471388,2.2997018052000002,2.2739934558000003,2.2741021679999998,2.27301008892,2.26834542756,2.2664655654,2.26930685568,2.26594512108,2.26375247208,2.2793748324000003,2.3088681332400003,2.1794808850800003,2.29143756756,2.26069243224,2.27223015864,2.25591071508,2.26665584856,2.2336682971200004,2.22324542292,2.2249678364400003,2.2243899685199997,2.31604848816,2.31149680896,2.31868948296,2.3209902552000004,2.25577329108,2.25356518188,2.24051618412,2.2351199853600003,2.22678404184,2.23088438136,2.22591596388,2.22632808864,2.31258471624,2.30786179692,2.2925591927999998,2.2183709936400002,2.3071030201200005,2.2615611973200003,2.26906783608,2.26209749448,2.2439478577200003,2.25459149376,2.2410801624,2.24319752268,2.22487252308,2.22766959228,2.22315644088,2.22612862752,2.223950997,2.2231394592,2.30393156868,2.267720541,0.0,6.1897354884e-07,1.54086650184e-06,0.0
2.3073472912799997,2.3006469878400004,2.3071718793600002,2.2788344616,2.2724662334400003,2.2726840014,2.27109297504,2.26250122656,2.2541675897999998,2.26839602904,2.26373509776,2.26015947252,2.2833493308,2.3096095848,2.1675929238,2.28906047592,2.25627199296,2.2766602176,2.25638247204,2.25035647872,2.23030312692,2.2414066425600003,2.2353813854399998,2.23500837744,2.31312744288,2.30643160572,2.31722120568,2.3188685267999998,2.2569685853999997,2.2369457122800003,2.24036158212,2.22836461416,2.23039436664,2.23271354388,2.2261308852,2.2274329285200003,2.30391934776,2.30758704708,2.2895056806,2.21085797448,2.30257318152,2.25828815028,2.260757316,2.26160993376,2.2391384594400003,2.25387031224,2.23362893496,2.23848068928,2.2227383774400002,2.2273399709999997,2.22836417244,2.22828387756,2.2263524813999997,2.2316839436400002,2.30149754424,2.24666090196,0.0,5.9313636444e-07,2.3917315168799998e-06,0.0
2.3019996817200004,2.30078706216,2.3048639414400003,2.276208927,2.27294176956,2.26979804832,2.26933811964,2.26159408092,2.256610056,2.26074764724,2.25582394164,2.2605350326800004,2.2966638022800003,2.30778783336,2.17210602612,2.2686633678,2.25812176908,2.27039692248,2.25103231032,2.25467345736,2.23472827788,2.2208114966399997,2.22950891436,2.225108058,2.31365299152,2.31226245696,2.30796093852,2.30700358404,2.2497263896799997,2.2309507375199997,2.22994950552,2.2270413192,2.2299097998,2.23384518144,2.2307161842000003,2.2342825823999997,2.29302584544,2.30087967612,2.2942830296400003,2.2305483306,2.3100019794,2.25520700604,2.23548622032,2.2591497006,2.2448306106,2.24750507796,2.23753128576,2.23913036124,2.22063633012,2.2267282869600002,2.22850125288,2.228585376,2.22783170352,2.22548312736,2.30106225372,2.26111893744,0.0,1.29427459404e-06,4.9951842396e-06,0.0
2.29403664804,2.2837030012799997,2.2972595844,2.27760299532,2.26999451556,2.26405092756,2.26577834724,2.2595218251599998,2.2580871676800003,2.2601016071999998,2.2586148758399998,2.25623699892,2.2927647398400004,2.30337269472,2.15329685232,2.2014345654,2.2527488833200002,2.26561437096,2.24795833176,2.24847853068,2.22928987032,2.23900510908,2.22561102984,2.2154235924,2.31641850228,2.3163171030000003,2.31449834544,2.3151107166,2.2495795423200002,2.23110106956,2.23267467252,2.23190151528,2.2218052194,2.2250079348000003,2.2278886854,2.2259973876,2.29116247416,2.29257828492,2.2998527261999997,2.26921615584,2.30975073888,2.22714114792,2.23074921504,2.2559856111600003,2.2394724488400004,2.24161027548,2.2401886242,2.23310019612,2.2101929895600003,2.2214290212,2.21950199316,2.2293537234,2.22428763672,2.22084482196,2.2947780505199997,2.2493081790000002,0.0,2.80615837428e-06,5.6909496816e-06,0.0
2.2899684559200004,2.28405127296,2.29363384848,2.2632740402400002,2.2657074757199998,2.26235133624,2.26375674204,2.25745477188,2.24693285424,2.25642271764,2.2553024666400003,2.25429563952,2.281756194,2.30463365808,2.12538417288,2.17536567432,2.23953109944,2.26122126924,2.2528141597199998,2.2478422084800003,2.2350440586,2.2388146786800003,2.22351266352,2.2281164166,2.3135075184000002,2.3097611438400003,2.31379704132,2.31686542476,2.24867539056,2.24085552324,2.2404958159199997,2.22986479344,2.21642521704,2.21897958564,2.21954047188,2.21671999152,2.29645310184,2.28154647516,2.3020043934000003,2.2773746260800003,2.30279173476,2.21378044308,2.23871789292,2.25501166764,2.21573922588,2.23719405708,2.23485377544,2.2329677292000003,2.20827096768,2.2226353585200003,2.217306792,2.22763685592,2.21679871584,2.21208968616,2.29213229496,2.2522048315200003,0.0,2.77905350256e-06,6.1803656256e-06,0.0
2.29297951392,2.28715784064,2.29293877752,2.27871092724,2.2615469150400003,2.26305087348,2.25969419412,2.2557632296800003,2.2480808354399997,2.25470781336,2.25290265096,2.2526843431200003,2.27628151632,2.304658149,2.14864200696,2.17642820724,2.24340891024,2.25340037124,2.24895244716,2.25030680976,2.23182769896,2.22729643704,2.218985328,2.23423232448,2.3101422009599997,2.307421353,2.3089241826,2.3122787024400004,2.24644401744,2.23959318564,2.23123427268,2.2223563877999997,2.2119688512,2.21464081548,2.21493848568,2.21350279752,2.2960094186399997,2.28738925284,2.29191374172,2.25867671664,2.301896172,2.21664627336,2.23814527656,2.2483250084399997,2.2098780432000003,2.24050435584,2.2322171978400003,2.2386823590000002,2.20895322876,2.22248757864,2.2135904544000002,2.22100909272,2.21049870888,2.21118445464,2.2918978398000003,2.25532700664,0.0,2.82070328136e-06,6.4998661188e-06,0.0
2.29680745944,2.28423439044,2.29087560156,2.26577898528,2.25978327432,2.2604338788,2.2579396332,2.25174333228,2.2509237944400002,2.2546213834800004,2.24961227868,2.24868226176,2.26116139164,2.30327085372,2.17351457304,2.21717938032,2.2430157794400003,2.25026028192,2.2457741736,2.24451227772,2.21603753412,2.20988408004,2.22848903196,2.21666134092,2.3047932171600003,2.2989498996,2.3067570552,2.30907701772,2.24866557456,2.2275850274400004,2.22669486348,2.2188361738799998,2.2174861303199997,2.2203885251999997,2.2124108166,2.21448135456,2.29681158216,2.29067515884,2.2850271306,2.22110308092,2.29571758896,2.25423208092,2.22694379724,2.2415887784399997,2.2150873944000002,2.23763513904,2.24090234556,2.23252267176,2.20932653124,2.21895592908,2.21116163244,2.22450192,2.2190745063599997,2.22212850936,2.2840731135600003,2.23513809588,0.0,3.22584616596e-06,6.8031245676e-06,0.0
2.29059118296,2.28621133284,2.2875542598000003,2.2596083532,2.25808338852,2.2563879690000004,2.25848329236,2.2484826043200004,2.2422186711600003,2.25137695008,2.24640308472,2.24530487064,2.27495768148,2.30049783372,2.1606306804,2.25729329868,2.23949517288,2.24984398536,2.2453025638799997,2.24219270784,2.2145396616,2.1929893207199997,2.22595827084,2.20537824156,2.3042141713200004,2.2970371047600002,2.30428842936,2.3036567697600003,2.23620460428,2.22319128768,2.22325857636,2.2146461161200004,2.21860058988,2.21899362252,2.21435212692,2.2157419252799997,2.2920811045200002,2.29163339676,2.28636058512,2.2210536573599997,2.29124944392,2.28605368788,2.22748137048,2.24512047708,2.21568091884,2.23148222484,2.23943848548,2.2305569196,2.21309592432,2.22147603984,2.2242050350800002,2.23016079492,2.22106632,2.22046234152,2.27921424264,2.24894066796,0.0,3.885426592680001e-06,6.0611429436e-06,0.0
2.28349377324,2.2727289096,2.28272881236,2.2848798906,2.25309975624,2.25492136044,2.25427698912,2.24674512324,2.24396665536,2.24558516652,2.2430192641200004,2.24382810252,2.28010779312,2.29453009836,2.15960623356,2.28037473924,2.2387704576,2.2468742036400005,2.2448537763600003,2.24553225828,2.21628362124,2.20591915224,2.21365730136,2.19338436564,2.2998552292800003,2.29586335656,2.30213661492,2.3017511406000004,2.23738144452,2.22114651672,2.2240094022,2.21555640288,2.2153242054,2.2155033474,2.2172073068400002,2.21597564424,2.28905571516,2.29006578156,2.268351219,2.1961407475200003,2.2913444627999997,2.28917375256,2.23176752688,2.2481934249599997,2.2212101734800003,2.2347262656,2.2270017607200003,2.22787283256,2.1991787013599997,2.22272831604,2.21301116316,2.22586570596,2.2120959193200003,2.20543370196,2.28278068992,2.2331900616,0.0,3.65150272368e-06,5.4354048456e-06,0.0
2.2851754503599997,2.27854273008,2.28042303396,2.262261618,2.2508792297999998,2.2522500342,2.250233337,2.2439601768,2.23945885368,2.24576553552,2.2422249534,2.23971495312,2.28318766128,2.29040963604,2.16220668828,2.27894876892,2.2386669969599997,2.2474229180400003,2.24403124464,2.2475533236,2.21840991408,2.20134234408,2.203325127,2.20264743036,2.29749438312,2.2946413627199997,2.3008607312400002,2.30234054232,2.23633280124,2.22913840944,2.22131682432,2.2168304706,2.20713059388,2.21061169104,2.21639449296,2.2113804310800003,2.2832599070399997,2.28617614248,2.27076796728,2.21955622656,2.2903254638400004,2.28702552096,2.23518437832,2.25048452844,2.20281312444,2.22973124676,2.2328300598000004,2.2248835660800004,2.19809069592,2.21879852952,2.2039353877199996,2.21766453612,2.19899514216,2.19224831088,2.27777354832,2.2467101782800003,0.0,3.13959989424e-06,4.68385816764e-06,0.0
2.28696009732,2.28344827608,2.28077714616,2.26989655188,2.24923244856,2.24837919276,2.24916408012,2.24079068856,2.23620597852,2.24153969844,2.2358656578000002,2.2391361036000004,2.28630384864,2.2893177041999997,2.17567060836,2.2886648911200003,2.2315010224800003,2.2470735666,2.2381655466000003,2.24591149944,2.21848476108,2.21224767468,2.20493107368,2.21642929068,2.29462870008,2.29117518588,2.29238191584,2.29320940464,2.23354255416,2.2342745332800003,2.21689643412,2.2153114446,2.19654285996,2.2062670803600004,2.20171255452,2.1972754280399998,2.27805919392,2.2791025365600004,2.2811650254,2.26669776288,2.2854924580800002,2.28228620892,2.22980732076,2.2414561152,2.2034700602400004,2.2193261886,2.22357862704,2.2180297404,2.19811538316,2.21183569716,2.19879057672,2.1977004117599996,2.1956827329600004,2.19733314612,2.27426575164,2.24922970008,0.0,2.45118094296e-06,3.52353717588e-06,0.0
2.28228120276,2.27396950476,2.2756415622,2.2746765512400002,2.24617741488,2.2417843622399998,2.2454175092399997,2.23913998092,2.22883205208,2.23968368916,2.23806841728,2.23654183296,2.2741205239199997,2.28873478104,2.1709774315200003,2.2962744997200004,2.23008972708,2.2477215207600003,2.22912069156,2.24625824964,2.2109625148800003,2.1962728218,2.21302524912,2.21165949996,2.2915115802,2.28757619856,2.28651685584,2.28799274052,2.23129611348,2.23235167704,2.20907671404,2.20425254268,2.2033474584,2.20840368,2.19965109636,2.20141778004,2.2768989918,2.2759642632,2.2743011874,2.2910068905600003,2.28301097328,2.28084860664,2.22946346628,2.23184099964,2.20068040212,2.2180800474,2.2229961946800003,2.21534599692,2.19759101244,2.1983493966,2.19796033944,2.2003802779200003,2.2020557709600004,2.20234004232,2.27248036848,2.22550104156,0.0,1.8401608081200001e-06,2.39261044152e-06,0.0
2.2780519300799997,2.27039044392,2.2729330333199997,2.2529029454400002,2.2444851364800003,2.2413290961600003,2.2424136169200004,2.23699489044,2.23385249436,2.23707788472,2.2340633420400002,2.23371835872,2.25273754584,2.28598674276,2.14218082128,2.29750365924,2.22750424176,2.25167589636,2.23087554696,2.242235751,2.20728627564,2.19808122348,2.20583993712,2.2003047438000003,2.28677825592,2.2829931572400004,2.29095977376,2.28899996028,2.23405445856,2.216322738,2.20432478844,2.20020800712,2.1986380851600003,2.20523159052,2.19591154392,2.1962897544,2.27543311944,2.271842034,2.27847436164,2.28184463616,2.2796614105199997,2.2489665822,2.2136125404,2.22997060992,2.2061096808,2.226236898,2.21482854648,2.2178157516,2.1899424834,2.20032604452,2.19874164396,2.2061363803200003,2.20151917932,2.1991547994,2.26865301192,2.23616072676,0.0,1.37190236868e-06,1.6552808653200002e-06,0.0
2.2751751549600003,2.28205047768,2.2740514683599997,2.26267570596,2.24218681824,2.2411165306800003,2.2405064172,2.23420150224,2.21912653116,2.2368800923200003,2.2321628172000003,2.23057473564,2.2564397484,2.28938710332,2.13328080132,2.29623808236,2.22292463604,2.2484711196,2.2289141629199998,2.23728475692,2.20289179968,2.19695738964,2.2036598526,2.1888157538399997,2.28831318384,2.28645899052,2.291020044,2.29093106196,2.23649957508,2.22146764716,2.202211011,2.19737952672,2.19750369912,2.2024225948800003,2.19784122228,2.1966911797199997,2.2782376488,2.26599425016,2.27623106208,2.2693286962799997,2.2770062316,2.2305475944,2.2111563808800003,2.2286918796,2.20135633188,2.2190169846,2.22144855504,2.2128684876,2.18532223944,2.20295496564,2.19572616876,2.20769481756,2.19786831444,2.19626599968,2.27136360216,2.23449578592,0.0,1.0365261151200001e-06,1.4683594399199999e-06,0.0
2.27560200372,2.26877703708,2.27326790616,2.25614340336,2.2404865398,2.23839023484,2.2358741486400002,2.23134043272,2.21537559216,2.2349873712,2.2308288718800005,2.2288953162,2.26751298168,2.2872862830000003,2.14564341528,2.2922006634,2.22307182696,2.23238804532,2.2307148099600003,2.2385354134799997,2.2046711460000004,2.19151510476,2.19985256976,2.18907234408,2.286672783,2.28623685444,2.2825523206800002,2.2854526541999998,2.21611944864,2.2205762561999998,2.19922729056,2.20028692776,2.19238612752,2.1977790870000002,2.19307987332,2.1938343801599998,2.2783149007200003,2.26958131104,2.27505073716,2.27611484064,2.27688681996,2.230832013,2.19100712676,2.22826041732,2.1993922975199998,2.2077244128,2.2104238618800003,2.21715130656,2.17838110044,2.2014487986,2.1896372058,2.20322358048,2.19262603056,2.1890890312800004,2.27231747196,2.23676740464,0.0,9.1804331412e-07,1.0103925366000002e-06,0.0
2.2665924372,2.27383065744,2.27145759036,2.24278480896,2.23687901256,2.23676828808,2.2343065825200004,2.2284656698800003,2.21555630472,2.23245935856,2.22954862008,2.22614084844,2.26581643332,2.2905617840400003,2.1511839092400002,2.27955475968,2.21900908272,2.2205283050399998,2.22259938288,2.23110578124,2.20284301416,2.1947382865200002,2.19547296504,2.19222769728,2.28164360448,2.28214338612,2.28289111992,2.2887834684,2.22085704288,2.21586928788,2.20220595576,2.19895303152,2.1850586307600004,2.1883583773199997,2.19062111256,2.18775577308,2.27617889004,2.27625535668,2.2716943032,2.2713887802,2.27601584628,2.2223136882000003,2.19577038984,2.21971362612,2.1877107667200004,2.2101091118400005,2.2099646694,2.21149287336,2.18467664112,2.19841226808,2.18888264988,2.19856392528,2.18435575608,2.18573205744,2.26242682128,2.23199996976,0.0,6.672447595200001e-07,7.5282040212e-07,0.0
2.26712927424,2.2614768288000002,2.26843941576,2.25372847104,2.2363927770000003,2.2338051812399997,2.23164472872,2.22580087128,2.2126783026,2.22760534656,2.22999853644,2.22226318488,2.2640143629600002,2.29299791892,2.14441700424,2.2745699004000004,2.2162272774,2.2339185560400003,2.2183254474,2.225414808,2.1993895981200002,2.18202249288,2.1957102177600003,2.18952255492,2.2804847275199998,2.27768594052,2.27902283064,2.28902194812,2.2181489066399998,2.20848299328,2.19823268436,2.1920190091200005,2.1860963292,2.18748146496,2.18671846728,2.18605981368,2.2732178445600004,2.27539753644,2.26257062568,2.25073675056,2.27150225316,2.22836490864,2.19777977412,2.22638605212,2.19268983456,2.20933433496,2.2127762172,2.2030095916800003,2.1808067322,2.1942221121600003,2.1808917387599998,2.19103711464,2.18553107484,2.18687591592,2.26201018116,2.21069640312,0.0,4.3207028304e-07,6.753447754799999e-07,0.0
2.2655066894400004,2.2628074857600002,2.2631590458,2.25021233076,2.23278102888,2.23057390128,2.22910945224,2.2215661016399997,2.2124032092,2.2232984784,2.22710453424,2.22006749292,2.26856339184,2.29109494008,2.15526275172,2.25624715848,2.21264213064,2.2346282037600003,2.2105711018800003,2.22601510548,2.1988152639600003,2.17657147176,2.19031239936,2.18143098072,2.27574723144,2.27236561944,2.2721762688,2.2766274321599997,2.21574786396,2.2042301622,2.19757942956,2.1889053739200004,2.1850605448800002,2.186048967,2.1844180386,2.18339830344,2.2642442536800003,2.27224979064,2.25853919448,2.20650585456,2.2702589095200003,2.25529505556,2.20565573988,2.22163456824,2.18870483304,2.20598275992,2.19853143432,2.20526609376,2.17830198348,2.19143348472,2.18365793664,2.1924263240400004,2.1850339925999998,2.18667900696,2.25716480724,2.22181032372,0.0,3.8432754126e-07,7.000638193200001e-07,0.0
2.2596140464800003,2.26355306004,2.25975392448,2.24717648736,2.2293195637200003,2.2284993387600003,2.2269588648,2.21928402888,2.20273881732,2.2206065385600002,2.2226058123600003,2.21702148996,2.2688084973600002,2.28923068536,2.1533025456,2.25247928688,2.20432527924,2.2235317556400003,2.21404331556,2.2242258450000003,2.20054022964,2.1869061492,2.18356758036,2.18273636148,2.271158595,2.2705728252,2.26916648688,2.27752584156,2.2164642847200002,2.2007970161999997,2.1954374802000003,2.18775169944,2.18028584616,2.1867761362800002,2.1827023490400004,2.18123245212,2.2627133012400003,2.2673004162,2.26465338456,2.1924941525999997,2.2701016572,2.24236468416,2.2202206716000004,2.21849757096,2.18789422776,2.209195095,2.20292546856,2.20051166508,2.17903509144,2.1893287380000004,2.1840532269599997,2.1924276492,2.18383722588,2.17738011384,2.25706188648,2.21362981656,0.0,4.6337615245200005e-07,6.179562676800001e-07,0.0
2.25806557248,2.2516102764,2.25548008716,2.26163643696,2.22578550924,2.2272503018400003,2.22378603912,2.21611154676,2.21477342964,2.21895740148,2.21989664544,2.2148139697199998,2.25739931148,2.28915976476,2.15054503488,2.2581801252,2.210212278,2.22540911472,2.2132864038,2.2259080620000002,2.18707051812,2.1901773802799998,2.17950621036,2.1837436794,2.2734589746,2.27207594928,2.26510393896,2.27552411376,2.20852741068,2.19599777748,2.19142018404,2.18669407452,2.174879586,2.17925590236,2.17899612192,2.17697078664,2.2604976337200005,2.26626198156,2.26614747792,2.2130202429600003,2.26999623336,2.22823381596,2.1990452528400004,2.21310269736,2.19297199548,2.2099335036,2.19925084896,2.20276723464,2.1733907932800003,2.18884932456,2.1809537268,2.1815606991600003,2.17834993464,2.17286980908,2.25597883812,2.1982001934000004,0.0,3.72436998372e-07,4.50613776984e-07,0.0
2.25934140708,2.25238343364,2.2566605593199998,2.24045429424,2.22142715616,2.22354402564,2.22000884232,2.2144066057200003,2.2076241423600003,2.2192010346,2.21496008088,2.21464317132,2.25581235876,2.28875318604,2.15160545736,2.26111476564,2.2097477358,2.2243409376,2.2139995362000002,2.2207634964,2.18423870028,2.21870444316,2.18292757716,2.19731449572,2.27378579832,2.2754349844800004,2.2685346800399997,2.2756278198000004,2.20733687712,2.2017682112399997,2.184363069,2.18048545452,2.17369185,2.17456724088,2.175204741,2.17486741416,2.2610197958400002,2.2598024155200003,2.26570246956,2.2240351692,2.2652352279600003,2.21783106456,2.1911608453199998,2.2117732674,2.17816019136,2.20368002448,2.20016074308,2.1902151718800003,2.17846777572,2.18324031492,2.1776491704,2.17882988796,2.17241115648,2.17522613988,2.2510473778800004,2.21470231272,0.0,2.75018278152e-07,3.62550858144e-07,0.0
2.25610620072,2.25055863924,2.25701207028,2.24659248444,2.21894424804,2.21983544268,2.21876171952,2.212402473,2.19665913048,2.21307104076,2.2130958752399996,2.21155594116,2.25308508132,2.2875844439999997,2.1629686062,2.2661330484,2.2024967056799998,2.2200831003599997,2.20985315964,2.21274191028,2.1898112434800003,2.2037295462,2.18777309832,2.21754301404,2.27023039404,2.2656248740800002,2.26914444996,2.2659377099999998,2.19858336096,2.19509794476,2.1790330300800003,2.1764255078400003,2.18315702616,2.18034012864,2.1766750305600002,2.1781821792,2.2633284208799997,2.2610908636800002,2.26112914608,2.23524096756,2.26314589236,2.24352365928,2.2003017499200004,2.2102353455999997,2.18369430492,2.19010115904,2.1933441200400003,2.19075387396,2.21210377212,2.18357528592,2.2010471769600004,2.17969835856,2.17901472324,2.19210597888,2.24868986916,2.21218117128,0.0,2.20402888512e-07,3.20606064372e-07,0.0
2.25588740208,2.2394974796400002,2.25269980332,2.22646899732,2.21620710552,2.21602001256,2.2150118112,2.2093769364,2.20548160404,2.21253999516,2.20787479392,2.2083630908400003,2.25721933512,2.2872646878,2.16872146932,2.26859750244,2.1975516993600004,2.21584676016,2.2095040536,2.21082607248,2.1909905377200003,2.18785525824,2.20121036796,2.1993838066799998,2.26295457852,2.2586191458,2.25970980156,2.25994661256,2.1963167974799997,2.19114204768,2.1790292509199998,2.17907980332,2.1981442421999997,2.1862008696,2.19634187736,2.19492817704,2.26097341524,2.26187948112,2.2614890988000003,2.2245451104000002,2.264190462,2.2591559337600002,2.21728406796,2.20420616208,2.20697942748,2.198720196,2.2034730050399998,2.19359923788,2.2097176006800003,2.18591002152,2.1988618899600003,2.19395020896,2.19847808436,2.21026106352,2.24475664704,2.20921880064,0.0,2.1709449896400002e-07,3.32118406596e-07,0.0
2.25052624644,2.2375432612800004,2.25042582876,2.21690541576,2.2147395644400003,2.20868191452,2.21238863244,2.20884348588,2.20176850572,2.2110007482,2.203344759,2.20345337304,2.25544651644,2.2860404362800004,2.17243682532,2.25476435352,2.1962858770800002,2.2133766128400003,2.2111788595200004,2.2177107204,2.19561991056,2.17420419612,2.20308011964,2.1860604026400003,2.26098362388,2.25836854332,2.2610340290399997,2.26169101392,2.20406937612,2.19547463376,2.19021924552,2.19331319964,2.19495782136,2.19364272276,2.1984248816400003,2.20039392216,2.25695464668,2.2613460306,2.2600238154,2.2029744504,2.26206470904,2.25498899268,2.21983411752,2.20890095856,2.21192678964,2.200245357,2.20324861128,2.1969155244,2.19036952848,2.20137822156,2.19391639284,2.2064812164000003,2.20962115848,2.2017891684,2.24237626704,2.20340640348,0.0,2.1037007270400002e-07,3.28189135416e-07,0.0
2.2412974395600003,2.24161528164,2.24220620484,2.2209518163600004,2.21142450492,2.20939431072,2.21039407032,2.20502839932,2.20500017832,2.2040615724,2.20513917288,2.20393293372,2.2544839104,2.2836737986799998,2.15538854376,2.2184254233600003,2.20178926656,2.22655552536,2.2096522752,2.2140423830400002,2.20545897816,2.184907857,2.1866754732,2.1743098653599997,2.2661170483200004,2.26342888764,2.26844083908,2.26946543316,2.20752819096,2.2078179101999997,2.20038778716,2.19829452516,2.19216649452,2.1901292328,2.1997296734400003,2.19651017268,2.25494187588,2.25744431784,2.25907220328,2.19974896188,2.2607471564400003,2.2528165155599997,2.2194392198400004,2.2138341366,2.1962261958,2.20677721788,2.2003635416400003,2.2019894148000003,2.18087598408,2.1995331080400002,2.1827734168800004,2.20816009596,2.1943417201199997,2.18414387772,2.2452816558,2.2127815178400003,0.0,1.92618440388e-07,3.7263499199999997e-07,0.0
2.24499198564,2.23751361696,2.2384290571200003,2.22127677504,2.20955175936,2.20630830756,2.20881369432,2.201958249,2.2067991566400003,2.20566320004,2.2033706241599997,2.20088835408,2.25397014096,2.2816402670400002,2.1465842297999997,2.17496199132,2.20618776708,2.22271624236,2.20494977316,2.2069712802000003,2.20146028332,2.1811431756000004,2.17820779896,2.18174646696,2.25997120164,2.26733222004,2.26570821192,2.2636606434,2.20573147032,2.2070552560800003,2.20092521316,2.20028835108,2.182018272,2.18746845876,2.1884464759199997,2.18858267292,2.2533759293999998,2.25655847292,2.25768289572,2.21577284568,2.2559734884,2.22947637432,2.21440115784,2.21577569232,2.19378328788,2.20055078184,2.19475399212,2.20061483124,2.1812173354800004,2.2008173844,2.1873444826800004,2.19391776708,2.17917217188,2.17293292596,2.24240203404,2.2110132636,0.0,1.8208853252400003e-07,4.12754196276e-07,0.0
2.24252713896,2.23181101176,2.23770046452,2.2239140888400004,2.20723788276,2.20393931412,2.203808565,2.2023321404400003,2.19863150844,2.20483153944,2.20256811708,2.201522664,2.25452356704,2.27918042652,2.10565528896,2.163272166,2.20606251492,2.2222437492,2.20820996124,2.21208948984,2.19266946636,2.1720703940400004,2.1779285337600003,2.1740919010799997,2.25206834004,2.2540745832,2.25886719612,2.26507993884,2.2116711810000003,2.20196423676,2.19706502208,2.1907369413600004,2.1764509803600003,2.18146165572,2.18188791552,2.18287589592,2.2532970578400002,2.25630590724,2.25571714356,2.22517691724,2.25099152484,2.22941742924,2.2011719874,2.2117966785600003,2.18797962696,2.19916687308,2.19497249628,2.19838532316,2.16828122172,2.1861112985999998,2.17454569476,2.17988545152,2.1700326906,2.1682906450800004,2.2336223091600003,2.20634658996,0.0,1.85198908812e-07,3.30246858588e-07,0.0
2.23092447972,2.23928520864,2.23389008964,2.25599537808,2.20488287712,2.204046603,2.20321342092,2.2022885574,2.19224737836,2.2040916093600003,2.20248055836,2.20277916108,2.25452788608,2.2734121522799997,2.1012488865599996,2.18679414864,2.20229528136,2.2142081262000004,2.20431943872,2.2044458688,2.18789776152,2.1736284877200003,2.1772046037600004,2.17662614688,2.25366152592,2.24632907208,2.24956398396,2.2643868801600004,2.21078813364,2.1892796580000002,2.18840097876,2.18508493764,2.17199191512,2.1765609195600004,2.1747769597200004,2.17290303624,2.25385661892,2.2539986073600002,2.25182308728,2.22391673916,2.2484634140399997,2.2288229232,2.20635375564,2.2047155634,2.17665618384,2.20146666372,2.20291349304,2.19438456696,2.17005364776,2.17781339208,2.1722115972,2.1781855657199998,2.1697864071599997,2.17188173052,2.22796363056,2.20432277616,0.0,1.75287266616e-07,4.70100593436e-07,0.0
2.23906282716,2.2360868122800004,2.2297441057200005,2.23627861692,2.2065454621200002,2.20290294084,2.20325587512,2.20219398024,2.1973411952400004,2.20333042764,2.19891489636,2.19986699928,2.25128605392,2.27323919436,2.13862693848,2.21998528392,2.20106862492,2.20503374904,2.2012742210400003,2.20905747468,2.1846725674800003,2.18138356944,2.1766886748000003,2.1686166835200003,2.25331762236,2.24247432888,2.2472500582799997,2.25154136808,2.2040078297999997,2.18893158264,2.1814563060000003,2.1753889382400002,2.17183726404,2.174523756,2.1717546624,2.16985119276,2.25134710944,2.25410565084,2.2478252268,2.21425485036,2.24562786612,2.22044187516,2.19080192328,2.2023957972,2.17203814848,2.19204919332,2.1983820348,2.1945097700400003,2.16719915496,2.16897531108,2.16738590436,2.1752618210400003,2.16995995404,2.1664885747200002,2.22793835436,2.19214062936,0.0,2.3827056558e-07,5.958586848e-07,0.0
2.2316342256,2.23513382592,2.22941350284,2.22198014052,2.2043411811599998,2.2031098130399998,2.20385784132,2.1996025562400003,2.19948446976,2.1995473412399997,2.19808627872,2.19760004316,2.2450388079600003,2.27249219676,2.137660995,2.24064497004,2.20390952256,2.2048407173999998,2.20025301348,2.20888873764,2.17802212932,2.1718223437199997,2.1767308345200003,2.16995504604,2.2480628230799997,2.24565103188,2.24616588108,2.2535692064400004,2.2003921062000003,2.188407261,2.1766077909600003,2.17314181044,2.1682285098,2.17120535904,2.16910291908,2.16617465904,2.2424393839200003,2.25349858032,2.2467898351200004,2.20969428768,2.24396591916,2.22255069552,2.18504101104,2.1991219157999997,2.17418039232,2.1916372158,2.1888241956,2.18217194148,2.1610186578,2.17186690836,2.1624218550000003,2.17357567764,2.1642671648400005,2.16237954804,2.228548566,2.183322573,0.0,2.60124814728e-07,5.063147278800001e-07,0.0
2.2194687169200003,2.22458844804,2.2329857415600003,2.21765162808,2.20133773056,2.2018959174,2.20168727832,2.1967048730400003,2.18287776096,2.19676568316,2.1972169737600002,2.19549451116,2.24022882072,2.27070843324,2.14166435244,2.25318677508,2.1923970232800003,2.2016738304000003,2.20192453104,2.21065728636,2.17730060424,2.17273660596,2.17476360996,2.16454304352,2.24838974496,2.24674698828,2.25391585848,2.2564347913200002,2.19591409608,2.1896435862000003,2.1747922236,2.1723580519200003,2.16491148708,2.17042935516,2.1650831689200003,2.16444341112,2.24339879976,2.24944629012,2.2438870476,2.23164639744,2.24421877932,2.22824996328,2.18879705436,2.20107441636,2.1663665127600003,2.1857669042400003,2.18051019084,2.18631331188,2.15171927388,2.17019337852,2.15671664856,2.17057360128,2.1633072581999997,2.1628776118800004,2.23231148052,2.19642762012,0.0,2.2936854315600002e-07,3.51432446724e-07,0.0
2.23405725612,2.2129531506,2.22959308656,2.23249081884,2.200952109,2.2000463376,2.20139387808,2.1949957111200002,2.1867059028000004,2.1955265604000003,2.19448763496,2.19257395668,2.23791121404,2.2701062216400003,2.11609102212,2.25894547872,2.19383192616,2.2044998568,2.20329607164,2.20997163876,2.1794457438,2.16321336816,2.16649642752,2.16723189132,2.2443740193600004,2.24873674056,2.24800937496,2.24989203468,2.18995445892,2.1831019584,2.1688294943999997,2.16724308156,2.1613058739600004,2.1675302977200004,2.16316644768,2.1626863471199997,2.24315398872,2.245401411,2.24599856736,2.2374328803599997,2.24385804132,2.2412950837200003,2.19506697528,2.19090430416,2.16778742784,2.1903542646000003,2.18113645164,2.1879953325600003,2.1532725086399997,2.16670202364,2.15941997496,2.1682461295200004,2.16058935504,2.16058915872,2.22699901224,2.18935160928,0.0,1.95297747036e-07,3.4524332130000003e-07,0.0
2.2309159398,2.2222677984000003,2.22594423396,2.23619042016,2.1982307702400004,2.1974849996400003,2.19899671272,2.19338230428,2.18429833248,2.1930325602,2.19415727748,2.1898669983600003,2.2361051191200003,2.27059903392,2.12536085988,2.2520640700800003,2.1931427448,2.20408149888,2.20174455468,2.2065237196800003,2.1745696458,2.16793569852,2.16480463992,2.1651616969200003,2.23732465896,2.23930842348,2.2424081690400004,2.2435172298,2.1909726726,2.17960196544,2.1737509914000004,2.16392694228,2.1616957164,2.1645489822000004,2.15963249136,2.1611599100400003,2.23888240908,2.2430315832,2.24666875476,2.2353563055600003,2.24382736632,2.2531506522,2.16824779824,2.1902356873200004,2.169037839,2.18479688712,2.1823886787599998,2.17993301004,2.15424188772,2.1649477081199997,2.153733468,2.1635331243600002,2.1596656694400003,2.16024677664,2.22180335436,2.19677623536,0.0,2.6693963653200004e-07,8.697964962000001e-07,0.0
2.22880088628,2.24044226964,2.22677098656,2.21351447856,2.1977297125199997,2.1947518326,2.19669947424,2.1894860884800003,2.1787546974,2.19061718616,2.1939851539200004,2.1882688063200004,2.2450195686,2.2740694807199997,2.13404075604,2.2498579731599997,2.1879751606799998,2.20489735572,2.2019653656,2.1993889600800003,2.1703326675600003,2.16762551292,2.1624548858400003,2.15048255604,2.23559159508,2.24393779632,2.24071063908,2.244131466,2.19095127372,2.17803282876,2.1672520141200002,2.16097060848,2.16168261204,2.16367712508,2.1592179126,2.1605895022799997,2.2413893664000004,2.2427997783599998,2.24705997144,2.2340987287200003,2.2393843502400004,2.25044624604,2.17621461108,2.18975038428,2.16146562936,2.17566329544,2.18026901172,2.18135981472,2.1535698843600004,2.1586110874799997,2.15772175788,2.1633399945600003,2.1598186518,2.15653745748,2.22291874644,2.18414471208,0.0,5.0684390844e-07,1.00917147528e-06,0.0
2.2266126054,2.22935391972,2.22532862352,2.21241356508,2.19606236676,2.19364198656,2.19407806236,2.18707758564,2.1859770648,2.1888936438,2.1905691368399998,2.18561416728,2.24270809692,2.27268881124,2.10744459852,2.24150818908,2.18388252672,2.19468429852,2.2005897022800003,2.18945811288,2.16631969044,2.15021359764,2.16050076564,2.1531215876400003,2.23628269056,2.24170701216,2.23698973704,2.2423491258,2.18276026344,2.1788430414000004,2.16875533452,2.1595493989200003,2.1553332306,2.15966267556,2.1593123425200003,2.1595906752,2.2428797296800003,2.24664254604,2.2423995309599998,2.2248552469200003,2.23419247152,2.21586933696,2.1609833202,2.18404738644,2.16779552604,2.17643286984,2.17733191728,2.17102047468,2.15309842188,2.16340389672,2.15059926828,2.16495153636,2.1557284227599998,2.1483709872000003,2.21946439788,2.1915172151999998,0.0,4.2397572968400005e-07,6.5522325156e-07,0.0
2.21793285648,2.2182251278800003,2.21971887768,2.2225265481600003,2.19364228104,2.1927040677600003,2.19064005744,2.18523703656,2.17585392216,2.18880446544,2.18738433564,2.1836965626000002,2.23669319568,2.2681890096,2.1284792558400003,2.23336812384,2.1819254617199997,2.1950430733200004,2.1936327104399997,2.19142484664,2.16574781028,2.15411673372,2.1535288534799997,2.16116064624,2.23475703876,2.2339468752,2.24060860176,2.2476097656,2.18123259936,2.17950753552,2.16152678304,2.15959415988,2.15229954672,2.15696455164,2.15333498748,2.1546250552800004,2.2426049798400003,2.2478550674399997,2.23479875676,2.21791204656,2.23055795028,2.20134730116,2.16084427656,2.1840468465600003,2.1620400126000003,2.16995406444,2.17071082896,2.1686217387599998,2.15045742708,2.16337076772,2.15146926036,2.1593797784400004,2.1487357497599997,2.1481207282800003,2.2148311968,2.1893184312000002,0.0,3.18982983864e-07,4.0308734058e-07,0.0
