20.0,20.0,20.0,20.0,20.0,20.0,20.0,20.0,20.0,20.0,20.0,20.0,20.0,20.0,20.0,20.0,20.0,20.0,20.0,20.0,20.0,20.0,20.0,20.0,20.0,20.0,20.0,20.0,20.0,20.0,20.0,20.0,20.0,20.0,20.0,20.0,20.0,20.0,20.0,20.0,20.0,20.0,20.0,20.0,20.0,20.0,20.0,20.0,20.0,20.0,20.0,20.0,20.0,20.0,20.0,20.0,20.0,20.0,20.0,20.0
19.999993,20.000031,19.999971,19.999964,20.000012,20.000021,20.000003,19.999994,20.000029,20.000037,19.999987,20.000031,20.000035,20.000008,19.99996,19.999989,19.999982,20.000008,20.000008,20.000012,20.0,20.000003,20.000001,19.999984,19.999958,20.000007,19.999994,19.999985,20.000033,20.000065,20.000047,20.000014,19.999992,19.999999,20.000015,19.999949,20.000074,20.000005,19.9999,19.999973,19.999975,20.000014,20.000078,19.999958,19.999953,19.999962,20.000027,20.000006,19.999977,19.999937,19.999985,19.999965,19.999998,20.000009,19.999944,20.000001,20.0,20.069968,19.820819,20.0
19.999983,20.0001,19.99993,19.999895,20.000037,20.000058,20.000008,19.999984,20.000087,20.000091,19.999948,20.000102,20.000118,20.000031,19.999887,19.999969,19.999973,20.00006,20.000178,20.000229,20.000017,20.000016,20.000008,19.999962,19.999891,20.000026,19.999989,19.999968,20.000102,20.000199,20.000139,20.000039,19.999981,20.00001,20.000048,19.999849,20.000221,20.000027,19.99899,19.999918,19.999937,20.000051,20.000148,19.999885,19.999871,19.999913,20.000088,20.000032,19.999945,19.999822,19.999966,19.9999,19.999998,20.000036,19.999838,20.000014,20.0,20.19414,19.959774,20.0
19.999981,20.000174,19.999912,19.999829,20.000063,20.000087,20.000013,19.999975,20.000142,20.000121,19.999897,20.000176,20.000258,20.000127,19.999822,19.999952,20.000241,20.000418,20.029238,20.028816,20.000106,20.000111,20.000047,20.000012,19.99986,20.000061,19.999999,19.999972,20.000194,20.000343,20.000235,20.000064,19.99999,20.000052,20.000092,19.999764,20.000239,20.000106,19.996937,19.999928,19.999952,20.000152,19.999854,19.999931,19.999824,20.000048,20.000216,20.000186,19.999965,19.999771,20.000015,19.999913,20.000039,20.000129,19.999747,20.000046,20.0,20.044714,19.959768,20.0
19.999989,20.000247,19.999914,19.999768,20.000095,20.000107,20.000021,19.999966,20.000193,20.000135,19.999842,20.000248,20.000867,20.000723,20.000229,20.000422,20.00203,20.002337,20.043403,20.044275,20.0012,20.001357,20.013515,20.021034,19.99998,20.000189,20.000064,20.000018,20.000507,20.00062,20.000402,20.000136,20.000125,20.000218,20.000196,19.999731,20.000716,20.000543,19.995641,20.000558,20.000371,20.000706,19.999775,20.000714,20.00053,20.001633,20.001005,20.001286,20.000317,20.000215,20.000636,20.000925,20.000476,20.000846,19.999677,20.000113,20.0,19.877876,19.789242,20.0
20.000016,20.000325,19.999942,19.99972,20.000147,20.000129,20.000045,19.999967,20.000244,20.000146,19.999788,20.000321,20.004812,20.004869,20.004713,20.00557,20.012255,20.012695,20.040896,20.042494,20.384293,20.691794,20.569576,20.835484,20.001007,20.000894,20.000484,20.000259,20.002249,20.001847,20.001087,20.000478,20.001207,20.001081,20.000659,19.99991,20.003605,20.003435,19.998114,20.004865,20.002889,20.004016,20.002844,20.005949,20.00576,20.011042,20.005394,20.007774,20.002608,20.003664,20.004391,20.015993,20.003514,20.006122,19.999669,20.000266,20.0,20.0182,20.029905,20.0
20.000076,20.000409,20.000001,19.999685,20.00024,20.000158,20.000102,19.999981,20.0003,20.000154,19.999744,20.000397,20.012485,20.012981,20.013578,20.015821,20.030542,20.030959,20.077468,20.07603,20.515798,22.303863,21.364761,21.170371,20.002885,20.002138,20.001276,20.000761,20.005422,20.003981,20.002363,20.001182,20.003509,20.002972,20.001608,20.000422,20.008729,20.008825,20.003544,20.0128,20.007627,20.010054,20.007886,20.015479,20.014619,20.028062,20.013522,20.019158,20.007958,20.421746,20.015436,20.372516,20.009843,20.675891,19.99978,20.000589,20.0,20.40851,20.35561,20.0
20.000162,20.000493,20.00008,19.999655,20.000365,20.000189,20.000186,20.000002,20.00035,20.00016,19.999705,20.00047,20.022411,20.023748,20.024095,20.028907,20.053263,20.05236,20.113136,20.109205,20.700785,23.254948,21.236561,22.279555,20.00543,20.003654,20.002359,20.001488,20.009663,20.006597,20.004128,20.002212,20.007878,20.007957,20.003057,20.001278,20.014518,20.016037,20.009356,20.023111,20.013998,20.017849,20.013825,20.02754,20.02386,20.049021,20.023821,20.033121,20.278598,21.520412,20.834811,20.204893,20.374357,21.432408,20.000013,20.001066,20.0,20.293232,20.33398,20.0
20.00027,20.000575,20.000177,19.999633,20.000515,20.000223,20.000292,20.000027,20.000404,20.000168,19.999675,20.000543,20.034509,20.03732,20.035672,20.044264,20.07928,20.096221,20.156906,20.302482,20.698251,23.490674,21.403472,23.408869,20.008597,20.005388,20.003757,20.002432,20.01477,20.009517,20.006362,20.003569,21.050013,20.086147,20.005375,20.002613,20.019075,20.025231,20.015832,20.036341,20.022208,20.027422,20.023397,20.041318,20.037255,20.074348,20.035914,20.049044,21.986382,21.91087,21.829278,20.22299,21.961622,21.516159,20.000361,20.001672,20.0,20.42794,20.839353,20.0
20.000404,20.000669,20.00031,19.999628,20.000689,20.000262,20.000428,20.000066,20.000443,20.000174,19.999653,20.000615,20.048026,20.05277,20.048944,20.061259,20.104847,20.647141,20.204168,21.859828,20.807924,24.315335,21.710408,24.777246,20.012139,20.007355,20.005458,20.00357,20.020264,20.012743,20.009239,20.005358,23.096648,20.163596,21.345268,20.005241,19.99881,20.036038,19.983057,20.051157,20.032051,20.038209,20.505123,20.056034,20.076308,20.101244,20.067999,20.066382,23.623431,22.804895,21.462402,20.241424,23.142251,22.060443,20.000827,20.002716,20.0,21.617652,21.55232,20.0
20.000558,20.000758,20.000449,19.999627,20.000892,20.000308,20.000588,20.000107,20.000494,20.000185,19.999638,20.000684,20.061385,20.067766,20.064245,20.076953,20.133181,21.430218,20.244308,23.38866,20.887414,25.791059,22.214636,26.516395,20.015321,20.008864,20.007269,20.004702,20.025022,20.015354,20.012254,20.00762,23.637229,20.695624,23.135662,20.108117,19.967731,20.047294,19.835183,20.065081,20.042485,20.048045,23.234628,20.099752,20.967008,20.124284,21.082935,20.083873,25.469669,22.926504,22.301465,20.437595,23.822951,22.593427,20.001372,20.004115,20.0,22.517976,21.10545,20.0
20.000737,20.000849,20.000606,19.999632,20.001123,20.000357,20.000774,20.000153,20.000539,20.0002,19.999628,20.000754,20.075458,20.083924,20.083041,20.089833,20.168389,21.354541,20.267778,22.557943,21.334745,25.459196,21.731746,27.572662,20.018078,20.010211,20.009227,20.005898,20.029279,20.017894,20.016023,20.010472,24.548621,21.409351,23.831827,21.123399,20.048345,20.057768,19.862075,20.078459,20.052779,20.056568,23.131671,20.693734,21.997275,20.142554,22.177652,20.111576,25.54721,23.37661,24.338103,21.38208,24.495059,22.959721,20.002064,20.006571,20.0,18.777662,20.9791,20.0
20.000961,20.000947,20.000798,19.999649,20.001399,20.000417,20.000995,20.000209,20.000577,20.000215,19.999623,20.000826,20.096679,20.106519,20.108803,20.102721,20.231652,20.861232,20.276825,24.405435,23.805631,25.41214,22.494945,28.192326,20.020436,20.011497,20.011395,20.007331,20.033257,20.022909,20.055233,20.314737,25.887628,22.487534,25.248704,22.838286,20.311303,20.094519,20.168306,20.107224,20.062111,20.063305,22.990099,21.401179,21.940435,20.356735,21.757436,20.245955,26.627103,24.507328,24.910243,23.237079,24.995626,24.180289,20.003056,20.030714,20.0,19.07257,20.178119,20.0
20.001211,20.001048,20.001012,19.999672,20.001685,20.000479,20.001214,20.000267,20.0006,20.000233,19.999623,20.000895,20.130864,20.130843,20.164455,20.11732,21.306164,20.639622,20.465574,23.664962,27.378222,26.373749,23.956363,31.142517,20.02305,20.013131,20.013655,20.00902,20.039592,20.718146,20.244463,21.656331,26.806313,23.575465,26.837578,24.561776,20.591957,20.444907,20.945115,20.156534,20.068433,20.068957,24.977133,21.7412,22.719988,22.451917,21.411281,20.716939,28.418749,25.214911,25.103861,24.323178,26.2223,25.359863,20.004303,20.628001,20.0,19.985966,21.030036,20.0
20.001481,20.001153,20.001243,19.999705,20.00203,20.000554,20.001473,20.000336,20.000613,20.000255,19.999646,20.000963,20.165916,20.148336,20.224618,20.135976,23.036001,20.638467,22.285322,25.557105,29.029588,28.528275,25.069323,31.204694,20.026593,20.01562,20.015943,20.014658,20.072499,21.680907,20.616145,22.059935,27.715164,25.333069,27.446079,25.968884,21.191599,20.546247,21.349126,20.254711,20.072438,20.077142,26.38189,22.773734,24.146721,23.593327,21.869009,21.351445,29.18835,25.67017,26.405943,25.240004,28.16992,25.869525,20.005705,20.997368,20.0,19.938929,20.768408,20.0
20.001823,20.001285,20.001535,19.999773,20.00259,20.00067,20.001918,20.000452,20.000537,20.000295,19.99974,20.001038,20.164748,20.167685,20.201746,20.157376,22.574041,20.725848,22.994575,25.436224,30.249351,31.109359,26.271822,31.224773,20.031244,20.024237,20.018615,20.064972,20.362965,21.762257,21.392558,23.865897,28.411831,26.381641,28.799691,26.829129,21.285582,20.374383,21.148198,20.699408,20.077356,20.21225,27.926498,24.51394,26.748407,25.602247,23.718184,22.306301,30.300406,27.254477,28.409972,25.943819,29.680534,26.81644,20.007325,21.335956,20.0,19.429711,19.831701,20.0
20.002214,20.001467,20.001897,19.999898,20.003875,20.000875,20.00263,20.000652,20.169691,20.000378,20.000013,20.001141,20.165883,20.189436,20.306902,20.185137,22.640432,21.363088,23.513537,25.714086,30.267976,29.694949,28.000769,35.05881,20.03764,20.05682,20.022843,20.131413,22.248237,21.62368,22.401965,25.244664,28.721572,26.759005,29.129557,27.861958,21.028054,20.256982,20.828185,20.955908,20.106465,20.257783,28.977314,25.680103,28.688078,26.779474,25.469483,23.846549,31.667343,28.581226,29.573175,26.727199,30.170708,27.143504,20.007459,21.717987,20.0,19.112415,19.70547,20.0
20.002519,20.001718,20.002343,20.000109,20.008113,20.001231,20.003438,20.00099,22.988958,20.000543,20.001532,20.001299,20.217399,20.212846,20.883737,20.219795,24.019226,21.93212,24.992533,25.471483,32.2875,31.690554,29.057163,37.520172,20.046989,20.084739,20.029925,20.1321,24.162366,22.857625,23.05018,25.102234,29.287094,27.311707,29.618973,27.937639,20.763205,20.226761,20.30154,20.740351,20.429553,20.946078,30.84817,25.830475,30.570253,27.982179,28.20178,26.714074,33.499319,30.542956,31.329761,27.826493,31.09459,28.05804,20.007157,21.860912,20.0,17.205423,19.205793,20.0
20.002679,20.002069,20.00294,20.000443,20.022025,20.001891,20.004056,20.00157,24.475042,20.000977,20.053737,20.001635,20.288282,20.231505,21.387015,20.255484,24.961224,23.631421,26.355569,28.767657,32.653475,31.683865,30.028616,44.387383,20.300118,20.075137,20.091375,20.122898,24.841749,23.367199,24.072712,25.350686,30.03172,28.238153,30.318827,28.46605,20.719234,20.244651,20.246408,20.733778,20.711943,20.638072,32.869599,26.596686,30.063549,30.06339,29.877533,28.035594,32.907926,32.043844,32.692729,28.632957,32.703941,29.274611,20.008068,22.672882,20.0,17.974711,19.200677,20.0
20.003026,20.002507,20.003725,20.00093,20.032365,20.002947,20.004694,20.002503,23.728185,20.025726,20.617395,20.002446,20.393152,20.264714,21.52027,20.314251,26.172389,25.669491,27.433725,29.157266,32.765454,35.658429,32.499706,40.046786,20.893025,20.060938,20.525835,20.154575,27.39105,23.859725,25.920442,25.960036,31.470517,30.431439,30.072233,29.575311,20.644399,20.252735,20.561836,20.706835,21.246886,21.681212,32.489519,30.187443,31.069157,28.726406,31.579158,27.338526,34.541985,32.313593,33.753332,30.275065,32.174958,30.376578,20.00788,24.007638,20.0,20.328187,20.738536,20.0
20.003835,20.003026,20.004461,20.001618,20.157573,20.004281,20.005799,20.003903,23.646015,20.640006,21.347629,20.289239,20.526901,20.364001,22.175663,20.37159,31.510631,27.78288,28.265006,25.98352,36.888585,43.93156,33.866527,42.870713,20.72356,20.068552,20.776557,20.285406,29.47173,25.406849,28.771392,26.674908,32.624891,31.984228,31.671079,30.391541,20.535,20.243969,20.479897,20.503406,21.419763,23.946849,33.131945,28.792878,33.489676,26.919293,30.929912,27.615593,35.196565,34.335478,34.401297,32.593456,33.19939,33.944255,20.006989,24.325924,20.0,19.496069,20.064888,20.0
20.004868,20.003614,20.004785,20.002539,20.267766,20.005809,20.00718,20.00586,26.55538,21.294834,21.335684,21.677755,20.612664,20.570024,22.627815,20.421322,29.580939,26.818965,28.451057,26.698754,39.556475,44.697067,35.303147,43.459745,20.523224,20.080703,20.647247,20.455902,28.469036,26.814572,28.481502,28.719181,34.65345,31.533213,32.385755,31.409031,20.474016,20.201851,20.439111,20.504608,21.386923,25.668755,34.801338,28.384473,34.001364,29.981432,29.364714,29.856561,37.113506,36.273954,34.764434,34.072606,34.116208,35.701287,20.008188,24.734637,20.0,17.729722,19.346777,20.0
20.005819,20.004384,20.005078,20.003896,20.267597,20.007627,20.008884,20.016469,28.651085,20.982922,21.132874,22.746089,20.493027,20.802065,22.095378,20.524516,30.180083,27.232206,29.165346,27.59296,40.853111,43.846106,36.89371,45.140299,20.422503,20.135528,20.531744,20.461588,28.246452,27.571698,29.034595,29.101767,35.626205,32.754184,34.82492,33.051367,20.536225,20.16318,20.552299,21.185943,21.699304,26.481246,34.742917,30.646861,34.626106,31.815914,28.942369,31.691188,38.381739,39.106901,36.305604,35.060995,35.630627,39.017518,20.011232,25.521804,20.0,19.876029,23.252945,20.0
20.006327,20.005238,20.005629,20.005915,20.215176,20.068036,20.01574,21.642009,29.515806,21.269267,21.989641,22.762528,20.321072,21.049265,22.241222,20.672621,31.831678,28.549534,30.521613,28.967176,42.658472,42.19563,37.385782,49.348116,20.33425,20.174271,20.468755,20.481394,27.958534,27.634412,31.510673,31.473,37.94602,34.725119,35.822845,34.865108,20.415368,20.278092,20.925964,22.276289,21.662982,26.911448,37.202847,30.8622,35.940524,32.302905,30.789779,32.102011,40.998917,40.574254,38.720673,36.296344,37.546992,39.084426,20.015615,27.270591,20.0,17.914981,20.566071,20.0
20.006783,20.006083,20.006667,20.231247,20.373461,20.449965,20.21591,22.828933,27.812782,21.890325,23.04963,23.857125,20.271576,21.566763,22.981304,20.76123,30.293174,30.558315,30.643392,31.069049,42.579333,42.562037,37.051255,49.674673,20.373206,20.295627,20.349733,20.600621,29.667431,29.849947,32.965899,33.157758,39.300272,36.481759,37.274378,36.136752,20.601335,20.394448,22.874765,23.26112,21.421108,26.225056,38.202117,29.866293,40.172946,34.726591,35.83322,32.421147,43.725709,43.478812,42.158581,38.705476,39.360333,39.819497,20.016747,30.331011,20.0,17.517888,19.596149,20.0
20.007882,20.007188,20.007977,21.936779,21.310749,21.59819,20.556908,23.745794,26.626526,23.066473,24.723281,25.373602,20.328819,21.554674,22.973906,20.774805,30.809938,31.593124,32.84197,31.41143,43.091477,43.901057,38.874237,52.197441,20.579709,20.486253,20.324885,20.681305,31.128726,31.722062,32.227577,34.685913,40.371354,37.087696,38.656286,37.164367,20.898497,20.445837,23.069262,23.488164,21.843104,25.670253,36.664623,33.796175,42.573771,38.824789,39.707459,34.055239,44.762134,44.30159,44.609373,41.953046,42.585824,40.508781,20.0194,31.710571,20.0,20.659093,19.290136,20.0
20.009676,20.01387,20.009672,22.593944,22.075082,22.746568,20.944247,25.153352,30.983313,23.505784,25.138916,26.14475,20.434393,22.025833,22.502282,20.846506,34.276663,31.638035,36.523487,33.352719,43.833643,46.172674,39.396353,47.788421,20.575348,20.236012,20.358848,20.633139,34.301399,31.90301,32.457973,35.421463,40.171354,36.839589,40.438967,38.729734,20.140036,20.481729,23.263774,22.60588,22.91513,26.191276,35.184907,35.858466,38.802765,33.457535,40.336933,37.110045,46.77594,45.275382,45.466733,43.129929,43.416601,42.209937,20.022394,33.0631,20.0,21.216916,18.791305,20.0
20.0139,20.049177,20.021266,22.278694,22.099885,23.166876,21.569084,25.462491,31.788842,25.076216,25.667286,26.63007,20.545401,22.498514,21.800905,21.037445,34.346709,33.204936,38.778251,37.365843,47.517055,48.574183,41.591957,51.675782,20.305842,20.104984,20.461937,20.566979,38.469035,32.917857,33.238688,36.366825,42.949743,39.698308,41.722266,40.184009,20.967099,20.461113,23.029697,22.950699,22.576923,25.238909,39.026492,36.568358,34.523663,30.38515,37.549043,38.345922,47.587375,47.361385,45.178587,44.942552,44.44979,44.161255,20.017202,35.000237,20.0,19.6717,20.270933,20.0
20.273675,20.722088,20.078391,21.542655,22.739471,24.170533,22.172629,26.046768,35.605963,27.803821,26.993263,26.861058,20.627464,22.374743,21.886824,21.206365,32.958001,35.315268,39.459773,39.970601,49.227623,46.270824,44.516593,56.512553,20.189166,20.124404,20.607306,20.475302,36.965791,35.155136,36.140341,37.888824,42.809854,41.434013,43.377332,41.262906,22.110991,21.32291,22.720907,22.884131,21.998244,21.771712,41.708447,37.364192,42.775737,31.882815,36.990313,36.527547,50.131101,50.050102,47.9259,45.611063,45.195834,44.496315,20.031271,33.357381,20.0,16.996717,21.707577,20.0
21.226623,22.071801,20.133449,22.237095,23.474018,24.731823,22.633699,26.309251,35.458075,26.565145,27.599103,28.092927,21.462181,22.352434,22.339523,21.590933,33.791863,35.635857,38.251378,39.851325,50.202945,49.11143,46.337875,53.856908,20.291734,20.474995,20.491126,20.393213,36.435861,36.756262,38.187836,39.768757,45.540961,42.644705,43.902115,42.573294,23.111353,21.978756,22.593239,22.227289,22.515387,21.019434,40.577866,36.91577,47.934126,41.678201,39.069489,36.520635,52.717449,52.251401,47.871291,45.911948,45.895187,45.997046,20.168666,29.963531,20.0,16.931567,18.706845,20.0
21.835195,23.182547,20.157183,24.23897,24.689928,26.170277,23.388789,26.744499,36.072206,26.617004,28.835966,30.296733,21.89805,21.935244,22.788124,22.253441,35.699073,36.94742,40.473691,39.084247,51.822396,54.257641,51.997292,55.724838,20.807104,21.68459,20.28576,20.486754,37.555884,37.313657,40.121786,41.843219,47.877223,44.811367,46.065013,43.171926,22.136429,22.258774,23.500361,21.931389,23.484984,21.08653,42.074201,39.041,44.756583,43.102708,42.433191,40.728514,53.58848,53.833284,49.601342,49.304368,48.592464,48.573981,20.777627,31.117573,20.0,20.407617,18.829492,20.0
21.920608,23.966848,20.215494,24.407302,25.81591,26.922188,25.157312,27.884091,31.920573,27.576931,31.334646,30.487521,22.534895,22.645067,22.628056,22.039992,36.720752,38.429291,44.284674,35.457664,53.340607,53.271067,52.452151,59.307771,21.372209,22.571448,20.350026,20.567518,41.110409,37.137652,40.711187,42.862149,49.781631,45.326849,47.507274,44.240976,22.514999,22.375767,23.054795,22.295774,23.524646,21.257418,49.474198,37.064529,45.369463,37.939678,44.046396,41.644496,56.309638,57.28581,51.607478,52.124503,50.138453,50.682891,21.3553,38.98718,20.0,18.23005,20.133858,20.0
22.344198,24.067615,20.432346,23.568738,27.241096,26.67036,27.907061,29.383687,33.23839,29.230949,30.726284,31.149544,23.393367,24.067821,22.066792,21.770858,38.476166,36.352382,43.674126,38.192013,56.779374,59.219024,58.646313,61.603395,21.885141,23.005153,20.546052,20.613375,43.673569,38.626899,41.884098,43.581206,51.86306,45.967713,49.893301,45.414092,22.331594,22.35618,21.897513,22.966686,23.42653,21.526162,44.629568,37.602645,47.718401,38.454657,45.428739,43.575895,59.329463,58.900479,54.143328,53.469618,51.408851,56.575126,21.999365,40.834064,20.0,19.448076,19.295515,20.0
23.333727,23.961246,21.231564,23.847687,27.626607,26.594877,29.29021,30.731858,37.832619,31.976996,31.758001,31.786728,24.502752,23.426927,21.940659,22.207783,39.490534,39.165415,44.450537,45.430205,56.981584,59.560982,58.230409,69.422078,22.488903,23.319564,21.506754,20.894201,44.503998,42.283787,43.423494,44.950283,54.663547,50.852708,51.732568,47.829229,22.080986,21.963374,21.723943,22.960196,23.527639,21.51328,38.085931,43.31651,52.413677,39.878008,47.603877,45.052021,59.344598,63.260575,56.363838,54.090312,54.438877,57.232922,23.002361,36.65661,20.0,18.667571,17.962752,20.0
23.731604,24.069169,22.514302,24.00083,28.108461,27.319665,29.795788,31.194257,35.317805,32.816912,32.994907,32.116917,24.273965,22.883947,22.100228,22.884732,40.816317,41.677714,43.533676,45.611941,61.49718,62.255378,57.419286,65.001159,23.47049,23.680114,22.543399,21.162057,44.049995,43.959671,45.68399,47.858506,57.997351,53.679612,54.815449,51.923496,22.951205,23.432629,22.010546,23.307854,23.489957,21.486164,53.382715,42.613402,47.973425,45.384061,50.906798,44.338925,60.503309,63.121838,56.893918,55.7556,55.854962,58.364844,23.726583,32.60953,20.0,16.781562,20.735254,20.0
24.094664,24.274129,23.317396,23.105119,29.211078,28.729932,30.721981,32.350701,38.697544,32.566023,34.664612,34.274576,25.353031,24.710922,22.020524,22.898534,42.335033,39.421261,46.570691,43.410208,57.9558,63.811634,57.631561,69.382212,24.028927,24.051866,23.042438,21.347803,44.185397,42.229829,47.099682,50.963947,60.955337,56.580127,57.740012,54.576556,23.563613,24.561675,23.348877,23.997015,22.554891,21.475402,48.490809,43.583484,53.757385,44.067652,46.489439,48.204011,61.581391,62.911889,57.822191,58.141575,58.93119,64.460937,24.248912,41.116492,20.0,17.882734,21.558022,20.0
24.459877,24.048834,23.636429,24.437742,30.47604,30.371882,30.93075,33.850514,44.651527,33.445526,36.111892,36.750118,24.823321,25.351323,22.326296,22.518708,44.179991,41.58592,48.650105,47.991045,60.771151,69.712776,58.435459,72.700248,24.458838,24.540396,23.177231,21.753066,45.099144,44.297484,45.143681,53.031208,64.027288,57.038811,60.709873,57.47252,22.874085,23.846671,23.013659,25.084789,21.672839,21.644109,42.727391,43.796707,57.30772,51.789135,46.91579,47.962781,63.626144,62.880846,61.479436,58.399432,63.141741,65.298246,24.995928,38.28365,20.0,20.976858,19.865787,20.0
25.339195,24.084678,23.468071,27.803954,32.560266,31.160692,31.308293,35.102794,45.271415,34.794783,36.001862,36.777456,23.9815,25.148121,22.449189,22.296574,45.492599,43.113772,49.49948,50.150114,59.73737,66.981322,61.606473,76.131215,23.98854,24.794999,22.873686,22.084096,45.783732,45.650164,46.283712,52.009572,63.827903,57.931894,65.129453,61.697919,22.951876,25.001356,21.982,25.595599,21.841975,21.905844,61.569691,46.658148,53.90785,47.489385,51.353953,49.462935,67.719059,63.118591,63.374645,58.929272,63.941961,67.789325,25.696697,33.39068,20.0,20.969613,18.712609,20.0
26.242881,25.421346,23.93046,27.728171,33.211707,31.713775,32.211927,36.139842,42.772223,35.85561,35.841155,38.014312,25.323355,25.304119,22.768308,23.647717,47.363995,48.316829,50.401498,54.65251,67.374643,71.112971,62.047737,77.903356,23.623787,25.217613,22.776807,22.54703,47.889369,46.306497,49.478411,53.149888,64.518363,60.035512,63.682693,62.446969,22.704943,24.493737,22.223295,25.006792,21.92318,22.353463,67.197219,52.759827,57.964127,44.821025,51.83331,52.046336,67.474436,64.801714,64.195814,61.578883,66.518905,68.574656,25.866486,35.414713,20.0,20.057697,19.675141,20.0
26.592669,27.948675,24.831565,27.630168,33.631875,33.016149,34.359551,38.894429,47.014373,36.624974,36.3477,38.514707,24.476831,25.2972,23.470512,24.208646,46.454083,46.725564,50.862982,55.334828,71.716796,70.731999,64.496282,86.348903,24.425374,25.61552,23.395566,23.407469,48.30952,44.651118,52.807165,51.571968,69.409921,61.600321,67.748156,63.133548,23.243253,23.575435,22.63068,24.873029,22.529261,22.590522,61.01671,51.980706,61.365537,50.205961,54.526167,53.71472,68.239071,66.081647,66.911978,64.528843,69.078863,66.66694,26.400229,43.709486,20.0,19.019549,20.455843,20.0
27.196719,29.582659,25.753874,30.338258,35.516079,36.563256,35.632439,39.41544,47.092267,37.771012,39.114881,39.867379,23.886884,25.835026,23.510354,23.795802,46.103987,51.472367,51.262584,48.918206,72.243355,71.792484,65.943019,80.579629,25.93391,26.431112,24.181525,24.24961,48.943303,49.602501,52.787863,55.37032,65.849641,62.682552,68.103533,65.994908,23.186246,23.234885,22.513824,24.212493,23.221444,22.98199,65.612769,51.314815,62.335234,50.874932,53.671656,55.609077,69.494678,69.209774,66.977834,66.045205,71.289815,68.133933,27.841651,40.764573,20.0,18.43172,21.437493,20.0
27.653137,28.983046,26.379877,27.895252,36.968269,38.252752,36.481466,40.107715,50.593464,37.931915,41.327503,42.274891,24.140211,26.072515,23.751731,24.445039,52.2167,55.105101,56.663879,57.001683,71.778858,74.335246,70.81492,93.221071,27.578368,27.675691,25.354902,24.920274,54.222173,55.502207,53.337527,59.729119,67.672174,65.401612,66.76367,65.294921,23.288747,23.157228,23.343861,23.562609,23.195896,23.348018,67.533873,50.990087,63.750118,51.506026,53.804885,58.503714,73.079997,72.105499,69.106631,67.476394,69.844215,71.253652,28.506369,46.547333,20.0,18.994396,20.442762,20.0
28.046436,29.082029,27.406018,26.792562,37.511232,39.280612,37.225043,42.380018,54.331806,38.656544,42.602236,43.640792,24.716501,25.303109,23.574027,25.1698,51.72093,57.031132,61.768452,54.318145,71.692061,75.188347,72.238233,85.748824,27.447882,28.341415,26.190764,25.75752,56.260872,54.425007,56.473781,59.008257,71.613784,66.933747,70.624221,66.185564,22.668616,23.108734,24.174957,23.998048,23.139762,23.635733,68.810919,50.025424,66.569718,56.552693,56.98428,59.464195,73.78872,74.170243,72.241953,68.555295,74.185341,72.629551,28.988965,48.396259,20.0,18.462242,18.263711,20.0
28.857033,29.357499,28.699854,27.429205,38.066727,40.07845,39.986663,42.804219,55.177433,41.458335,42.602733,43.542713,24.015749,26.208514,23.602316,24.460643,53.016672,57.000875,61.066243,57.711377,74.624348,76.98044,69.978655,86.101692,27.394008,29.017086,26.546524,27.020448,54.001811,53.196008,56.83264,62.959785,71.853391,66.647302,70.89664,68.429371,23.207837,23.296708,23.953412,24.069846,23.749898,24.590477,68.854506,56.244155,68.972349,55.875467,63.372818,58.499437,74.134399,76.124733,73.811634,72.521014,77.964069,72.359623,29.83272,43.342835,20.0,17.599059,17.885049,20.0
29.233064,29.159188,30.41801,29.482834,40.558186,40.000298,42.149672,43.561647,57.194032,43.376707,42.935322,45.365625,24.505875,26.583456,23.770824,25.979617,54.229848,61.460251,65.096084,58.394547,78.97295,78.714111,73.140759,93.105979,28.417349,29.154226,27.367319,27.416462,56.108917,56.673713,58.677802,61.666912,73.339413,66.98137,74.253077,70.429584,23.928092,24.190112,23.595494,24.604389,24.626127,25.040087,66.87669,53.668616,71.814563,59.652031,61.866643,60.55396,75.766871,78.782541,78.824024,74.316009,76.982781,72.553742,30.953586,45.814123,20.0,17.779573,19.993558,20.0
29.472562,30.284721,31.760245,32.159347,42.015621,40.432291,42.185705,45.608752,52.973647,42.981832,43.957165,47.416725,25.269826,27.910047,23.878158,25.903026,54.433505,62.573476,65.857199,62.727831,82.028834,82.08097,77.528822,92.786456,28.300119,29.150408,27.89655,27.342773,57.596008,56.465072,58.802237,59.603299,76.646664,69.810012,74.435793,71.159694,24.292187,25.688892,24.551516,25.093828,24.965053,25.454742,70.410782,56.907886,72.213853,65.42264,60.969192,63.579986,76.905155,79.303248,77.452508,76.24197,77.810259,75.968814,30.785991,43.451157,20.0,18.160114,19.804709,20.0
30.239279,31.891864,32.324593,33.189413,42.520581,40.983909,42.584093,46.124079,52.9607,44.649324,45.738852,47.704791,25.848416,28.128107,24.328948,24.713496,54.70901,60.947339,64.996627,64.443731,82.979783,84.83245,78.402423,96.237096,28.517137,29.204523,28.28678,28.082426,60.27591,59.786629,61.155915,59.603433,78.379673,72.632615,77.06845,74.777962,24.835543,26.001862,25.484829,25.480644,25.346363,25.720322,74.002772,66.818016,70.526203,60.16223,63.890852,65.045845,77.911911,80.460065,76.712156,77.002255,78.806719,83.095821,30.485656,48.439982,20.0,18.770368,21.43132,20.0
30.892632,32.927394,32.939526,30.919236,43.604821,42.182914,44.518537,46.795186,57.283081,45.929191,47.614162,48.548746,26.335985,29.179961,24.39917,27.055944,57.281953,66.341929,66.377193,62.228817,82.628265,86.286005,79.306069,94.898569,28.839694,29.318553,28.980573,28.835408,57.077251,57.203484,61.954844,67.788106,85.116686,75.475916,82.391069,75.735629,25.189059,26.807717,25.826593,26.651461,25.64859,25.182342,80.409508,63.516851,74.902148,65.312212,66.131064,66.02235,85.809575,84.254136,79.199072,77.371922,84.706463,81.43832,32.40005,50.441821,20.0,19.158552,21.890217,20.0
32.018913,33.401816,34.028778,32.592058,44.949749,43.170545,44.111142,48.193065,56.083915,46.667651,49.101204,48.808239,26.610003,29.417595,24.681831,27.182349,63.374298,64.076976,65.539583,74.642253,82.201655,89.729241,83.100171,98.567874,29.169646,29.864035,28.820873,29.053481,56.695173,57.97906,60.601354,68.276438,82.276731,73.90439,83.408082,78.697148,25.742526,26.781302,26.031712,27.018576,27.241888,25.648571,80.71803,61.346493,80.060318,74.177295,67.215143,66.902609,87.218343,88.685377,82.489881,80.777312,83.134512,82.748718,33.332981,50.555918,20.0,19.421015,19.304331,20.0
32.48426,33.048681,35.216177,33.56539,45.509761,44.176839,46.035103,48.776124,58.333891,47.544715,49.346696,50.595317,27.56921,29.146173,24.816505,28.097946,63.825258,66.938062,66.859873,72.081316,87.556963,90.773158,83.452522,102.54147,30.213797,30.196412,29.119528,28.871252,59.649503,54.892616,64.812039,66.844744,82.779181,74.993072,83.571244,80.292248,27.641032,26.651548,25.263134,25.945717,28.689361,26.783621,82.358526,68.706649,80.096768,74.46643,68.224965,70.007612,86.80767,87.06625,86.674152,84.17189,85.947898,85.329081,33.52485,49.658017,20.0,17.735816,16.540412,20.0
32.488573,33.302547,35.835823,33.601005,45.110696,45.574117,46.55904,50.924949,57.695722,49.378648,49.18722,52.158637,28.532459,30.441466,25.304216,30.008612,66.797481,69.21545,69.065976,70.468723,88.377576,89.941199,87.373683,102.89126,30.469232,30.24387,30.505931,29.50654,61.616355,59.244283,66.607217,69.186199,85.85623,79.579715,88.528553,81.694493,29.076859,27.828351,25.928997,26.088537,29.281561,26.153374,84.271641,73.933712,80.547932,64.198322,68.176496,71.836801,89.903839,89.024851,87.534944,85.511554,89.246349,93.250309,34.275716,49.950664,20.0,19.471633,19.575352,20.0
32.53548,34.553964,36.49633,32.694605,47.130757,47.212305,46.369466,51.846692,60.646404,51.12394,50.250993,52.689696,28.318008,29.371987,26.778556,29.559119,61.451273,71.694648,71.47464,70.905369,91.299679,92.397592,99.517833,108.07124,31.24322,30.894618,32.394666,31.578416,66.152318,61.154565,68.613007,68.792083,90.509019,84.254361,89.825,83.470102,29.937804,29.252269,26.132663,27.388458,30.365763,25.780677,88.420499,68.970307,84.809734,69.74371,74.512549,71.8456,89.098497,91.660024,89.031962,87.861227,92.567235,96.252839,35.354973,51.766278,20.0,17.005161,18.199926,20.0
33.715167,35.362985,37.134634,32.490285,50.057053,49.464643,48.993554,52.42388,63.19167,51.883313,51.038823,55.81159,28.847365,30.271712,27.50388,29.828846,64.289172,72.421724,75.310694,68.973055,90.648012,96.701727,96.330726,112.2978,31.795841,30.890145,33.575683,32.893002,70.376602,61.612509,69.244456,71.83171,93.294115,83.208554,91.956615,86.890712,31.29603,30.224195,26.255246,28.763192,30.380103,26.526221,83.089963,71.072649,85.694585,74.449948,71.548125,73.161382,92.088524,94.00523,88.592778,89.614062,96.865276,96.850904,36.446475,52.168889,20.0,18.663016,18.923045,20.0
35.007387,34.552142,37.81134,33.756125,50.683681,49.341487,49.593749,55.587205,64.944705,53.732292,52.460952,57.443075,29.141984,30.271422,27.497087,29.837379,67.096211,74.414183,72.412318,73.61089,95.285319,93.104576,100.70903,114.45795,32.068793,30.32329,33.14329,33.646177,64.858907,63.280358,69.675586,70.185429,97.401271,87.803697,92.724365,89.75268,30.737355,30.764865,26.80408,28.668647,29.648203,26.931253,74.977509,68.287372,86.345299,78.84213,72.114193,75.468283,92.873677,95.253909,93.153267,89.292467,97.037121,99.999821,37.089294,51.478761,20.0,19.79541,19.872787,20.0
36.261039,34.373341,38.760745,34.907889,50.47664,49.424629,50.793481,56.625347,66.359639,55.683203,54.515201,57.245202,29.87578,32.04603,28.763622,30.731655,69.071232,73.537466,74.641667,75.945542,97.748627,98.076967,97.497647,112.55763,32.82352,30.169367,33.816094,33.296982,60.920573,61.368424,65.226852,70.52657,98.389554,89.38768,96.815315,92.656069,31.01961,31.796707,27.227329,28.484041,30.407097,27.668892,88.532574,73.07594,85.469434,78.039456,77.104987,75.34786,98.911469,95.899366,96.097666,92.582846,100.32577,101.0897,36.983494,50.286334,20.0,18.102902,18.658227,20.0
36.397154,36.300296,39.080909,34.26768,51.6793,51.053297,53.041321,57.30476,66.528183,56.754639,56.143315,59.651344,30.777607,32.190587,28.732665,32.045101,69.598532,76.097648,74.365869,77.350232,96.835449,101.5129,99.395178,110.48894,33.714047,30.653229,34.858941,32.782226,63.919708,60.728481,71.320554,72.243531,95.045155,90.430755,96.696538,94.08533,31.803564,32.057774,28.724794,28.805259,32.714639,29.51405,96.128356,83.590419,90.468466,67.541118,79.23042,76.827556,98.985691,99.43411,99.120341,95.824246,102.10999,100.77077,36.145837,54.19504,20.0,19.601215,21.428499,20.0
37.652643,37.252138,38.289858,36.140272,53.071792,52.709311,53.352067,58.860061,69.53946,57.930434,58.897645,60.843797,30.120342,30.648415,29.198581,30.833977,66.681257,75.592288,77.006292,80.488006,96.206206,100.50192,98.093882,119.11769,34.556891,31.490619,34.620143,34.215845,65.458167,62.473364,71.40335,72.379995,97.717081,95.392362,93.843462,91.832769,30.428524,31.476697,29.634203,29.74469,34.017633,30.000364,95.554628,74.069516,97.077555,71.458582,77.789746,79.505105,101.33184,102.12166,98.94359,97.946072,98.552106,98.86072,37.249354,56.935522,20.0,17.843855,16.934753,20.0
39.352642,37.383521,38.385779,37.168282,54.567644,54.344161,54.933169,59.793308,71.472294,59.56918,59.164981,61.509976,30.509978,31.514406,29.582192,31.030778,73.255432,75.179468,79.910833,83.078669,103.67526,101.11037,102.49752,115.53403,36.567014,32.479908,35.21258,35.274638,64.745096,70.676253,70.856513,72.454601,102.08762,95.29357,99.271251,92.510244,31.348764,31.819498,29.668772,30.101031,34.201944,30.475114,98.105229,82.027083,80.221369,68.650506,84.876663,80.162655,101.16323,100.59837,100.34951,98.698908,102.20104,109.14584,37.606245,57.563336,20.0,20.90689,21.022184,20.0
38.104176,38.866217,39.80577,36.868331,54.923671,57.788343,55.146226,61.07472,65.288093,60.640977,60.002842,61.463604,31.21166,31.319008,29.91494,32.129468,81.566061,76.374058,79.592675,82.843496,102.8742,105.05998,100.55903,115.86558,36.126403,34.58804,35.294402,35.128113,70.051781,75.138286,71.401862,76.111664,97.84632,94.392655,100.03117,96.28299,31.296997,32.895924,30.586096,31.133164,33.513996,30.938724,92.71248,75.201964,81.709494,73.356948,84.373787,81.372972,100.60889,100.15001,98.809411,98.941588,107.52035,108.8309,37.270695,62.122558,20.0,17.958129,20.51368,20.0
37.231742,36.18638,41.63376,37.531727,56.436314,57.137927,55.906819,61.079777,72.410944,60.51758,61.191914,64.684917,31.482541,32.750064,31.198033,33.601134,76.743608,82.497437,80.168567,90.595507,101.24098,105.30054,106.97337,118.29942,33.911192,34.605461,35.172023,35.809162,70.728984,71.849624,72.673724,77.652528,108.03857,96.085768,100.38623,98.130047,34.060157,33.996016,31.70565,32.762245,32.485852,31.750119,100.13871,75.969822,95.193071,84.743713,82.8592,80.04682,102.0317,105.48387,103.95642,102.74151,109.43829,110.8592,37.740427,59.701983,20.0,18.018456,20.93641,20.0
38.663628,35.297643,42.952787,38.736528,57.746788,56.98398,56.602724,63.669526,72.362282,61.8307,62.661426,63.825329,32.295297,32.802739,31.401265,33.267765,78.086597,85.38289,79.23788,93.091434,105.96675,111.52943,107.88887,123.8568,33.282923,32.885288,35.06043,36.474548,66.577645,70.242012,74.743325,77.050495,104.89193,100.96233,106.89935,101.13545,35.788049,34.350835,32.313101,33.386279,32.166779,31.938358,100.87652,81.638642,95.950581,82.634754,86.670672,81.414472,106.43568,106.89503,106.8502,102.77608,113.34052,111.0227,37.924416,62.482472,20.0,19.270198,18.763696,20.0
39.912127,40.174735,41.568907,39.06199,57.558384,58.316758,57.763858,62.130815,71.517549,63.52709,63.267257,63.043293,32.687889,33.589243,31.87798,32.778762,79.300245,83.858118,80.084263,92.721207,110.67937,107.27571,109.6078,120.13638,34.127531,32.96031,35.743003,34.592855,69.832285,69.56056,77.272835,77.140251,104.60026,99.536784,102.15317,103.64241,35.448919,35.128504,32.881203,32.568841,34.246832,32.9953,103.45919,96.541535,93.097845,78.260337,86.725606,83.080161,105.51505,109.19206,108.0385,105.34899,111.19677,111.63019,37.931046,60.196442,20.0,19.160491,18.243727,20.0
40.450758,40.357097,38.502591,39.150748,58.082245,58.845827,57.336559,64.07957,74.406023,62.605427,64.51898,65.76521,32.666244,34.494074,32.221865,32.446552,78.75294,85.114068,82.982589,88.34815,113.79515,108.75349,107.18794,123.02887,35.926922,34.666481,36.522457,36.761144,74.501404,76.379728,80.981722,83.119205,111.13851,104.65892,105.65582,101.06623,35.677958,35.006372,33.241678,33.232528,34.065334,32.780521,101.02628,90.784269,88.711135,82.05278,84.919856,86.600977,110.02528,109.97042,107.70241,107.90662,112.20178,106.70534,37.727208,60.842248,20.0,19.014658,19.676517,20.0
41.688315,39.285729,38.691346,40.233919,58.638876,58.829275,59.030801,65.858936,77.273106,63.195754,65.673767,66.424028,33.988856,36.296898,33.25609,32.625216,74.944431,94.510399,85.960007,91.648201,111.79379,109.43668,109.10747,129.38042,36.713075,34.880763,37.697293,37.904976,74.420061,76.971237,84.647529,84.528573,109.02604,105.25124,109.8154,106.39651,35.479869,34.614424,33.513334,34.014176,33.665318,32.796216,106.43136,91.962618,95.475575,89.169375,89.892615,88.308716,111.03631,112.07797,108.8248,108.89805,113.2336,116.97256,38.629997,62.083391,20.0,17.285703,17.576186,20.0
42.116511,40.446935,41.392239,41.198526,59.489694,59.998823,61.880389,65.896253,79.766627,64.908391,66.408873,67.287528,33.620139,35.689037,32.892937,34.418514,82.679084,95.910426,89.605791,81.800959,110.30532,114.03358,109.91545,133.20554,36.238654,35.124111,37.303888,35.950471,77.922602,75.504421,82.287064,85.503604,109.14564,102.59807,108.94016,106.40931,34.798249,35.175845,33.878252,33.685848,34.106723,33.910568,97.939982,95.79773,101.95991,92.511673,94.194686,85.258085,109.1663,112.20676,112.29608,109.77055,115.64786,114.97021,39.656929,62.575645,20.0,16.335013,19.330001,20.0
43.651547,42.296455,42.270124,40.428516,62.592583,62.536445,62.535537,66.720659,77.692409,65.372462,66.950764,68.747286,33.479511,37.007442,32.282087,34.264889,79.925074,98.829198,87.740943,82.661162,111.57865,116.36839,113.73757,130.19311,36.69995,35.330813,38.051055,37.904211,78.91565,77.899304,78.883611,86.193639,106.75777,102.38984,111.46757,108.49872,35.437825,35.96457,33.570471,33.029597,34.834014,33.842884,102.70594,83.381088,108.29144,89.658872,93.363638,87.216508,107.74701,112.67251,112.60153,110.69831,117.64738,115.93064,40.18779,65.423129,20.0,19.306415,20.282879,20.0
44.453797,41.59638,41.789577,43.217658,63.354418,63.684893,61.513843,68.327323,79.019238,65.695631,67.247868,70.247881,33.901033,37.149852,32.497178,36.310145,84.948391,98.310575,86.429218,101.17792,109.05112,115.64845,120.12103,136.04803,37.376092,34.982419,40.668824,40.312807,76.585682,80.648138,86.434321,89.2203,116.41316,105.6984,108.52432,108.42404,36.729053,37.998376,33.305765,33.689483,35.061103,33.194868,105.83438,93.741708,101.16448,86.374209,89.500283,90.650797,108.43334,110.03066,113.02584,109.64468,116.40446,118.74936,40.444461,66.468756,20.0,19.82665,19.965821,20.0
44.009712,42.078294,42.503398,44.652512,63.788673,63.954322,62.888194,68.781194,82.907281,67.119544,67.424621,69.826286,33.224073,35.335806,34.071926,37.408114,87.819164,88.845251,90.975,100.65609,113.99098,119.10752,117.10187,136.56774,38.633791,35.849641,41.496129,38.619139,78.597764,82.096963,87.663041,85.866953,119.29451,110.78694,118.27258,108.96725,37.790986,37.379744,33.903005,35.154859,34.454513,34.046152,106.36076,98.672206,97.412362,89.584407,91.648694,94.545246,110.7381,110.99826,116.55434,110.1688,121.82375,119.51307,39.346431,64.197015,20.0,19.584953,19.817417,20.0
44.22406,44.486618,43.732884,42.033323,64.899853,65.201426,65.648185,69.442073,81.831513,67.475965,67.959074,70.78641,35.015204,35.483192,34.71385,37.405025,88.396706,90.239713,92.928602,103.74656,117.00039,119.39633,117.54069,138.85925,39.572292,37.890775,40.028493,38.294947,77.632143,81.801404,83.973155,88.162192,117.39146,110.81334,119.5386,113.34064,37.225611,35.321907,35.145435,36.029169,35.10363,36.09805,110.69933,106.89685,87.237397,87.256782,96.250495,94.541605,113.55877,113.85963,118.60688,113.18367,122.18503,121.35348,40.128388,66.935769,20.0,18.893476,20.108758,20.0
45.759499,43.284555,43.29049,42.63116,64.966901,66.467232,63.295744,70.292503,82.267655,68.056614,69.471658,71.795559,37.009908,37.777963,33.931035,36.842962,87.683677,95.149158,97.203686,94.687153,114.57764,123.72673,114.53679,140.37628,38.690589,39.307046,39.852037,40.185318,75.971482,82.328189,85.024432,90.049055,118.58052,111.39195,115.21924,113.59577,35.590666,35.025388,37.106193,36.546249,36.491064,36.721518,112.53672,105.74871,94.8768,87.340744,96.25075,90.703976,113.62002,115.79315,119.30203,116.20593,122.75476,119.27294,41.598539,67.040219,20.0,18.660746,19.724311,20.0
45.785935,41.251419,43.163733,44.22843,65.040946,66.575186,64.512407,71.334253,82.989416,68.231676,70.277117,71.766775,39.411746,37.015492,34.399273,37.032632,82.36265,92.245628,97.854688,99.620639,115.64555,127.45231,119.85105,139.76119,39.663414,38.486112,41.507931,41.030985,79.060235,80.129254,88.587821,87.372566,117.70023,111.98041,120.0672,115.44968,34.298266,35.462502,38.771348,35.773253,37.714912,36.960654,112.43925,94.892946,102.50852,90.048185,95.74273,94.382229,113.16338,117.21892,118.9668,116.45578,123.44942,117.56174,42.094216,66.208319,20.0,20.223505,20.744715,20.0
44.975167,42.097445,44.23209,40.654326,66.038081,68.103001,66.659138,71.794955,84.94105,68.836475,70.962703,72.30735,40.699282,36.999953,36.145571,36.324119,85.901478,93.502013,96.534964,101.54351,117.87055,121.96428,119.1399,134.65462,41.078713,38.760764,42.021596,40.372923,80.474522,78.994581,88.78938,84.732124,118.02749,111.58474,115.95244,113.94031,35.239015,36.938586,35.436108,37.460372,37.578676,36.528055,111.40821,99.3819,105.28573,92.923739,94.880274,92.78871,115.95834,117.24379,120.91473,118.41237,119.64811,122.03128,41.221858,66.795411,20.0,20.297358,21.886247,20.0
45.913043,45.287678,43.298492,42.461421,67.578041,68.97696,66.810937,72.235611,82.722392,70.955659,72.090304,74.999242,42.760699,37.405832,37.463214,36.562245,91.420821,95.390753,94.4923,105.20937,117.87927,122.89963,121.7328,142.92758,40.259212,40.240586,40.713731,43.3034,79.697281,82.127852,88.644589,92.648567,115.74084,112.70084,116.25988,113.15728,38.226027,39.351666,35.400301,38.919079,37.465304,37.373704,113.70471,106.52337,107.34895,92.157997,97.041585,93.836978,118.51283,119.07202,120.33074,118.89323,128.78185,126.97219,42.170784,67.621748,20.0,19.775367,19.35603,20.0
45.052343,42.707161,42.815965,46.024823,68.103944,68.536844,67.149326,73.869629,86.215327,72.585216,73.474793,75.106166,42.3035,38.006738,37.578617,36.915276,87.75342,91.584665,94.514333,99.35941,122.16321,121.44848,119.04129,140.82052,40.241738,41.752745,40.964705,43.843383,83.72338,80.674263,95.562233,92.016029,119.18956,111.57903,116.11829,114.31971,39.559964,38.217466,36.668256,40.573339,37.648612,37.531837,115.74221,106.43509,112.01108,93.66552,97.346069,94.749342,117.23009,120.66669,124.00847,119.20332,126.29433,123.77615,44.536191,68.486077,20.0,18.042214,18.429506,20.0
44.034303,42.679823,45.924487,43.662145,68.14235,69.922859,68.323925,74.10808,86.35791,73.55584,73.365712,74.39313,40.220653,37.601684,37.302691,37.212151,93.170941,95.303566,98.62188,102.26894,124.95755,122.73491,123.89336,143.81851,40.851019,39.214636,41.831528,42.289509,83.098103,82.469418,88.203971,97.59465,119.06573,113.86732,120.23534,114.33663,40.688039,37.439881,38.786371,39.493705,36.925693,37.455416,114.32508,110.54168,92.181451,85.286281,97.698603,99.112914,119.22143,120.12758,122.13686,120.27117,122.7155,121.96054,42.591296,68.598874,20.0,19.712697,19.564818,20.0
46.784132,43.400788,47.622296,43.432421,68.970467,71.598501,70.887686,73.883558,90.398698,74.045699,73.712398,75.917596,38.069615,36.847905,36.427219,38.13459,90.400968,96.1364,101.76086,109.626,126.21697,126.03783,123.63418,138.82559,41.227759,38.589495,43.411047,41.922319,83.726496,83.03979,90.905582,89.765396,117.09311,113.44734,117.96303,116.75178,40.164805,37.508307,42.843143,40.512594,37.357705,36.948486,117.36923,107.64458,109.65109,92.283502,101.41501,101.5039,118.32938,119.19146,122.38671,120.54848,124.76559,125.22181,43.603446,69.007981,20.0,18.786092,20.037895,20.0
48.011228,46.052492,44.753502,48.617827,71.174153,72.105232,69.039305,75.844341,86.498933,73.719556,74.873253,76.676736,39.888056,37.255039,36.225729,36.771266,90.921806,98.073301,97.022279,108.54768,124.68646,124.07711,121.56263,149.60735,39.917413,41.387753,42.730961,44.936159,80.968492,84.309983,93.705319,96.788149,121.46835,115.39973,118.32263,115.90789,40.682925,41.673437,41.324669,42.904101,38.417672,37.006598,116.52807,107.83465,110.73353,95.035652,98.157333,102.69972,123.09573,120.70565,127.11778,121.69782,127.13003,126.20866,45.561271,70.194439,20.0,18.553672,20.106621,20.0
45.127151,45.842666,45.364533,46.831434,70.947938,72.399081,69.454608,75.936826,87.907754,74.116431,75.883979,77.553391,40.828539,37.633247,38.148947,36.581029,91.343268,99.559319,91.794707,103.65257,123.94759,126.93174,126.75631,140.75053,39.883388,41.208436,42.592023,45.200578,84.264724,85.369997,95.186588,94.258796,124.37267,117.10727,123.76238,116.80153,42.397853,42.572654,39.635862,41.665309,38.997619,38.624601,117.68721,107.31338,103.73619,92.879737,106.3224,103.72291,120.18361,123.14502,126.70913,122.45051,123.75889,130.36387,44.957016,70.633801,20.0,18.795049,18.293858,20.0
45.582993,46.915631,48.502824,45.403234,70.707626,72.387138,73.488052,75.866237,91.605891,74.102489,76.263718,77.769403,39.260603,38.554697,40.862014,37.17476,93.205855,97.078594,97.69738,105.6339,125.56277,126.43988,122.67164,141.30128,42.038432,38.721186,42.599444,42.00456,84.662242,85.517294,94.014506,93.670966,125.14459,116.10926,121.48478,119.05743,43.473816,41.689019,41.466138,40.321365,39.621824,39.017563,118.54805,115.03744,112.44671,97.476614,100.85809,101.41436,120.33407,125.2872,126.20562,123.07559,127.71086,131.01683,42.99843,73.88583,20.0,19.009122,21.489605,20.0
49.218219,48.982557,45.95369,47.265784,73.138199,73.138097,72.679699,76.371445,90.247643,75.947368,76.266391,77.833894,39.647339,39.119492,41.154142,38.02826,94.13709,94.297567,103.08382,105.10773,127.51668,126.95805,123.22899,139.80082,41.228187,39.547054,41.684283,43.074146,85.5116,88.06907,91.158737,97.094523,126.10283,117.37571,124.18018,116.83043,44.668583,40.053629,41.833005,40.677495,41.439549,38.613849,117.76979,107.57108,105.05196,98.726062,103.33226,101.16838,118.42119,126.27435,126.62207,124.25864,130.94134,131.84659,42.915471,75.314379,20.0,18.081234,20.421529,20.0
47.405437,46.703244,45.256396,47.35287,73.032787,73.585918,72.342503,77.488992,93.815473,76.235582,76.676961,78.62478,40.178925,39.629884,40.205523,39.302441,96.526163,105.16685,96.478783,107.24781,124.37758,127.09207,123.95688,142.08266,42.876743,41.691991,42.430567,44.136618,86.303474,89.949598,94.957983,98.666879,123.93425,118.45029,125.10581,120.31934,43.993344,39.438376,40.593056,39.281373,43.935323,40.456802,118.22769,117.7801,102.93494,95.557563,110.04959,102.22952,121.31811,125.58008,127.9443,125.6416,129.99778,128.53182,43.85889,75.209707,20.0,20.144816,19.380312,20.0
46.180635,45.426901,48.209417,48.949409,72.095869,74.441591,73.603339,78.594841,93.526155,75.750674,76.990245,79.229452,43.180317,42.575,39.670203,39.620424,91.430795,108.50744,98.281035,109.43716,124.61766,133.6012,124.56782,140.09133,43.549806,42.310652,43.064961,43.301152,83.141649,92.028803,97.431417,93.973884,122.47417,117.65598,121.11785,121.64776,42.60782,41.05295,40.377272,39.213791,42.233516,41.853168,119.69106,114.91683,105.46202,95.372881,102.95523,106.94451,126.67588,126.16401,127.71372,124.99727,125.93557,127.54379,44.000909,75.602569,20.0,19.078493,17.377178,20.0
49.564164,46.124961,47.527598,45.360211,73.172956,74.217084,74.136355,78.100459,91.152953,76.434902,78.564606,80.915277,41.926962,41.553365,42.220697,38.694638,89.675438,102.61101,99.779515,112.09991,128.07084,131.84953,126.15295,139.18068,41.473147,42.268735,42.567453,43.945454,82.618309,91.325104,93.965837,99.533887,127.61423,117.37575,126.58138,118.63087,42.240566,42.336069,41.882749,42.890961,42.804504,42.718774,122.97358,112.46537,107.80683,101.87964,105.2644,105.9232,124.05746,127.15321,127.02036,124.50592,129.1703,134.27545,45.196217,75.360453,20.0,19.596607,20.886095,20.0
51.38339,46.647704,46.978343,44.985912,74.339731,73.904883,75.581944,80.036446,89.656265,76.75318,79.543043,80.87631,40.523295,41.708614,41.356811,39.119639,97.195804,96.987106,93.248997,109.78817,130.02768,130.43024,132.98961,142.00659,44.482723,42.12575,42.178846,43.121584,87.941433,83.038931,98.349226,96.946596,127.33549,119.15675,129.53901,123.44244,43.188949,42.373313,42.731265,40.609571,43.601457,42.990327,122.00943,110.30918,103.1939,99.27351,110.69607,102.63,121.69851,127.85207,129.6339,124.7398,132.84941,129.68219,47.49085,74.535435,20.0,19.925716,21.689133,20.0
48.508929,47.696997,48.09439,45.163773,73.790428,74.208847,75.537259,79.810176,92.26043,77.164321,79.438167,80.207719,40.615724,42.957025,39.963483,39.946272,98.576472,104.50427,100.86313,103.2091,129.51948,130.37681,132.92733,144.03635,45.347811,43.793323,44.440406,44.744259,88.475986,83.787127,96.167892,101.85809,124.26131,119.91155,126.70458,124.73018,41.951863,41.346221,41.062489,40.090535,45.354555,42.900952,120.80485,115.72849,104.62332,101.14177,104.85181,103.32334,121.16854,126.43043,131.67837,126.15008,130.77923,131.85244,45.840279,75.607601,20.0,20.366893,20.798264,20.0
48.208176,48.553014,47.564078,43.786183,73.979791,74.18299,76.479593,79.822961,91.046892,78.706703,79.299603,81.936889,40.477005,41.443375,39.742696,39.645625,90.811785,107.32084,102.74999,110.78406,128.47795,133.39567,131.29221,141.71588,42.918238,43.400256,45.140893,46.027739,89.760587,87.228001,96.212157,97.80402,125.1677,119.26419,123.60023,123.76766,41.044943,40.672064,41.323677,40.31115,44.330708,44.023215,117.109,113.15294,115.28527,100.54794,100.00306,102.21446,123.92181,124.01565,130.9068,126.22277,133.04536,133.52757,43.201488,77.937149,20.0,19.804521,19.130591,20.0
48.44604,47.19437,46.112388,46.855482,75.141685,74.091197,75.701526,80.124929,91.240715,79.493776,79.550014,83.511285,41.22932,40.659467,40.08104,39.411738,94.141868,101.17274,106.9072,111.10783,125.74526,128.71568,126.9218,146.29514,43.56493,42.795358,43.465231,44.642974,89.648922,86.468674,94.686699,92.361681,126.93727,119.75193,125.32966,120.67874,41.895955,42.217046,41.898991,41.22769,43.022077,43.19822,118.13959,104.18829,116.56186,104.48736,105.62338,99.615848,124.91585,125.43799,132.70204,128.68058,134.14655,135.82207,43.90142,75.871122,20.0,19.589947,20.35542,20.0
46.781306,46.93664,47.993782,46.825049,75.70592,75.21705,74.062519,81.349952,90.430291,79.21992,80.375968,82.924399,42.42353,40.892014,40.320581,41.158723,96.384639,101.28519,99.134696,109.75716,125.82601,126.60295,132.28939,148.47133,43.96807,43.554089,42.690253,43.317541,84.674689,84.671931,94.033313,94.776554,124.33141,119.12512,122.72212,123.10702,42.102227,44.136817,41.991629,41.199294,44.846666,42.231903,122.57516,110.66278,110.67006,102.76561,112.03184,104.96833,122.8272,129.13445,131.08735,131.33602,133.80102,132.64154,44.651583,76.03672,20.0,19.647835,19.718215,20.0
46.630536,45.843284,49.418748,46.351278,75.378155,78.772263,73.966183,81.212462,89.910674,79.291454,79.754383,82.416481,42.155805,41.871773,41.032979,42.570899,95.707847,106.17024,99.065223,108.97937,125.75912,128.33281,134.17693,145.81187,44.068699,43.387699,43.958886,43.999334,84.756801,92.814251,95.723574,99.298892,128.50808,119.47606,122.73842,119.13977,42.674704,43.066391,40.900821,40.866051,44.338749,42.127034,121.1765,109.22749,106.89712,94.281179,108.10189,106.43065,125.82927,126.38494,130.68324,129.03202,135.54416,137.25738,43.806483,78.795283,20.0,19.176161,18.68576,20.0
47.62507,45.463033,47.216709,48.256822,75.669714,77.77088,74.130436,80.607307,90.183878,79.70951,79.950286,81.554397,42.340475,42.383104,41.99587,42.214133,92.232161,105.14043,97.793773,110.018,127.08942,130.35452,131.64815,148.44433,41.943444,42.769144,43.205153,43.688862,85.834656,94.496738,98.835546,98.264735,127.11901,117.7105,128.22129,122.04167,42.062191,42.261251,40.836543,43.328239,43.229968,42.361754,121.20205,116.40677,114.25635,95.514493,95.183517,105.16939,123.49373,125.10325,134.45679,126.91392,136.23394,134.4756,44.413081,80.23017,20.0,19.136788,19.17801,20.0
46.871777,47.363127,45.171775,44.500327,77.01678,76.449957,75.040738,80.164486,91.5556,80.243757,80.799128,82.066557,43.480844,41.559159,43.04582,40.61744,94.375352,106.67086,103.25978,111.00029,127.00202,132.2901,129.58313,151.96458,41.500531,42.223617,41.2637,41.498758,85.13172,86.874539,95.469175,93.225103,128.74422,121.29548,126.98039,124.43751,41.344593,43.682928,42.747026,43.697232,43.757492,43.037245,111.44764,116.68032,112.00265,97.433212,107.83818,104.16735,121.22672,122.0613,131.45885,127.57241,136.52197,133.97011,42.595813,79.948503,20.0,19.476859,19.070146,20.0
45.185847,47.153266,43.381806,46.121664,76.689778,76.765514,75.497293,80.210339,90.426069,80.483594,80.807141,82.353753,42.876256,41.28108,42.020276,39.730712,93.479355,107.17701,101.79213,111.68306,126.43929,130.53912,129.79639,151.94204,39.278799,42.358039,42.719009,43.477328,85.975319,85.502808,88.348709,96.264058,131.44819,122.165,127.52863,124.24374,43.456668,44.794371,43.607715,44.236963,44.368865,43.876438,117.85694,112.21031,113.01161,99.229576,111.93603,106.92619,121.41735,123.22566,132.73417,129.7964,136.30599,132.95303,43.28463,77.865883,20.0,19.542901,20.123087,20.0
46.263914,45.889258,44.15701,47.438567,76.380149,78.102281,75.109713,79.827446,92.701158,79.552954,80.509003,83.329773,43.020916,41.0861,42.401754,39.881028,99.123065,99.748188,98.415568,111.26359,129.07789,131.10585,127.89361,148.55749,39.796359,43.787255,44.340818,44.089337,89.432978,85.675036,94.341303,96.66352,129.4586,124.13884,132.73963,126.34488,43.354382,45.216784,45.403586,45.333278,44.675954,43.11132,118.10643,114.56301,107.2006,99.510373,103.59851,105.49744,121.0849,123.55542,133.51742,131.01212,132.98845,133.78486,44.8924,78.031887,20.0,21.116896,20.808751,20.0
49.169662,41.804334,46.550583,44.832651,75.977564,78.836668,76.312246,80.629036,87.669501,79.26936,80.554095,82.401056,43.269095,42.446875,43.242528,40.314099,99.924173,98.940022,102.48445,112.53066,131.44494,130.31654,126.38243,150.04804,41.130514,45.032853,44.196727,44.536976,86.455408,86.698463,98.761479,98.637644,125.18727,123.68009,126.68211,125.25109,45.202907,44.172689,46.028818,43.215122,45.44927,43.230972,114.5169,112.87295,108.69903,103.41368,107.40882,101.70284,121.01473,122.7634,131.36956,129.31354,136.01758,134.02026,45.829169,80.807242,20.0,20.590866,20.011526,20.0
48.359405,41.790756,47.038781,43.460763,75.495558,77.806333,75.423973,80.779986,91.361675,79.926157,80.219594,80.577971,42.761981,42.330023,42.210292,41.978742,99.15415,103.23804,100.08541,107.803,129.5818,132.95473,124.2081,151.72214,41.772742,44.467426,44.133485,44.887264,86.348667,85.837759,96.55492,96.857157,127.11951,121.26875,123.34123,123.98205,44.862482,42.631965,43.091858,43.414965,46.447878,43.202666,119.12439,114.71444,95.857223,98.970864,104.64187,105.27386,121.2535,123.07765,131.18321,126.36276,132.11586,129.89355,47.132658,79.699402,20.0,20.484623,19.868628,20.0
45.120979,46.071209,46.558261,46.473789,76.209156,77.479595,75.336188,79.486577,92.898348,79.534756,79.899397,81.730061,43.207227,41.808768,42.466291,41.835788,99.519792,106.12069,102.69258,105.73235,131.00627,135.69004,123.68952,153.02789,40.749489,44.004242,43.411075,44.876042,89.027566,86.795646,96.140103,92.772716,126.78719,120.52323,127.09416,122.81293,44.342137,44.593959,45.086578,41.641531,45.875764,44.353659,117.99656,116.92604,104.41712,104.59866,104.26529,103.2332,120.02118,123.68053,131.61846,127.83133,130.81795,123.74647,45.620768,76.424292,20.0,18.594004,19.719697,20.0
45.238903,47.867442,45.596644,48.832426,75.506942,78.637837,75.326919,80.18107,88.485279,79.845472,81.972741,81.745603,42.14382,42.102156,42.798471,40.994276,102.42308,103.55727,102.85197,106.08599,128.73002,133.88239,130.18361,143.69004,40.615636,44.108966,42.596172,44.452538,87.625882,90.643647,93.459202,91.862175,122.11321,120.66205,125.15024,124.00538,45.253125,45.995862,43.47505,45.115162,45.176621,44.846027,118.01199,119.15263,105.63552,103.32175,107.12253,102.52001,121.92747,123.45731,129.22686,127.55988,126.72394,123.46259,45.475167,77.311284,20.0,19.270359,21.594835,20.0
46.805679,47.770888,46.593918,45.920666,75.745981,78.342728,75.557982,80.647529,87.261793,81.051898,81.470564,81.632644,42.457136,42.57081,42.293053,41.940248,96.070591,104.99276,101.42357,109.3282,130.70865,126.52844,131.12195,145.03471,40.579847,45.60193,43.991497,45.465731,89.794711,92.511311,98.412956,96.574715,118.2184,117.29448,120.36228,119.88973,44.237142,43.689019,42.973525,45.63446,44.976036,43.86046,119.28576,114.86104,114.31784,103.13461,110.69643,104.65572,121.50298,123.20911,127.14038,123.97148,127.09417,132.57197,47.602929,83.111166,20.0,20.09965,19.007665,20.0
48.007063,46.633084,49.205412,44.586215,77.726297,78.612705,76.331986,80.350148,92.408614,80.638154,81.057407,83.131942,43.089679,42.821145,41.474225,42.728667,95.144846,108.36746,102.28778,108.93392,126.81537,126.31734,131.34385,143.85584,41.406943,44.630497,45.744263,46.08772,93.753846,95.054803,103.55732,103.2623,124.45385,117.88417,120.65125,115.88727,41.343745,43.982204,44.002294,44.842016,42.271864,45.018413,120.24703,114.61688,122.11544,101.87939,112.43835,102.83547,124.96244,123.65804,126.8768,120.46715,132.1914,132.3117,48.712624,76.709888,20.0,19.886822,18.294537,20.0
48.744035,47.150235,49.236049,47.976351,76.639426,77.858483,76.431159,81.019174,92.234873,80.214432,80.524713,81.885983,41.402293,42.556653,42.082934,42.447207,91.864357,104.31213,104.80345,111.80471,125.3211,126.22145,125.76034,142.51424,44.666653,44.086095,44.652915,43.57724,91.561125,91.414321,99.287235,97.292922,127.20026,119.42641,124.34937,116.13997,42.381756,45.024561,43.657637,43.932432,41.884521,45.712721,123.67739,110.53787,104.66443,92.15033,96.637218,105.06171,122.86164,124.71752,126.19541,122.40048,130.22847,137.01542,46.981559,76.223511,20.0,20.440317,19.491059,20.0
47.765516,47.757399,47.874476,48.270252,76.275201,77.44296,75.81971,79.98329,92.494857,81.437797,80.293665,81.985538,41.541084,41.73886,42.210609,42.685725,95.4118,107.4412,99.2685,105.6481,127.41351,131.38298,127.31883,141.73094,45.025653,44.440601,44.329318,42.197662,87.276047,88.167391,94.449468,91.2526,121.7913,118.41713,125.3628,121.76814,43.43598,46.56669,44.989436,42.332067,42.033579,44.504721,120.16284,106.64704,103.57009,94.812532,99.531299,101.21712,123.61449,124.98487,128.84633,123.27238,131.06594,129.48747,43.051224,76.529183,20.0,19.888541,19.423464,20.0
46.965983,49.406063,47.452885,49.610823,76.383621,78.196255,76.097795,80.693055,88.249208,80.923168,80.068886,82.947045,41.867666,41.956981,43.119045,43.912188,93.844833,102.62569,102.13194,110.15786,128.00263,130.89218,128.75732,147.22428,43.812063,45.348904,43.559078,43.669232,86.913338,84.560222,87.9773,92.682153,126.50707,117.95254,123.57389,120.48893,44.331145,47.003216,45.147128,40.987192,44.631319,42.813767,122.17724,106.89301,98.764285,90.583674,99.781029,104.43402,122.03349,123.88404,127.76615,125.35706,128.6734,126.31924,44.478664,80.003975,20.0,19.25374,19.275406,20.0
49.002001,49.855567,47.768112,47.590131,75.806847,78.986952,77.100597,81.367398,91.025795,80.367204,80.443154,82.369759,42.54792,42.906647,42.770891,43.796024,92.877384,102.13753,103.31553,103.23844,127.57908,127.57846,126.54678,139.30007,45.58519,46.209416,45.13454,44.979738,88.773837,86.415922,92.162683,94.923582,124.46968,118.85904,124.70981,121.44149,44.439807,43.621289,41.531873,44.120204,43.418911,43.176444,120.33286,108.21135,103.18203,98.872534,102.45091,104.95964,121.51019,122.95251,124.82653,124.26264,129.54337,128.42577,46.980133,79.971864,20.0,19.389405,20.091036,20.0
49.945771,45.645998,49.003346,45.900689,76.047954,79.638105,77.419984,81.534804,85.70932,80.540012,81.433316,80.572091,42.826433,42.837683,42.198414,42.611491,90.077311,101.66384,101.08882,104.80021,123.46936,132.52006,126.64859,145.87571,47.211569,46.65992,47.043234,46.870812,90.803326,90.139816,95.102555,94.235591,125.35299,118.486,122.58305,120.89843,43.515424,42.210637,43.370432,47.572073,42.212339,44.282914,118.27798,101.63806,115.4986,104.07408,106.20444,103.64655,119.8933,123.47895,127.50096,124.02281,129.25338,123.03995,46.392731,78.402172,20.0,19.672906,19.961652,20.0
47.68694,43.412301,49.856716,45.685028,76.166698,79.32136,77.22374,80.38841,90.429868,79.945889,81.122381,81.197146,43.433556,42.312655,42.275884,43.025156,95.170973,98.057002,99.765272,104.70612,125.16076,127.20029,130.41728,137.91579,46.166373,45.411921,47.111609,47.565466,89.354708,87.489754,94.687554,93.738858,120.921,116.02642,125.55705,118.70532,42.154255,42.393465,45.836586,44.970342,41.641641,43.119387,117.69434,103.70574,104.40136,97.960235,106.78917,102.3812,120.27839,122.34066,126.67936,125.07415,124.06047,122.45064,45.758981,79.477606,20.0,20.228757,21.059672,20.0
47.721097,45.389497,47.963932,49.322931,76.399771,77.724675,75.032341,81.041379,89.599784,79.767549,81.167547,82.413752,43.705134,41.152039,42.878528,43.283966,96.612681,103.08874,96.905884,111.08491,126.46355,123.48627,127.82847,139.22122,44.437445,44.004461,46.540883,46.160367,87.52234,85.714965,92.911872,93.057399,119.47829,114.8296,118.29985,118.96043,41.916062,42.570332,45.855064,43.802929,43.189439,43.039299,119.22438,110.35676,107.3079,97.731705,105.33527,99.879526,120.95063,122.84113,122.56747,122.42214,126.15141,128.1331,44.836318,78.421412,20.0,20.127078,20.442104,20.0
48.899351,48.839063,47.261247,46.161948,75.893813,76.71365,74.494563,80.774189,88.480561,80.290859,81.091723,80.407715,42.306344,41.081569,42.974017,43.006068,90.290651,102.60553,96.915117,107.85988,120.8978,126.08748,123.44577,139.66399,43.968816,44.246062,45.419699,46.084131,86.245103,86.425866,91.169333,93.632121,127.17846,117.79504,116.12789,116.18321,42.684671,44.759923,44.65375,45.257223,46.288585,42.990318,114.99409,100.31267,101.99884,98.405779,100.18801,106.11395,120.24221,120.24131,123.20662,120.54274,131.21585,131.34494,45.111193,76.042874,20.0,19.607279,17.629,20.0
48.770623,50.022234,49.323442,46.510002,75.599726,77.975313,76.855104,79.837601,88.307756,79.737885,80.736035,81.329545,41.837026,41.549706,43.184253,43.568739,96.627212,100.45478,93.739393,104.54269,121.84193,123.81197,128.21206,141.44075,44.639751,44.995164,43.152079,44.782752,85.826656,82.440302,91.851293,96.835099,129.04363,116.77123,124.784,117.31749,43.785184,46.512491,43.774724,44.036433,46.216723,43.794627,115.89594,98.061071,107.0943,95.302666,100.22049,104.98961,121.11099,120.81033,126.7917,120.83857,128.64619,128.75652,48.22071,76.358148,20.0,20.593491,18.516272,20.0
49.50488,48.011545,48.48243,51.105485,75.248205,77.348345,76.93981,80.76076,88.779396,79.451686,80.349854,81.937811,42.471099,41.820219,43.124027,44.500797,96.638736,97.419116,95.873985,103.88466,124.69774,121.69595,125.60339,142.59063,44.669394,44.605662,45.065202,43.93193,83.899807,81.493067,90.817787,93.552063,123.8116,116.98397,124.27604,123.72667,45.00244,45.27284,44.851938,42.085668,44.406879,44.749983,116.1833,110.85011,104.5704,98.737556,99.246511,104.20601,119.02054,119.82569,127.15521,121.9221,128.26328,127.86267,47.077394,78.381282,20.0,19.414704,20.196762,20.0
48.300442,48.703312,47.469086,45.037173,75.474167,76.889988,75.529874,80.428378,85.558639,80.251182,80.788804,81.89023,42.441679,42.242548,43.130417,44.691775,94.408952,100.91809,102.82922,94.966395,124.66082,126.68805,125.77965,138.86939,43.557555,43.896911,45.348872,45.081998,82.849838,85.54632,88.112141,92.722882,123.82342,116.38649,122.16258,119.35867,46.562186,43.651065,43.170009,43.887403,43.956357,43.655705,116.6564,112.75373,98.117716,97.908246,100.95908,106.23062,120.46897,119.95351,126.12911,122.38715,125.37805,121.60317,45.626407,76.948189,20.0,19.007958,19.634502,20.0
45.523279,49.108771,48.528236,44.022886,75.181267,78.269898,77.026699,79.832825,87.577469,80.176559,80.170553,81.431466,42.641864,42.208936,43.37293,44.756729,87.801479,99.301083,97.06545,104.48602,122.98219,126.28508,122.84439,139.97892,41.421888,44.238411,45.543316,45.177895,87.515827,82.905633,88.768851,94.962558,118.65259,115.55989,122.09385,117.85045,46.588738,43.746343,42.682881,42.263498,43.512568,43.659649,120.20614,110.63193,103.77909,100.82508,104.10297,104.63626,119.64604,121.07019,124.74523,120.3006,125.52657,126.02378,47.2199,76.829048,20.0,19.809933,20.683511,20.0
46.66407,45.357729,47.072626,49.470131,75.4402,77.801837,75.962131,78.951373,86.376677,79.556698,79.78128,81.192841,43.625941,42.177621,43.216528,43.787271,87.989617,99.81257,100.09807,101.45508,123.36646,124.18701,122.58144,139.42969,42.588449,44.881637,45.020911,45.004277,89.690162,83.15648,94.667781,90.587951,120.51909,116.0868,119.55365,117.98223,44.82657,45.612157,41.709348,41.615211,43.24584,45.09258,113.80205,100.52961,101.37377,98.843435,107.21159,103.44485,117.44667,123.12018,121.51323,118.46353,127.20332,123.23983,47.313308,78.178917,20.0,19.652078,19.80777,20.0
46.897242,45.858561,47.269943,46.368979,75.29547,77.076427,76.289484,78.816286,87.92542,79.294515,81.095716,80.367818,43.228563,42.099265,43.288457,44.814906,92.186115,100.00887,102.96947,100.90129,121.56016,128.44525,122.5837,137.20479,44.840945,44.500401,43.274495,43.93491,86.033289,82.554086,86.816191,91.980145,115.75404,115.28893,116.92318,117.3669,41.896468,47.349325,41.728842,42.714486,43.344957,44.789631,114.3493,99.000657,101.61572,98.99352,104.75968,103.1744,118.18591,121.1174,124.83468,121.54616,124.22343,121.60573,45.216759,80.757686,20.0,20.022599,20.011973,20.0
46.722329,46.669476,47.897348,45.519995,74.953123,77.023726,75.08625,79.357262,86.65694,78.923592,79.817781,79.896687,44.471985,42.833918,42.840095,46.403916,95.940305,93.863239,100.89031,105.55108,121.02603,125.28617,124.41911,134.31446,44.499814,44.567347,44.079329,42.917997,85.88566,83.138009,95.414993,89.092897,113.86887,113.04098,116.49447,115.57718,42.503437,44.516692,44.075608,45.084624,43.069709,43.819332,115.86331,110.35196,112.02595,100.43153,105.25401,102.03362,117.26513,119.86975,122.12043,121.08149,129.6058,130.23748,45.255355,82.994286,20.0,19.217242,20.297375,20.0
48.083047,47.009645,46.551058,45.850916,75.23,76.866432,73.822553,78.560171,87.215024,79.029461,79.382309,79.331292,44.803796,43.316569,44.283891,45.104955,94.017731,91.843334,100.83911,108.94482,123.21992,124.38495,122.24069,138.98222,44.332777,45.39735,42.826761,44.742998,87.882118,85.63062,97.079396,96.202385,121.54847,113.64166,115.21878,114.47804,43.641016,43.330878,44.056778,44.762781,45.815527,44.380856,116.12998,104.85291,113.63759,99.374477,98.162125,102.28022,119.39725,119.05602,123.11448,119.42895,127.76881,132.04458,45.961839,77.093966,20.0,20.294003,20.990393,20.0
47.086996,45.531067,48.524911,48.110708,74.232036,76.240715,73.709138,78.190586,87.780955,79.243742,79.841604,79.006998,43.590766,43.245767,45.403424,45.669647,85.315952,97.455921,98.001179,101.71357,122.16696,128.98719,120.84059,138.31651,43.976349,45.140841,43.043389,44.385923,90.015642,88.570973,91.007478,93.183267,122.27398,114.93808,121.47857,113.01126,42.646866,44.483608,44.295884,43.170532,46.682376,45.618935,114.95504,108.04168,96.220998,88.064175,101.35804,99.935125,120.01827,119.29015,128.58691,119.96742,130.73314,121.88677,47.506071,75.735783,20.0,20.809382,18.601108,20.0
47.144898,45.846184,48.789492,46.115145,73.777832,76.721544,73.009479,77.723342,86.378702,78.403647,79.972666,78.78061,42.124971,43.149223,44.932372,46.1703,94.283233,95.415411,96.679582,104.44794,119.38249,122.26825,120.05329,143.29528,46.211927,43.986775,44.113181,42.82971,85.126163,87.580097,93.231032,96.588367,120.87982,113.5069,119.5255,118.60916,42.146629,45.888382,46.224343,41.319715,44.664893,45.153483,117.38017,113.86521,98.829351,87.494898,104.56786,100.07558,119.27059,120.17617,126.22441,122.73756,126.65949,126.49417,46.796814,75.175822,20.0,21.125979,20.520025,20.0
49.143406,48.367943,47.715209,45.832194,73.993615,76.310105,73.003765,77.296289,87.546987,80.064337,79.694233,77.593001,41.529556,42.90523,44.245411,48.335572,100.3633,99.586535,99.577412,97.848005,119.7762,125.64955,125.94189,136.73003,44.820766,45.675805,44.728436,44.448498,86.57125,85.933625,89.223704,92.931118,116.07898,113.94474,120.42609,117.12085,43.623128,46.080464,42.262572,41.992875,42.83602,44.241493,118.04577,112.47674,97.413482,96.430214,92.702552,102.04234,120.15185,121.15392,124.30012,120.62066,129.47579,125.61548,47.117866,76.585877,20.0,18.819469,19.467767,20.0
48.420669,47.573388,48.117362,47.593103,74.592459,75.808749,73.895409,76.416944,85.432593,79.712504,78.471371,77.7211,42.971256,42.362706,43.531445,48.188712,98.228051,98.303564,98.291309,101.28192,120.46576,131.02125,125.93467,141.62736,43.251508,45.823843,44.895429,47.134444,84.467588,81.413071,87.114151,93.510295,122.049,113.28088,121.29507,117.89907,44.117058,46.883928,41.864984,43.808817,45.458439,43.597957,117.44569,106.48193,100.43183,99.77658,96.299514,105.10936,115.53622,120.22431,121.76313,122.68678,125.22177,121.74169,46.255902,74.860138,20.0,20.131151,21.38882,20.0
46.807605,47.041937,47.982918,47.850832,73.936613,75.008414,73.610787,78.034898,87.647268,78.186726,77.852899,79.448933,43.276679,42.010092,42.948263,44.1313,92.120636,94.163236,97.950608,102.90057,121.97076,124.23096,122.21783,138.31138,45.025576,45.354612,45.126508,45.988039,88.123928,81.480922,89.619322,91.316144,119.18411,114.38109,120.83461,119.98131,46.531041,45.473323,43.889969,43.177679,44.645122,43.931388,115.07625,99.956993,104.54124,97.295923,99.275195,104.33945,113.90608,118.42056,122.243,121.74255,122.84361,123.3042,48.052233,75.255874,20.0,18.536652,21.251534,20.0
47.804989,49.05143,48.819529,45.733822,74.019945,74.764982,72.919385,78.622457,85.743435,76.708633,77.483845,79.864989,42.863974,42.861724,44.002783,42.955234,92.267323,95.190901,101.1961,104.91065,122.07523,124.65708,124.74824,143.12262,46.187966,45.23027,45.347492,44.812308,87.639088,80.082653,93.17255,93.271377,118.68605,115.67872,116.61716,117.27055,47.149366,43.734326,43.618206,45.017965,42.874225,44.145107,113.02255,107.96972,98.376845,99.85074,105.81319,103.84341,115.08664,116.93524,121.40879,120.30267,124.76515,128.34371,46.631567,75.15057,20.0,19.090181,19.77743,20.0
49.852982,50.938068,48.714022,46.167446,74.524498,76.171056,73.760231,77.919153,90.208222,76.771808,77.398072,80.949976,42.906889,42.732906,44.26959,42.573515,93.036093,97.450508,96.414929,100.58761,119.80477,122.52346,126.27001,137.76653,44.190763,45.58854,46.089494,45.080152,84.09436,81.527264,92.162841,95.800006,118.29935,114.25192,117.21214,115.95837,45.099655,43.643172,43.082247,46.213655,43.615675,44.73326,113.32057,106.00366,103.20415,98.091029,102.30988,102.90213,118.67117,117.67486,123.57729,118.99363,129.18967,129.59865,47.404684,76.365031,20.0,17.178577,18.05377,20.0
49.558486,47.626251,49.458982,48.020223,73.291536,75.603271,74.318893,78.035019,86.852256,76.951654,77.694976,79.449718,43.756085,42.593421,44.433737,42.733103,91.642684,100.26543,94.317718,101.18322,122.76603,119.06151,120.18876,135.1035,45.678567,44.74668,45.430883,45.422283,88.32475,87.944607,93.601024,95.19505,119.93444,113.29735,116.34538,116.16712,43.402035,44.16415,43.358191,46.204587,44.521735,45.405549,114.75744,107.16704,99.692748,93.48725,94.73053,101.92099,114.61173,118.4077,122.79013,119.13511,127.0301,127.34496,47.528284,76.611528,20.0,20.944671,19.413491,20.0
48.995419,45.14458,51.215438,46.447099,73.384653,76.089837,74.314138,77.55085,85.691013,78.166863,78.228361,79.543858,43.523366,42.265604,44.241964,43.681637,90.32343,101.83449,97.8858,99.795603,121.88337,120.5273,117.99808,134.53694,45.11636,43.794923,44.641067,45.309721,81.265056,84.439175,91.421812,93.502165,121.87573,113.61507,120.48756,115.71483,42.434108,43.139575,44.968649,43.425782,44.418936,45.323378,115.14818,112.22955,104.31855,93.268202,98.525525,101.4374,119.05866,120.52127,123.94439,121.23778,126.58515,123.55656,46.446521,74.062026,20.0,19.135407,18.025428,20.0
49.822859,47.943137,50.214235,45.574806,73.776479,76.210408,74.549447,78.381622,85.686064,77.866832,78.222666,80.668649,43.568942,42.750592,43.630971,44.923854,93.559914,102.31361,99.308113,105.26375,120.47218,122.49253,119.02922,137.6351,44.042074,44.64774,44.36548,44.583263,81.375246,82.239888,89.54591,90.076231,115.14059,114.14321,121.24837,117.70875,42.494538,42.012619,43.50594,44.427324,45.165387,43.511123,116.65525,113.12457,96.862112,93.988857,101.25946,101.14602,119.75163,120.29109,122.70668,120.60628,124.60393,125.41129,46.726254,74.809099,20.0,19.339788,19.260036,20.0
50.373717,48.871078,47.822366,45.23906,73.80874,76.343407,72.710637,77.273021,84.301404,77.227155,77.780653,78.98571,45.263346,41.681104,43.637544,43.531961,95.249157,103.26441,93.521091,107.98314,118.61989,123.39222,118.93848,134.14965,42.349632,45.448863,44.72585,44.68994,82.342913,82.032139,93.392377,88.275338,118.47204,113.68562,114.81961,116.55649,41.760984,42.280819,45.277462,44.206379,45.983544,43.752039,116.26509,111.7507,103.82893,92.917535,100.88648,98.272622,117.33221,119.68374,122.84616,117.89097,124.0495,126.17689,46.805417,77.506052,20.0,18.547505,18.073698,20.0
48.216551,45.561813,48.071296,47.692525,74.647345,76.039406,73.132172,77.237184,83.030897,76.794568,77.439988,78.887555,44.282384,42.049601,44.421318,44.174515,90.474288,105.03573,93.522104,111.82087,118.88022,122.44691,119.11541,137.93947,42.851243,45.55391,44.471382,45.413106,82.466794,82.05805,91.092511,93.439596,119.68958,112.44761,118.02122,112.88101,42.211439,43.091321,44.559255,45.018143,45.693645,44.010855,115.7566,111.0627,109.34288,93.051097,102.42165,98.623892,119.49642,118.51947,122.23075,120.04188,125.70874,126.11808,47.471692,78.599471,20.0,18.809685,18.866957,20.0
46.003279,46.194971,48.890114,48.100908,73.897392,74.719888,72.842004,77.18159,87.410215,76.401257,77.322564,79.168953,45.772574,42.754595,44.06675,44.734739,91.811733,103.95419,95.196821,106.2065,118.09633,122.36906,122.89072,133.5645,45.221701,45.492883,44.151825,44.103749,83.82206,83.699908,95.676158,91.235722,114.80094,111.57044,116.46074,115.96918,41.506342,44.33288,43.27448,44.494409,45.597386,44.67873,115.8839,108.59883,107.51634,97.313199,101.19625,99.959635,115.86431,118.18125,122.85751,122.3822,122.78083,122.62359,47.224471,76.284672,20.0,19.551068,21.884025,20.0
48.283345,50.109088,46.700532,47.089948,73.063107,74.221446,72.178906,77.184404,83.685729,76.599403,77.190115,77.918276,45.696331,42.991853,44.18136,43.592442,90.492363,100.7601,102.44366,100.24335,117.73536,122.52134,122.9102,136.82947,45.321038,45.293343,43.638904,43.492513,82.579611,85.201996,92.563093,90.950488,115.74514,111.17888,115.57211,114.69254,41.51952,44.751754,44.000139,43.945443,45.070293,45.330456,113.23223,109.04303,111.93847,99.80372,99.418469,99.3531,117.16212,117.26581,122.08324,121.87636,120.2543,120.60009,45.626229,76.559252,20.0,20.674072,22.758571,20.0
49.567814,49.361058,45.796565,47.74074,73.139932,74.810003,71.996896,76.343509,83.520104,76.149625,78.423075,77.268904,44.984006,43.124638,45.303882,44.041929,91.068141,90.823012,98.432631,111.85116,116.87796,121.19129,120.44507,137.46935,43.405677,45.130898,43.190212,44.246077,81.240211,85.576158,89.359744,93.022949,116.00071,111.05761,114.60791,114.44884,44.415889,45.305274,43.824866,44.637928,44.843999,44.825345,113.31101,106.83608,97.333055,97.01577,96.560645,100.33269,117.66257,117.74846,123.62867,119.6013,122.56755,125.59171,46.970851,74.672161,20.0,20.092681,18.480249,20.0
46.710678,46.006113,49.080428,49.411994,72.212861,74.938877,71.010814,76.510331,87.333015,76.041567,78.130606,78.782452,43.35164,42.518778,46.515189,44.205832,95.547726,97.926559,98.801435,103.92128,117.48393,123.0111,122.05769,141.31329,43.789762,45.742601,43.659883,44.711316,84.828336,83.56963,97.055939,95.303963,119.13309,110.62595,117.42982,113.73394,45.783271,43.821001,44.368332,44.044009,44.332763,44.704327,112.65696,107.22277,105.96014,97.945955,100.44583,100.90858,119.74368,118.98754,123.17313,118.36185,124.58691,123.13347,47.697318,74.140105,20.0,19.962102,18.401393,20.0
47.642595,46.573329,48.60101,47.931044,72.786386,74.068661,70.978866,77.231,83.700993,76.254161,77.39493,79.136724,42.77397,42.619741,44.607356,43.808368,92.279303,101.68768,94.049426,104.67314,118.3083,126.49063,124.81434,141.79224,44.039783,47.149619,45.104231,45.540819,87.110445,87.339832,96.820473,99.686666,119.50113,113.00394,119.22925,114.10021,44.41593,43.092902,46.099574,42.667587,43.215102,44.285204,113.93569,114.19473,108.96447,97.092495,97.340208,102.59044,118.04634,118.4844,122.06856,119.89366,123.21952,126.62501,47.895324,77.943996,20.0,19.566836,19.621582,20.0
52.023206,51.428314,47.602964,43.788244,73.825094,73.779048,73.041984,77.567684,88.490728,76.786861,77.344267,80.333463,44.006813,42.722477,43.331614,44.549455,90.119096,97.58667,91.054753,98.211633,118.26986,124.2038,120.29582,143.15715,44.59274,46.953523,45.863502,45.917288,86.267059,85.748834,92.256717,94.200951,115.92282,113.36351,117.78799,115.3274,43.285379,42.996098,43.138349,43.952105,43.20635,43.765585,113.75057,113.745,98.390813,95.800763,99.657777,100.56662,117.04931,118.98894,125.92262,121.39006,126.0079,125.29239,48.412648,74.615109,20.0,20.025717,20.295239,20.0
50.778206,51.182181,50.281382,46.927015,74.065958,75.178806,74.234334,77.809378,89.9941,77.856865,78.069346,78.625546,43.638205,43.387365,43.470985,43.95791,94.937395,98.701452,96.094354,100.92292,123.03838,124.53039,122.76177,137.75248,45.979245,44.287374,47.011957,46.472533,85.173991,87.002099,90.698122,93.593675,118.15762,110.99212,116.70798,115.48356,43.990357,43.520002,42.376609,45.613838,43.059571,43.346424,115.58031,112.89721,103.05332,94.822745,101.1796,100.32246,120.18791,118.29448,122.16476,118.87227,122.58229,127.65316,47.882153,74.45681,20.0,19.790829,19.389307,20.0
48.372757,46.823166,51.25239,48.436277,73.607275,76.219528,74.138145,77.605324,89.020358,77.259694,78.394283,80.14077,44.080109,43.491336,43.497478,44.080375,91.119162,93.444104,101.55648,105.36723,124.51389,125.30202,125.5191,141.51194,45.950595,44.156916,47.496416,47.082153,86.997638,83.989709,91.048622,94.901183,123.55148,111.68011,120.38713,114.06742,43.184295,43.759569,44.154992,47.908126,42.654547,42.970666,115.13908,107.53412,110.82378,100.50493,100.73703,102.90593,117.84937,117.57136,122.83633,119.35977,124.40331,123.63688,47.87842,74.302511,20.0,20.357799,20.989004,20.0
49.799427,47.06756,50.139655,47.720488,74.316413,75.374326,74.015937,78.50374,82.961547,78.061942,78.471209,80.111473,44.697829,42.836941,43.950254,43.909015,91.759341,94.241585,99.163288,105.17283,122.34226,119.85062,120.0677,144.48128,46.001456,45.149466,46.14152,46.300113,84.211318,80.615799,89.626155,95.48972,118.1359,114.60253,120.7482,118.23447,43.106676,45.008684,46.856859,45.495733,42.359633,43.096505,113.23139,112.81726,111.05619,98.220498,102.63651,102.85541,118.3358,116.80561,126.44704,121.79662,119.96892,124.19583,47.621177,74.764102,20.0,18.864049,20.499878,20.0
52.317582,50.415624,50.552345,46.051121,73.897046,75.450315,71.273777,78.307756,85.409382,78.090168,77.679076,79.154612,44.225446,43.027016,44.847915,44.275007,90.475802,106.04558,98.932625,101.19289,122.60796,126.32879,117.79509,141.73271,47.106112,45.257766,45.533636,45.939338,86.914261,85.302571,87.400345,94.60288,116.52254,110.73998,118.63514,116.02016,44.577218,43.695305,43.951601,43.907918,44.11326,43.806259,115.00283,114.00969,103.38156,90.858308,105.10411,100.7269,116.0187,118.60308,126.35455,120.72493,123.56682,122.39184,48.048811,78.844602,20.0,20.132573,19.938121,20.0
52.364368,50.406232,50.864144,46.524909,73.761725,76.427013,71.834018,77.263908,88.005,77.631399,77.095367,78.392207,44.449363,43.226877,44.060728,44.418357,94.368737,108.14703,98.498085,109.0852,119.22326,131.27027,118.25397,152.52834,46.419732,45.793458,46.616656,47.345579,89.503049,88.471221,92.249235,96.032996,114.56528,110.92006,116.18089,115.30261,42.613689,42.667366,45.069804,46.112809,46.392513,44.195662,115.03869,107.83354,117.20307,99.406729,99.080484,101.85442,116.6492,119.43206,124.8565,119.11284,125.71457,124.15032,49.527048,77.510485,20.0,19.752395,18.850647,20.0
50.705149,49.329205,50.535107,52.194114,73.728542,75.377525,73.037735,77.352996,91.253851,78.095302,77.318785,78.683188,44.157613,43.583135,43.700487,43.945019,96.228711,105.26799,104.95369,97.635835,119.02819,132.48053,124.55877,146.27724,45.170841,48.000603,47.403823,48.976015,91.568264,89.596401,97.064502,101.76835,120.7509,111.81078,115.95507,113.07485,42.602667,43.800882,46.148323,47.039698,48.052391,43.881186,115.79158,112.24527,116.35844,98.478962,104.36784,101.07304,119.94065,120.18548,122.78838,119.17497,128.11492,119.74226,48.114495,76.687092,20.0,20.182699,20.591403,20.0
50.145059,50.993455,49.97141,53.991829,73.729437,75.247557,72.401837,78.349409,88.22035,77.775842,77.836125,79.692838,43.796898,43.735318,43.456478,43.698689,100.75668,96.897761,105.51887,97.34815,128.59618,135.46765,129.42291,142.09413,45.416022,48.130563,47.521674,47.320567,90.114119,93.954346,94.847624,97.283065,115.38771,113.51581,116.30122,116.02061,43.95551,46.150521,48.764719,46.468181,49.226284,44.217526,120.00723,115.40812,112.32467,98.027823,109.8668,104.95624,119.64178,122.11806,123.7931,117.66027,122.29709,124.54627,47.299591,73.969949,20.0,19.189094,22.503626,20.0
52.488713,53.062003,50.359686,49.815339,73.744659,75.975664,72.651995,77.469878,90.105335,78.061423,78.003127,78.804118,44.258387,43.531337,43.885422,43.979329,104.68621,97.75951,102.2618,107.02487,128.37251,127.40548,128.43607,151.93852,45.278587,46.808342,46.612665,46.599774,88.702784,92.404222,95.298219,91.054916,119.32421,112.46298,115.42178,113.58146,44.281697,45.428266,48.719791,46.169526,48.966258,45.287638,116.25105,101.92016,118.59399,100.63863,102.52294,104.08143,117.07292,122.08479,124.60149,119.82143,124.06933,130.10219,49.13498,74.009619,20.0,19.235111,18.820488,20.0
53.696793,51.843634,51.981874,49.709124,73.876166,76.065453,73.480803,76.458719,89.977195,77.799912,77.509645,79.909924,44.943919,44.261308,45.25342,44.60954,93.31714,100.89668,101.19377,111.66403,128.30448,129.169,128.86464,150.77988,45.528308,46.648431,46.502959,48.530571,85.327728,89.725742,91.482883,96.654296,121.41528,111.92031,119.23633,112.93307,43.512818,44.308056,45.962904,44.980639,46.524313,45.51227,114.09776,108.20941,112.58279,103.88175,97.180499,104.23803,123.35089,124.87439,125.68495,120.06198,127.05369,128.65351,48.99148,75.535979,20.0,20.915552,18.821912,20.0
52.594134,49.943778,53.020456,49.718296,74.275791,77.265518,74.275472,77.755831,88.226007,77.49985,77.895775,79.48303,45.115333,43.277538,44.953472,45.459119,95.18208,97.913325,99.693376,109.24764,124.72212,137.26791,122.06367,152.65492,47.498134,46.025867,47.663616,47.18857,89.681268,87.634738,97.318951,99.349283,121.3857,112.83568,120.6844,117.16312,45.211572,45.128615,46.120497,44.503243,44.69489,45.450353,119.16519,116.29136,109.71589,97.691567,103.49467,106.63861,127.03496,127.41103,126.64316,120.45969,127.66734,123.37823,49.971188,76.222061,20.0,17.170668,18.449285,20.0
53.734308,52.341905,52.928476,48.314712,75.379572,76.489008,73.193706,78.293538,90.106491,77.338661,78.313449,80.439806,45.044906,43.464107,45.89562,44.768659,92.686129,104.54814,100.51774,103.14153,125.05013,135.21659,120.52198,148.77703,45.732392,45.859318,47.633029,47.273529,91.60373,88.780405,94.461185,100.46579,122.3433,113.66267,121.36244,115.57096,46.256298,47.631262,47.966833,44.534385,46.212913,46.170347,119.80276,108.14013,107.79452,101.9244,105.29532,108.39091,126.75993,126.93425,126.8593,121.17541,127.618,123.54953,51.237907,78.381644,20.0,18.178413,21.231894,20.0
55.36091,55.959318,52.749884,51.383664,75.031763,74.697432,73.608893,78.879777,86.857133,77.08058,78.523698,80.291171,44.139682,44.0832,45.896814,44.057018,93.628286,103.85691,104.11439,111.67095,124.48015,131.15671,121.88344,158.85505,45.062463,46.711791,47.4545,49.216877,91.739574,90.221019,95.346171,96.036581,126.43674,115.5845,123.16301,117.44116,47.252698,49.142473,45.802156,45.466297,46.338548,45.548274,121.90161,110.88052,110.38877,98.725028,107.0286,111.20279,129.41841,126.06046,127.01606,123.8207,130.6358,131.73487,51.471656,80.328473,20.0,20.334714,19.118746,20.0
54.756889,54.54728,53.716658,49.569059,75.396776,73.516923,73.624208,78.225866,90.090293,78.029628,78.928939,78.780307,43.786638,44.698422,46.22555,45.744982,97.890225,102.70832,98.751628,112.92424,130.69003,132.85639,127.51854,154.79469,48.443422,47.082289,48.513984,48.583537,89.529687,87.568634,97.972011,98.511188,127.01415,116.20113,127.00252,121.31916,46.401123,48.637322,45.736808,45.31102,46.826347,45.346713,124.20727,105.95027,118.16292,95.591544,97.694278,105.60047,123.78627,125.62022,126.57446,124.71236,130.47762,136.29225,52.227583,78.874323,20.0,22.01232,21.01895,20.0
53.533222,52.232003,55.720353,53.346211,75.52588,75.236278,74.528744,78.204683,91.104953,79.140054,78.908754,79.457387,44.526548,47.620646,46.239264,47.843832,94.028493,102.8939,107.30598,117.38382,132.02018,136.26422,126.74314,147.6376,50.535396,46.860172,48.513925,48.248365,93.810973,86.146003,97.140374,99.219493,129.73262,123.1726,125.56038,122.38135,45.350756,49.231082,47.9949,44.465614,45.367511,46.77481,123.34245,108.26895,105.65589,103.25065,99.676695,105.02612,125.64106,129.5664,128.48739,125.28027,130.27187,133.00888,50.280302,75.703511,20.0,20.86655,20.93543,20.0
54.955906,52.247406,52.312467,58.704358,75.147087,76.835843,74.412211,79.865343,90.113239,78.04987,79.872944,81.418226,46.695513,46.154453,45.166814,46.509207,92.747034,109.42446,112.77682,111.34173,129.54583,136.66925,127.33,150.28911,50.425489,48.033603,47.786134,48.788737,92.534671,83.390451,101.78653,99.326107,124.47474,123.49997,126.41774,124.1277,46.026023,47.799709,45.828953,45.33711,44.895531,48.369563,128.31796,110.584,103.24234,102.27253,107.57987,106.12441,129.429,131.99301,128.90292,126.55438,131.83415,130.91478,49.551133,75.787208,20.0,19.571722,20.184151,20.0
55.354138,53.28493,53.443907,54.003171,75.697086,76.637143,74.746031,80.816877,93.992704,78.269725,80.490388,82.403934,46.300382,46.877693,44.319665,47.296628,92.695631,107.97056,113.16068,104.11708,129.82432,131.89744,124.16269,149.14477,51.91168,50.131906,48.080086,48.159222,95.404268,86.252478,99.254124,102.46644,123.75095,119.69678,121.1005,122.95263,47.248226,48.732151,46.171169,46.948938,45.972342,48.994733,124.02475,107.18672,118.51605,105.89569,107.31379,105.05113,125.67224,130.97274,129.97815,125.74544,133.1135,131.92261,53.936575,76.578467,20.0,20.18598,18.966754,20.0
54.858543,54.612914,56.387412,47.476707,75.880619,75.619092,76.158754,80.739568,95.304989,78.738657,80.667191,82.280021,46.06243,46.650064,44.206253,46.308682,94.721894,106.70344,109.3173,121.74956,129.41339,132.9174,125.93315,157.98334,51.640352,49.732527,50.85815,48.28799,92.891994,86.711788,94.666801,98.735574,127.99642,119.08559,124.03076,119.01937,46.818058,48.985787,47.661635,46.806875,46.866519,47.182797,122.36613,108.33322,122.9242,112.06001,99.714153,102.90305,128.3156,132.28474,131.97369,125.69083,130.96258,132.35453,55.421096,75.909938,20.0,18.531082,19.890877,20.0
57.057916,50.582976,55.604426,51.989643,75.792751,78.068382,76.351307,81.347558,85.807822,79.890636,80.751499,84.778882,46.733306,46.265753,45.123751,45.701488,100.98879,103.29854,106.44716,115.62884,129.61087,129.94194,131.61336,154.13357,51.044934,49.1607,51.801641,50.782246,90.104541,89.476409,93.834524,98.555097,123.7736,117.29902,123.50721,121.39155,46.408875,50.527543,47.283988,47.451102,45.857759,46.627204,129.66813,116.19503,117.31561,101.50938,106.5868,108.34927,132.59208,134.44866,130.98254,126.67368,129.45063,130.93256,54.374241,76.69669,20.0,18.840359,20.129973,20.0
59.318754,50.04057,55.806343,52.608017,76.387221,79.19846,75.873528,82.777664,95.976576,80.506268,81.560834,85.038392,47.365096,46.534444,46.987299,46.128152,98.958461,103.57182,104.66926,118.89973,131.87963,129.47807,129.05638,158.57664,52.283373,49.314556,52.32357,52.257224,94.898155,87.509952,102.35012,101.09439,131.56537,117.26591,128.76692,121.55147,47.32607,50.274814,45.829356,49.992973,44.741913,46.990974,128.13705,122.19351,111.89188,102.43215,122.08449,109.64801,130.1453,133.27172,131.53335,129.18872,131.32368,133.25786,54.021793,76.836262,20.0,18.571326,19.155665,20.0
58.945904,56.532925,57.682338,50.764525,77.953002,78.700926,75.644624,83.02265,99.054845,81.070483,82.657715,82.921569,46.760006,46.168667,47.309937,47.089669,90.569693,103.60103,102.65678,115.43914,132.37293,136.20387,129.92889,159.08943,51.066239,49.416254,52.780305,53.701498,96.553185,93.646952,99.152016,105.36609,134.97733,120.49073,131.93715,125.12593,46.469721,49.887087,48.47617,50.697974,45.405384,46.719628,117.87158,110.72504,116.77434,108.90017,119.93132,110.02696,129.98574,133.6704,132.21547,128.77002,134.90082,140.75113,54.770148,79.770873,20.0,20.461114,21.161366,20.0
57.269285,58.485992,57.604593,53.83565,78.636663,77.401573,76.920977,81.020011,94.528941,81.671475,82.370363,83.529583,46.403225,47.601988,45.988165,48.457501,99.733223,110.23748,104.82158,115.66816,132.13758,136.97674,133.24695,156.46079,49.66758,48.737442,52.906854,52.088799,94.11656,91.557925,102.93317,102.76792,131.55203,122.25488,131.74841,130.06451,46.398179,50.509705,49.689242,48.068357,47.027004,46.298598,125.06907,112.59008,121.59115,107.91946,108.39827,109.30239,133.63491,134.78632,136.17928,128.71026,139.0502,141.47684,55.415361,84.042619,20.0,20.121654,20.015815,20.0
56.981782,55.096773,57.809006,57.378632,78.054754,77.368079,77.775288,83.164465,93.166253,81.259004,81.603215,85.216944,45.827417,45.979199,45.571992,48.492331,98.172549,119.32596,106.65432,116.95092,134.7195,144.53685,132.9529,159.30514,50.456374,48.239304,49.888376,51.25672,92.706297,94.386627,97.892545,104.7449,141.00425,122.16472,135.68585,126.44687,48.967385,51.550608,51.182803,44.597066,49.347904,47.395479,127.29223,114.50966,109.77135,103.58398,105.68434,110.91407,133.47658,132.99164,136.46842,130.13031,144.69364,144.65927,53.313264,82.912322,20.0,19.359341,19.242849,20.0
58.943221,54.801861,58.474186,56.933725,77.041681,77.719477,76.502008,83.417449,95.607723,81.502764,82.456537,84.600967,46.418155,45.963368,46.381319,46.649979,100.38675,115.89326,112.80987,113.80396,137.38364,142.46212,130.74999,160.23133,50.977393,47.884564,48.206714,50.458318,93.157814,95.929699,100.60521,105.26391,135.66852,124.62224,134.93326,130.36143,48.720592,51.863266,50.778582,46.373957,50.123242,48.587055,130.31452,119.35548,108.07514,105.55476,109.07469,109.08886,134.54375,133.46849,141.72065,132.47013,144.0812,140.53394,51.500769,81.729243,20.0,20.33596,20.158471,20.0
61.18271,58.624475,55.712094,54.814774,77.257024,80.690856,78.238817,83.275475,93.357176,82.482427,84.520047,84.449946,46.78061,45.894652,46.707578,46.531156,101.59649,106.7218,112.96246,125.24331,135.88223,142.60706,132.98843,171.81459,50.593418,49.104817,49.158826,50.365708,91.135888,97.275067,103.9958,101.30638,130.31731,125.43979,136.89722,133.06634,47.43164,49.427519,49.896568,50.98255,48.260636,48.343309,130.83739,125.15498,113.69194,105.97369,112.28837,111.2077,135.04883,135.14844,139.58614,136.60923,143.25932,139.15001,53.11442,78.493061,20.0,19.08725,18.707584,20.0
59.476951,58.841822,57.56321,56.66136,78.646897,80.572386,78.309237,85.094036,99.147613,81.46365,85.357168,85.575063,48.374184,45.559035,46.277994,45.898003,98.538599,112.39357,113.81167,117.13946,140.4367,144.9954,135.74946,168.2113,51.800328,51.219088,50.538611,52.320037,95.846058,93.771351,104.33429,110.22803,135.55214,125.65775,128.11358,131.51494,48.636417,47.817457,50.360724,52.637521,47.881812,48.194714,134.16023,128.7241,122.15552,105.69078,117.48227,108.6622,138.79218,136.6842,141.82069,136.22595,141.34975,139.2216,56.985351,79.412447,20.0,20.56352,21.843202,20.0
56.805819,54.79881,60.896893,55.664215,78.856671,80.005237,78.342724,85.53337,95.445654,82.293412,85.676142,86.82555,47.697244,47.59829,46.573557,47.40246,108.31227,113.13045,114.74273,120.09531,142.49668,146.58878,144.62776,171.2979,53.649831,51.358694,51.850596,51.651333,101.97668,94.058294,105.05841,107.02385,135.73931,127.12766,133.51624,126.87272,48.623783,49.02848,50.801637,47.565562,48.37875,48.559468,134.34034,125.01701,120.93451,104.13931,116.01449,111.68479,137.21772,138.01869,142.92985,137.46747,145.76074,145.53625,58.564883,81.439954,20.0,20.851474,20.404373,20.0
58.833341,54.732928,58.991969,52.632586,78.244052,81.218144,80.636494,86.237725,94.676034,83.520983,85.756622,88.670483,46.268315,47.606285,46.98035,51.009312,105.06469,114.00044,112.963,121.92579,137.35224,150.96038,145.11391,174.26715,55.621379,50.265801,52.880567,52.605929,98.701679,95.838112,109.20306,108.24124,134.39566,124.66981,137.28813,129.25984,48.435289,50.403478,48.756802,45.976598,50.36244,48.936711,135.83235,126.07399,132.78089,117.31119,117.24799,110.14934,136.40946,139.59362,145.21571,137.62453,146.83261,147.70394,56.501714,79.826767,20.0,20.803989,21.95322,20.0
61.030568,54.184841,55.213961,54.284321,79.599887,80.291512,81.564784,86.754345,99.696136,84.834441,85.913275,86.96739,47.171927,46.827321,47.066081,49.637603,109.36662,112.22244,117.29835,117.23447,140.8455,149.86698,146.07217,167.84142,53.231218,51.269057,51.672551,53.987672,99.641273,97.340224,102.0672,112.48218,143.74102,129.18286,141.62795,132.25004,48.049008,52.264597,47.293683,48.602378,50.472009,49.203346,136.44544,118.45437,113.89679,109.60112,115.43103,114.47806,144.55062,144.39318,145.36594,141.57383,143.1765,142.01612,55.108576,80.194161,20.0,18.652068,19.208591,20.0
59.803538,57.291741,56.883588,57.075439,82.013089,80.908723,80.629335,85.147274,100.68525,84.26752,84.924515,86.22678,47.271071,46.13596,47.693143,47.375816,99.577184,112.35962,113.69342,125.30654,143.10472,148.34521,144.89147,171.19747,50.55516,50.472632,53.172627,55.473864,99.260535,99.509082,106.44788,107.22427,135.1774,132.08561,137.76856,137.40788,49.089205,53.196305,48.339816,48.625612,49.513806,47.960188,140.59325,121.32339,126.82613,114.22582,117.2039,117.91806,148.07209,146.47603,149.07091,141.88244,145.92654,144.36602,54.849458,83.858482,20.0,18.37275,18.072485,20.0
58.102253,58.59301,59.337298,58.598409,81.119573,82.155464,80.733492,85.732471,98.951781,84.167599,84.442105,88.048545,49.058936,47.60726,50.045999,48.147952,106.35148,116.54046,110.34684,124.27258,153.61987,151.70734,146.47014,176.83008,49.35132,50.55129,54.256341,54.299385,102.9283,103.78414,116.04183,109.61079,143.94106,140.04712,134.10209,133.95445,49.991356,53.941286,46.38116,47.110984,49.18724,48.295163,146.08457,123.10645,136.14178,110.12476,111.33229,120.5904,143.37765,149.82308,144.4159,141.44796,147.83588,150.20921,56.345276,87.429448,20.0,19.409664,19.463677,20.0
61.313812,57.690916,59.918616,54.799596,81.187811,82.799069,81.194091,86.660854,100.69874,83.808109,85.507833,88.087656,49.975479,48.625545,50.765917,48.471403,103.69242,119.57524,120.86541,123.00523,156.08214,149.57423,145.42318,179.62676,52.337566,52.100073,51.159068,52.462305,108.98474,112.17402,111.00823,112.58709,148.88588,135.80822,142.93556,132.8851,49.70979,48.587235,48.108718,48.862475,49.304837,49.658508,141.46837,123.07883,138.36812,114.98792,117.57828,125.79008,147.94758,150.50814,147.07994,143.854,151.02587,152.95473,57.137534,89.178897,20.0,19.75062,19.82551,20.0
62.919989,60.439843,62.22068,57.134817,82.123075,83.120702,83.089058,86.430762,101.21291,84.569032,87.653519,89.591373,50.142269,48.964591,49.666476,49.423271,101.24445,117.5082,117.78514,131.88711,151.38715,150.5648,147.24168,169.20991,54.133934,54.141089,49.514407,50.890645,103.10362,109.94217,107.59161,119.31983,153.15099,136.26944,151.36018,138.91478,49.564281,48.167233,49.489101,52.543483,50.309696,50.210288,144.94708,129.00842,141.14718,116.32023,123.74901,126.28243,145.91748,151.66757,149.28855,143.26803,151.3005,155.80621,58.010508,89.507901,20.0,19.600443,20.866284,20.0
61.648101,63.44512,61.432239,64.402087,82.228352,84.368836,83.784714,89.18969,105.36469,85.787714,88.551593,91.42887,50.800263,49.967507,48.917108,49.982377,104.56667,123.05737,119.98781,126.62186,150.38116,154.19254,147.77913,180.18585,54.731388,52.565584,52.064987,51.538266,102.81671,106.29937,115.58466,117.16481,155.22611,139.3455,152.70515,145.82112,50.46421,51.071727,50.60338,51.116853,52.585383,49.952072,143.52376,129.44035,138.91312,113.74707,124.21176,127.23437,150.71855,155.72618,152.15012,144.44941,154.64492,153.63051,57.77456,91.618331,20.0,18.691804,19.356919,20.0
62.527621,63.986807,61.930704,66.369961,83.098783,83.499893,83.826482,89.833965,102.1228,87.660859,89.208805,93.734279,50.781043,49.349234,48.887429,49.215861,110.28177,125.98842,124.28329,133.01573,159.55116,156.69496,148.8695,193.07483,54.392137,52.202985,54.976177,54.606904,108.74092,107.54858,114.66204,121.86327,149.22338,136.36131,150.79994,147.47924,51.201888,51.72007,51.257782,50.671507,52.004336,50.331659,142.84297,124.87044,124.3385,116.55372,125.17322,124.92561,149.01075,154.6999,155.7326,145.80636,154.31568,150.82479,54.206227,85.897502,20.0,20.077321,19.07706,20.0
65.079362,63.115072,63.820151,58.712271,84.639231,85.125586,85.948346,92.763647,111.6787,88.65944,90.782901,94.870679,50.863187,50.564978,49.992583,49.419439,118.47559,126.10438,127.44039,138.70222,157.73708,163.54699,153.30633,184.1203,53.904119,55.22041,56.559344,56.152358,109.6973,103.63771,114.72915,116.1927,155.49523,141.81178,148.29131,146.77544,51.190528,50.753029,52.730425,51.122126,52.612257,51.265153,147.37042,131.10631,116.90499,119.25743,123.25955,129.66476,152.15879,152.22083,155.16904,148.92485,155.57408,152.2933,60.125229,85.505932,20.0,19.941622,20.93193,20.0
65.474866,61.83377,63.724383,56.022735,86.374812,85.626699,86.599219,92.952288,105.68635,90.496055,90.978358,93.978487,51.132953,50.860081,49.659929,50.658166,115.73115,123.21875,121.63564,136.17134,153.4182,168.17501,161.27671,190.94806,56.606482,56.996264,58.234264,56.849648,102.18494,106.88863,120.67368,120.00478,159.10092,147.16148,155.33872,148.34657,52.090719,51.523198,55.400142,50.37576,54.655987,51.361112,150.03667,128.61827,143.30326,127.97963,125.92367,131.50011,152.7156,157.06677,155.82228,152.54883,157.57818,161.89358,64.123065,87.383166,20.0,18.146466,20.158133,20.0
63.518444,58.033622,64.522081,58.974361,86.661188,87.678542,87.001083,93.468156,110.06823,90.472921,92.559028,96.198928,53.365495,50.587781,50.26739,52.601263,119.05753,122.281,129.26425,128.00281,159.32256,169.78897,154.06619,187.84687,58.942698,53.263605,60.252546,57.329321,109.14904,108.4085,115.26124,125.18263,161.49109,145.28953,159.56507,155.27751,54.564044,53.846887,53.450027,50.09118,56.054266,51.376889,154.53842,145.19797,141.35392,120.44604,137.57483,128.10968,162.30807,162.52852,159.68819,152.42306,164.90714,166.88969,60.239634,91.318515,20.0,19.368584,22.368694,20.0
61.845927,60.562084,65.933167,61.647067,87.76964,87.203305,86.770549,94.595484,110.83996,90.858825,92.512609,95.342223,51.699831,50.77386,51.258964,50.402559,114.71087,124.44659,131.67229,144.57193,157.31033,165.00253,155.36747,185.56017,59.238588,53.39857,60.973958,58.331993,111.10375,111.30453,112.41668,117.43333,156.8127,143.83105,159.52498,155.87483,54.303294,50.477597,53.312116,52.868747,52.803169,51.926521,165.41372,130.03704,147.72812,129.49956,129.26486,131.31854,166.07428,167.44282,162.03248,155.72115,165.16514,162.81635,58.973507,95.81708,20.0,18.589882,18.46359,20.0
62.769266,63.660108,64.930521,60.580835,88.480283,85.604551,89.46694,94.299166,106.10908,92.326824,94.011628,97.450615,51.236896,57.082763,51.756096,50.083068,122.0207,139.21221,135.0084,139.94868,161.05361,170.47846,158.61306,194.81027,57.375547,58.170454,59.594803,59.275564,117.05705,111.42169,118.25712,124.32201,155.22252,145.12407,156.03882,149.71476,53.519612,50.117814,54.283491,51.018467,52.060238,52.455851,155.36207,144.91549,145.43344,115.17669,132.59597,129.63006,163.52505,164.34091,165.28542,156.729,165.02493,168.28332,61.456698,94.133812,20.0,18.853107,19.506088,20.0
65.247873,65.111756,65.312756,66.300224,86.566255,85.99164,89.894163,95.993778,111.49252,95.329035,96.54323,97.857594,52.241162,52.889771,52.700479,51.24192,117.23177,131.89388,136.43592,137.2674,162.42761,174.96261,161.51616,213.46824,58.593328,60.971695,59.878546,58.165375,121.53145,116.50384,124.18727,132.68248,162.42799,149.15594,160.89557,150.2563,53.66567,52.560914,51.618927,53.976296,51.956028,52.197235,161.65724,146.98962,158.48179,123.21089,137.02946,131.22607,161.34454,168.69366,167.08506,157.59672,172.21125,173.09235,64.134292,92.47724,20.0,18.098341,19.608386,20.0
69.042278,64.821,69.193926,60.422679,88.351295,88.789456,91.811561,96.695558,115.9503,95.721856,98.170435,97.412042,51.576673,52.031153,52.430587,51.558159,119.82267,144.1766,135.69065,138.03942,165.36206,184.32305,168.61629,195.43425,59.275993,58.789338,59.968415,59.557513,122.06287,117.46461,122.60957,139.68247,167.63736,146.41601,160.43893,155.68266,52.984613,54.97671,52.428383,55.561477,53.836717,51.827597,163.36414,135.75154,151.24437,128.5191,140.19792,134.91446,159.97364,166.75662,170.61942,159.54477,173.00992,172.04846,62.422829,102.28166,20.0,19.170599,20.265755,20.0
70.764853,62.492924,68.525524,67.185496,94.906979,89.728812,92.1774,96.917697,120.46032,96.084491,98.228234,99.243517,50.357864,52.943633,52.050174,50.937812,123.71913,144.72764,134.96741,141.41089,172.6117,177.86924,163.40031,200.48211,58.587073,58.125301,59.736741,61.036473,120.15197,115.56384,126.79677,134.12648,167.49976,148.33384,167.74729,157.19298,56.826283,56.820576,55.942618,55.563777,52.873166,52.050062,157.88065,149.8871,131.98584,131.01422,141.74864,140.86191,160.07909,163.2459,168.79673,163.46317,173.94827,172.50693,65.192435,97.980458,20.0,20.628046,22.256071,20.0
67.052352,64.797673,67.459337,66.194527,91.690011,90.05989,90.988522,100.18115,118.79334,97.073281,98.125943,101.19498,51.276737,52.620905,53.675558,52.084975,122.77876,135.11321,139.01286,146.52383,168.2922,176.28305,164.84869,200.64093,57.380601,56.165214,59.990212,59.519614,111.91989,111.09343,119.60941,127.01829,169.97514,156.97871,169.05264,159.36499,58.137449,59.475932,59.109553,59.377975,52.530976,53.128331,160.18486,149.39519,150.078,136.43052,135.28797,139.16509,170.72485,167.24344,168.63241,162.55591,173.15865,174.86391,63.146608,102.47128,20.0,19.794493,19.684051,20.0
67.515794,72.82893,68.799026,66.00776,90.260021,94.030951,94.356117,100.30544,116.18909,98.495566,100.52287,103.48594,53.690388,53.587769,55.744883,53.424702,125.26347,131.32811,146.33874,146.61653,168.29419,189.4368,171.72167,212.69649,56.619605,55.592785,59.738869,59.289276,124.04315,112.10759,124.77825,124.82385,163.78594,156.31641,164.8862,161.08284,58.798461,56.239814,60.383857,58.805382,57.403029,55.815472,168.60034,149.15081,152.47732,128.56109,138.43965,142.68198,174.69637,177.27057,173.16346,165.97767,175.77365,179.24238,58.72086,93.514216,20.0,20.187287,21.114804,20.0
71.90432,65.435335,66.799414,64.917169,93.814139,94.664444,94.763695,101.51948,115.7687,99.019103,104.19,104.2665,57.404788,54.987515,53.980945,53.989273,135.72011,134.35943,140.73881,146.02232,173.89609,187.41289,168.878,211.81195,61.121517,59.901516,61.834012,60.68921,120.38987,123.58274,131.53105,136.72735,172.08559,160.7303,169.68238,158.10518,57.165014,53.969946,58.776296,55.383209,60.433974,57.085759,171.14503,150.59392,166.78873,131.65081,136.04348,142.32992,172.29991,177.6443,177.97925,169.76586,170.68672,169.80286,64.497797,96.903726,20.0,19.949073,18.735013,20.0
69.750194,63.65113,71.881938,59.990938,97.370046,93.364784,93.986429,102.52621,116.31459,97.880543,104.36614,104.84331,58.782572,56.373857,54.041884,57.361049,130.79988,141.84866,145.68758,150.08147,175.36373,180.46035,171.94131,219.12526,68.487206,61.302886,64.91236,61.487893,119.66437,121.97094,132.12743,133.11145,172.12293,157.06575,172.16968,161.62434,54.849779,54.720774,56.579464,56.607106,59.77277,57.669189,170.73903,158.28112,164.71453,135.72561,144.6249,146.78489,178.09053,178.96891,176.21872,169.15533,174.99658,177.0909,67.732205,102.60667,20.0,18.954993,19.012761,20.0
67.974729,67.887529,74.273188,63.238388,95.950155,96.020804,97.564604,101.99814,123.19278,101.89952,102.6503,102.27517,62.799867,56.322062,53.998589,54.006422,130.54048,141.29748,135.74841,156.6608,190.39965,192.03064,188.08965,212.79212,67.681002,60.921327,67.487122,66.258994,121.14247,121.99736,134.59971,139.95344,173.38902,157.77345,172.33338,165.79242,58.752554,58.133376,56.410504,58.689087,56.981471,57.246778,163.36246,160.42126,170.87614,139.1774,158.11766,145.15638,175.41546,180.36632,175.77411,170.63836,176.32303,187.3007,69.987215,104.37164,20.0,18.96456,21.300008,20.0
72.020549,68.407984,71.183746,71.977326,95.682091,96.99908,95.987937,102.55878,125.4344,101.34606,103.56874,104.84122,58.00606,56.322307,55.278057,53.270147,125.77901,141.35373,143.93368,156.9945,184.48587,185.90415,175.55865,214.18526,64.87243,61.199018,66.916014,66.619496,127.81958,120.01383,135.69548,137.05205,175.73429,156.86617,176.77201,169.59189,57.728138,60.433968,58.021531,59.389035,56.884596,57.091772,173.04734,156.29873,155.59309,133.92707,154.7221,145.06568,181.13919,186.36338,173.25119,172.32417,181.88056,187.16168,67.099527,107.19123,20.0,20.648968,22.369848,20.0
71.14889,68.054199,72.872304,76.360813,96.930211,95.860925,94.81127,106.51838,122.34045,100.71176,104.28272,107.70788,55.456735,55.700199,57.358298,54.630277,133.73035,138.51526,147.51759,173.47909,178.53641,186.70204,186.72891,234.85938,60.802426,60.931277,63.776777,64.151837,122.78867,118.40464,131.69922,139.3864,183.38479,161.25581,178.49509,168.50744,58.354745,60.703599,58.576355,60.820948,59.498744,58.363472,177.36543,154.9272,154.32797,135.21924,147.77579,145.7192,180.01461,184.83726,184.23491,179.7417,184.60079,186.69432,66.59862,98.317165,20.0,19.172463,18.510463,20.0
71.919851,75.018724,74.8778,70.66052,99.418487,96.221056,99.561933,106.88649,126.79417,102.36889,103.96615,108.92636,55.479076,56.312607,57.242639,54.592111,133.1082,157.90116,146.55367,161.49966,181.38574,195.96375,185.82076,226.91147,61.561412,63.922399,64.629517,62.068113,127.27601,116.92449,134.93866,137.31768,184.45023,162.90182,183.71957,177.30982,59.23161,60.640689,60.613184,59.636457,63.309654,59.730446,175.79945,164.12847,176.54527,140.63767,154.46043,147.43219,188.65459,181.73382,188.34341,186.6878,188.57046,184.86388,71.716223,100.2993,20.0,19.1301,19.352414,20.0
75.370857,78.479766,76.270794,70.20952,100.19368,98.098873,101.51103,107.91539,118.70501,103.98856,106.33066,111.57334,57.241474,57.916007,58.210315,55.162581,140.99903,140.19932,143.11546,168.36411,197.99484,196.63207,186.9024,248.68706,65.225141,64.800649,66.477968,66.309683,140.08313,125.46013,136.434,146.03527,181.43954,162.68457,180.0317,174.152,61.29917,61.171995,60.622264,60.244538,64.028404,60.187426,187.44569,166.67969,166.82301,136.681,153.06029,150.81938,192.28465,187.14818,193.99143,191.72164,189.00103,193.55503,68.862821,105.31635,20.0,20.210066,20.75041,20.0
75.709212,69.917217,76.754389,84.977729,100.14951,99.899092,101.03282,109.56886,131.2718,104.14494,107.23959,111.86668,58.617322,57.727114,60.142346,55.631997,132.58639,140.40198,153.36297,172.47046,199.46828,201.33332,182.5306,231.38208,66.668476,63.112924,66.531698,67.219497,125.75226,127.3654,133.25195,144.0842,191.78308,170.60897,190.91502,177.7191,60.432824,56.789509,61.642377,59.831898,59.668607,60.347585,177.3912,175.49317,169.73492,141.3455,151.19393,151.03415,192.12498,193.11588,189.12739,187.22646,194.4799,189.05436,67.196243,102.41714,20.0,19.490771,18.705399,20.0
72.53355,73.795785,75.899305,67.974168,101.7678,102.44087,103.63711,110.87747,131.57849,105.854,107.10573,113.50316,60.364914,58.927649,58.961009,56.384223,138.37278,152.0811,158.43061,178.79894,196.57489,199.92975,194.84521,240.85969,67.635097,65.319549,67.556038,66.463722,124.52351,123.54609,139.16741,141.83402,178.20987,171.76605,180.86716,179.18752,61.835922,58.945741,60.718266,60.206473,61.191069,60.781363,186.4771,156.50672,162.23539,150.41289,157.08713,157.09759,191.97144,198.02032,192.86836,185.55665,195.06767,194.13255,73.44476,102.5275,20.0,18.515565,19.887716,20.0
72.808844,77.464476,77.790268,68.739324,102.67759,106.74801,105.3422,112.11889,128.23565,108.65335,113.83328,115.06744,63.67626,60.582762,59.038782,57.146354,137.44455,160.99491,155.17632,166.34976,196.0446,200.84649,191.80758,240.02796,66.292216,70.004431,69.328116,68.347501,140.19782,126.20776,143.45058,154.65666,189.33087,169.62503,186.25991,173.4991,62.171005,59.463852,62.640604,63.810309,58.847219,59.531165,185.79834,170.08597,176.97282,147.27036,158.88698,156.44917,190.70073,201.70635,200.55958,185.28269,195.83787,196.41073,76.525075,110.00056,20.0,17.57311,19.881677,20.0
79.035329,69.091294,78.236258,69.960476,104.00741,107.88708,105.83435,110.93458,130.71521,110.82116,115.31985,112.47291,63.43578,57.738642,60.318575,60.357093,137.44151,169.66203,158.85454,159.30432,192.9635,208.95309,205.22529,230.91534,65.991269,65.473919,68.484581,69.12871,128.82329,131.61351,139.22877,152.44197,195.5849,173.86675,189.32026,175.98272,61.419539,61.567806,58.873388,64.235714,60.550039,61.48917,184.73679,141.61741,162.8846,140.65847,153.77534,160.55864,196.75812,199.61996,197.73179,187.03695,197.75287,196.57262,71.116898,113.1603,20.0,20.43773,20.239234,20.0
76.415213,73.366607,79.358499,72.231795,106.11039,107.87652,105.08744,111.05703,135.30878,109.56535,112.54921,112.84044,63.493527,58.015947,64.52916,60.425308,143.60287,157.66867,161.32644,177.033,203.21158,217.3036,195.26265,236.73514,64.635004,61.273512,67.366507,64.930201,132.70484,127.6086,140.77275,149.39337,187.16965,174.1544,188.75261,179.0543,67.284926,64.627179,63.167281,65.5478,64.056043,62.820902,195.90431,175.70165,176.33444,141.33655,162.00465,162.15981,201.61384,200.15687,199.37158,191.45158,201.85785,204.73717,66.547989,115.30674,20.0,19.30222,22.173717,20.0
74.259565,78.771611,75.603756,79.23062,105.2112,107.75876,103.09398,114.02369,131.54063,109.75407,111.53057,117.24949,62.837895,57.736988,65.212285,59.251431,139.95745,161.34094,163.60529,173.82638,199.07643,219.13474,214.05402,250.65889,63.384489,66.081271,68.290076,69.423518,140.03899,140.45649,150.85883,155.299,192.82998,174.77914,188.00512,177.00095,68.847093,63.456045,66.668303,66.803681,66.131574,64.06521,198.82445,180.80602,183.60236,151.96074,170.6114,164.14455,201.99386,204.7976,200.13785,192.1576,203.34639,204.30346,73.665636,116.08155,20.0,18.939038,20.281166,20.0
79.289181,76.672277,77.999958,69.969553,106.32554,105.81805,105.79699,114.69543,137.01273,112.65172,112.10461,115.99692,62.683849,64.811967,61.143233,58.974373,150.30301,162.41619,158.22164,176.92731,207.70451,216.20519,210.41511,250.43343,68.890305,69.470427,70.204419,71.145614,138.06438,137.68639,152.63322,162.15179,195.5867,178.87889,196.41438,184.59369,66.757562,68.064409,66.306355,61.679651,65.711053,63.41694,191.1921,173.01337,186.41724,159.67812,175.48812,169.08305,206.55448,210.97024,200.00513,195.45539,203.88143,209.45181,78.276517,111.22938,20.0,20.352218,21.377696,20.0
80.589242,72.650392,78.920436,69.702483,108.43001,110.05753,109.05664,113.21603,138.5476,112.492,113.00668,116.25012,63.797895,62.076162,62.809248,63.378771,151.62156,159.26138,169.63519,180.7736,214.76541,218.18643,203.88065,259.59576,73.076796,65.84419,73.358532,68.360363,152.06977,134.14028,151.45145,153.04183,195.03333,176.59778,191.48583,184.38924,68.16753,67.230045,64.313455,62.234598,66.433156,63.055247,196.88466,169.04545,186.28357,168.11714,160.54601,166.89033,203.73729,209.01128,201.91906,195.79083,206.90825,211.40525,79.011787,117.25918,20.0,19.284504,20.925683,20.0
76.654693,73.915024,79.488974,76.232176,109.58165,111.98304,107.55945,117.29776,140.117,111.0965,115.53098,119.34729,65.571726,60.792807,63.711369,64.049355,144.18271,177.82157,165.56809,169.48992,216.15493,218.35298,210.39104,267.67791,71.265046,64.863293,72.199685,71.443754,141.24423,136.74186,147.13668,158.30677,203.35894,180.44755,202.52482,192.54715,68.108323,64.513198,64.362882,68.056049,67.020801,63.38482,201.18217,169.72598,169.07403,168.11283,180.45243,172.68527,206.00682,217.77768,210.39535,197.93623,210.09205,209.08304,75.517919,114.31033,20.0,20.384934,20.571516,20.0
75.651226,83.885091,80.225703,78.617037,110.13272,110.01435,109.71817,118.29787,142.69524,111.38765,116.16688,120.19286,69.301451,61.321847,65.140632,62.910706,143.42158,168.63416,168.16084,180.46868,215.67206,222.09491,210.08476,246.94628,73.710654,68.540586,73.724127,69.713813,142.83072,136.84886,152.91765,153.21864,198.50858,185.05539,195.59038,190.27085,64.432249,66.18158,65.731123,66.170644,66.817354,64.692911,208.49916,174.62528,188.64359,163.72821,179.03028,172.56884,214.22024,220.39647,205.26314,200.16271,212.29981,218.17984,76.872266,116.5141,20.0,20.001774,20.224295,20.0
82.447564,83.463075,81.145867,74.723384,109.99127,108.91667,112.84027,118.68538,139.59184,114.2816,115.63904,121.48574,69.025411,62.466398,65.134157,63.077306,154.02806,176.22888,178.64093,190.85112,204.57221,245.52587,208.56782,250.83398,71.260882,72.153489,74.262245,74.284724,145.78476,142.43524,153.20935,160.98575,202.76593,183.49402,203.04888,191.92753,67.072726,69.569951,66.057027,66.123236,65.203514,65.804158,204.61,190.711,198.96284,160.72682,179.52333,168.88028,221.25285,219.31624,216.84473,203.8372,216.19939,218.43798,79.675006,119.66368,20.0,19.60424,19.223516,20.0
81.733407,77.710408,86.530121,85.997101,109.34907,110.10538,111.70701,119.1709,142.29546,116.65494,117.19679,123.10327,66.167991,64.671054,67.18266,63.814575,153.3162,180.30553,177.41585,183.94779,213.85651,247.78955,216.78652,258.01925,72.607424,73.901595,74.790963,75.611133,148.3822,138.06688,163.90628,163.88592,209.68757,193.74262,204.09372,194.50455,68.318606,66.647265,66.420643,66.273109,65.79239,66.115714,212.30294,182.68597,189.21193,160.39983,177.92822,176.58758,215.14318,222.82275,216.76505,210.29121,217.51704,226.16453,80.117391,117.87754,20.0,20.193856,19.039141,20.0
82.497147,85.966002,87.855516,87.270586,114.25301,110.51467,111.76155,120.86949,146.73249,118.20858,121.59231,123.58567,67.613726,68.127313,65.426462,65.478593,148.95352,180.09465,177.86639,182.35662,233.1104,236.9979,212.14535,259.50681,74.166562,73.273268,76.610548,72.813831,147.53788,149.46593,162.36587,169.56124,207.20597,188.34946,207.08223,199.03675,70.464053,67.58295,66.703988,67.394862,65.184952,65.376391,203.91691,170.5989,205.29181,181.04819,170.37881,178.54412,222.45671,216.19395,219.24685,211.16572,222.15642,218.81956,80.342052,129.34131,20.0,19.155674,20.271429,20.0
84.512533,89.953508,86.704072,97.279753,114.476,112.48441,114.04757,120.96439,151.33349,120.66581,122.95833,127.58644,67.559625,70.567798,65.492709,66.234128,155.67324,189.99032,184.54453,181.16324,227.91514,229.49772,213.04278,268.24967,73.177974,76.971832,79.468051,77.3941,152.49653,144.72695,175.59016,176.67802,218.75174,194.8882,210.30688,195.49975,71.102016,71.574327,72.357681,65.471663,66.506324,66.005688,218.83283,169.18494,213.49314,188.92229,180.38627,178.2027,228.06976,225.95657,224.85101,211.24452,222.08379,226.63094,82.733205,133.18332,20.0,18.654321,18.635891,20.0
83.743561,90.153409,89.769448,103.69451,115.48683,113.10009,114.41012,125.34076,152.8339,122.86001,123.90121,128.39134,70.385418,72.3556,66.870446,63.88899,154.05507,187.376,188.74095,201.12031,227.10439,236.54215,222.61529,265.97026,75.227358,77.770557,79.10649,77.903805,147.84001,143.62499,166.31638,165.36556,216.58241,192.81668,208.76135,199.49298,70.381512,73.199015,70.21984,66.155951,67.948158,68.366972,223.67661,183.28597,198.40613,176.24156,190.60156,178.71091,234.88389,231.83354,226.76007,214.38549,224.04141,227.09798,84.998539,123.68902,20.0,19.038289,18.596338,20.0
88.599216,92.951085,94.279881,83.889349,118.37041,113.61753,116.83134,125.65232,160.48227,124.13329,127.47297,127.72808,70.661865,68.435048,66.402744,64.410978,154.66608,179.46713,178.14319,182.81715,226.01959,245.56207,221.88365,292.21592,75.650106,77.043056,80.0171,76.063254,156.95002,154.10695,166.5668,169.81407,222.55362,198.90631,218.38653,203.32137,73.489201,72.016639,69.839096,66.85205,67.426117,68.32635,205.50787,193.89656,205.69384,167.9344,184.62387,183.50214,220.91421,228.62801,228.03218,216.89216,229.42351,225.6626,88.95803,131.79348,20.0,19.42404,21.052757,20.0
89.919789,88.692968,94.756869,95.487216,119.4944,115.91965,119.76258,124.98649,154.29544,123.88993,126.64858,131.39708,73.180695,65.748869,66.953388,72.354275,163.93948,184.13206,180.08297,202.40213,230.2704,251.20059,230.79358,283.41926,78.705009,77.085159,82.341802,81.111871,152.44898,149.47942,175.37158,170.0093,219.07129,201.94001,222.13276,216.35626,74.130558,73.445936,69.232093,66.931345,69.712984,70.216846,199.72805,184.51142,196.38805,177.89691,190.94681,187.79905,220.97003,223.34598,234.44067,217.87708,227.02782,228.02824,91.834182,128.51704,20.0,19.499873,19.958564,20.0
88.853098,90.177502,92.849593,102.25449,120.25801,116.12389,118.99297,123.41719,154.52464,123.59858,128.63702,130.91088,73.050556,67.44802,69.632685,73.83486,167.18155,187.17262,194.63307,182.38754,221.20755,260.93253,225.02798,283.95649,81.607109,78.426081,84.178666,78.303291,159.47017,150.81939,172.28488,164.46384,217.83248,199.54845,213.42188,208.12855,74.314793,74.796585,72.986874,69.160296,73.701264,70.870474,225.00313,187.40962,200.91336,178.47222,187.94938,190.10464,227.98703,235.10441,233.71105,221.09416,232.77397,230.4316,87.802449,120.37855,20.0,20.260382,21.292015,20.0
88.646691,96.673941,89.166134,85.598984,120.8076,119.18265,120.75312,126.68806,150.94174,125.65963,128.68516,132.0395,76.533105,70.202452,69.906261,72.354166,165.388,191.77406,191.94847,196.97578,239.35879,259.17399,227.31578,289.77735,83.972142,81.460378,84.261843,81.409881,161.74979,160.63942,174.32079,170.19946,222.74614,204.61828,216.20599,206.94199,74.591219,71.987747,76.461529,70.178106,74.055273,70.675245,221.91488,193.04902,214.63483,174.6683,196.11286,189.66607,239.11312,240.34348,232.16481,224.83551,230.9488,238.64232,89.419995,125.47853,20.0,18.119337,19.255412,20.0
90.372528,89.481567,87.870136,101.13467,120.37115,121.53864,118.77943,128.04968,157.26592,126.49195,129.77317,131.51152,79.451215,73.753806,71.637793,71.210212,157.84597,199.74659,191.93705,190.79016,244.3788,269.70067,231.51116,279.4508,84.574956,82.526401,86.1992,84.690115,167.4491,155.63268,178.58839,183.136,216.90866,207.44405,219.58539,209.16905,69.375222,75.471125,74.944579,73.757401,75.370403,73.405556,229.90528,195.45671,212.08955,192.43708,201.97925,188.23311,240.28123,243.18131,233.36841,227.01265,242.9546,250.06616,92.524637,140.77992,20.0,17.616315,20.762443,20.0
90.740507,89.577908,95.917572,103.71572,122.29122,118.51194,121.10032,128.28099,160.2284,128.9423,129.77235,134.63766,81.264866,73.639961,77.637359,70.710747,163.27798,183.2479,179.18,204.83606,250.91287,266.66506,229.44528,282.59801,79.214107,80.963203,86.712935,85.089816,170.1579,155.89788,171.14992,188.97366,228.68205,199.46255,227.63012,210.45708,70.735946,79.990202,77.667234,77.71271,79.814863,74.387915,229.90351,194.81966,212.39526,192.35014,200.58482,187.18202,236.10271,243.95722,245.7643,226.31975,240.97761,233.68863,93.59951,146.58174,20.0,19.024497,20.666397,20.0
90.896751,93.798972,96.604927,98.298762,122.97549,123.02458,123.22737,133.98496,159.37891,128.50661,131.10043,138.33351,82.166186,79.986315,76.967435,71.288161,171.56152,195.60798,182.22797,196.01013,243.61916,270.8831,240.30569,307.11265,83.341044,80.994035,84.129981,83.237156,173.63966,156.76131,170.20431,178.82945,212.1399,202.36086,216.33236,216.21612,84.689553,78.564557,81.498602,78.458027,80.32996,75.429115,220.93042,202.28486,220.01632,194.9106,208.50835,185.18832,238.11855,245.63686,244.28092,234.04513,238.11826,243.03013,95.110923,140.169,20.0,18.629374,19.450231,20.0
94.210591,92.013325,98.18694,107.18453,126.61697,121.37204,124.83277,135.86529,160.53398,130.75679,133.41393,139.3957,83.406042,78.582394,73.779952,75.871842,172.24734,186.07364,190.71535,186.85388,242.60319,265.02743,242.65447,308.27343,87.956428,84.489617,85.875127,86.301104,173.30731,155.33544,181.19214,181.78693,240.99221,215.01714,230.84655,212.59244,83.87675,83.341308,84.856309,79.932102,77.304804,75.973359,226.35512,191.9567,212.74014,191.87958,198.44623,180.74488,237.94529,244.42649,241.9649,229.48135,250.61215,256.56364,92.511037,131.14364,20.0,19.457675,19.789859,20.0
93.949263,100.62142,101.41167,89.562177,127.02406,123.70666,124.77551,134.22106,161.14046,132.60268,134.17676,138.41241,85.560752,75.930721,73.786117,77.248695,175.53372,198.02332,201.62535,189.00658,259.17467,263.79625,238.9622,304.52472,91.024936,91.693812,87.348377,84.831751,174.14123,156.48332,181.25596,195.96959,231.70996,212.01452,228.15417,218.52446,80.682132,82.517518,84.035437,81.944796,88.185273,77.783289,227.27427,224.53668,236.24922,188.7909,198.21233,193.7247,242.48631,244.53211,250.06033,232.01773,249.88567,244.14539,97.779184,139.90817,20.0,19.73018,20.095184,20.0
97.01636,96.275207,102.77771,98.250147,128.30951,131.10137,124.89543,136.13076,165.56165,134.10108,143.03374,136.77185,87.00197,76.347957,77.072585,74.160558,180.99286,213.20086,206.05507,203.24638,249.11229,278.86442,251.01489,330.7421,92.542794,91.463148,88.088493,87.617843,180.5961,170.51802,186.66866,198.16535,229.06965,210.96557,228.7715,215.841,84.425825,83.386734,86.877363,84.220544,89.068257,79.977771,234.48496,215.15941,217.40563,201.11752,194.85698,189.38972,244.21063,248.50797,246.93109,236.10265,246.65028,254.29797,100.45028,137.60963,20.0,19.47598,19.903038,20.0
98.664628,94.996827,103.60009,116.40551,128.71497,127.53253,126.79476,136.35265,165.75769,136.29178,136.5563,143.12909,83.917553,77.460074,80.855451,72.941332,176.48467,219.87297,208.49716,190.67343,249.53334,295.74552,241.13092,330.16614,94.435377,92.601351,91.593506,89.97744,165.45684,165.18523,190.24365,195.03366,236.87394,222.13514,228.48185,220.92309,85.553418,82.35603,86.242824,81.682701,87.65905,81.679578,222.75888,199.87315,233.89844,202.0999,214.69329,196.22742,245.83064,252.73249,249.05921,236.09615,257.95504,251.20675,99.067055,151.1899,20.0,19.34901,20.844925,20.0
96.935971,105.21041,103.3456,103.53817,130.49156,125.4749,128.86141,141.02573,171.53104,137.09527,137.52607,142.21515,87.283534,76.262689,78.929445,78.90614,184.11989,220.26523,194.35696,206.81469,259.36766,281.06405,250.62364,333.89267,94.427876,94.320625,91.490662,87.890117,184.75749,173.38689,194.00684,195.21533,232.2315,212.07664,222.84609,221.34837,81.647954,82.359254,85.905575,81.797255,91.516831,79.896119,250.1817,207.63031,238.59794,219.20791,210.10517,195.42989,259.55817,259.3734,253.704,241.46523,243.99289,256.3301,103.33002,133.93618,20.0,19.403349,19.414165,20.0
99.068509,104.00493,101.01019,115.55317,129.80039,130.72232,130.5005,141.20824,161.77808,138.29696,139.77938,147.56026,84.625485,75.805842,78.368832,87.812608,183.19479,207.27201,198.7248,216.49198,263.28981,278.54562,250.74691,304.2558,89.500334,96.344126,94.054755,93.127903,185.86236,168.0732,191.40146,188.9161,235.55455,217.64643,232.78906,219.45352,82.271545,83.189884,84.013339,86.846947,90.715355,81.677007,251.65036,218.79905,240.85735,227.0361,189.77447,195.28241,254.8557,262.55916,258.00203,243.34202,259.74403,263.43529,105.13403,132.54178,20.0,19.911345,20.124551,20.0
104.26906,102.82276,102.87716,106.31305,130.97819,135.49118,129.35966,141.34305,172.78087,140.06328,139.59814,141.76981,90.974867,78.827509,78.470054,82.33272,172.96504,205.06639,189.91562,228.67782,258.88563,288.97296,248.55937,319.10415,92.362862,96.088629,96.455784,91.604415,175.02373,168.64155,188.59808,196.07129,243.79624,220.3637,241.20029,224.14341,82.335668,84.261886,87.763325,83.428128,92.097778,80.477673,237.02741,209.38905,243.93182,226.44126,203.59348,197.17225,262.46336,263.18341,264.6797,250.40185,260.46776,269.65324,107.0656,137.71997,20.0,19.644211,20.014876,20.0
105.18304,99.985379,107.47844,105.19914,133.33699,131.41084,133.8755,141.10876,166.03228,140.5438,141.68451,145.69855,93.208864,86.006082,81.168233,80.998308,172.36612,234.10546,205.57668,220.30557,261.56411,299.67088,259.78472,359.15215,92.844254,91.380174,98.239301,90.74726,187.11947,169.9849,180.79307,203.66994,245.82111,222.70498,239.62733,232.39225,84.710529,86.634364,85.937919,81.874436,87.496179,82.758934,247.91118,221.49866,232.25974,198.47074,218.41855,204.3951,259.61431,273.42971,255.57525,249.78349,264.80555,268.52162,104.5697,156.02162,20.0,19.110025,19.015787,20.0
101.16801,109.25707,107.47661,111.45185,133.27512,129.47886,134.32057,144.27849,169.57281,141.26239,143.309,146.7405,87.330969,88.720129,84.701374,80.259802,193.29348,203.08772,204.12356,192.07086,258.07042,308.70773,261.45309,324.6228,93.253512,90.371542,97.466994,94.056971,178.07074,175.38348,180.06259,210.73709,242.93425,224.64165,244.57848,231.98158,90.382787,90.94465,93.339482,83.046024,88.831936,84.261822,243.78101,217.74889,236.50646,229.76539,225.9989,205.51666,253.19777,276.85835,253.29401,250.14058,264.29749,262.70839,106.78209,148.25295,20.0,19.077765,20.500152,20.0
104.73168,106.27825,106.55589,107.6491,133.65551,130.87611,132.67906,144.35927,172.59712,141.77378,141.22535,149.11501,93.255242,80.628429,86.135413,85.838257,178.28053,228.32768,202.68669,231.98057,262.67611,298.36832,257.82758,318.4802,94.714253,94.699389,95.5474,94.013205,185.53089,180.10365,200.62032,203.79723,247.06521,226.93935,239.25835,226.55121,89.499714,92.371461,92.935365,80.089921,91.073954,89.810752,230.51035,231.13849,244.11389,204.80407,220.78874,203.47741,259.97979,275.91032,270.66514,258.78682,255.90997,266.00065,107.42141,164.66423,20.0,19.713886,20.366288,20.0
107.05977,111.78473,109.99226,103.07006,136.75486,135.3318,137.57334,145.70495,179.33143,140.90204,142.25874,148.43686,91.669523,92.950918,86.474792,86.518226,186.13639,227.95526,221.27691,235.21539,264.60431,311.00393,259.29143,361.11502,94.11129,100.81619,97.743547,95.048872,186.59662,183.33407,191.5734,208.50061,252.12536,234.68272,247.37069,227.54574,92.095946,91.000837,90.987635,82.147431,101.28277,87.847069,253.01737,239.6651,240.81305,204.92371,212.56747,216.55515,267.9088,284.35968,269.56833,254.28464,256.55913,256.96318,109.82931,145.35504,20.0,19.776852,19.323009,20.0
107.69659,105.05054,109.1489,121.53352,137.56748,133.83403,132.35452,146.19638,173.63969,141.85705,141.07095,149.95533,90.995436,90.939012,85.635906,84.707199,183.15799,222.76616,231.05969,214.34373,266.68245,321.80235,266.74121,387.28565,99.389732,101.9693,100.62326,97.550466,181.54489,181.35198,197.74131,211.91287,240.47144,219.53206,241.05503,232.06449,91.364298,92.024472,90.643455,88.825303,100.00016,89.834097,264.71053,212.66618,244.75499,224.60198,230.1885,219.70478,260.2434,275.49928,266.34267,261.8663,262.56738,266.3634,110.13323,153.32417,20.0,19.739496,21.171704,20.0
107.32504,109.59496,111.46897,121.52982,139.75333,132.64362,137.59717,147.77042,189.53707,141.76483,145.15263,149.27881,96.66464,91.91779,84.112851,86.885417,191.69883,229.34103,216.71147,226.81693,267.86869,301.55126,276.12066,343.21379,100.35402,103.00035,103.98863,101.17035,184.02755,190.33872,203.48371,215.8102,265.68948,231.76995,247.69729,228.6314,89.932342,91.3214,91.524794,88.146878,92.735473,88.30247,250.45405,236.78933,251.05183,225.66162,213.09352,214.6136,261.85146,275.43085,262.49378,257.81303,264.01086,273.68435,112.85047,177.87237,20.0,18.72599,17.766775,20.0
112.00704,115.91148,111.50996,122.72921,141.56624,137.08304,138.28649,147.89661,179.51333,143.88771,148.651,151.98276,96.429259,89.20324,86.900575,86.406327,181.02046,226.4287,227.13684,224.75115,266.01365,309.5026,273.31751,329.39246,98.438112,103.8219,103.84744,98.177723,179.41672,201.19099,203.98798,223.31139,257.11932,246.09413,248.98658,243.42015,94.168396,91.256876,87.764297,87.711805,95.507752,87.239311,250.13663,252.50884,245.49413,215.6383,222.64741,207.98279,280.1104,283.51982,267.45852,258.58439,272.07536,285.0732,112.26768,170.54062,20.0,19.526049,20.576983,20.0
116.80035,122.93078,111.98415,137.94357,139.93772,140.13868,139.72439,151.16849,198.69574,147.44676,150.83123,156.2887,99.118741,92.14333,89.392715,90.437547,191.99926,204.16544,224.11206,218.2455,270.34005,307.15538,268.74875,323.07373,95.231735,99.984739,100.34731,100.99441,186.79877,185.01864,207.33477,223.87058,253.58584,229.7148,245.98215,240.64413,90.717756,90.331024,88.333019,96.471514,92.502972,87.861051,267.2246,237.63311,254.02293,244.0795,227.64944,208.77308,286.3876,289.29623,277.1023,265.16884,269.17666,260.77658,113.01765,160.79546,20.0,18.497901,20.010863,20.0
115.1473,126.28903,111.60313,126.30722,140.25237,144.69044,141.06081,151.61398,193.80719,148.73045,149.90385,154.86959,97.343816,91.601329,93.770416,89.257087,187.08114,218.60169,225.71004,219.59175,278.68444,300.87947,269.08726,342.3559,97.361113,99.422922,100.49426,99.382741,176.76366,185.02965,206.92389,212.23186,256.0326,235.37157,248.66125,235.4168,90.279645,96.365666,92.716967,94.635711,99.501887,92.4428,273.93028,243.35701,252.25925,224.21589,225.91657,222.33881,273.20256,289.33924,275.67238,265.80839,266.41736,272.92925,115.19389,161.27301,20.0,19.32938,18.176467,20.0
113.57012,116.08504,112.35357,135.83623,144.13686,148.93825,143.07027,153.79813,178.4857,148.20526,150.42132,156.05038,105.40454,95.706867,91.066328,90.99286,189.76986,222.94737,224.0203,231.07415,299.02686,299.89725,291.62422,346.69287,105.34028,105.6132,106.65014,100.85463,187.89791,191.42894,208.7166,223.39236,254.52083,236.47595,254.2201,242.33748,93.944059,100.51276,94.76692,91.174886,99.908856,91.949883,247.66353,216.19457,253.40156,218.53611,227.55122,218.26185,276.76815,287.93691,275.70228,262.70479,268.8244,274.23876,119.50515,175.20214,20.0,18.999109,18.340981,20.0
113.31984,115.97799,114.6688,129.50125,145.49365,144.66994,145.65352,151.8359,192.21443,148.16112,151.71025,153.71277,103.06151,95.42152,92.716595,90.716441,195.73705,217.80743,224.60105,216.81245,296.23756,322.11004,280.17621,344.17393,108.52304,107.51609,109.49828,106.31961,202.18538,197.16376,207.58417,225.20204,257.67042,230.02672,245.53223,239.07431,100.84285,103.6132,99.231712,98.371692,103.45684,92.005618,264.36276,245.32618,247.14018,235.63717,237.59957,224.05628,288.57846,288.50129,266.41145,264.42227,264.91088,289.92575,120.47893,186.95313,20.0,18.959533,20.869819,20.0
116.25489,119.33351,118.09447,122.31567,143.66995,141.01609,145.559,153.04857,197.7005,151.11774,152.14913,157.6598,106.71792,96.401902,98.036735,90.975146,190.72048,229.4334,222.34975,211.97558,296.96315,312.70607,288.76126,342.53191,105.26708,106.72407,107.75721,109.29131,188.45851,196.6177,219.07552,224.2211,274.78238,248.754,250.5658,241.29071,99.957637,101.92624,99.181976,99.145663,106.53872,95.925096,284.55082,241.7242,256.61584,227.27373,241.08916,218.94464,293.31874,293.3339,284.00195,275.31374,277.01319,296.53537,121.84307,161.29594,20.0,17.826324,21.246402,20.0
119.52615,122.74103,115.93586,142.10536,144.64303,141.52734,144.95618,156.14283,184.84344,150.21073,156.41606,159.92446,114.02671,89.871891,97.043206,91.880213,188.43552,233.77444,226.80613,248.78032,303.45278,321.52932,293.59888,359.45746,107.97095,114.7647,107.32557,107.36361,189.60521,208.99442,216.40001,228.47701,274.80758,238.14151,271.64563,255.27786,97.975946,98.480467,95.390935,96.578117,103.11651,94.52483,249.20911,210.08918,258.12868,213.19926,240.02001,224.77348,291.75202,287.75891,288.36441,275.43574,276.05036,283.41138,123.49846,191.81447,20.0,20.478912,20.045953,20.0
118.48096,124.91853,116.43871,128.9316,150.45113,152.11647,147.85808,154.49113,173.47052,151.0093,168.01497,159.90876,113.54316,96.560329,96.347912,93.888599,201.83791,221.12512,241.83532,226.22513,302.44874,320.20095,294.57765,382.84072,109.61646,105.07848,109.71315,108.15467,197.05704,187.82433,215.83308,220.96618,275.57837,240.20271,262.49758,250.92426,100.24581,98.227696,101.45463,98.328578,103.5524,94.651872,264.88279,221.9766,263.94566,226.48121,239.0071,221.27214,288.03307,290.87099,281.80471,271.51948,281.76931,285.76805,121.7219,171.27602,20.0,19.106977,20.250011,20.0
117.96645,124.73468,119.06372,125.84908,148.22271,147.14279,147.45609,155.21519,187.69726,159.23939,162.31093,158.73924,110.34517,95.867239,102.9219,98.148373,201.66508,215.59765,244.77892,217.95215,287.39565,343.62322,279.53142,359.11599,107.64239,108.65212,109.60177,111.71712,211.23234,197.97806,218.35009,227.21133,272.60472,246.16456,256.63184,250.70968,102.03076,100.01315,106.83763,97.298113,104.39479,97.209339,276.59832,235.3672,271.30691,247.66186,247.34283,223.48931,296.35042,302.41542,286.18023,270.9165,283.47148,285.28668,120.67448,166.57153,20.0,18.904887,19.557612,20.0
113.80397,130.6721,120.45286,142.5905,149.2286,148.63416,148.84815,152.95949,202.30663,152.80445,158.21321,161.99038,111.89432,91.700847,102.90944,100.14039,202.4462,235.25624,227.72869,248.64335,296.01251,326.08619,291.40029,368.4465,111.87534,115.47162,109.00821,107.69083,211.12961,198.41272,215.86721,220.78533,264.09997,247.03613,260.0049,240.22755,98.171845,105.22014,103.43917,98.364312,110.3456,97.707077,286.75244,224.65112,266.47025,247.77317,243.27758,225.22895,291.04091,304.71863,288.72819,280.57387,276.36197,281.92189,124.83693,178.74169,20.0,20.599458,20.173516,20.0
121.46253,125.17211,117.31576,147.58976,151.68215,150.0409,145.67968,158.71357,208.11079,150.48764,156.99692,164.73018,110.06297,98.862938,104.53421,100.34771,189.92393,252.95187,238.0269,246.58308,289.26523,334.98212,293.95336,418.50902,111.74202,113.9176,112.42501,110.37723,214.13139,200.58576,217.40624,232.74015,277.09746,254.93825,266.13375,248.5929,94.45279,104.94677,103.22957,100.32936,104.09022,96.213271,270.30794,214.51501,268.39322,245.45848,241.80691,225.7844,295.85674,311.66727,290.22868,281.42141,287.13226,285.82346,121.80111,181.8148,20.0,20.02694,21.543302,20.0
122.9653,123.05533,118.12933,145.65805,147.03302,145.70935,146.3534,155.57738,208.64246,153.98944,157.20256,163.05723,108.03322,98.207447,101.30898,101.82942,194.87404,247.47994,236.52609,243.54423,296.21599,338.39565,306.96057,378.70804,113.33494,117.27484,111.6388,112.77953,197.95138,206.71789,209.9138,236.36712,276.44358,249.90833,266.85177,256.18697,94.982979,102.51169,103.30164,98.930658,107.44344,97.535453,250.75918,241.10602,271.85549,246.18729,244.24302,231.93311,302.54365,310.45787,299.94981,280.32587,280.84141,296.13016,124.25279,165.69722,20.0,19.428035,19.592592,20.0
119.16911,135.42314,122.06329,138.70759,148.17147,151.25599,151.35156,159.28883,197.44358,155.66058,158.99236,169.35173,107.77563,99.866263,100.88846,105.55488,195.51493,237.79476,228.49332,241.15922,294.58983,337.2722,285.48676,373.2063,117.28947,115.55099,114.40665,115.30379,202.80302,195.55155,223.02148,233.89831,296.71416,260.41112,282.63385,264.96821,97.621488,108.57264,105.74993,99.54586,104.40195,98.437951,279.41667,253.87191,247.74721,238.6091,263.27113,229.72848,299.87737,310.68938,307.16527,286.30094,297.80907,306.80577,125.54203,176.78952,20.0,20.021936,19.441161,20.0
125.37225,129.68773,122.80596,140.0226,147.6525,154.66612,150.65651,161.12369,202.77798,155.68062,160.44374,166.17576,115.85666,102.32134,106.2536,109.70445,209.86028,245.58714,243.80233,240.28343,305.97131,333.32583,298.10153,380.31208,110.94206,113.94146,113.53697,115.29005,194.42427,214.46509,202.77245,252.24104,280.87458,246.87149,279.36583,271.89801,99.891795,110.53237,107.8053,106.36339,105.90321,99.426724,285.54391,248.36381,272.97401,249.34447,226.85576,247.83946,293.97129,307.82759,301.53996,289.30281,300.83713,289.19587,126.57435,204.60785,20.0,20.793868,22.230016,20.0
125.74451,126.9218,125.94691,140.50298,156.85285,149.26491,150.29818,162.93013,199.96267,159.08264,162.95754,167.45638,111.63407,104.34805,110.60202,103.55306,210.01467,238.33582,241.27222,225.56932,298.95972,336.9676,299.1694,361.24903,107.5953,112.27485,112.84962,110.93443,218.15104,195.37545,216.27995,234.34686,280.6156,262.07609,268.7294,255.69928,110.97997,117.96703,110.29813,107.97735,113.58428,104.86063,269.14219,248.04575,282.44459,266.01396,222.70594,230.01884,290.24306,303.87616,309.48142,290.83032,286.5942,288.21002,125.72713,165.27134,20.0,19.054422,19.812684,20.0
119.97777,126.5437,124.70062,148.69177,151.7543,149.55626,151.91068,162.89127,193.43936,161.08881,164.86116,164.5047,116.28078,109.3105,108.70499,102.63358,207.46515,238.92076,233.87161,266.94309,297.65376,338.02189,294.36324,383.66857,117.01684,120.16938,116.79447,117.06636,235.70182,202.913,230.18691,234.87562,283.90902,252.86543,278.48082,261.81913,113.54587,119.98624,109.09574,110.87953,107.53885,111.62527,290.9952,245.62792,280.79861,247.29694,247.32754,232.05259,304.79985,311.19886,316.49966,290.3047,295.28409,295.85826,129.69501,183.04388,20.0,18.855101,21.296302,20.0
122.81127,132.00959,122.96015,130.43597,153.7466,155.25222,152.87326,161.67527,209.83853,157.93004,165.0465,167.60743,119.75382,110.20834,109.30256,102.18933,199.93574,248.91301,240.73198,269.75418,306.77586,347.73396,291.48829,391.77248,121.72249,124.27674,120.41498,117.88806,223.53885,211.65238,233.73215,237.33768,281.97795,248.1439,264.71893,261.04154,111.43139,114.1655,112.97547,114.63214,112.09387,109.19064,293.59647,244.05536,285.76714,249.05467,224.51623,239.37818,315.90936,317.36275,307.30251,290.66387,295.64634,310.43419,128.92955,180.13144,20.0,19.757598,19.018486,20.0
124.90623,131.0279,124.8668,139.92611,151.51565,156.21985,154.59681,166.49653,189.94212,161.54666,167.25997,169.50544,120.53371,113.91717,104.64918,107.24483,203.05227,245.86968,229.38903,256.14794,306.69471,350.51929,287.13435,405.1517,124.87519,127.33129,118.99638,121.66129,223.20573,208.68591,240.54737,240.98487,289.79527,265.34595,280.21284,257.11984,112.42304,114.96792,113.73842,111.49851,114.38681,113.20343,296.13004,272.98875,278.20951,251.54935,251.95136,231.73936,309.06667,319.98898,318.21338,298.26443,299.98757,299.73257,128.43227,197.32181,20.0,19.889068,19.92139,20.0
128.06958,130.34853,129.14067,152.32515,155.19414,154.18262,157.4984,168.04554,218.96964,161.20549,167.84862,172.39946,124.74489,112.79396,105.24752,109.86683,215.20323,260.92866,251.64451,269.06717,312.1823,361.3848,300.60206,388.18834,127.5588,129.40931,116.50538,118.40637,209.95198,208.82162,226.63142,245.19885,288.63231,257.83537,281.6244,274.13091,109.78872,117.78909,113.83241,109.28732,113.36085,113.20827,284.67489,283.02969,274.139,251.30838,238.59834,241.85862,304.75387,327.5168,309.06704,298.25934,310.40398,309.24564,130.87836,177.1879,20.0,19.722743,19.276845,20.0
127.90156,130.64117,126.78842,146.83861,160.48567,157.42859,155.86364,169.74599,208.82302,160.92951,161.86596,174.73271,130.15059,112.39743,113.54151,110.98369,209.49954,262.08155,265.95858,272.78636,310.91508,359.97405,323.38064,390.82173,126.74889,126.85319,118.93432,122.26311,216.12886,206.22119,227.97932,234.00951,291.10346,265.85852,291.45165,266.09299,109.05633,114.51646,117.43773,112.91899,115.50331,115.25016,290.41387,248.43652,285.82082,274.56184,252.99798,243.59297,325.87038,319.98965,313.46643,293.78543,309.28466,308.35092,131.91491,175.52918,20.0,19.807538,20.978675,20.0
131.55944,134.12396,128.19385,135.94819,160.08541,157.95376,160.1224,167.17283,209.69626,160.24043,160.55403,169.12992,132.04495,118.50005,118.75579,111.4864,211.30443,269.65826,251.28918,287.71514,298.58259,339.81901,302.48053,413.36918,129.37604,125.95988,122.53609,124.70508,222.99279,213.49064,240.96322,249.31988,294.49036,264.94169,281.06143,260.73873,114.38295,121.896,116.74807,111.02095,120.75249,112.04829,302.64967,279.9441,288.75373,250.89535,258.10244,250.49267,328.30686,326.19053,319.33251,300.93003,309.89348,310.56984,133.42797,187.42734,20.0,20.441093,20.707739,20.0
130.53628,136.07273,127.75645,157.3019,160.91813,157.13702,157.56265,165.09988,215.59202,162.24522,167.77494,170.72121,127.04162,109.9753,117.3498,112.08827,210.20902,266.40918,240.05897,259.39837,306.73794,368.04925,304.28527,410.33484,126.93441,130.12824,125.12179,127.21658,222.50694,209.67025,237.32527,234.8283,293.77224,268.65145,290.52888,271.89421,116.42872,122.59239,116.08071,113.80861,118.47925,112.1994,297.89502,256.96254,295.93403,262.18711,257.56403,242.57214,315.84299,330.71765,320.70044,302.69024,315.59193,320.80046,136.42663,182.5048,20.0,19.263823,20.275347,20.0
130.69681,137.96087,127.25454,159.81227,159.44032,155.78468,155.58509,166.90996,219.34057,168.22214,172.30416,172.06492,132.66476,110.80205,116.24177,111.20138,215.15165,260.31577,258.39198,306.55646,312.39204,364.55065,319.11651,524.65518,120.62478,128.38902,121.79323,122.66744,230.64948,205.77163,225.60487,245.27488,281.47133,251.85965,283.8216,264.47836,112.95358,125.24959,112.72642,113.50535,118.14081,115.46829,299.04541,249.27696,275.21436,272.07341,261.65435,247.80274,312.37144,336.22347,297.10081,299.77939,311.47879,317.13047,132.61976,182.74987,20.0,20.165098,20.264592,20.0
130.29332,141.51502,129.38556,149.6653,158.77814,156.4223,156.24381,167.84889,205.93139,169.45353,167.40291,172.46005,122.84373,114.14096,121.583,113.10613,219.70265,263.62843,274.11107,234.0624,317.23091,375.66773,320.33194,411.50651,124.08057,128.09952,120.99279,120.81782,219.24773,209.08555,232.72453,238.68444,280.09355,258.79689,282.71752,261.01872,113.31357,124.83781,117.70605,117.09291,116.95121,114.22547,305.28689,240.11605,283.84907,267.4113,245.32863,264.44161,323.85839,341.25729,304.9519,299.02438,303.04577,310.39321,133.66579,175.41893,20.0,19.940071,20.49734,20.0
131.47926,135.44553,130.95836,150.96063,157.61283,158.19294,157.90366,171.04171,208.95624,164.08296,166.34261,170.44664,124.79212,113.04538,122.9268,120.58949,217.44389,251.23147,253.72155,280.80729,312.13514,375.07993,330.99792,394.821,124.50808,127.0108,124.01304,124.44847,213.3754,200.55742,221.82979,230.90773,310.92451,272.95223,281.87455,265.22643,114.00047,122.44479,117.43511,120.55114,114.55762,115.69007,312.22407,301.54042,292.80301,288.16704,271.90071,248.49135,339.63141,331.27047,332.74851,312.66327,317.77209,332.47898,131.70626,181.84087,20.0,18.709112,19.575584,20.0
133.85494,130.84907,131.98265,134.89829,160.10053,157.73985,159.1922,167.74274,214.96912,162.37854,168.7296,174.04143,130.99228,110.67474,124.66482,123.98569,207.24442,278.67942,244.58546,320.34774,309.18674,372.70502,341.09529,434.54354,124.8759,129.28905,123.95963,127.52716,218.35326,194.63561,232.80757,239.11677,304.73539,273.60109,297.26832,284.34983,109.63073,125.73207,114.39339,119.57935,115.99123,112.16437,317.9991,291.97075,280.09038,263.91715,261.72865,242.18083,324.43774,337.59519,325.24348,309.54764,332.65764,325.75661,133.85839,177.29277,20.0,19.375453,19.023002,20.0
129.13367,136.28875,132.14305,148.08685,156.18866,156.50197,158.54022,170.89015,208.04702,164.90174,167.55461,174.80778,133.85895,115.60187,120.86798,119.73796,216.4432,267.87205,243.06964,279.64976,324.79644,384.03161,339.50472,433.78121,125.17242,128.1004,123.68922,128.50801,219.08071,210.62038,243.4541,242.60483,304.38831,270.5452,302.11394,272.8749,111.92623,125.84615,115.43862,121.42612,120.24078,116.99376,303.31197,294.13362,292.06852,279.04118,265.27417,254.64481,326.78562,326.98429,321.83903,311.32244,322.55478,323.97445,134.23565,181.26239,20.0,18.420603,17.526061,20.0
128.63789,138.46435,129.19965,160.13538,156.45469,162.54273,158.51241,168.2648,207.90752,167.09468,170.39919,172.62551,131.67594,121.33261,120.66722,117.84074,221.00243,282.35017,257.83411,295.97726,317.15173,394.20197,343.91837,473.35998,122.4052,127.54173,125.78662,119.30354,231.65283,204.85641,227.34467,235.72712,298.17503,265.92354,285.22387,270.95868,121.46516,130.80749,123.75148,122.69938,127.46004,123.68412,302.82795,283.69268,297.01391,284.55667,272.48989,256.7294,337.86352,341.87875,325.01801,309.4505,319.56688,322.53568,133.5366,201.6641,20.0,17.557862,18.741698,20.0
128.28055,134.58614,130.38408,156.06594,157.87214,163.53995,157.34985,170.71419,201.98394,163.25525,164.99646,174.64565,129.75037,117.55707,119.82283,125.45403,221.67125,271.47055,269.50158,277.60267,327.69932,380.97307,307.52528,464.5738,123.67272,130.97231,124.8071,128.31491,239.85574,223.32202,231.75963,244.06794,292.47467,268.29594,285.49125,272.36811,128.15816,133.23871,121.14612,121.75416,127.22132,126.457,304.43865,271.88435,288.4568,273.25434,282.55538,265.03481,330.86902,358.39985,326.75751,318.33838,313.68265,327.14302,135.73006,180.32404,20.0,19.813769,21.515476,20.0
132.26119,132.15839,132.54877,147.73517,161.38824,158.24605,162.76625,167.97394,221.83592,161.96375,164.8662,170.50785,135.61734,126.30685,117.63562,129.84398,221.39242,280.91787,250.57169,294.8985,328.35982,371.67459,319.3563,471.56399,134.25321,139.46608,129.81583,127.35257,229.38298,221.46171,237.21285,251.31332,300.53747,260.56342,283.95152,272.2628,125.87558,130.1112,123.60035,129.76367,120.52714,119.54373,318.98491,263.156,283.04246,283.53165,254.07227,249.35185,331.78346,339.21663,321.8744,314.58665,319.68897,317.38471,136.08493,194.13878,20.0,20.066193,22.189776,20.0
135.88153,137.4742,130.36736,154.93016,157.36089,160.03648,162.3296,171.00963,208.33935,161.46091,166.25017,170.61296,135.18712,139.40992,120.01904,125.98985,224.23882,290.8923,243.60231,318.03736,334.00948,406.52027,310.87048,476.78119,132.96828,137.98302,126.58834,125.64795,207.20307,214.8513,227.44111,243.19138,307.58465,271.33,303.05134,274.37814,120.92852,130.48262,125.49104,122.06528,121.68444,122.75935,311.95515,269.27604,295.5831,283.83609,268.08328,263.93677,340.32858,351.81719,333.96476,317.98163,330.7458,340.36584,136.31399,219.6706,20.0,20.339244,20.360003,20.0
136.09865,146.35587,130.93411,148.08699,156.13993,158.89403,161.90182,169.78492,219.48018,165.24029,168.11929,174.54948,135.9054,124.08662,122.34057,124.23925,243.13665,269.89996,270.90343,275.23206,319.38715,410.18811,326.29047,513.96482,130.59105,133.99766,130.02145,127.56736,236.09551,224.68746,241.30022,251.71582,313.75833,273.96505,292.98131,273.85091,121.09254,127.18449,122.20307,124.94269,128.45103,133.12135,312.80778,275.91329,305.22888,283.16207,282.97582,255.29149,329.37484,347.704,331.30743,323.81638,321.19528,347.40403,136.29661,205.3062,20.0,20.798126,20.372614,20.0
140.33397,152.13435,132.75787,161.40972,163.48093,165.31181,158.83096,172.05584,225.05747,167.19473,166.83893,177.04576,136.25631,129.45709,130.93257,129.12914,222.01256,257.53628,296.06854,271.78694,305.89244,389.66377,336.94218,448.06848,134.23905,136.92184,134.73575,130.68436,231.48594,236.11409,248.76087,258.81375,307.03757,289.79461,307.79962,287.18738,125.45871,123.39228,122.52151,121.67805,129.22918,136.80307,324.80306,288.36099,305.91449,297.75165,280.31065,282.5713,327.90966,343.79822,332.62988,322.34708,315.66757,323.33699,138.4091,192.51239,20.0,21.068732,21.753248,20.0
139.65506,149.99799,130.96289,161.17424,163.45777,168.74323,160.54832,173.78418,227.47457,170.90495,174.25695,176.11563,143.21809,120.75218,132.49613,128.05654,241.26769,297.33376,263.64268,274.8576,325.33673,383.05788,324.97158,422.55821,134.77824,139.47213,129.14961,124.60739,218.17187,228.67435,244.33274,253.36196,315.27514,291.36494,298.3848,275.49825,132.87442,124.67641,124.91378,126.20332,127.54577,127.9412,330.82337,278.91446,303.49007,302.41752,254.3649,256.41736,352.57839,354.7886,330.08321,312.51613,329.9473,336.06943,138.93599,208.79516,20.0,20.157882,21.473344,20.0
133.8935,150.07336,135.29617,166.90672,159.38038,170.86886,161.443,178.0997,209.02493,178.29464,176.38111,182.9996,152.67551,123.1832,128.63665,125.38313,221.13987,291.43732,258.28988,311.80787,316.60958,382.33895,335.72982,473.45934,132.80325,134.36958,135.10959,130.50278,224.37949,214.02892,236.71578,250.05683,302.59775,264.57117,296.88164,281.04857,128.7564,125.85277,126.20179,130.71906,130.34752,135.95326,320.6283,270.70354,312.50701,292.01714,290.34775,250.88896,345.2454,341.79946,327.96773,314.21683,322.64118,321.74063,138.59252,198.29712,20.0,20.179137,17.197609,20.0
135.51624,150.95193,135.19889,164.14682,163.39204,170.28061,159.14313,180.04501,218.52394,171.13046,179.28674,182.87739,141.80734,128.66695,135.95921,125.90039,225.53931,285.36852,293.01939,264.98489,327.37801,417.92166,325.50573,488.51591,136.0432,141.71675,139.10205,136.87983,236.21907,227.65281,239.45609,240.26604,307.98804,277.20286,304.81078,276.30327,131.56386,127.54719,127.81832,133.53266,129.38799,127.45409,327.72586,310.89856,312.81039,299.779,288.10258,254.07057,352.78869,356.09877,342.20749,325.27914,321.72216,329.29707,140.35198,185.47758,20.0,19.01406,17.932677,20.0
140.25498,149.032,142.81499,149.35644,167.05252,165.1175,161.66699,177.55262,226.41843,171.89111,173.9296,182.35072,140.31051,134.59712,141.90526,123.03067,236.27791,263.13074,292.63417,288.37296,331.73811,427.24781,339.85186,499.70943,140.09818,147.08126,139.0361,132.49129,234.61939,226.37507,243.86124,251.54698,304.10818,278.91655,290.37959,276.93468,160.77682,131.38655,136.88725,132.35205,127.64446,124.32998,323.01279,269.91455,314.37048,295.0702,265.62592,274.07178,358.66641,359.72052,331.44639,351.75355,311.99451,317.08716,144.97569,239.43953,20.0,19.243246,21.900091,20.0
141.8887,146.10387,139.9083,155.95315,167.37475,162.16062,163.456,174.91177,215.10539,177.36672,185.00439,176.32428,137.84041,140.79728,126.62438,129.68528,229.59669,283.30267,275.79387,292.89537,351.60453,402.51582,355.33846,437.09273,144.88052,148.71569,140.09603,133.99359,257.8234,233.31944,247.81535,248.39191,307.41094,269.35313,293.27065,268.31638,128.36607,139.71064,127.73257,127.3933,137.15714,128.92457,314.80576,297.86946,307.14828,285.80821,287.82996,275.60777,350.55942,370.04338,334.72232,327.17019,315.6664,342.9144,148.16344,230.76372,20.0,20.268151,19.688793,20.0
142.61363,140.73406,133.93422,165.95005,166.93573,162.16552,163.92126,178.04357,223.76164,178.42006,174.6983,182.39531,143.94425,137.99701,134.94291,136.86883,237.92581,299.47437,273.05415,308.59374,341.87878,409.08114,363.58325,455.90042,142.06269,146.6132,140.91793,141.17327,236.65003,232.70661,248.22622,261.89075,298.77904,272.25553,296.71062,278.27503,126.78269,139.75305,125.42386,124.67277,134.96905,127.58701,337.58961,288.73539,303.19143,282.40852,308.79496,270.54524,350.3236,366.29406,349.72268,335.82133,333.41065,337.17774,145.26355,239.36672,20.0,19.282222,19.323512,20.0
141.23429,148.07607,131.48719,165.28226,166.84211,161.93858,163.02943,178.03896,218.86295,172.28796,177.89024,181.67378,150.11236,135.27718,135.9036,136.29869,241.78395,286.24091,276.10012,293.93868,341.80155,407.68463,353.55736,457.88424,136.42029,142.76066,132.59189,131.58602,250.91477,234.92957,237.77027,265.3748,297.30225,271.83583,293.00927,274.17348,130.75651,138.22043,127.1183,133.56025,134.24813,128.84221,330.19489,297.46654,334.02947,301.96759,306.19867,261.46315,373.56564,363.6144,356.82793,338.39645,330.47976,329.18551,141.26546,235.82199,20.0,22.330247,20.787362,20.0
143.09841,154.0749,136.13077,151.12805,170.95333,169.1951,166.25692,176.59863,221.62353,172.88809,184.47368,178.89634,155.20063,139.3774,138.30181,140.6746,230.94629,302.91244,284.85273,306.46518,336.55326,439.33885,338.75038,489.78038,136.36772,144.67092,134.46782,134.41749,250.81822,238.60201,266.96338,256.39253,312.72368,287.45546,290.25091,268.3667,137.39169,142.99101,127.70562,131.98607,128.90226,128.70965,335.03017,261.84798,325.9079,279.49699,305.9097,261.18866,365.73436,358.08315,348.08464,347.38746,337.29711,348.1646,144.47601,233.28796,20.0,21.423792,22.356509,20.0
141.8867,153.7913,140.87268,154.69058,166.03234,168.46856,166.31869,172.82514,231.56385,178.77955,176.73864,182.37706,152.30691,142.50607,138.84601,137.39998,244.9052,284.11534,296.65465,264.89449,330.8072,407.89345,354.70645,470.38669,148.06077,147.06164,141.74605,140.33314,252.26164,243.2248,262.98219,268.19519,327.63488,293.64055,316.4873,293.56496,135.45488,139.32056,130.70827,131.22584,133.45933,131.37093,316.99856,265.84731,311.74212,304.01373,305.21142,273.63621,366.11122,365.7557,351.69642,338.01768,338.13543,333.96443,144.52814,234.07837,20.0,20.627987,21.890438,20.0
145.90926,145.43419,150.19605,169.81309,165.05516,164.64894,167.81565,178.28885,234.10848,177.69427,177.06323,185.26707,150.51542,130.59636,142.46901,134.68709,242.24335,275.07418,282.578,281.62728,366.11881,414.02682,349.23101,460.38827,143.19974,145.89747,143.56491,134.51478,250.90003,243.24345,257.75237,269.63655,308.68722,288.22299,300.70546,284.28328,132.08478,141.79788,134.37594,131.55842,142.11181,140.07077,324.37345,296.25532,318.27059,282.30285,274.33825,267.3553,360.36588,376.68112,350.31037,345.21287,333.3869,327.68634,145.83265,227.70667,20.0,20.004583,20.779343,20.0
147.60957,148.3017,140.1304,166.15223,171.04416,167.23794,165.09213,177.86729,235.82611,175.07937,177.65271,188.43176,158.64136,127.86041,141.02425,141.65386,237.37386,292.00148,284.9316,321.52002,344.95183,400.85605,358.52859,454.36234,142.36718,146.25904,140.77542,137.62163,242.48798,238.83013,258.16593,257.40925,329.60443,296.84553,309.82913,283.06681,135.98998,139.7992,130.91037,132.68832,138.31615,135.29794,339.79654,278.69394,326.16833,288.01714,271.13323,275.19509,370.00712,382.00798,343.02593,334.16224,333.79061,347.71642,146.48838,194.58398,20.0,19.761232,19.557404,20.0
143.61239,150.41502,147.0262,152.42401,169.77864,168.2533,165.82062,182.31982,223.1454,173.68988,179.70398,184.1029,151.71733,134.0174,143.34821,143.86566,218.51074,268.62121,290.84911,327.19626,331.92313,415.79671,361.88766,510.54105,146.35238,148.51377,138.01103,136.94359,233.02898,241.02013,249.84829,268.64775,331.62969,300.12902,327.01317,302.81311,134.269,143.31848,131.06585,134.88866,137.2721,135.56429,319.79743,272.0334,323.03297,296.57332,295.30174,275.15983,357.19178,371.97678,349.40878,337.78017,333.68909,346.85344,145.96243,225.95321,20.0,20.450351,20.423297,20.0
149.32674,158.0297,140.19176,163.95147,173.38711,169.55226,171.40606,181.21222,239.68113,175.58691,188.66402,186.57556,156.82802,132.44326,144.88515,138.81258,225.70247,291.74371,291.65153,274.8258,352.19425,422.25069,345.47927,445.43449,148.13162,149.24248,137.64706,133.0824,237.64497,243.60893,260.24885,270.04776,333.50143,295.30811,321.48003,297.55125,138.26659,147.66612,132.79205,137.07459,138.30573,138.86177,331.18346,273.02152,317.96806,306.14918,317.33544,270.12106,375.5366,374.56175,347.40561,341.83384,341.52613,331.5029,146.73998,202.38725,20.0,20.311272,18.69059,20.0
149.99001,156.53816,147.26816,169.73354,170.86639,167.69866,168.96048,183.18466,242.68942,180.61152,191.43626,187.97519,155.07763,130.6552,148.22562,134.02854,234.00108,279.48708,278.40422,292.2845,354.96825,444.7344,356.80323,452.07207,149.27854,150.15118,145.30549,136.39876,237.67175,247.37893,268.16468,273.90424,327.00977,301.94808,321.52889,299.75185,166.53524,151.3994,135.56769,139.50835,139.23093,138.30083,341.13996,281.39025,312.20531,302.4151,311.08494,259.94203,358.71062,395.14428,352.93183,342.447,336.48172,346.17584,148.21535,206.87017,20.0,20.484421,21.774793,20.0
148.72343,160.07673,141.20649,176.67572,173.36221,175.48941,168.04177,182.67785,235.58513,184.27068,197.88272,186.5652,160.95929,130.31527,145.81245,139.15984,226.80496,285.26589,297.67467,324.99839,345.9695,422.76473,342.60358,488.17508,148.76043,152.24943,147.70503,136.65532,266.5039,239.57561,256.11716,276.07287,323.1025,290.08267,310.15341,294.61384,141.4234,145.32631,142.63704,135.74229,142.68425,147.19813,338.14296,257.95785,329.83252,299.8804,295.68637,270.1224,369.28925,371.87151,351.10967,336.4969,344.79143,344.99958,149.73676,239.78878,20.0,21.573293,21.666837,20.0
151.81791,154.93518,141.19634,169.9633,173.53536,176.55444,173.61133,183.34386,231.82253,188.50638,181.82463,189.43838,160.21648,135.65779,143.46568,142.89186,237.75619,293.18963,302.71032,281.08982,364.55551,420.94091,357.90672,545.77196,151.24079,152.85994,148.37685,136.89927,256.18691,255.60138,259.01691,269.12913,331.52716,297.14436,315.42732,292.58973,138.97841,147.43501,132.6817,136.82501,146.968,157.14944,326.18438,299.20553,319.12628,293.12492,294.39159,275.69703,379.31565,381.31333,353.79834,341.01322,342.3564,336.38754,148.82648,206.68904,20.0,19.951857,21.457229,20.0
157.30489,150.22277,152.02593,156.55603,170.16458,170.96063,171.67158,184.27621,229.59472,186.95216,188.20565,189.25587,156.59392,143.8447,145.06816,148.64354,239.33669,266.17811,282.35487,262.77557,376.1664,425.90587,373.2697,524.0155,152.37188,155.28156,145.40402,143.52025,233.02316,245.60574,255.98952,274.08238,329.3202,318.58732,310.99866,301.2948,138.07634,152.25144,140.56728,139.97156,150.78156,136.79615,353.50111,296.63737,328.85033,309.53107,292.5539,268.50597,383.75872,401.2855,357.91861,351.65312,338.19734,364.40544,152.19454,244.54712,20.0,18.56515,19.652271,20.0
152.20537,154.08537,150.51158,168.8074,173.71339,168.48593,168.61823,188.0625,242.35496,181.75416,200.95761,187.77125,164.67455,131.33605,145.09708,146.25902,237.34308,287.01222,284.05249,267.37838,349.28426,444.15243,347.89636,512.23593,149.97557,154.22367,153.55104,150.28718,238.0787,255.47038,268.53183,277.38752,340.73061,310.99315,323.15856,306.22928,136.33822,155.47622,132.73924,140.90816,145.26759,147.43142,332.14306,277.9672,329.26952,297.11932,306.1641,272.07811,380.90347,389.73737,361.39643,358.76191,356.79637,362.09527,153.90622,201.64213,20.0,22.625499,22.059346,20.0
154.16148,158.14796,152.23653,171.86987,175.09167,167.72552,170.04705,184.50766,239.13972,189.47967,201.29514,191.18279,161.0463,143.55066,144.9169,151.99009,252.36689,277.45451,301.85767,297.66486,347.85186,442.0827,382.86631,510.51849,144.99836,152.64439,149.41025,142.79175,258.16261,260.91784,246.88581,285.0126,315.29699,287.78276,319.76632,312.45864,136.29421,157.42579,135.29379,143.83599,137.62951,141.20139,344.53448,284.68316,330.49682,310.08656,261.54394,264.65036,369.97312,376.89896,346.54603,345.19655,342.52576,345.84502,152.37899,211.3417,20.0,21.22967,20.163486,20.0
153.78461,158.0267,147.90278,176.936,173.90776,179.94895,172.03155,185.5842,235.69005,184.23338,190.74496,194.83158,166.06519,161.30096,149.49669,146.65405,248.78312,311.36539,287.66496,321.23292,355.71865,428.63632,363.41148,573.73891,146.12952,152.87295,146.84502,139.45053,258.33483,245.39951,269.57572,261.34726,330.12124,309.08993,291.75282,281.88322,177.03579,156.37498,152.00368,153.79638,146.54288,152.83335,357.58608,291.49953,336.7837,321.16318,272.92103,263.21157,389.84601,387.63968,362.48737,349.74586,337.73758,354.69002,153.78249,211.74238,20.0,18.965499,20.003234,20.0
151.46725,156.23892,146.04184,166.5992,172.82068,178.89665,174.91143,186.63195,240.67535,185.68974,188.71978,190.91197,165.73087,148.57266,148.1201,143.07935,239.97352,321.62262,274.33716,273.28733,356.08443,457.29598,351.40022,496.82651,151.92538,152.12108,155.59298,151.72255,266.83056,249.40161,275.03329,278.39095,325.15474,293.68542,322.27383,298.04073,145.03576,150.16436,138.38256,147.33102,158.92319,171.90958,359.36528,281.26959,334.88528,323.81465,268.63928,266.13506,378.83349,395.12452,360.32006,356.80386,341.93243,344.44656,149.98164,211.78835,20.0,21.506743,20.748568,20.0
151.19793,160.58708,153.24963,178.67212,171.95764,182.04595,173.77477,188.51878,241.99662,184.69169,189.52797,194.41856,166.37508,147.97844,149.80467,143.884,227.53448,315.69576,289.36062,289.39818,368.08177,458.82925,355.20801,514.58551,158.16947,157.79549,148.25458,151.95144,271.22674,249.28282,274.96366,268.82283,331.24221,293.38547,306.14119,291.15206,142.90178,152.15068,145.62885,145.13205,155.71333,177.02445,344.28869,240.64768,338.07841,327.77044,301.04393,270.09348,391.45854,410.45201,353.6695,348.0425,350.85282,343.09239,153.58911,224.30508,20.0,20.505553,20.817484,20.0
155.59363,155.03426,152.45393,169.16,175.13103,176.49959,172.46175,187.72179,240.88619,184.2559,188.42478,193.5084,167.47175,146.37053,156.87007,148.12411,238.5235,302.47004,322.61143,303.54793,358.40507,453.57216,341.65521,578.94063,155.4233,156.87281,148.43138,157.02877,245.64984,251.0909,263.32122,277.57561,328.62099,315.76018,320.09262,305.15997,146.71077,153.61989,150.52459,156.42624,141.89875,144.7227,316.96775,281.2083,344.98728,327.38395,310.00019,275.825,374.21004,393.483,353.50959,354.0098,339.82724,344.61729,155.52552,213.86982,20.0,21.142744,23.592266,20.0
153.3355,156.39075,150.59045,168.9417,174.10077,172.87572,172.45409,185.02234,221.39543,188.70794,199.56818,189.70512,161.57955,144.83297,153.32687,152.85114,261.6137,315.04938,332.87772,303.42269,356.8726,419.32223,353.60303,502.57735,153.72553,160.06941,154.01521,144.02429,236.41766,244.32655,252.47886,273.81074,339.10253,310.66596,321.94188,302.17379,159.26435,158.20043,152.79062,151.06623,152.61333,152.19099,343.91375,299.47875,339.04409,316.72242,314.76627,283.41396,384.08201,400.45373,356.97285,356.60897,340.7901,349.05164,158.00385,242.71007,20.0,20.931864,21.711816,20.0
150.44312,159.58257,148.80105,173.36232,177.55445,179.65044,177.2719,189.87828,228.27983,184.86367,196.90148,193.50642,156.26709,139.56737,155.6478,157.53099,246.0784,329.21378,328.57331,305.55138,355.64258,410.69016,389.80046,494.25311,157.96637,161.37639,152.4748,155.14537,228.6982,257.15946,255.95219,276.28288,342.00403,288.9406,320.31838,302.43775,157.48897,152.95516,152.42936,154.89444,147.82868,153.6337,366.30178,321.60596,337.86788,319.91093,320.29537,277.73181,398.17728,394.46869,353.51771,359.78646,347.0095,348.5396,155.39551,212.27381,20.0,20.200231,21.202471,20.0
156.88763,164.27781,151.42953,164.56766,174.27722,174.89254,177.18257,185.88508,242.11462,184.88366,193.74908,193.37942,169.05936,137.55606,153.50024,160.87271,237.82615,311.27196,301.88804,347.71686,359.39298,445.60424,414.30281,503.30032,155.54338,163.34275,145.62615,142.66032,233.41053,256.56254,257.39272,269.51509,345.85437,298.29611,335.49036,312.92186,139.79552,146.30688,147.82947,152.32911,141.84309,155.91117,369.60065,248.91619,330.75759,307.71325,288.06669,271.19726,374.89867,386.3069,358.09117,354.91965,350.27191,360.59424,152.82218,223.47187,20.0,20.557046,19.552024,20.0
153.25171,167.56803,149.58759,175.24537,172.99609,182.08444,179.70801,186.10835,228.26531,188.83566,190.17002,193.23497,164.56426,150.94518,153.66436,147.45602,256.66177,301.74195,273.13961,336.75742,388.39728,454.04908,383.39555,571.98531,156.70798,154.80734,151.57213,152.54114,258.40996,251.02329,280.92189,280.91269,348.14893,305.52217,336.65645,315.21771,139.41356,153.44739,147.96405,163.07986,146.88914,148.61891,364.50217,273.04186,332.05485,311.85255,278.81403,264.43682,386.57809,384.94804,359.82316,347.17431,350.37805,372.48505,154.18406,236.95849,20.0,19.549857,20.095773,20.0
153.51145,160.00729,148.8779,170.67525,177.89708,179.77728,182.01128,191.85531,243.72657,188.45125,193.50137,193.49342,166.07712,161.33515,158.17622,143.40993,254.70341,302.46809,307.79071,350.89271,381.66709,448.39,352.17397,592.83815,152.64782,153.05132,149.12061,145.0915,259.17224,256.21736,278.94736,277.02854,362.17999,317.75485,342.28166,312.02376,147.23792,157.05451,148.68354,156.93908,164.0157,156.0106,359.00068,288.18359,342.60198,330.41761,319.49466,274.42939,384.8596,404.5121,368.54681,361.76984,356.73762,359.98122,151.68546,214.23571,20.0,19.223417,19.76954,20.0
151.74683,153.9721,157.18353,167.76431,173.05081,179.48323,184.96303,184.74426,250.38942,191.26285,196.43285,193.2531,164.14704,154.51116,157.78445,153.10504,258.21306,295.70953,297.80177,284.72455,374.85357,487.34937,386.68399,544.48897,154.56024,157.43208,148.94937,146.8457,249.53866,263.47029,268.07243,290.83471,336.29155,311.57934,319.16824,306.0297,156.00209,153.03557,145.55221,149.92237,161.56523,164.78177,350.83673,308.37143,335.18737,324.51533,322.86267,280.20359,399.98039,399.28061,360.21818,365.58954,347.59055,370.62684,153.23743,224.24932,20.0,20.997915,21.185815,20.0
155.10638,157.37277,148.12501,179.16816,174.54699,178.20781,180.10807,187.26767,251.24061,191.27482,190.96472,192.98242,164.59195,156.26407,155.86411,158.60209,247.70467,311.58374,294.69736,358.86879,366.19317,475.20584,369.80525,582.26888,155.96409,161.91436,155.78964,147.84349,252.1652,255.62538,277.34337,279.57067,337.32059,305.46872,327.78155,306.3114,147.70965,151.69167,148.87926,145.632,167.85317,165.97135,362.9693,318.9983,333.56496,333.24575,307.06765,280.89447,402.48658,413.26526,376.65243,362.42205,351.67043,364.03237,154.99226,220.12851,20.0,19.151053,18.244645,20.0
155.46947,157.05944,142.33412,171.59294,172.79725,177.38999,174.76821,190.53374,254.62367,181.7955,185.81182,192.46261,158.67789,143.80201,159.28692,155.38398,245.92518,295.16627,291.60518,335.98936,379.76345,502.53397,368.55342,626.87828,153.67768,161.64531,152.41303,146.36746,259.05954,248.68168,267.76773,277.41359,341.87903,288.09359,326.18806,298.61898,139.87291,146.90099,151.76159,146.38753,161.76911,157.47403,343.51451,313.68443,340.65558,337.87946,299.15875,288.7484,387.22189,397.39608,370.92766,365.59497,342.37323,373.3983,153.51446,234.67333,20.0,20.319905,19.142905,20.0
156.69369,159.35263,140.21977,181.68331,175.11991,180.95615,177.22917,190.43065,245.55515,184.89768,187.39085,195.24536,156.9613,155.5392,170.62709,157.16461,253.48356,280.08769,303.05973,515.01645,377.91971,495.95,405.65414,648.39587,154.70683,157.4588,146.21623,147.12832,265.37466,250.51165,254.20285,277.04489,363.80362,317.67603,336.79273,322.00928,140.41095,142.38746,163.00811,153.35925,145.10101,151.11886,353.89719,318.60455,337.66822,329.74851,324.68505,302.20029,359.87887,395.73428,372.92,387.26692,346.19056,394.9429,154.99373,238.82322,20.0,19.598338,20.496852,20.0
155.14227,160.78682,144.2104,174.33617,174.15887,183.05373,178.2225,191.653,243.68104,185.93277,192.53473,196.18432,156.64866,149.78069,155.37653,154.10498,265.60437,304.52091,284.81333,388.09179,387.30588,489.88584,398.48854,774.90281,154.64073,158.30523,151.57842,151.5795,234.08003,268.83074,270.55303,290.35714,365.95025,305.57624,349.5765,331.182,142.19173,145.39597,154.5162,147.24829,150.11486,147.42248,342.2177,316.88963,308.75018,315.3813,340.5128,279.52464,343.10949,370.76607,366.04743,350.54636,378.00313,399.92702,155.52796,235.33876,20.0,22.645817,22.800307,20.0
154.8265,155.99593,157.5962,159.54086,176.79577,178.70691,178.15379,188.09502,216.0404,189.9206,196.28524,191.80445,164.73029,147.94798,162.23412,155.60959,284.32543,308.31712,303.27506,379.16822,406.0451,443.97265,390.48173,635.33801,152.80035,154.66742,154.41245,151.34978,227.19204,269.61775,245.86,283.80382,357.14004,294.43229,340.97797,317.14715,165.11449,149.94108,161.64887,163.86627,142.46215,147.30473,373.09219,347.50964,344.86137,318.81127,303.37941,316.53452,403.17612,423.59725,373.91672,355.61109,379.25501,399.21342,156.42341,249.6097,20.0,21.09159,24.567922,20.0
156.72587,159.1924,156.31903,165.80492,180.97893,177.29227,176.09983,192.60127,243.01212,192.99101,191.20953,197.72104,155.79315,148.40187,153.63865,156.37971,278.71445,331.82027,304.02082,353.03262,371.2698,544.91882,383.24936,648.74892,154.28216,156.99799,149.86107,151.32734,242.24519,256.55039,255.68874,294.45843,342.29909,300.97538,343.70549,325.21932,155.83938,154.56982,187.11762,166.62914,151.57587,157.19188,340.42375,326.60436,359.15306,360.50767,320.05799,283.69922,378.24432,386.44492,379.01383,396.35609,379.75644,374.4313,158.46102,218.11366,20.0,26.553057,28.109671,20.0
157.94254,164.0384,148.68459,167.29184,182.54874,185.1602,171.86604,190.12412,252.9726,190.4071,201.33226,197.94689,173.92249,149.7611,154.33502,153.60881,259.34765,324.04387,302.89322,369.828,380.35337,506.5426,363.46415,602.82939,158.41149,157.57108,155.66836,161.76957,264.24513,252.21437,263.5779,282.3367,343.38639,310.55857,326.90889,307.89519,169.14492,168.3411,143.29175,153.07669,157.65429,173.07288,369.81515,346.00809,352.267,327.86146,294.21001,298.51333,405.97836,416.1839,382.27944,361.66575,370.96971,385.71912,156.10225,215.61827,20.0,22.284941,24.678098,20.0
158.16037,166.32318,152.45606,176.72487,183.09852,185.42643,177.27365,192.11343,239.97274,193.00444,199.50793,194.41905,176.35706,179.24053,158.56418,153.09928,257.99194,326.02131,294.00879,342.76147,379.87698,478.50965,358.82429,564.3491,157.01219,158.2203,163.57127,160.74829,261.43587,260.97767,265.71927,293.76321,382.17684,341.13611,360.89546,333.31057,157.09754,168.74439,147.91391,155.38535,164.78935,177.37071,339.89456,281.99088,347.84052,335.42613,327.97472,292.718,403.98183,405.00988,372.51924,365.37532,379.48411,382.12156,155.59408,248.67319,20.0,23.529928,23.982307,20.0
156.05133,159.4163,158.85204,168.74927,181.38171,180.50819,182.36053,193.71569,231.3869,195.72936,201.84047,207.3113,178.8662,157.70708,154.22505,155.59835,259.41247,336.64943,284.91306,438.02233,397.20834,498.2507,371.13305,605.60238,161.23885,165.1265,155.03425,152.19423,247.78064,269.7164,268.94457,281.44667,349.34896,323.65728,341.88695,327.9708,151.30555,155.89569,149.95895,153.31327,172.22532,182.39631,352.98373,270.45666,351.84765,344.77718,286.34059,279.63132,400.73793,401.76345,374.49227,364.45404,366.93053,360.94834,157.55168,232.56805,20.0,20.532996,21.68607,20.0
157.6485,156.02358,154.07844,186.5574,180.06203,184.59915,179.33487,198.74795,251.0235,191.35581,193.77721,201.75532,166.24905,154.18577,157.07209,155.71375,274.91478,346.58204,294.48751,438.40875,373.82189,556.07698,393.96881,624.91455,165.24499,163.37194,157.0844,157.80554,246.65172,253.62911,263.77154,283.98596,349.39846,321.14819,340.50555,310.64292,147.37822,161.0729,150.94863,153.28061,159.62359,172.92104,345.49524,264.61451,351.00564,341.93115,311.98986,290.2672,391.98218,407.62646,369.53392,359.68695,351.69491,391.515,157.21919,248.91465,20.0,21.083216,20.689642,20.0
158.98276,167.64543,148.01047,181.50583,179.96455,183.33567,175.7944,190.60682,248.66894,193.81631,199.77929,199.12614,171.59388,171.66404,155.46497,162.11754,286.4091,336.94556,293.77566,632.26968,377.56682,575.48746,390.53041,591.58996,158.6704,161.26231,160.74894,161.47636,268.35433,247.99549,277.87378,277.48843,366.52651,334.15988,332.989,311.17445,146.74328,162.03621,146.67147,151.71151,165.19398,154.85345,346.94994,322.14875,341.2643,327.4294,325.39758,294.18676,362.74591,395.68364,385.97906,390.69293,372.04241,400.84901,158.31662,244.39909,20.0,21.400284,22.695197,20.0
162.27427,171.44696,150.48688,181.59578,180.47206,188.26881,177.46836,192.80515,246.75229,190.10526,203.9642,197.90795,170.55009,177.43084,158.85017,166.90014,325.94389,381.62601,288.02027,664.92803,386.48506,678.49992,414.64903,526.78694,161.07052,169.11948,155.26466,164.34783,256.98652,263.88799,287.42679,294.27385,372.79607,328.27924,364.1105,335.08878,146.66965,160.41268,154.79883,152.57605,171.42252,156.48253,360.1657,342.07463,354.00513,338.31402,342.19747,283.86539,388.56142,405.40389,403.12206,393.02345,388.80355,408.82668,160.8353,225.71749,20.0,19.187133,19.681039,20.0
153.68348,165.46494,151.74587,172.59963,177.33599,180.1387,177.21975,190.05257,240.8305,198.16323,200.26264,198.01505,181.29329,173.01196,154.10216,168.33184,305.67121,327.896,320.92723,510.67855,379.16576,579.55759,426.54667,525.6497,162.5055,167.19702,151.18704,178.95781,285.24318,268.62206,294.49516,303.67912,348.34055,316.34671,344.11821,325.31245,144.36238,154.91667,181.70843,151.7312,173.20293,160.13879,327.33042,266.57281,357.81012,356.7402,322.81221,304.33581,395.55784,393.41575,360.46711,368.99333,398.51809,407.58504,159.1556,244.72334,20.0,21.728925,23.572538,20.0
150.26834,157.6875,154.4708,178.65305,179.09984,183.29132,176.10309,200.12036,239.90728,186.86035,198.03071,208.41665,179.0031,174.1182,159.20865,162.80343,308.27859,332.95958,300.23427,703.24202,400.8442,605.00727,387.30668,641.15921,163.74752,165.26291,159.89593,168.66292,299.23816,255.37279,296.87078,292.38306,337.75158,305.37243,322.03635,307.75199,155.02268,164.89121,220.11349,168.40649,167.22096,165.56712,336.61663,328.39661,357.71049,344.92546,334.96283,316.01358,379.28336,398.60326,412.05306,415.21573,380.36446,408.14994,156.10851,246.4241,20.0,19.628749,22.52366,20.0
156.27663,167.39956,152.27049,176.34338,179.84555,182.01342,175.88915,194.91876,239.46626,197.16237,199.9451,198.07793,179.8457,185.65222,172.87732,162.5149,328.68223,290.76326,294.95442,596.66866,408.97632,601.07252,432.47457,723.25374,164.36918,165.31762,176.63454,179.78971,300.15352,255.2278,288.08529,275.59343,341.23053,306.68247,329.27174,302.85368,259.12763,176.9713,203.05837,188.19745,168.23895,183.85142,398.82987,374.75652,363.51351,352.89531,359.68098,317.85964,393.7999,424.76939,424.98073,452.70848,385.44545,404.30294,158.16195,245.65764,20.0,16.566053,19.758902,20.0
168.38291,170.56122,151.40094,187.42317,184.10205,189.01859,183.76477,193.66296,260.63018,191.03728,192.43698,199.92007,175.66939,169.73275,168.16063,171.70173,298.5436,352.92761,312.03501,821.88423,427.96272,571.55211,481.78255,650.04406,159.68725,180.25106,161.02834,195.47575,303.10516,263.68642,303.13201,290.27575,371.26973,341.05005,347.09443,319.04108,168.29748,160.43107,186.92854,175.54413,181.69166,207.80388,367.44291,368.86736,361.47397,332.68348,371.62513,356.73385,378.87938,409.84931,439.24213,420.67589,402.43602,418.86671,165.95848,275.09062,20.0,22.894179,18.85163,20.0
160.91692,170.02978,151.46419,182.74358,182.37896,184.89878,182.29905,194.56912,269.19034,194.45645,195.38044,198.07464,175.42658,172.98305,172.82397,187.93778,300.77454,412.67298,294.21872,717.36208,430.75588,655.98539,513.45269,643.23689,173.15773,184.44674,169.00878,212.79735,317.00708,282.9393,304.72663,303.72525,362.91282,328.39108,353.41946,334.43025,154.29627,174.92484,161.54563,166.4577,187.1599,175.21995,363.3133,370.34876,346.19401,290.31971,339.96857,314.53022,382.73372,416.29279,418.94264,433.42362,444.45057,461.01601,162.29645,285.99953,20.0,20.726676,17.620665,20.0
156.01352,162.98287,169.06208,175.27683,180.6269,181.09889,189.48722,199.60703,261.38792,191.88451,202.10055,208.08817,170.45063,182.05241,171.30998,172.56313,309.87218,356.08746,300.99167,697.19368,412.56188,620.96272,444.62978,538.35086,172.08291,175.7576,165.18306,184.6791,315.53883,275.50719,316.6623,303.3806,376.03986,331.13472,368.33233,340.03305,170.53185,192.46599,178.07313,180.17712,169.81396,156.5242,361.18281,352.39041,374.34318,347.18213,335.47594,312.8572,401.8642,433.42319,415.57112,402.91171,432.94296,455.26,159.52376,242.46789,20.0,16.828205,17.942701,20.0
163.98327,161.97762,168.49397,183.59113,182.89846,191.47614,181.4312,208.11032,248.49407,201.39846,201.06507,210.21831,176.43897,168.94019,183.02998,180.43378,285.19413,303.03675,304.84164,722.63233,402.5517,513.35725,458.47752,697.0373,167.99871,167.62147,162.93906,165.00488,312.01558,269.83552,309.10673,303.63487,368.67737,320.94321,357.42175,342.04597,193.3577,178.19723,181.14469,175.73287,157.4112,154.84219,364.78165,347.75648,366.17189,341.09539,348.67837,313.90081,382.74776,415.78522,426.47987,429.48368,413.83318,426.57955,160.23463,244.22676,20.0,19.879591,20.69264,20.0
165.90673,167.25218,152.74311,189.58825,186.19482,196.07333,180.64464,203.02073,257.80319,201.18773,200.27808,210.8546,166.04563,171.04573,182.62449,171.824,292.21315,299.3846,323.7103,707.97662,414.38611,473.78899,416.23966,762.31101,160.49345,164.36373,158.84517,160.2955,287.13593,267.49755,297.23758,295.34053,341.04409,324.91985,340.04902,330.43376,220.25973,195.94627,164.25341,176.07394,158.46301,165.21034,378.82722,363.72966,375.40531,354.34519,357.54959,315.58394,403.77062,423.37081,415.94087,405.44136,391.23238,416.32158,162.87237,217.33313,20.0,19.794782,20.186896,20.0
159.49937,170.30259,148.38558,184.74475,183.72123,194.41665,188.47027,201.16611,260.0205,195.52964,199.87067,203.95648,176.87795,187.38905,175.94529,179.39423,315.12519,307.87076,313.58857,653.12596,446.75596,496.04951,410.02404,784.50056,164.21989,168.50711,152.98864,167.83208,268.74596,267.57389,281.87229,291.60295,396.70179,346.85416,379.92528,327.51329,229.82758,171.16901,162.4611,167.92255,164.98234,174.67838,384.67693,369.01356,364.30585,363.37317,360.40601,316.721,420.77856,434.48966,420.53488,396.48814,424.88179,433.31016,164.13638,246.88774,20.0,15.498173,17.310723,20.0
163.80756,163.34335,149.95666,176.86308,184.74644,190.67067,185.90873,194.44219,235.15189,198.51241,204.00471,199.00324,196.02679,186.47386,179.90677,175.75788,315.70092,603.69168,305.31485,554.73298,414.00674,714.20285,383.70957,689.06905,163.06842,167.2684,155.68016,158.34024,242.48882,261.14847,270.66421,275.53609,354.31161,339.21405,349.11079,327.16487,205.76177,177.2576,165.21659,172.4694,171.4775,168.62546,396.7485,375.03683,390.12551,371.10403,283.00903,291.87984,421.86557,427.49735,406.71568,411.3433,381.36559,385.93939,162.99216,230.39229,20.0,22.956451,26.664345,20.0
159.21351,162.91062,153.52754,187.31469,182.62156,186.80557,182.33953,197.82692,259.18247,192.42123,205.91622,206.58756,188.23553,204.66747,184.89258,183.16269,275.00598,466.69182,294.7843,427.36021,422.54,797.7907,443.974,536.5197,170.85465,171.81967,183.94859,165.92662,292.11969,262.86431,281.63704,293.58511,359.30005,310.65328,341.43743,318.08906,223.42142,171.44986,205.80023,191.54193,182.51369,187.23423,427.9209,355.01399,384.02242,350.73199,332.02448,296.18345,481.84075,491.06738,423.9952,397.76947,390.44344,412.01746,165.40257,236.68727,20.0,17.540739,23.939086,20.0
170.16592,164.20087,164.35183,178.83303,184.46159,181.85772,180.77933,198.52188,264.76614,195.20614,197.55147,207.15591,173.26376,174.8031,182.54298,167.13222,275.07962,372.61008,337.69327,512.01247,381.6997,664.53349,418.65675,470.4139,177.96332,184.05402,188.26779,198.32944,317.20363,267.22965,309.97746,293.58446,398.59946,324.5021,371.76,327.1447,166.60154,183.74825,201.17045,178.61675,218.04403,260.29795,313.95509,252.30673,380.70512,382.24483,371.28313,352.99024,435.38994,405.02042,403.49082,404.34615,415.9548,435.39446,166.7925,269.52864,20.0,26.386961,15.270294,20.0
164.65221,169.15469,156.4698,181.19415,185.58567,185.42136,182.18035,198.63548,269.98289,195.23108,204.51035,207.77432,168.60086,170.36313,190.09725,170.79702,293.69402,362.64026,312.25557,654.07896,380.24817,511.76568,412.94583,559.94825,170.01831,183.21391,179.63535,195.37197,290.5069,278.79199,302.07404,311.78064,348.98139,341.10145,350.62578,340.87133,159.06754,170.93055,187.99328,174.69785,203.48878,237.23209,306.02731,285.4099,319.04998,313.218,328.83527,330.39996,374.04712,377.79106,367.04343,374.72495,376.09553,409.49269,165.83262,262.91708,20.0,27.316196,18.612047,20.0
167.80336,174.01194,146.5083,191.61014,184.25354,197.45572,180.78032,206.14766,236.4694,195.79277,223.88068,211.88949,176.65816,180.52549,194.53484,177.77105,314.84767,330.37784,298.92369,766.6031,397.01281,511.92017,419.64403,909.34159,175.67624,172.3458,161.93491,182.66195,289.30908,270.58478,294.10057,301.69006,335.91959,306.17592,331.43582,313.23758,172.32489,177.02489,218.97988,194.1944,172.0407,171.38799,347.33723,334.13022,344.79151,336.11923,314.49998,287.64212,362.96044,413.86775,402.56835,393.5027,399.50551,418.30493,161.13152,241.98654,20.0,22.771166,27.327137,20.0
161.39052,170.37079,151.50426,178.94393,180.41351,191.04445,190.45964,199.47791,250.6176,207.57279,205.30584,208.08689,179.25385,190.03553,179.40875,173.55514,361.22846,294.60022,278.27645,767.52869,428.7252,429.38679,461.83145,698.21805,167.9943,166.35001,157.64343,176.7113,279.46363,257.71312,292.01599,285.99917,382.7899,313.66177,370.05493,333.89611,254.76311,187.22456,214.18391,181.44117,161.44948,172.2873,400.49154,384.49957,364.2439,342.90461,336.04473,289.38174,477.11711,461.83142,455.27028,435.41932,462.66655,465.44903,163.23238,237.8353,20.0,16.638071,17.206353,20.0
157.31815,171.82137,160.29788,192.45674,182.15904,192.77601,190.73877,197.61824,244.45956,199.37123,197.86488,210.67906,180.18068,201.88166,167.53045,185.99395,277.99612,341.25659,301.66298,625.14435,385.32349,412.91079,407.19181,589.1013,160.07576,166.56062,165.87833,175.90358,281.6948,250.37013,276.41071,282.98553,352.66877,321.4939,350.86654,330.25947,163.36645,175.08737,162.00941,159.87467,185.80759,185.11459,349.66,312.1314,380.48735,297.12373,377.55072,309.16563,405.95445,421.09511,414.76006,424.85256,403.55867,414.14432,167.88891,248.367,20.0,25.939752,18.247002,20.0
156.09021,180.58782,154.33006,191.09886,183.16958,193.87981,186.6369,196.42524,251.04566,195.574,198.29147,199.92131,189.84987,183.17067,163.87865,189.92961,319.84575,342.73528,300.79561,700.70555,377.12205,436.43765,390.78905,609.57103,165.75302,167.36361,175.36722,170.30228,246.88478,257.10664,281.40118,304.102,354.24103,320.03215,352.66301,323.49441,199.06263,186.7477,161.99425,194.22366,159.80018,154.38707,352.94308,323.87432,357.10728,333.11391,322.74702,290.94765,387.24041,381.50417,396.18634,389.96096,401.85803,397.9508,162.36949,229.90784,20.0,23.980237,26.097656,20.0
163.69131,169.26224,156.78523,181.08513,185.14584,181.61368,184.0854,194.28659,245.6703,190.91938,195.1558,201.33157,204.34453,209.54924,194.37009,185.18611,306.70968,334.8519,298.24492,689.53802,479.26645,613.64219,453.17037,787.707,163.41821,166.22951,157.79443,152.86093,273.35112,252.65043,281.31426,279.83423,383.69959,328.45718,357.998,317.77096,310.37044,255.45454,216.73642,204.28685,180.53106,180.85498,393.28436,347.43164,365.95959,353.6935,329.70886,301.85538,433.01648,443.49567,424.59864,456.05796,433.82049,457.59201,163.02647,223.10655,20.0,20.301908,23.774549,20.0
162.92885,161.85294,164.17365,170.94609,184.27002,175.67828,188.16034,193.71745,254.98817,193.49834,190.33077,200.26822,195.44115,195.13088,198.86157,188.0538,300.06214,409.61965,332.32745,546.22027,416.03329,615.69079,440.87932,640.11193,177.15309,175.57425,180.35106,177.26982,307.5433,261.2517,281.95156,299.71328,395.61562,349.64763,380.33308,349.24936,318.02811,204.08852,205.75355,204.36343,207.94373,256.94734,430.58176,372.29581,409.95174,392.47337,400.95123,317.16499,457.9093,469.04359,480.73968,456.56195,459.22713,465.19769,166.32601,238.83837,20.0,13.318007,17.187734,20.0
157.08864,159.2651,150.59828,181.855,182.86904,184.48325,184.08944,196.18226,275.99128,191.25684,197.21171,203.70288,202.47157,176.09641,201.76102,223.74473,301.79776,627.98766,307.15336,380.2663,382.50698,665.90789,394.44396,453.56636,176.46736,182.71469,201.93568,208.20188,332.70043,282.77884,309.93504,309.95314,369.0178,346.03798,359.91601,343.48301,164.75271,171.20168,189.58283,166.51874,207.23426,254.42371,295.83239,288.51172,339.5471,309.02864,327.17447,336.53662,404.22087,420.23202,389.6229,410.26681,388.83892,406.79716,162.84701,251.09931,20.0,34.451355,23.078021,20.0
164.41555,164.81763,152.41177,196.89666,183.94524,193.86688,183.71074,210.51005,278.78781,198.60924,214.2896,210.59813,186.04791,186.32376,254.17704,252.96629,331.20895,473.30217,308.86773,379.38316,434.53186,693.94727,388.62951,436.37204,170.38768,169.57092,166.19536,178.8631,297.52404,278.94274,289.81626,299.27426,349.73286,334.29986,331.99578,319.34597,170.99931,176.50697,206.80042,197.5345,183.52797,192.21537,368.88206,292.92902,371.83135,327.86117,287.3602,317.92374,453.17983,442.41229,369.82462,370.65183,359.38062,382.52091,158.20768,258.17735,20.0,24.603866,28.807025,20.0
164.54391,173.03227,158.77708,186.76206,188.66063,197.47573,189.19532,206.2074,260.9856,201.26451,208.85939,215.64475,192.06261,209.22872,213.40778,219.46618,321.17274,309.72924,327.0879,344.81193,424.7338,664.4842,419.82908,515.53309,175.37178,172.59426,164.50433,181.75949,310.07488,272.13316,299.83911,295.88698,363.42575,316.24083,322.59901,302.22096,175.86536,186.35205,200.10858,202.47056,189.87894,227.9626,294.47052,279.04943,352.52775,345.68069,359.3007,355.18195,437.24796,405.57963,398.75105,392.4867,381.49118,386.38627,162.193,275.06219,20.0,21.946788,22.157303,20.0
165.66684,178.09205,152.41453,189.75123,191.22222,196.88325,190.9464,200.67514,270.64718,209.86329,205.17447,201.39586,176.92672,199.35941,188.45219,207.22386,289.07425,331.63446,320.51642,402.84176,401.57119,566.01326,395.68138,589.38998,165.04884,191.99008,187.68722,220.57793,280.27167,282.78284,297.79211,307.01466,414.67226,346.89921,397.12033,357.47104,162.95047,192.10221,212.72738,179.07458,210.28476,269.83727,317.72519,286.18491,374.27461,348.55236,365.49286,387.52873,433.93325,416.63187,426.00521,424.45303,436.04536,425.98393,169.75714,276.72153,20.0,18.962291,19.874017,20.0
171.70402,174.60888,153.10023,191.31988,191.41233,192.87769,190.48512,205.64695,287.67152,200.46877,215.11285,217.00561,179.71391,196.47054,208.80914,257.87187,326.51745,329.7849,314.51983,662.5734,442.33796,710.31213,418.04417,661.29326,172.823,194.60219,180.04387,201.87083,271.05059,276.4693,277.75216,294.61279,394.14298,354.73728,382.1004,358.62206,167.58999,183.64767,215.1783,191.46996,203.77344,215.90195,355.41644,316.49193,383.96362,356.50555,340.30115,330.05385,386.66331,409.27772,404.84203,391.5602,399.93066,429.94815,167.83464,246.30178,20.0,17.705801,19.693163,20.0
165.26298,181.34669,152.38598,184.78493,186.14421,189.00694,187.44219,211.28181,265.21913,205.03374,214.26813,218.75306,170.38705,208.10103,191.57785,260.69985,321.06081,343.669,293.02399,716.81352,429.36989,570.72366,424.18024,589.11526,173.22083,181.215,176.13171,184.54371,292.46313,279.3084,289.50573,310.80032,369.22439,351.73148,366.77042,352.71394,192.98377,195.1146,208.54874,206.42165,184.41517,190.00062,362.19854,348.16363,377.80178,353.05978,354.2959,297.60022,390.4851,420.23328,426.15322,407.61329,405.86917,422.2925,166.4168,261.30283,20.0,20.551769,21.359794,20.0
165.51708,181.27827,166.44378,196.95837,191.00593,191.03361,191.30421,212.23904,258.94814,207.34809,215.79246,210.88908,184.96465,256.62958,191.37819,264.73754,297.16885,330.68369,305.84584,628.33909,416.51862,531.91264,433.01181,645.49777,181.56437,176.69401,172.71398,174.25423,320.76894,275.8631,309.74893,302.39981,347.07226,318.79434,345.58661,329.55625,261.98282,207.51532,199.3936,186.71134,178.26741,180.21424,397.21757,367.85966,386.06605,342.89066,367.89012,316.24938,432.99297,436.49469,433.3235,427.04974,413.14765,430.83419,171.22257,236.25288,20.0,15.951953,20.662851,20.0
162.21184,179.81496,156.43936,189.35966,195.15016,194.61866,194.52763,197.59831,255.24776,210.3712,214.63552,208.59776,182.97812,231.33366,198.60644,335.47386,292.44262,391.38167,293.10848,363.83695,389.23957,379.48632,381.87897,403.23215,178.65142,182.87303,174.65049,190.59013,265.27352,273.02963,291.61308,281.48894,348.02023,313.18113,349.81012,320.79392,282.42143,238.28364,215.23775,193.78738,181.55462,179.04989,408.45991,353.0965,387.86063,357.462,378.67347,309.72121,431.21268,429.91277,418.1141,413.15474,381.67807,370.05802,174.56327,258.33522,20.0,18.237811,13.067194,20.0
159.08714,174.95845,156.78497,196.91725,187.50046,194.40573,184.94709,207.18488,256.54829,199.28353,211.08343,204.85012,224.95737,222.4627,211.88108,323.74952,302.47947,393.43289,300.25614,376.65526,354.58507,392.14902,354.56747,348.92342,177.30689,178.10758,185.45554,176.42955,277.1486,255.5847,276.50526,283.71435,309.00825,301.99205,314.02143,306.31153,184.10613,178.91862,187.37686,284.0679,178.65076,176.15426,343.7082,351.75085,332.36526,282.77466,305.96399,303.69584,350.02611,361.64355,367.76935,374.37312,344.0384,347.20585,170.68147,247.62131,20.0,31.936783,18.517073,20.0
162.61457,170.4019,161.99085,185.94009,191.03945,185.8768,186.50967,199.30636,242.05626,201.24284,206.91493,202.31253,240.85642,243.91771,204.83976,371.02664,292.45228,377.10485,301.68931,443.28256,350.46404,394.40276,353.26999,466.20651,176.21483,174.98912,178.78991,181.39165,285.06474,267.29707,275.20944,270.48192,303.84369,282.65876,292.7126,284.88519,233.51547,216.01355,205.61418,222.12029,181.21913,208.50698,307.24982,314.10341,299.53023,289.34604,289.91287,286.45558,304.01873,331.89078,342.20295,336.92238,324.945,340.56892,167.78289,249.20453,20.0,23.081263,22.372198,20.0
163.01008,168.28158,161.03336,182.33499,187.71338,187.65667,193.03865,196.00862,237.76224,194.9557,199.67234,199.97023,216.9815,243.61675,205.69247,217.82092,280.66837,355.83403,264.67494,293.02942,368.03227,398.91744,324.68553,438.28376,187.08883,183.63166,174.91316,195.11676,289.39598,250.1555,272.48051,265.6204,298.09928,278.5902,287.75263,277.81988,298.41915,278.22313,265.20758,211.12139,263.03151,221.20841,337.59175,316.69517,325.23345,318.1659,324.72275,270.11916,375.75174,366.41564,375.69766,356.43811,345.82873,339.39325,170.17035,240.9958,20.0,17.888371,24.351286,20.0
165.65167,169.2233,156.19176,171.56223,187.17343,185.2977,184.64443,191.76015,232.41471,193.76946,196.54971,193.39995,193.61351,230.3847,215.39481,216.58293,293.3018,601.53484,268.51843,274.52864,327.04895,543.90834,325.80506,357.48826,184.13787,184.07224,183.28402,202.28075,261.82493,248.95569,260.6919,259.857,306.04244,274.0997,294.80209,270.38387,258.86945,207.96461,288.47908,211.53102,210.57474,241.03868,318.03634,287.65443,332.88461,335.73268,302.0432,278.53287,365.56183,368.66275,332.68253,336.68651,321.65703,325.61652,163.72148,242.80389,20.0,21.168673,21.277467,20.0
167.97291,166.26307,156.7453,180.35536,186.47584,179.49831,180.01505,188.14995,223.17226,186.97806,197.08006,193.8291,208.5011,435.79909,226.51165,242.63796,276.33171,695.30648,292.87212,308.35189,410.19133,786.28681,334.7434,390.25666,173.75032,181.98024,181.38102,200.25871,272.21414,254.41094,270.42478,258.91446,315.95055,295.71326,292.76022,282.65399,196.63194,189.10066,250.591,227.27311,201.46975,231.45969,308.27777,254.01871,344.11948,324.25832,308.1402,293.59944,442.51383,417.84418,386.28511,351.49653,332.33954,352.13939,164.41222,253.99696,20.0,28.50145,24.850171,20.0
168.27894,166.18106,161.4382,181.83238,181.47904,178.88277,176.2718,184.58911,248.78968,201.34221,198.7441,194.66326,195.6569,242.01113,205.4555,246.60103,273.35729,425.6771,318.63759,305.41689,431.26832,549.45422,372.32134,402.86883,185.69779,184.75486,195.6327,238.65679,272.51838,260.31418,271.67542,286.97295,411.89599,339.75967,374.09897,313.91248,196.24457,194.49683,285.28436,257.96992,210.91623,257.57881,317.51503,241.44903,387.91655,335.51032,378.48772,366.17889,475.63798,407.00147,494.41547,413.10258,444.13243,414.05867,165.39748,238.52805,20.0,19.688158,18.724249,20.0
157.63381,166.22717,151.02571,179.43339,171.9912,177.68397,175.05854,192.25417,262.54102,190.2502,201.91449,203.31572,198.23551,244.55155,192.15666,222.39005,263.74181,372.89676,308.80784,306.85139,379.91061,406.00709,385.88447,390.08078,185.7628,194.26912,186.27748,242.69885,262.10387,287.43279,277.07915,303.49009,388.26928,368.28424,357.30057,349.54934,167.6057,195.36658,205.68087,252.45793,200.86006,264.94814,312.87928,302.59996,326.70589,259.31157,322.78283,315.33598,400.13427,396.24945,419.45645,398.96347,411.51597,391.3225,160.55855,264.29996,20.0,17.636814,14.106524,20.0
164.1307,159.86828,167.89238,178.36699,173.50039,178.63895,187.42023,198.38185,256.39785,197.96314,210.25822,211.8066,185.60502,199.76144,203.25585,258.65479,290.49066,321.79205,274.41596,312.19978,353.10438,378.6261,348.84539,365.87468,179.11322,167.28113,180.86811,189.93923,242.70674,277.90238,276.71534,310.58474,333.14271,332.45304,326.5658,327.52577,183.45556,179.21688,208.29253,197.96265,200.04746,216.17387,283.91339,278.19985,303.58191,256.44514,259.9376,265.5052,330.08776,353.53868,354.5354,352.12165,340.36964,337.38477,152.26615,260.24962,20.0,20.304109,19.803752,20.0
168.61801,167.4981,174.51261,188.89407,186.72908,183.41792,185.85641,203.25985,209.07895,196.56455,224.91174,205.25623,200.68485,209.79434,193.80312,450.41597,287.35344,322.23988,299.57834,423.73026,323.47726,352.97706,330.64426,470.83714,180.90343,167.03533,167.95877,171.34322,243.16055,260.14171,260.53761,273.58556,293.81916,293.70349,280.78973,288.93917,193.0295,171.67364,167.88645,180.34501,186.40132,210.63956,260.52438,267.28514,270.34253,262.34879,247.16191,272.87753,295.49711,319.14229,313.97123,315.79911,308.34879,318.95506,158.48897,221.49975,20.0,25.388872,21.144635,20.0
167.71278,176.63178,163.24956,188.29379,185.85597,187.87024,180.5736,197.73901,233.51314,198.03535,207.07965,201.75797,189.30844,205.61044,193.74154,438.31758,288.16231,319.82186,290.26402,742.65557,495.29573,710.23201,463.23836,850.76639,172.26888,172.17844,183.83269,195.63105,271.97098,265.75555,275.20576,275.05163,418.55467,332.42487,394.96641,333.2459,260.64748,210.89146,213.2702,203.45417,187.15976,209.3432,383.30247,351.70618,349.69922,289.98003,358.16452,286.36955,520.58036,494.59688,532.39857,507.84372,565.1028,483.68239,163.54153,257.0108,20.0,24.481298,28.592967,20.0
168.08693,173.19067,156.16781,182.40775,186.48616,188.48917,178.8794,192.10213,285.88132,214.18568,198.73658,198.60269,195.42343,222.01072,201.65017,220.02963,309.65888,287.14666,318.08526,329.57676,566.39185,520.09881,664.63651,472.56631,179.27775,196.096,175.48337,202.61233,259.25874,295.31734,291.67356,360.27912,505.23737,462.60506,501.24646,455.3089,314.26196,257.51655,216.5923,205.04932,204.56088,239.42906,480.62099,396.73675,501.95315,356.50169,317.76982,327.85116,554.61523,580.75306,600.35253,618.86806,584.24656,537.53444,167.72596,276.26668,20.0,16.663826,4.7748379,20.0
156.67869,171.99191,153.42819,185.65523,181.96742,186.77324,175.87394,202.0689,301.62168,199.41541,206.98213,219.53841,230.19956,239.51697,214.8285,199.97271,452.26994,333.04857,313.37584,329.37537,474.8717,468.98863,475.59785,481.43745,188.40376,175.12791,172.44464,176.34572,283.7075,312.91269,323.3209,371.95502,432.89026,406.68434,413.06099,384.31932,175.47704,175.99484,196.25525,240.93908,192.24489,205.42812,240.57852,255.79483,273.31179,277.44916,298.95057,301.87089,436.15728,417.48506,423.70251,429.40635,448.37429,456.52865,159.39203,261.01881,20.0,27.070357,16.041496,20.0
158.06837,173.45203,160.49485,193.91737,187.01118,186.147,192.70974,209.35164,276.68902,219.48558,218.39317,215.11355,201.44136,219.74696,214.63269,281.30408,332.82197,410.58167,296.5064,399.23236,489.79577,541.82291,451.79961,432.36365,177.84266,169.35454,171.83819,165.81003,289.50442,279.96834,296.93189,302.02516,372.17362,353.60991,352.47248,344.5065,205.14832,203.81837,208.35237,227.48468,178.61554,193.34327,331.5178,349.76208,276.5573,293.98365,262.2226,280.84356,409.48298,403.38542,358.60255,388.35656,372.10312,404.49488,155.96688,227.32271,20.0,23.570527,21.23123,20.0
169.97313,171.82014,165.97731,200.56634,192.85606,206.09426,192.74541,215.45796,278.19288,208.17095,221.29534,219.67797,201.3253,241.0893,218.63137,280.49559,319.21173,405.26194,324.48161,366.02868,554.38852,781.01581,474.08069,735.38153,179.72267,179.26207,174.41026,179.53337,330.11381,295.95916,314.33032,311.58849,403.83068,366.90901,375.76457,330.30348,211.96212,218.40886,238.58126,222.67791,195.59494,222.33808,365.75964,332.56228,347.71394,341.00377,345.00145,322.5423,448.2089,472.79064,405.14308,394.46326,403.19552,433.79247,166.78794,243.35274,20.0,22.258507,21.922718,20.0
174.98049,173.16971,165.55097,191.89192,211.48095,197.5505,195.7172,202.56886,247.9283,214.82273,211.89581,209.08806,206.75645,219.33717,255.33877,228.06466,357.52622,318.07397,379.33491,337.4004,586.53789,500.96159,578.24721,687.07602,183.25582,209.84591,199.29216,229.22785,293.58857,302.16333,325.27136,333.6828,470.70675,388.94638,437.08192,388.48919,176.61431,191.19186,248.00578,259.02186,218.56542,291.26482,382.53463,312.00739,455.40755,413.51357,411.15145,384.08815,517.26438,584.572,552.05583,494.50322,505.93605,530.82309,175.5295,296.89707,20.0,13.300903,12.43286,20.0
172.54575,171.61196,160.24979,190.55403,192.13698,189.57486,196.22031,205.00827,280.54657,216.21805,219.96751,218.06938,196.30814,213.95251,219.77344,214.98132,293.78294,298.35401,307.09538,309.35588,525.52787,466.51649,502.22514,567.84996,184.89185,207.44104,195.74059,240.18167,290.45961,315.3311,306.22846,341.33486,452.02545,418.94328,436.04951,402.32397,173.24545,182.90908,209.46267,222.31765,199.50177,261.32555,405.19123,330.62136,375.49654,300.74355,351.94442,340.20611,488.99164,506.42802,502.31235,497.02987,464.27555,464.83218,177.83973,305.0985,20.0,7.9634157,7.3362215,20.0
165.0966,162.42433,164.30416,189.47454,198.14888,190.73077,198.05562,218.55951,245.81633,214.0464,244.8062,224.34503,202.20906,207.15426,238.51314,294.91315,307.86825,332.18401,311.44787,312.43011,404.88991,409.95474,387.41464,391.07633,180.3135,186.39307,174.53859,196.10343,254.19268,282.62777,299.60809,340.21235,372.59161,346.79578,366.88387,344.11989,179.37609,183.42124,197.09653,285.21678,196.66048,221.02413,267.07213,255.35824,239.06086,256.81103,257.8559,266.70059,415.318,422.68224,385.49667,390.32424,393.00219,350.88482,165.02152,258.73103,20.0,18.861462,18.398716,20.0
165.73597,176.56409,169.48957,183.71096,200.57109,198.53705,204.36345,219.25547,266.00742,219.79298,226.92409,222.05898,221.80554,195.75234,223.43042,410.61347,333.34257,398.30935,282.40946,474.11117,403.45794,462.35704,358.99925,367.16884,190.84636,185.7021,178.67371,170.56405,260.35544,259.98229,284.5583,275.89675,322.07911,324.6126,312.4635,303.26956,199.41687,192.80368,220.78494,275.17297,190.61884,198.72838,282.9157,280.96043,268.72397,272.6756,265.43203,285.56953,354.11111,361.13155,339.1186,340.49419,329.48821,344.751,168.76777,206.8785,20.0,21.999351,21.708771,20.0
171.42892,194.59402,159.90731,191.05016,201.60734,205.05378,200.02485,207.53651,244.174,211.62943,213.81778,213.08981,230.18101,262.48897,226.71853,279.61879,295.9464,359.88314,310.93165,748.60828,547.05836,807.50752,403.76459,652.51485,194.87766,185.64238,189.74901,199.44635,284.92232,275.69633,275.16478,272.58452,318.88048,315.70379,306.27941,296.26403,247.43633,239.86755,199.2177,214.76322,211.55963,232.34776,326.39259,293.49468,278.81575,270.51829,297.52922,297.80788,377.51879,386.69136,358.50122,425.43047,325.88337,381.48742,176.61868,251.53189,20.0,22.588452,28.411641,20.0
181.8008,178.37575,165.62776,190.40997,200.6962,198.14153,195.32905,198.99326,251.94831,205.51838,217.56627,202.83975,224.44323,235.30849,247.24023,228.15689,308.76059,318.82304,336.72812,348.84495,687.08484,559.33199,655.40983,707.25387,212.59876,225.27199,214.11781,254.73363,318.84973,271.67515,312.73229,294.71703,442.96275,352.87184,368.84866,334.21534,216.77936,225.62639,316.4355,294.8032,219.5129,244.33959,464.94385,322.08702,486.16339,401.21659,381.22011,372.35445,552.57757,649.21713,641.05429,523.4397,534.42421,567.25319,175.84102,276.35723,20.0,16.102898,15.344927,20.0
168.41802,159.69097,178.77761,181.98024,200.13687,185.48752,192.9989,192.28675,272.45199,212.91552,205.54661,206.11286,200.18076,243.56577,253.9915,212.62879,286.32864,360.52535,319.46186,311.31863,574.52212,436.09965,577.66121,605.9048,240.60271,217.21288,238.56641,291.58155,311.67933,317.98127,338.19396,361.73412,487.533,428.69101,456.29583,423.67905,195.42254,201.12622,215.4472,245.44011,232.4435,251.32465,400.37062,313.91578,346.62666,318.38118,384.04151,337.38819,466.32081,487.23764,489.77617,491.71963,496.02553,559.38136,174.41495,326.21222,20.0,20.901626,13.055196,20.0
160.99241,164.29064,182.4952,188.09859,188.17012,191.14715,199.87904,217.6252,241.34496,229.55259,240.43203,232.29397,197.76472,214.32183,255.31675,231.89607,305.59033,336.27797,304.82265,342.23661,420.77855,390.19946,426.15143,429.80599,212.45091,186.6281,212.14922,245.82923,277.63447,293.3344,307.36696,328.96185,390.52623,375.05174,382.25986,369.88159,192.4708,208.50991,193.19908,243.49168,216.60818,236.3808,308.81113,260.61453,252.95973,273.83816,271.60794,289.97622,396.4343,419.74176,392.90154,401.21698,398.70309,386.50782,164.29809,279.46554,20.0,19.048479,15.238507,20.0
170.39865,179.48298,177.99178,201.93092,189.72263,196.78789,204.1065,229.57931,258.16112,209.61898,236.30068,228.59489,205.70619,192.26159,235.34067,272.19872,285.60652,284.83348,261.09327,326.90191,363.12277,370.46089,356.97838,359.48267,198.80289,193.93443,181.9711,197.72101,244.87895,258.50813,269.24768,279.46293,332.62867,328.79744,325.85836,319.80342,197.33008,203.44486,232.27898,263.23038,194.15088,212.90676,303.6653,262.49396,261.04996,266.60888,263.20234,258.91111,356.90274,359.62956,353.68126,356.42369,345.23863,357.75085,165.23705,226.03633,20.0,16.271518,16.940429,20.0
180.11736,194.69331,167.3675,196.79472,201.03234,202.12751,203.87811,215.52008,236.15025,217.50223,221.91504,221.34699,214.94569,186.91087,224.4103,311.48296,282.91951,310.45311,262.03134,316.42882,328.9073,338.3789,320.79964,359.53985,182.44776,178.21665,177.4716,186.89541,247.47669,242.30807,261.75465,273.58029,312.25564,307.32185,301.33063,297.76281,195.39123,205.16722,186.53506,201.44915,191.65177,208.05285,278.53772,258.71494,252.07517,244.85205,255.68205,259.20946,317.73064,325.53533,320.94044,320.91402,320.93091,328.76889,169.92476,256.42238,20.0,24.466957,24.069694,20.0
171.78886,190.04315,160.07346,196.14906,194.23952,197.75274,199.56857,203.42658,243.96442,209.11408,211.61824,209.24405,212.39397,238.52565,217.67397,388.73614,264.97421,333.86642,283.80369,338.46639,374.79397,358.26499,458.22799,540.94995,178.90124,193.25672,184.8227,197.82881,252.42153,245.62813,258.50737,262.99534,294.46967,289.14955,277.92185,281.31176,188.4243,198.78148,198.13956,196.37536,201.6819,216.83973,281.44159,270.78668,283.12095,247.66068,272.18934,282.22614,319.52151,352.40137,410.69172,418.04539,329.67496,363.86117,183.40969,255.44623,20.0,25.864244,31.449931,20.0
167.71581,176.0823,164.74207,187.93845,196.16763,195.93573,191.25617,194.69774,243.90951,206.44556,207.49432,204.98495,202.24462,209.85584,214.02532,322.3487,343.31622,278.66597,287.00828,360.84313,534.66787,429.29937,480.9169,603.11691,204.13081,193.49464,211.44703,225.49776,364.40962,274.5251,313.44133,275.52739,406.11879,314.75132,375.39589,309.25447,343.70478,302.26405,221.49685,224.42853,210.20329,231.09043,526.49127,468.49762,511.40081,341.36145,410.16471,303.04158,616.65398,667.76582,686.46929,673.29814,645.8382,500.74048,173.72413,268.81761,20.0,18.377689,18.523455,20.0
159.25159,163.19271,174.92456,184.62448,194.84989,189.24426,189.727,191.17131,265.32172,209.41011,207.56185,200.17257,199.18491,251.22367,237.2908,213.01713,321.04446,319.32697,354.10113,296.83964,506.79032,654.75703,597.52218,640.30975,203.62533,197.14449,192.20208,229.97527,284.20615,316.99535,319.08074,342.95108,504.58839,446.66281,474.90282,428.56045,198.85455,191.45923,218.62931,220.22009,225.4466,240.90279,387.97522,278.70584,333.73887,314.63157,305.11698,362.4136,459.53994,481.01341,512.49109,504.58075,563.82785,561.00091,170.03245,311.73044,20.0,20.916488,15.02787,20.0
157.08332,156.73249,175.03163,194.45471,178.89868,185.80392,190.45707,209.48238,270.63392,203.93258,224.99796,228.30994,196.1843,224.79136,229.88101,240.10578,385.15874,390.28341,290.98424,359.36311,637.96318,626.83286,475.01074,524.52972,197.5709,175.05858,176.58929,185.7814,288.85138,290.32547,318.11869,348.74373,405.84325,391.12478,400.87912,383.90947,210.9866,204.39698,208.1224,207.75723,208.05039,209.42781,295.93934,295.65539,282.87124,289.05549,270.16523,286.80226,454.02854,506.85206,436.93811,454.54015,435.58013,455.70027,162.20272,250.0541,20.0,25.972569,21.489341,20.0
165.91175,166.01978,181.74953,188.68114,188.68627,186.57502,196.56375,223.14064,289.0864,205.8456,217.8243,220.99332,210.90198,255.58762,214.38678,242.2542,294.9781,391.68466,307.07399,347.39574,625.52489,629.94443,451.5494,551.32399,175.41811,166.10989,182.93009,174.80192,321.06482,294.32027,308.21676,308.15166,404.76009,341.80475,376.5622,344.67859,208.81424,199.16437,211.72383,222.34945,194.15677,221.29132,366.92646,334.06829,436.43237,328.70855,419.5289,339.66024,605.80625,579.49258,544.84464,478.23292,455.66113,438.74131,162.78108,277.89243,20.0,22.170899,20.53636,20.0
173.31472,185.94522,175.41054,197.40115,203.17005,206.71966,197.60004,211.58902,284.75988,218.77264,216.26724,217.28924,194.7238,231.59442,211.92995,206.68335,296.06686,418.93853,344.81276,302.36673,501.85098,417.14005,462.21759,606.3271,173.92691,182.66318,185.93346,215.34516,351.67002,332.7626,330.93619,332.40178,416.71555,372.16824,398.81975,366.05157,184.19655,188.15229,193.08099,208.41932,204.27409,259.26223,256.75748,276.90029,259.95116,302.51394,354.17256,358.15447,420.8813,441.38095,427.27338,448.59185,435.52095,436.31848,171.77854,313.97946,20.0,18.735333,9.0165312,20.0
180.26009,184.65838,166.32964,192.679,197.35329,204.84374,188.70317,211.29598,278.65983,225.47725,229.88602,219.93086,181.90933,182.05813,195.18342,346.97776,296.37731,299.79872,260.18586,310.47639,376.67282,409.04161,435.0805,424.7051,169.10898,189.15411,174.23429,206.54081,290.97101,293.82604,303.36686,322.70518,372.64501,355.9787,365.91395,346.27902,191.20684,185.90066,213.96448,197.97634,195.8867,204.21026,318.48626,292.34781,303.26192,247.91997,272.90417,259.38013,387.88856,370.94257,378.72779,365.9484,372.06914,408.18582,168.50934,308.14182,20.0,16.380523,20.010055,20.0
173.95643,183.303,165.59821,199.49638,190.18577,200.45624,185.99317,223.19466,237.45119,211.02597,235.77666,230.23819,189.45267,248.52536,188.75519,477.86532,304.49152,291.56931,303.7334,579.73081,452.25837,535.45441,591.8196,756.49517,185.91332,179.19251,174.21279,174.05158,272.56571,268.17603,283.63739,296.80658,343.47412,311.34422,338.36621,310.1461,189.06252,188.49635,207.14223,206.87761,193.25888,203.0234,302.08482,300.70034,324.27743,292.65704,304.90972,275.86421,364.06071,430.90572,447.40763,473.34512,439.63622,431.83724,170.84102,229.40171,20.0,23.876658,32.272175,20.0
183.14566,178.75625,169.10371,193.31394,202.76703,199.06583,192.35725,216.89442,242.92682,214.21272,220.06445,215.37603,204.02993,212.0303,202.39531,230.42503,359.7297,283.60815,317.44616,439.20015,642.96793,456.10307,680.44755,845.35067,186.29645,192.19841,183.89406,207.06142,355.59768,290.73209,338.82826,303.5541,452.17077,338.49971,427.1569,355.5029,392.28243,257.15778,204.82731,216.54972,197.05762,222.26664,541.09311,495.25059,551.71509,407.76095,411.42329,324.92083,613.20237,647.07625,676.12873,611.28624,682.17046,692.91415,179.17819,266.85068,20.0,13.722583,15.536367,20.0
175.73718,181.76544,165.64477,195.106,209.25408,201.77068,192.75503,200.18755,266.275,224.80954,209.13966,214.58663,216.2124,218.47074,212.54134,208.87746,295.03333,336.61388,355.61941,324.9354,446.15041,460.84739,495.67465,566.881,188.21173,201.8398,178.27002,190.61589,298.33562,309.91329,302.96492,349.09646,508.54552,461.46223,472.75017,431.72491,210.10355,192.2559,207.57589,220.50446,218.17061,226.27193,377.35013,345.80092,383.29881,343.38805,324.0497,352.69466,484.867,480.05581,511.34692,497.47042,556.8785,570.21399,184.96504,312.60612,20.0,20.164041,9.0431634,20.0
168.74552,186.072,164.63566,200.99795,191.27392,197.43979,189.84874,203.51768,292.1151,207.04119,212.5278,234.60507,236.20459,193.42508,220.84095,264.64506,310.3949,258.55805,317.69157,336.78601,394.44849,412.78613,418.54134,413.05549,183.79079,178.50604,173.04879,175.16785,258.73375,274.29147,293.05947,303.363,407.71274,391.44347,403.92276,387.87664,189.61921,190.85918,267.06996,266.84276,185.06103,193.43837,228.7634,255.0434,246.04238,266.60787,252.37102,260.5094,395.09261,391.04577,399.66816,355.99407,383.56875,413.16371,172.21899,256.39119,20.0,24.104854,17.60632,20.0
171.78387,177.24996,165.95647,200.75721,197.82234,189.73767,205.45559,216.19039,258.65788,208.04383,219.57049,221.08772,252.37811,192.35007,228.21374,288.98029,303.15758,295.44696,286.43034,308.47721,337.76457,363.5133,365.07944,357.10829,178.04485,174.68178,173.9836,171.67356,247.36297,251.51829,253.43722,241.1913,338.22343,328.30198,334.96424,327.9934,204.96401,211.92282,268.05138,207.9442,201.17926,225.36014,263.97041,285.16733,252.87782,257.40618,255.19703,268.70513,336.00218,339.86129,325.2712,338.50091,329.41623,345.81175,169.96286,205.86756,20.0,18.323176,18.448133,20.0
170.16709,178.27952,171.32201,178.82829,193.62363,205.54117,197.3955,212.23932,250.43337,207.47823,215.59408,213.63986,248.66208,207.28064,219.32639,331.09657,263.97562,283.14935,279.40625,334.15634,310.16462,318.9565,326.81324,327.49512,177.01987,181.89369,184.7385,187.76009,257.64112,249.51792,247.87549,252.913,299.8203,293.83867,291.36241,288.19434,211.20375,227.30801,214.2682,193.94038,215.32673,235.52398,269.26976,272.70231,274.2044,252.63849,268.34872,262.3272,295.20294,301.80238,299.61956,305.36134,307.36842,314.85103,179.48372,218.50359,20.0,19.671773,20.388006,20.0
171.82097,176.16685,166.04081,177.25973,185.20033,200.57642,190.16805,197.63921,236.43529,203.06728,201.32054,202.71055,236.43287,231.76227,205.0305,312.83167,257.60767,287.63728,273.65206,332.00145,283.87852,293.47978,302.63886,330.52869,180.20843,182.41271,203.06385,197.28704,252.55608,235.8575,252.05991,241.10188,267.69143,257.86828,267.95403,265.16621,204.63056,218.27956,219.76243,211.13252,211.11692,225.39588,267.72145,258.32569,277.61685,254.88425,274.15106,267.32756,277.09582,275.30574,286.90521,278.00573,292.8797,296.87598,176.13611,230.22579,20.0,19.243879,19.744845,20.0
171.43396,162.58935,163.8963,174.34421,182.71485,189.53173,186.19515,192.20924,219.20012,194.69708,191.93964,196.09343,212.41696,230.95671,197.64059,339.09224,253.61874,295.99202,253.61644,389.51099,261.6557,321.7773,289.88813,341.81909,181.7085,183.92857,188.17909,189.56532,249.31602,241.83099,243.65325,236.26982,265.34964,235.36872,251.72867,245.99572,250.89208,242.84622,211.89978,193.0504,213.81094,226.26257,263.84338,258.67951,266.92621,245.06723,266.85401,248.80401,262.36822,260.83557,271.48392,266.248,280.05758,283.21435,172.71945,230.13079,20.0,19.062088,20.918531,20.0
162.11194,155.51897,165.26422,179.13413,176.04277,182.28654,182.0633,185.68031,220.29073,191.10209,188.99145,187.57489,212.01998,258.67841,200.20097,235.75624,250.88854,339.51296,239.89934,286.50014,274.029,348.70131,289.93011,378.20644,181.67176,181.3875,177.9905,191.24133,239.10035,236.7136,240.59314,233.09869,256.23031,238.6108,247.22463,239.70099,245.41454,241.75774,223.18171,196.95444,196.94962,216.63781,254.1243,254.13588,254.39286,243.18383,257.55438,236.92047,249.33104,264.03448,285.16432,282.8857,267.17042,277.97218,169.74231,213.75881,20.0,22.055721,21.669746,20.0
157.63381,156.1488,163.56234,174.25219,174.10384,175.3647,177.17929,179.0754,208.34507,182.07798,184.46205,185.14882,219.54554,209.73884,196.69882,218.58908,250.72077,289.2235,232.61691,246.78682,271.32201,326.26183,294.0871,278.45987,179.32889,178.33003,188.39863,191.72424,237.36636,229.05375,234.21891,230.84634,261.03168,247.62404,257.73814,242.39344,247.54817,238.77014,208.23257,199.15543,210.12608,215.51153,258.74868,258.36651,268.39819,241.85747,269.34002,243.05037,285.3754,282.40279,283.39086,274.12186,289.0696,296.21399,165.32792,213.28306,20.0,19.464411,21.087715,20.0
156.56815,159.29818,151.23837,167.47901,170.53522,171.87067,172.88599,175.2782,209.12973,178.67383,178.9522,179.10429,211.53031,224.94329,188.30297,204.83653,244.40649,303.85136,223.97702,228.61862,261.22546,277.81744,248.16172,248.66506,172.69158,180.1418,180.36195,203.07733,233.73577,218.99557,243.97927,231.98675,244.38492,234.94433,239.51377,245.41076,238.18329,216.3971,249.51803,200.09139,182.62527,206.53865,256.52764,249.51591,275.0282,267.64151,256.54144,240.31366,258.70976,267.53513,271.14292,271.96032,264.90965,251.78107,155.48403,215.05734,20.0,18.458255,17.306702,20.0
160.29632,153.1625,159.26333,160.14328,165.5558,164.70129,165.95455,171.27544,203.51341,185.16015,188.43883,179.18446,194.19196,210.71031,194.71107,207.48798,231.04299,356.33249,231.84713,229.29131,256.09326,265.59347,251.8336,250.05154,162.50324,172.6591,163.16281,187.76894,221.77784,214.40093,236.07163,234.54095,230.78527,228.03772,232.38363,230.805,205.04703,198.24403,179.80507,194.8041,176.7355,192.15433,238.46517,227.46598,246.19764,232.89951,247.01328,232.59763,245.38855,256.90627,254.7266,255.84827,240.63939,233.18858,149.26432,221.36596,20.0,27.299042,20.613123,20.0
157.27559,152.69315,159.07564,164.58692,164.42179,159.36063,159.65934,172.19138,198.53017,167.18439,181.82612,179.38543,186.11273,224.09451,193.6972,225.9516,215.06026,340.31656,229.16194,253.2711,259.4423,306.43674,262.31539,260.2939,161.53159,160.67065,159.23001,174.45181,221.93701,210.61196,218.13313,218.52495,212.39381,213.32582,212.70892,217.51948,179.47138,184.52102,185.4278,181.60458,180.73447,206.19795,220.38145,202.18929,232.82695,218.70351,233.07949,230.52479,242.8911,243.67164,242.53179,243.70944,235.56327,237.40775,149.17453,198.92581,20.0,24.42783,24.128189,20.0
154.65048,149.63188,155.65527,161.37135,160.96112,159.12941,156.49727,168.70679,189.44846,167.48512,172.34697,168.31394,172.53295,253.50008,178.68077,200.26614,207.19399,401.89815,226.2056,242.77101,256.85917,313.16361,259.00923,268.71611,174.7327,155.98416,174.94873,180.90508,217.80494,208.43775,215.56941,209.16128,226.47813,201.50464,213.24276,202.45624,195.04078,173.55828,209.68963,198.4691,209.54889,192.08179,242.04268,212.06296,240.21705,223.81325,236.78343,220.68247,270.80671,258.37646,271.42131,256.35159,262.01584,275.8912,148.5058,197.64579,20.0,17.782019,22.119982,20.0
153.1538,155.06254,153.85178,158.8658,156.98461,160.94161,152.4674,160.09127,186.10855,162.89889,173.75595,162.38313,171.8432,262.06947,184.35183,192.51811,198.37396,366.44832,216.65126,215.97364,249.47172,291.06051,235.73384,237.43598,179.45093,160.07858,175.12453,187.58337,217.7806,202.14149,220.3977,207.14055,229.79644,201.34621,225.46753,205.92924,198.72995,166.6362,236.40859,203.09603,221.71566,212.40637,242.05095,239.34081,252.31536,238.72089,249.29169,211.44677,261.2015,260.38079,247.74749,248.60111,257.95988,250.98397,147.25329,184.74271,20.0,17.728769,19.540112,20.0
143.36961,153.43865,148.0063,153.72219,153.93299,155.97693,150.05478,155.70333,180.76555,167.45412,161.66727,161.81073,173.16686,318.71459,186.59138,180.05212,217.69016,431.34577,219.81122,213.15259,258.36736,324.54169,233.1344,233.9919,161.73152,165.97016,161.21679,186.61578,208.81305,203.05947,207.51878,205.99799,220.83883,207.00186,223.59213,215.67804,151.94273,161.5683,207.97182,217.5727,179.13696,194.86638,232.97585,213.59616,238.95883,236.94011,228.48043,218.75059,245.00116,246.28902,242.71139,238.51852,227.84893,232.09879,144.36848,195.21373,20.0,23.774544,19.817351,20.0
143.34868,145.6097,145.83797,151.6519,152.4092,151.50976,147.80667,154.47673,184.79812,161.72856,155.64667,167.11338,167.01441,245.48556,177.6824,169.84498,210.42962,396.41423,204.16902,219.23024,239.74927,382.44792,223.61094,255.38268,157.70083,150.95929,161.57482,183.71273,218.10272,202.76588,210.15304,202.25131,210.94587,205.88647,211.77147,209.39764,184.85223,159.9039,180.55069,179.48612,175.08429,192.11319,236.59314,225.83399,230.65318,207.81447,231.04014,227.79966,249.5579,244.35139,249.3902,230.86066,237.76271,230.41272,140.5707,195.64911,20.0,23.978756,21.324767,20.0
141.04133,144.3382,143.536,149.09828,147.40317,150.16661,148.36139,156.69983,187.4989,159.73886,159.89542,164.54794,167.04518,176.50128,178.35198,172.33194,196.15052,287.2834,212.20599,219.26214,233.91348,345.20503,228.55333,247.86307,153.24332,142.46617,168.75079,183.69113,220.11447,196.45587,212.01959,205.74493,221.84794,203.33164,204.43982,204.84277,162.88061,161.43483,199.71277,192.82637,174.75182,198.55179,236.21507,202.51899,226.48404,215.24881,234.74247,228.02825,258.01925,235.08435,242.27625,221.91621,232.66148,229.40407,139.56867,189.27544,20.0,20.593611,20.98926,20.0
140.01528,144.13298,140.04014,146.25128,143.07185,146.13508,147.50494,153.22558,184.44774,151.73621,158.3414,158.2475,172.66603,206.68611,170.99646,179.89166,199.28769,269.20096,211.55561,216.08481,221.4796,284.0735,241.74034,247.33655,155.95279,147.91244,166.54591,184.14509,209.92054,198.0914,209.09304,204.6171,233.91924,203.80154,214.13806,197.82523,157.53487,165.21791,173.35839,184.80771,197.54137,186.23324,232.95292,197.24215,212.22791,203.835,237.61561,231.76445,247.69869,224.74491,240.76004,230.10169,246.48699,244.79793,137.87273,189.196,20.0,20.423363,18.601611,20.0
143.06126,136.72015,139.84229,142.21924,147.73463,143.08675,148.97724,149.84916,182.9128,152.92149,167.63979,150.4791,163.32661,216.7686,176.1902,181.72832,206.7605,318.3504,210.08946,217.13068,242.25498,300.43182,231.07291,266.86029,146.31874,141.68305,162.09643,177.23117,197.32842,197.74219,191.9617,199.30633,227.07615,222.41821,227.08946,212.63988,152.73424,155.06625,159.29065,180.81052,167.14312,172.91289,215.92366,189.45504,203.70156,190.21271,215.03074,207.15799,225.56115,223.92055,222.14668,231.12598,228.8049,230.4682,134.89434,192.7288,20.0,20.594353,18.549154,20.0
139.51235,134.94248,139.71374,145.97188,144.13838,140.92949,147.79066,148.45671,183.66137,161.04691,152.47578,156.40504,152.04108,241.9302,172.48209,166.00171,192.30997,265.64571,211.73115,200.26113,229.64984,324.91287,227.31413,249.9679,144.80243,142.97583,145.89999,154.30985,195.4348,194.19332,191.91328,201.4762,216.66178,215.34309,208.77568,206.39609,160.61543,151.65141,165.49344,168.80119,157.56788,187.90942,213.87318,195.5749,213.76056,203.12678,208.40872,223.16972,237.14398,233.30866,230.9401,234.09808,220.47522,228.87253,138.1205,190.23156,20.0,21.293627,20.898218,20.0
131.91416,132.07215,138.03266,144.55713,138.51239,142.61404,143.41782,153.63365,186.10822,152.44297,155.66768,158.7989,155.89484,169.30135,164.94652,166.47029,194.89528,328.12665,203.29381,211.75764,219.02476,326.40603,238.72162,244.74826,146.69242,142.00618,142.09881,149.72599,204.0424,194.81412,197.8227,195.32661,224.40326,215.85459,209.95005,206.76575,155.64777,152.66897,182.62899,171.78595,163.28087,178.74056,219.86437,190.21235,224.30354,210.31549,213.75357,212.67319,235.75427,224.88019,230.29053,219.47005,228.00884,229.17387,134.97038,188.57085,20.0,17.832602,19.601204,20.0
130.84685,130.79216,136.63159,135.75471,141.79161,147.03237,139.931,153.97829,164.66419,148.12659,168.73409,156.98023,156.07492,248.29251,157.80491,161.11312,190.15824,265.43651,194.16946,203.1642,221.71155,308.9492,223.78245,224.53272,137.1926,148.81901,150.65638,168.29517,180.5508,187.22613,185.71035,195.32281,220.64383,210.95187,218.44897,213.78693,145.48514,143.30839,175.67485,182.50141,152.14469,157.77553,205.52676,185.73014,220.46552,208.04627,215.12277,214.05527,230.16928,228.0054,222.9199,216.0456,220.61807,223.77994,131.09556,180.21393,20.0,20.587343,20.026207,20.0
135.21453,132.53425,139.11061,138.04766,144.49463,143.4356,137.69203,150.32407,176.55768,146.9513,173.62289,151.08289,159.18747,223.15745,157.66869,160.68287,187.75761,286.54424,201.21882,212.17423,219.95564,312.91048,221.43528,243.36859,149.63867,146.80063,149.36651,162.73708,183.54743,179.64502,175.36662,188.31484,204.22805,199.17356,202.96508,208.01461,140.50448,150.00194,160.67886,157.5181,141.13152,153.58943,174.3922,181.38018,208.13501,200.97138,212.39136,211.40626,214.73339,218.57463,223.73211,213.05392,216.57036,222.7933,130.45111,182.73101,20.0,22.527189,18.818167,20.0
133.55031,132.29109,135.67448,143.43375,143.24151,139.02526,141.43248,147.42314,177.15305,158.19751,163.65985,155.88138,157.19691,148.29099,151.25054,157.10691,187.09277,239.98317,204.78936,213.91018,220.65626,350.03293,216.47046,231.42805,143.54269,137.35239,138.99362,155.85562,199.86681,181.29499,198.925,191.75502,221.70133,199.63367,192.97936,188.4673,143.95073,148.58662,149.96115,149.79277,153.98763,161.81807,205.6403,189.44195,210.13984,186.45598,211.66391,222.42801,227.05319,231.31982,215.90139,210.54394,222.04519,228.15252,132.23268,181.63658,20.0,21.800934,22.234197,20.0
128.75102,132.66136,129.93768,140.406,146.00544,145.07768,140.88935,143.90947,174.5199,151.87853,148.29453,155.27188,153.55595,145.04589,149.1909,155.45638,189.18441,194.46071,186.54821,206.41541,230.26869,277.45047,216.39835,222.68263,139.11638,135.07068,140.47148,164.49719,189.48396,184.31268,185.09609,194.05641,215.56381,195.67974,207.54277,194.02206,151.36202,139.72171,165.28583,146.92456,144.13434,161.08264,216.29161,196.22705,217.61155,202.75081,207.1311,202.12462,238.55081,227.23456,239.82013,214.42064,218.793,229.10133,128.69271,182.43127,20.0,17.362865,19.954656,20.0
129.54205,142.96298,134.34734,139.32105,145.03008,144.17971,139.57857,145.02777,164.02343,151.07523,149.62198,149.63055,147.9852,145.82844,151.74982,151.34286,187.08226,216.61628,190.72146,206.73383,239.99515,351.74945,216.129,247.73934,135.44519,135.22783,137.6418,143.01915,184.39804,183.10985,191.97284,193.6314,215.29041,207.22499,210.05864,202.26488,127.19214,134.40977,156.02258,143.61798,143.39972,160.62386,212.03738,193.04078,203.99856,199.38791,194.41179,214.7209,231.79016,219.75327,222.07617,215.6977,217.73917,222.03961,126.93394,179.94757,20.0,17.129289,15.195882,20.0
131.16176,136.15488,129.63126,141.49983,137.0473,141.36526,140.39247,142.88794,177.9834,148.45761,155.70976,151.33756,142.57453,148.37372,145.56397,150.48687,184.33446,198.2095,195.74948,199.90078,216.21621,275.08923,220.05177,234.84762,130.39444,135.24465,126.39838,140.74756,173.86146,183.44049,185.65647,192.05345,206.24001,210.57111,197.66913,192.68784,131.22485,132.40595,140.84889,142.75194,140.26286,156.90629,180.54672,184.4122,194.05142,199.72974,194.11154,205.45436,234.09041,213.5096,234.60199,213.90926,211.69888,221.77706,128.15324,182.86549,20.0,18.38567,18.415945,20.0
128.4908,131.59593,128.99396,138.17453,135.6633,138.75192,140.82353,143.21837,168.5085,142.25267,158.4285,149.61117,143.31123,144.51466,139.13472,154.8285,194.48221,221.92721,178.75532,188.8015,210.78385,303.47434,230.14995,232.0979,130.05109,131.04564,137.19754,156.74929,178.55253,180.89551,189.16774,188.59554,214.87156,214.07018,206.70623,197.51863,130.52176,135.13354,136.81931,138.68347,136.41555,143.16675,173.92636,182.77479,201.84586,193.51908,210.84738,199.85792,227.43919,212.33839,218.21573,216.40816,214.00148,224.84231,126.95804,183.502,20.0,18.685599,19.827229,20.0
128.96428,125.95854,134.89833,133.82724,136.2106,135.36245,138.17911,141.10779,171.20353,148.01928,156.33368,145.45611,144.58317,138.56846,134.22799,148.57208,181.2859,186.62232,188.62781,187.33314,229.58295,283.78132,225.54673,242.80113,131.58092,132.133,130.62501,154.23345,188.99666,178.47334,188.43968,188.3069,206.33615,199.12767,201.99442,194.67309,129.13589,137.686,132.31635,134.27775,137.05582,150.25933,200.52525,170.73828,203.67797,186.12612,188.59069,199.38702,218.38784,216.61542,216.62543,216.01051,209.76951,219.80133,125.23112,176.2492,20.0,18.659624,17.060156,20.0
128.04166,123.74722,133.27219,136.53551,142.67152,135.41949,139.03124,144.40708,163.40696,149.2866,145.87563,146.90395,141.32495,128.4277,136.78357,141.67474,176.9329,173.96722,182.03887,182.20921,215.11451,287.54234,230.30941,242.95943,133.2433,132.43536,132.91486,139.78642,184.17039,178.23331,186.61641,186.6497,204.54973,200.25495,193.40497,192.33602,123.60856,133.17993,133.51278,133.6106,137.4919,147.1565,195.10598,170.50656,203.97355,190.70993,201.66965,217.07671,215.46954,213.58118,218.29344,224.33514,213.36061,231.59604,125.66172,166.17364,20.0,17.396102,18.439764,20.0
123.26741,126.18655,126.13324,138.26627,136.91485,139.67231,136.99122,143.31826,172.67345,143.89584,145.53468,147.02655,137.66012,127.56893,142.05728,132.74531,175.77004,182.2705,182.32455,184.01328,208.30492,297.07461,233.6699,240.48561,129.1247,126.07889,133.78993,143.53848,184.08858,181.95379,193.2774,184.77094,213.88278,202.57984,200.95107,184.81391,123.65141,130.55209,127.39784,129.9355,129.42802,133.87161,177.39244,183.26503,199.6441,184.5828,207.17096,185.90868,226.22582,216.45792,224.39029,222.25698,224.26501,231.90688,123.72489,157.70998,20.0,20.314177,20.810627,20.0
124.20753,132.27782,125.07976,136.02814,134.80909,140.9106,134.94272,141.9981,157.37452,142.94118,147.1738,144.72018,128.75962,126.53069,140.35786,128.19965,173.0032,178.10597,187.55167,181.96742,205.53347,274.0219,231.11772,247.21351,128.09323,125.83718,122.88653,148.48101,158.49974,180.60911,185.00401,188.10876,210.1298,201.38844,207.10875,198.57371,122.1388,135.84311,123.01464,129.70758,125.56391,135.93829,188.57774,165.75992,195.52703,172.91864,187.25465,184.02698,217.92149,212.78141,216.37296,215.15141,222.58522,227.69877,121.70972,177.06313,20.0,19.900693,19.03477,20.0
127.81858,129.05311,122.95723,132.20937,132.4719,137.06555,132.47515,137.73447,173.19406,137.49517,145.87649,141.83997,129.45538,124.27597,137.83137,135.01951,166.71568,169.77077,175.9628,185.13829,206.24556,259.06372,222.43525,240.14503,126.79583,131.2059,122.59257,131.99569,162.42971,179.42232,166.48978,186.0651,207.41108,210.5542,197.00872,195.64637,124.22913,131.93291,121.57203,126.20902,121.92808,131.117,194.47789,169.88034,206.55266,178.61045,185.30742,191.039,223.18872,208.79424,220.01575,220.06773,217.47673,228.9169,122.55555,170.52503,20.0,18.482568,19.802192,20.0
125.18038,122.55142,126.28782,127.78239,133.18415,132.22265,135.32357,135.64962,170.99645,138.759,141.67889,139.50872,130.11935,121.6782,134.26656,129.30645,170.90423,173.67871,171.5653,185.28983,205.38816,261.57169,224.15021,233.80206,122.1483,122.69379,123.2784,123.53134,166.98823,173.54404,174.04961,181.71644,206.24612,210.90228,196.22842,202.96062,119.75018,129.70619,120.64784,126.62807,121.43424,133.83018,178.94803,167.24527,206.19545,182.0115,179.36162,187.0252,219.0446,209.22127,216.364,217.01979,218.22962,226.43958,121.00656,170.52093,20.0,19.005297,20.378553,20.0
122.94355,121.78604,119.7237,131.36413,132.08563,129.07309,135.34178,137.08927,147.65278,136.40814,144.87878,139.60217,127.40176,120.58773,132.02638,128.76443,169.14624,170.86046,167.42556,183.74036,207.76916,264.4454,223.65843,223.40725,120.52959,121.84555,127.44734,125.47577,174.65912,170.62758,185.64588,188.66811,210.62563,207.69211,198.86176,200.59194,118.38351,121.95296,117.94171,127.93731,122.95185,131.68522,173.78668,159.27858,199.94892,174.77476,183.92229,173.28081,213.90973,205.28137,210.74136,216.03188,220.807,229.02388,121.00452,157.83362,20.0,22.173719,20.384602,20.0
117.57948,128.82574,116.2709,132.9661,129.2499,132.1783,128.33539,135.60294,153.78884,135.28015,147.61364,141.374,121.54819,119.41611,128.35188,129.17863,163.89028,170.26156,163.11965,178.19327,202.42175,270.30967,216.96334,241.26376,121.12335,120.19899,122.01151,122.07181,173.56012,166.74172,182.90463,185.57192,206.41436,204.28032,200.20528,194.62525,119.22798,124.08199,118.11267,126.78307,120.40806,129.89413,189.40989,156.4943,196.02011,183.88055,186.18895,191.00921,214.42407,203.8648,209.47182,211.88792,209.18408,220.23789,119.02326,167.01485,20.0,21.120672,20.221859,20.0
119.29079,128.30566,114.71117,130.12898,131.64713,128.53831,126.21501,137.85064,163.58292,137.56932,141.62464,138.22658,123.41845,118.52753,122.44845,126.80568,163.77304,168.87567,162.41013,174.21503,199.57622,233.58514,223.65704,240.65665,116.16421,118.46479,117.26644,123.51321,167.92222,165.74904,180.667,184.27548,196.58786,197.92868,192.05415,195.29689,116.47998,126.87983,114.43705,127.81961,120.84103,126.73903,178.12631,163.90818,202.91814,186.79571,188.41295,179.0762,212.90139,203.93679,209.42994,211.78497,209.10677,217.26984,116.9681,163.4069,20.0,20.759166,20.441335,20.0
120.22335,123.59513,114.51287,130.95533,129.79896,130.19421,125.80162,133.03322,144.00865,142.08739,147.74283,135.9436,127.41473,116.7954,118.64507,118.60137,165.03512,167.96181,165.33525,173.43456,198.9416,260.4009,220.05476,223.49906,117.72481,119.95736,110.68289,119.16198,169.08099,162.79378,178.63874,179.74287,197.83592,200.6912,193.03549,188.87209,115.51005,124.81412,109.91076,123.80358,115.18909,127.7502,178.9172,166.78713,181.77026,165.7596,188.25733,162.17843,206.71255,204.26021,206.53693,214.31841,203.75594,215.98161,118.33693,163.17398,20.0,20.448967,19.774984,20.0
117.26525,125.73819,115.67449,128.48575,128.13063,130.99863,125.06236,132.90877,157.90655,138.56879,140.03692,136.66405,123.85065,113.91133,119.20688,119.9478,161.61703,166.78993,167.59654,173.72684,204.93393,258.96223,219.74167,239.73447,117.2273,119.32374,108.92564,118.88391,159.34615,168.64807,175.20911,179.96486,199.90182,198.00237,192.166,188.83272,114.11035,124.68825,108.56876,123.16678,111.92926,127.21872,180.66133,163.56717,179.91043,167.64062,173.54369,176.68151,205.11284,200.55794,204.35937,212.0192,203.53819,211.56639,118.15516,162.33909,20.0,21.630073,20.435118,20.0
118.5159,123.61636,113.93934,127.43212,127.18764,129.41129,126.26918,132.29326,160.62417,137.70404,137.07945,134.73837,119.24098,115.92424,119.2572,122.74599,162.10994,161.38624,157.85656,169.02314,200.93315,256.5723,222.52859,235.54587,114.03072,117.32741,114.00283,121.37105,147.40326,168.15872,171.7501,179.04244,199.15818,196.16217,192.62074,191.08569,112.12551,117.39593,111.23,122.67343,110.99638,122.8132,177.35665,160.52476,194.40505,169.53919,174.75973,191.84801,205.6973,204.30445,203.64567,208.83831,203.90675,210.79353,117.76647,154.95536,20.0,20.698894,20.118043,20.0
116.27815,115.69816,112.27092,125.12678,124.87142,128.56375,127.73127,130.44664,149.13789,133.55971,148.39466,134.40372,114.96997,114.91741,116.08563,118.82714,159.92905,167.63503,166.90565,164.6471,199.853,240.24655,229.34644,229.71489,110.19284,117.54675,119.07881,126.38431,149.55207,165.49619,159.68149,175.6252,201.57479,199.67657,193.17153,190.2198,114.49422,117.91059,108.84385,119.47785,111.68537,120.33971,189.7439,171.67061,188.32038,171.66137,178.92541,172.6728,202.07618,201.11241,203.10928,209.99265,204.90941,218.65099,116.28625,162.91325,20.0,19.095992,17.977922,20.0
113.23639,116.86755,117.90267,126.13457,125.825,126.64431,124.32411,129.94057,142.6757,133.80825,144.92077,133.96111,112.44468,112.64708,115.13058,115.12534,157.65668,163.94549,165.34945,164.69488,203.35687,244.84644,220.0515,225.04899,108.81667,113.52111,117.65644,114.47975,152.31636,156.84316,166.75109,172.29666,199.53465,191.81184,195.00274,187.41577,108.9963,117.0886,106.70266,115.62968,108.52748,119.85196,173.07332,148.81394,179.53147,170.54077,177.95355,169.5678,202.11165,199.07101,200.83365,210.40888,212.24632,219.02944,113.81673,139.69987,20.0,20.282173,19.056111,20.0
113.68653,116.76825,113.60775,123.40644,123.26966,126.71874,122.8573,130.90912,151.95973,133.85133,141.84216,134.06904,111.13654,111.99238,116.76014,118.67574,151.7237,159.93595,163.42649,168.37184,197.30936,247.65565,218.87702,220.80943,107.47607,110.06362,107.40746,108.01382,150.70408,155.03224,164.0694,176.88894,197.7841,183.54217,190.78307,185.53301,108.60819,113.86962,107.5552,112.68019,110.85449,119.27618,167.71877,147.86394,185.72398,169.1112,178.08603,181.50168,211.60436,199.39674,203.13865,208.99754,204.85242,213.57673,113.54654,154.39748,20.0,20.668598,20.087986,20.0
113.54085,118.02063,108.21719,122.11379,122.517,125.4388,124.67684,129.87501,155.10836,132.06612,129.82893,132.18731,110.28658,113.6755,114.09217,118.32119,153.01488,165.83531,156.92273,169.08605,196.54541,232.71938,213.61136,226.26779,106.46257,109.0427,103.02589,103.99016,150.83578,158.18225,156.92092,170.21294,195.22034,196.66131,185.94324,187.41166,109.5183,110.34799,106.89959,112.33286,111.34417,114.75254,168.2326,149.77016,187.35603,165.58781,177.53939,168.32806,203.90858,200.06941,206.86095,207.11075,203.87615,214.01518,111.32617,136.68026,20.0,19.957641,19.373824,20.0
108.06519,118.75932,106.6095,122.04491,122.70545,123.61392,125.96673,128.64216,141.7555,129.63016,136.08804,133.29882,107.57145,110.70399,110.59203,118.96502,153.76345,159.39407,153.05191,163.49035,191.35703,231.32132,216.27682,213.46978,105.13994,108.32235,107.63355,116.93434,148.13513,153.2823,170.92525,174.26721,199.72625,196.03608,187.00953,190.0418,111.0261,108.87233,104.9289,111.86426,106.71663,111.99413,176.96801,154.38707,165.19666,154.90916,179.20709,171.95236,197.24229,199.2318,202.50149,204.15163,206.36073,211.71021,109.8016,146.49461,20.0,19.584971,19.07624,20.0
109.88635,119.98999,105.93071,118.75414,123.25772,125.11875,122.64541,128.31352,135.48344,131.49569,138.35393,130.69319,104.42227,109.22019,111.29727,118.19653,153.52793,154.61454,154.56862,161.37132,192.6649,234.2335,211.63142,219.77666,103.55266,107.6469,104.7676,115.37388,142.85751,165.09049,172.95628,175.78914,197.06481,200.86739,186.40265,190.42625,111.05662,109.55232,104.79881,109.32376,104.19502,110.7983,172.33501,150.51708,157.75358,159.06427,168.25042,173.55891,197.74691,195.67489,198.34026,202.20057,207.35826,212.55119,108.90913,158.12152,20.0,20.097935,19.257156,20.0
111.46077,111.24134,106.93951,122.9416,122.85206,121.55044,120.2768,126.736,152.06274,131.04524,133.26397,129.42805,103.68614,109.1592,109.2001,117.27747,147.09087,153.85586,156.42447,159.54667,190.73305,222.11234,212.9057,226.11572,102.252,105.73532,101.56335,100.87073,140.08857,157.43244,168.72757,170.90878,194.48808,194.61815,181.81478,186.50819,110.62169,111.41876,103.28797,107.23762,104.28504,111.68536,171.71006,152.05787,171.34026,161.1306,157.81208,173.02242,199.38046,192.36154,199.78642,199.15929,198.52998,208.45027,109.13563,139.74978,20.0,20.278205,20.131077,20.0
105.23115,109.31656,106.61862,119.60578,120.92973,120.79767,119.82124,125.87529,132.21524,126.85859,134.62968,128.89897,105.1422,109.46622,106.04936,112.83782,149.6175,152.88778,154.87636,160.72624,192.84612,230.04912,214.16426,230.93173,101.12871,102.80353,101.28891,100.9933,155.16071,146.30896,168.68558,164.9188,190.21536,192.0239,183.94091,184.67256,108.63099,107.65892,103.18818,106.11631,104.8376,111.47047,166.42853,147.0206,176.71363,159.72948,166.3266,185.28779,193.5537,191.85063,195.04278,201.73541,195.98222,205.55405,106.81943,136.06363,20.0,20.125699,20.251093,20.0
104.08968,112.04788,106.07985,115.45635,120.85451,121.72133,122.27417,126.52262,132.89089,130.39691,128.19849,132.75993,104.77466,108.70559,105.08876,113.51676,148.86787,156.26256,154.11241,157.92133,196.11978,238.80756,211.52565,226.57975,99.797732,101.01275,97.6073,101.74829,150.44284,153.76366,165.15194,170.69572,186.80548,189.93917,181.17788,179.11378,105.98303,104.16036,103.86812,103.68743,103.22475,110.77531,157.22189,147.43135,169.0842,154.50776,170.90352,170.59904,192.28818,190.62497,195.53464,203.49437,198.26985,205.95753,105.67042,152.72756,20.0,21.419174,21.210022,20.0
106.44438,109.56847,103.84271,119.97923,122.20664,119.25354,119.25672,126.73347,134.79669,127.34615,130.22768,128.6094,103.77607,105.20967,106.0033,112.54812,147.96397,149.73976,148.18997,155.44149,189.78502,239.13431,214.80141,222.57669,101.06328,101.16402,96.373894,100.8646,144.40474,149.72226,169.66303,168.34961,188.48139,189.83079,185.91056,176.92852,103.7282,102.38649,101.9181,103.92929,101.28985,108.37108,165.19211,141.00409,168.77038,156.42505,158.86103,178.13622,191.24161,191.70355,191.94046,206.95396,195.07887,207.18835,106.19064,145.08077,20.0,20.050525,20.152841,20.0
108.97803,104.77503,104.11985,112.63685,120.31609,119.34177,119.07256,123.14249,146.20268,128.36871,128.91925,125.62635,101.63835,105.13902,105.08423,110.6277,149.64743,152.9508,148.14543,153.66197,191.25728,227.50763,213.15339,215.66132,99.38654,101.65117,97.579749,101.30389,135.76733,162.65836,166.16714,171.18898,186.63297,190.91661,180.3102,179.16044,103.27571,102.47411,99.680387,104.06665,101.05978,104.89682,179.25354,148.53213,177.07458,156.84195,154.35939,156.57207,189.29383,195.7095,194.39501,205.68558,203.61404,211.4658,106.79832,151.94014,20.0,19.07359,19.559644,20.0
104.80801,102.67231,106.4945,108.57645,117.10605,119.35163,119.14021,119.89872,141.76659,128.82066,127.95942,122.06873,100.14839,104.02942,102.69344,109.7713,147.05071,144.71253,154.4739,152.64833,188.74498,230.81588,209.53736,220.97296,98.249037,98.701575,98.276189,95.440588,138.21472,156.11209,167.79868,165.33614,192.03776,187.18543,185.32804,185.02925,101.27966,100.40823,99.23826,103.82462,99.061682,105.62936,176.08421,147.41237,167.75664,157.16051,144.65822,163.27753,189.71088,189.37535,199.93379,193.70828,204.33199,208.2908,107.06206,137.10153,20.0,20.402923,20.229616,20.0
101.25935,102.21904,103.23077,115.74665,115.0797,117.97406,116.52367,120.70337,138.13737,121.23693,124.32243,123.94766,99.57134,103.60863,102.37635,109.95031,143.39664,150.99914,152.60586,154.2321,189.0614,247.26955,207.42238,212.67323,97.916069,98.234991,96.241128,96.059958,138.75691,147.90559,166.95957,166.48985,180.78998,179.62984,183.06679,180.58178,97.91354,97.597965,100.81737,101.9148,99.669551,103.94409,168.87921,143.01448,177.31988,158.25714,155.01998,174.59409,200.17096,188.94205,194.78208,199.78315,200.09114,206.05121,103.672,135.11637,20.0,19.712541,19.485376,20.0
99.65979,102.55309,99.609533,117.79248,115.24403,116.61034,114.83419,121.65691,135.6521,122.91629,128.51774,123.17339,98.374357,101.93331,101.38012,110.4584,147.78938,158.99994,148.27495,159.92416,187.82072,230.30493,207.10631,215.55618,96.503043,96.595306,95.576023,94.232749,145.50958,143.2183,163.23794,162.76113,186.63552,193.16393,178.97828,183.02658,96.755235,97.101154,99.335726,102.65695,100.10786,104.06301,155.75186,144.4583,170.21147,153.77298,163.31624,173.65545,196.89128,190.67793,198.74076,202.99172,196.47895,204.67904,100.6771,126.62052,20.0,18.077425,18.65006,20.0
99.517082,103.77759,99.135171,114.50732,115.16272,113.85516,115.7055,121.5635,135.79779,123.78251,123.43902,120.46264,97.56198,101.79398,100.17436,110.21367,145.93513,153.01387,145.19683,153.9868,189.27438,232.48092,207.68452,219.44188,94.423287,96.230636,95.642031,93.620157,143.13487,143.94879,165.10438,161.41963,185.40428,195.01634,179.29189,182.49295,95.854639,98.14616,97.389914,101.25467,98.101186,105.19338,169.47319,142.05126,171.76379,150.24658,167.71996,166.61133,198.31427,188.89736,198.16275,198.91802,195.60554,208.68526,100.17982,121.30534,20.0,17.944547,19.446097,20.0
99.316327,105.77039,98.29336,112.60463,115.78452,114.518,115.96411,118.48282,138.9672,126.97656,126.19741,120.24499,96.105479,100.72402,98.374545,108.37348,150.98736,147.15885,149.80871,155.24561,188.54623,246.01825,213.14619,220.38593,94.683912,96.57073,96.899921,95.031087,156.59242,139.50114,167.95187,157.77411,191.40808,191.49756,180.61616,183.67731,95.639156,96.757119,96.597135,100.07742,96.103484,102.77003,156.79062,146.04079,164.91351,153.117,158.49155,170.20321,194.40903,186.87429,195.15888,202.39518,203.16047,207.97643,100.45388,118.70561,20.0,18.525591,19.311676,20.0
98.227357,105.72635,97.175093,112.36038,114.73087,115.50655,113.97051,117.04938,136.82842,129.62049,129.44432,121.53826,93.59886,99.448948,97.26205,110.30624,147.65708,146.69791,150.02868,152.68161,188.17129,245.49999,213.00005,220.08389,93.604767,95.331577,94.113227,98.001395,145.12626,145.59434,168.35413,167.54237,191.79575,191.57818,183.45505,182.82116,97.736815,95.022327,95.794501,100.65997,95.599372,102.37716,151.62522,140.42544,179.80139,150.47714,153.34057,166.09762,192.32826,188.57816,193.18136,202.61244,191.36673,208.90387,100.71181,122.51644,20.0,13.662013,13.282413,20.0
96.433943,95.346866,96.824072,111.02195,114.20009,114.73236,112.19341,116.08489,130.41592,122.32498,123.28074,124.57569,94.463178,98.626692,98.573111,107.98737,143.13157,148.36507,149.87503,152.27081,186.38574,235.27775,211.55083,210.34847,90.917583,92.454062,90.511195,92.883483,128.81401,139.38231,164.79168,160.25543,184.30615,191.02389,175.28129,182.00218,97.230495,93.819899,93.637963,100.97153,94.653835,100.52397,155.03412,136.19521,175.19142,145.91922,147.23774,158.02966,193.36727,187.0458,193.59669,200.07253,196.83501,211.49578,98.668975,122.60205,20.0,9.0669236,10.149537,20.0
91.691923,92.57729,96.360931,111.86205,112.5327,111.26453,109.95921,118.50057,135.23939,118.27345,124.17579,121.66868,93.26291,96.994342,104.46224,105.53613,141.14757,156.74799,144.92307,152.26159,188.54198,243.9259,206.76655,220.26305,89.981884,89.944157,90.002712,92.73823,143.2135,130.65634,166.81377,155.93306,186.12731,178.51097,186.00308,175.5789,96.038471,95.25997,92.006026,97.417763,94.04743,99.10655,159.55762,140.48505,161.92814,148.23691,153.81296,146.46091,190.23999,190.4363,188.76392,201.14377,198.34131,208.15993,94.416509,131.75449,20.0,14.491516,16.213457,20.0
89.92609,96.154763,95.070772,109.69748,111.45761,109.80909,108.86893,117.65494,119.45692,121.27227,121.70568,120.29413,94.430917,96.650854,98.048994,106.65716,141.90462,146.16028,151.57907,152.81923,186.19222,266.58218,211.98068,222.93013,89.9963,91.187733,87.756341,92.525648,143.21143,148.89896,152.83975,167.70469,183.63426,188.80987,178.26278,173.84375,94.593715,95.138957,91.7923,96.517137,94.197361,98.765253,169.9532,141.963,176.53933,160.2048,160.75028,162.11454,202.43373,194.12213,190.95081,196.47337,195.31903,213.29829,95.299546,126.43701,20.0,17.002226,18.076345,20.0
94.112394,103.54932,92.624094,98.609228,111.14828,111.48743,111.15327,116.42733,150.2042,119.00531,126.31903,118.1994,93.059041,97.828907,94.425731,104.95867,143.38649,140.29417,149.73402,152.11862,189.96681,254.25425,217.6171,234.97853,89.8179,90.793016,87.795586,83.99431,146.67443,144.48914,156.53732,163.99889,194.78138,189.0786,182.79798,188.50594,93.295172,93.939003,93.358944,96.229895,93.633093,95.576659,165.09558,148.49304,190.22794,169.88832,152.38147,161.67759,210.08154,196.54551,208.68858,200.62249,201.55209,217.86038,94.196481,139.28803,20.0,16.097374,16.884398,20.0
95.017457,98.497634,94.504818,103.58337,109.01225,110.90221,113.06745,113.37847,127.53672,121.02614,124.07612,118.22128,91.226139,98.261445,95.226749,102.60142,142.94931,147.1662,149.16462,151.43851,193.47378,253.58848,221.31489,229.49683,88.304842,91.085771,89.751219,92.17141,144.599,149.03922,157.4929,172.38615,203.85273,183.02937,192.94045,190.29169,93.457057,91.684415,90.375527,92.259325,90.926041,92.853324,149.89992,140.75898,153.4517,158.67584,162.99466,165.11354,208.76083,196.59087,214.44504,205.4466,214.67877,226.82648,93.912276,142.27002,20.0,10.580243,10.951267,20.0
91.089079,91.950652,95.130187,107.23962,108.9881,108.25083,110.81538,117.27168,146.07586,117.99199,118.11232,121.93362,90.578603,96.417936,96.766191,102.63665,144.86052,147.47572,148.16532,155.25671,198.33129,222.11703,225.91825,205.93684,86.855881,88.831752,90.952047,91.32776,132.14571,151.84667,159.42653,171.46937,204.72784,198.51719,197.35654,196.07296,93.764568,90.636979,89.202654,89.12996,89.011285,91.782775,127.60215,133.92289,146.56435,140.94731,144.64373,160.54836,201.34453,203.93473,211.98267,203.21065,213.63371,224.89784,95.725909,128.45659,20.0,9.0143499,11.084413,20.0
85.946489,93.273851,92.748424,109.55523,109.66374,108.89692,109.17988,118.07438,130.71159,123.86807,119.32694,122.08348,90.080961,91.678892,97.751629,101.89056,141.5644,140.86517,154.77348,154.84487,196.67561,252.18013,219.10584,216.69371,82.659528,81.184982,87.266501,81.554995,127.97654,139.67572,165.87275,171.97817,200.54273,194.0985,197.2881,197.78682,96.284857,93.251249,90.028876,89.686151,87.967503,93.731314,155.64038,141.85681,153.7354,145.34572,143.11872,160.48672,203.46329,200.15377,209.43336,203.18349,204.81988,218.15448,90.317733,119.76667,20.0,14.39055,15.47258,20.0
90.133443,101.90241,91.495415,103.76005,110.75612,112.67518,110.42684,118.05089,139.69914,119.20443,122.06215,125.10961,90.754151,90.948489,97.306379,102.05925,148.13643,146.37656,151.87086,154.15205,192.69797,244.95864,213.03086,230.70007,83.982647,80.158532,84.674593,80.255819,134.27557,133.20135,152.12646,167.74955,189.38422,189.07065,188.87418,188.89926,94.21702,92.827903,90.712632,92.376555,90.279299,95.416964,167.01543,144.44665,174.24761,158.8645,164.35319,166.58759,207.15638,198.81959,209.95676,202.00662,204.00417,218.25825,84.814707,114.40777,20.0,15.039936,16.347454,20.0
94.746859,102.93185,90.219343,98.432122,110.63474,114.70456,109.40469,117.10766,123.17745,121.21787,126.90236,120.44302,89.29159,96.086226,99.128061,99.931938,158.47271,148.00544,148.69928,155.34508,193.17868,244.42453,220.2143,230.13469,84.644002,86.950853,85.38134,83.812444,150.96625,141.23729,166.44139,170.12429,199.74638,197.16208,188.99581,189.34267,92.096629,88.339112,90.124333,92.600151,90.017224,93.807124,127.69035,145.63443,167.93789,152.44951,161.55261,165.8626,208.02246,197.42604,210.66731,202.28689,203.5908,219.59849,93.335812,112.96038,20.0,16.021995,17.257267,20.0
93.044357,87.067155,91.26488,92.329483,113.31116,111.86885,109.46003,116.71723,145.19207,118.37218,125.83638,120.89544,89.332622,97.784425,99.540746,98.219316,147.43065,141.98063,148.45406,151.53677,198.96127,261.34201,217.56759,237.19713,88.590266,90.179478,85.854689,85.832639,142.95049,162.15823,173.14006,175.9114,208.09972,198.75717,195.29888,198.32391,89.600707,87.048879,87.276171,89.771027,87.49943,90.790945,129.50728,142.08375,129.59617,141.8709,179.8722,163.55142,204.00502,199.39601,209.92275,206.40578,205.9256,228.8855,95.998584,138.9312,20.0,17.346609,17.813198,20.0
87.522893,85.462095,94.150826,97.237099,109.75947,111.1146,110.70674,115.94019,126.37021,124.56293,128.26897,119.71096,88.166675,92.528563,92.90508,100.43221,146.14143,146.23647,156.02455,150.33353,199.17893,253.78345,218.46496,245.97088,85.117226,83.03822,85.844194,87.936707,128.9842,167.30153,170.51494,178.93247,199.07674,185.77166,199.36092,198.06263,91.342408,86.765482,88.47277,89.940255,85.999853,91.591271,158.8523,135.04599,161.97983,153.80914,170.41236,172.51434,211.06385,201.25625,208.54848,208.72035,208.95427,225.39736,92.805022,152.97024,20.0,16.787181,17.485524,20.0
88.695604,95.411674,91.348077,98.609216,110.45945,114.74334,114.88117,118.98881,139.41028,119.63383,126.3806,123.56435,88.985333,91.400497,94.852924,102.34062,148.35455,148.01017,152.67652,155.32169,198.92273,260.91897,226.33225,256.19249,85.143115,82.275048,82.884135,81.755967,135.53104,148.70073,162.38721,177.31858,201.76385,192.16928,194.3332,193.84827,89.03182,88.295743,88.950868,87.593265,87.519172,92.919382,170.16973,142.22327,185.89355,162.78385,175.03409,166.19033,213.69079,198.37134,213.45808,205.06516,208.63916,225.94086,89.219771,120.23295,20.0,17.276033,17.968609,20.0
93.280962,93.534809,87.091999,98.165258,112.43613,115.52482,109.56979,120.97264,147.59396,124.07335,121.79376,121.29517,90.489659,92.77124,96.05451,100.97461,150.60604,143.72857,165.57066,157.19794,197.78722,261.57174,229.90946,253.7154,83.748096,83.522012,84.736353,81.379561,144.35124,147.03294,165.38403,176.70823,210.06564,199.17212,204.93579,205.08319,85.039139,84.950892,86.998153,85.69094,88.028961,94.793007,122.13623,135.87059,170.75201,157.44903,183.71441,165.79265,214.30927,201.58039,220.26596,207.38461,212.86564,233.23739,88.334266,130.17856,20.0,16.858828,16.173407,20.0
92.020432,94.600137,88.911069,85.882147,112.66506,117.85186,109.8678,119.30472,134.75577,121.36754,125.93882,122.4149,89.822192,94.239947,90.726046,99.61093,149.71888,145.18972,158.10029,157.36114,200.25333,265.00658,228.19026,252.47815,83.981747,84.328993,83.869537,82.161667,147.5414,151.92938,173.32789,186.3941,210.35512,195.56384,202.94747,199.09825,87.838158,84.268459,86.938166,85.378452,87.482857,95.504402,136.19063,139.68992,175.12645,147.19031,169.27182,172.38239,229.58773,208.00525,230.01912,212.44229,220.77305,240.84953,89.406169,135.41346,20.0,15.752587,16.013243,20.0
88.661207,88.742852,92.55755,90.04004,116.72209,115.548,112.69911,118.94249,149.59796,121.91574,125.10392,123.21433,88.038506,90.24404,90.771142,99.545811,156.30885,144.11474,167.7696,157.49609,207.42536,278.34803,239.26925,266.72125,83.62568,83.534906,85.03711,85.875855,141.62523,159.62452,163.51874,181.32513,218.75009,202.55419,202.05968,199.62346,94.455839,87.748043,87.28631,90.342685,86.786711,95.131624,137.89009,145.40274,175.18771,155.14415,159.23731,166.5858,228.77597,220.92569,229.25815,214.01102,221.38653,237.56722,94.430807,146.23495,20.0,16.703251,17.511606,20.0
86.630959,80.714026,92.49441,99.864618,115.27168,112.8925,111.88532,122.43467,141.26835,128.00597,126.63854,127.58805,88.100587,90.942166,94.162052,99.767761,159.06925,159.18718,164.96592,165.53862,215.30467,269.16405,236.81849,249.04274,81.855982,81.175587,85.555802,84.503497,134.91279,153.62399,159.51378,185.687,218.77351,195.39301,209.61671,204.25377,92.692046,87.626746,88.004325,93.11281,86.259649,95.75395,131.66474,143.92251,171.8919,164.34959,166.085,171.80392,231.6278,218.3382,233.1634,221.58149,220.99852,245.281,91.097601,134.73825,20.0,18.075765,18.269654,20.0
86.650061,96.789565,90.351064,100.30352,114.50631,119.14226,113.75904,123.40335,144.23503,122.76209,125.4531,128.6174,90.742453,91.748459,94.205651,101.39058,155.085,160.32188,164.32358,166.71638,215.72628,280.44106,244.58586,273.85547,81.69111,81.095061,88.088716,83.381318,144.55777,161.86703,169.16864,185.9518,223.81521,203.26556,211.22653,210.21847,91.416335,85.687863,89.335488,90.430024,86.770629,95.402217,135.02286,146.1069,143.64735,156.17734,180.94636,176.39007,234.91328,219.44366,228.90093,222.82386,227.06404,245.79425,89.11594,127.73076,20.0,17.975148,18.130115,20.0
92.637136,99.111273,90.183219,98.195688,117.08879,120.52135,116.44806,125.32951,161.33039,125.12597,128.68356,126.72411,88.283104,90.06887,93.73427,102.36769,156.72048,154.92527,166.32874,162.41126,218.16474,287.14153,248.23649,264.53513,83.216272,83.234871,86.208267,85.901996,143.56337,169.80994,176.06957,190.79758,225.51874,206.57632,216.78767,214.90856,89.125811,85.536078,89.657571,89.861249,86.501817,96.396835,139.45434,149.36602,162.862,155.03287,185.26842,175.96579,228.26653,221.55543,235.21359,225.56508,225.4249,248.17547,90.804473,145.80312,20.0,15.626437,15.078419,20.0
90.784712,85.449659,90.696427,102.01981,115.87523,115.70526,117.04811,122.94463,157.51006,127.00652,128.79482,128.58654,88.926503,91.072121,97.04717,105.4471,157.80712,150.52901,161.90846,161.82739,217.76411,294.57541,246.51591,269.04676,82.156703,83.426955,84.185908,84.984083,135.81444,157.6408,170.41612,193.46893,223.2002,207.75976,215.97873,209.41838,84.305578,87.75226,87.659954,90.459131,86.803769,92.87408,149.59161,147.62889,188.81127,161.71952,188.65233,174.70978,227.42155,226.21501,237.49074,227.45285,236.29312,250.56814,94.650274,124.3668,20.0,15.331545,16.22834,20.0
86.69177,91.14176,93.369941,89.359717,116.04822,115.13285,117.71608,124.84559,158.93525,122.59979,126.63479,131.52983,86.616559,93.610479,97.85237,108.72866,151.39344,155.90535,156.62955,166.61164,221.91052,273.38854,241.37416,261.87265,80.779002,79.249851,84.578728,83.922947,145.70066,163.1756,170.97731,189.82846,221.68817,214.12773,210.76188,205.89535,85.786418,87.254138,85.836196,91.311648,86.047931,94.222575,146.22388,148.93775,195.8843,163.31847,172.8013,187.96328,238.33631,227.51565,239.04624,225.43166,235.37979,248.51081,94.142776,160.32511,20.0,16.616874,17.091713,20.0
90.975485,92.180787,92.042634,94.117465,120.54024,115.68431,115.39691,128.27975,152.98544,125.87509,133.10927,129.87636,86.372451,95.110887,98.634846,108.76373,157.98385,168.02935,165.82567,170.07951,218.77447,309.54033,251.21202,268.90934,84.648554,81.899355,86.38722,86.217467,153.7248,163.21948,184.65744,187.60337,230.56209,216.55142,217.5276,216.3032,87.786061,87.198387,85.165051,91.204835,85.10404,95.229535,141.77976,150.62032,171.62492,168.95182,172.93427,172.60996,247.0284,226.24547,239.26474,229.40625,231.91307,256.37066,93.534694,130.99759,20.0,19.33136,19.718495,20.0
93.926601,97.118862,90.963531,89.849951,124.30113,117.58491,121.59393,126.90832,162.17208,125.87716,133.61039,128.97984,87.340734,94.492295,94.442904,104.4002,163.45012,154.7217,166.75576,160.44853,226.24321,317.03382,257.7107,275.58981,85.243418,84.547566,86.764353,86.603453,146.07443,172.7248,171.64566,200.17274,228.84994,212.89053,223.1098,221.22279,92.431879,87.860623,85.979264,91.815537,86.93337,96.019035,151.28369,151.76063,193.70895,162.66785,163.16848,183.6431,245.43907,232.7083,240.5951,235.65,235.99273,254.91397,93.274788,145.27601,20.0,19.017956,19.237988,20.0
89.098009,97.628793,93.821157,98.565677,119.71539,120.13969,120.7301,127.56556,163.23866,135.36979,132.23113,129.48924,87.613371,95.170877,93.922268,104.77437,161.2354,160.1509,167.97933,170.01159,223.83042,295.76382,260.76287,270.34122,82.065123,81.13516,85.449278,83.500103,154.08641,153.48756,173.45448,199.61139,240.87725,215.29092,221.93933,214.70025,93.264861,87.648119,87.154215,93.580969,90.999054,95.893935,154.17596,152.28266,180.55216,175.2283,175.3087,172.89049,240.79534,231.3334,250.89034,238.66251,237.17368,268.23725,95.296839,135.97702,20.0,18.045714,17.975652,20.0
88.131759,91.035349,94.838347,108.27271,118.6269,122.55109,119.86724,130.43534,157.40657,131.00103,134.06103,136.51711,88.735803,96.028305,96.137228,108.73668,161.43536,169.9464,169.22065,172.27721,231.93414,314.17633,266.08864,272.2875,80.717537,80.144758,83.133094,85.536804,150.02551,155.90896,186.09635,194.8666,243.10351,214.9887,233.58033,224.92012,93.589443,85.538317,87.863067,94.074778,88.675401,97.275945,156.85127,148.43635,151.65335,166.39589,181.17048,180.30564,249.91022,233.55864,249.03185,238.15757,247.24078,268.97486,88.986426,145.16389,20.0,14.132907,13.025164,20.0
90.562096,94.313389,96.183339,93.753212,124.63977,123.08394,122.55235,132.42193,148.94572,132.3075,135.51273,135.61566,90.034541,93.916851,98.590838,110.52433,170.3672,166.6227,168.30539,169.92077,234.32319,304.29307,265.71389,287.5718,84.614604,81.992601,83.136552,83.019946,153.82721,164.89878,178.07422,201.35413,235.79051,217.60238,230.87996,228.71088,92.781655,84.5861,90.252709,93.788592,86.969706,98.828603,145.34319,160.77975,190.83412,171.88585,173.33852,178.46642,249.89011,233.7728,247.63916,239.83953,244.19681,274.07199,92.794089,136.1487,20.0,13.738865,15.082311,20.0
91.873755,97.690744,92.267267,91.509058,124.5557,122.13655,123.45005,130.20161,169.20993,131.30187,131.33471,133.57516,90.787837,94.454375,98.818042,112.21309,169.39884,153.64034,169.68812,168.44261,228.48238,322.07301,256.90718,283.39903,87.887618,82.739668,86.268061,81.432996,156.47997,164.45728,190.06557,204.44134,242.98874,233.91495,233.21483,233.70062,93.003404,85.941349,91.786695,94.893909,87.423846,96.196592,167.79765,156.09202,211.05527,167.89011,168.14891,181.15902,259.38769,244.66686,247.31499,232.85967,249.3346,263.99984,93.084812,137.55731,20.0,16.589555,17.159825,20.0
91.176631,93.453989,93.835759,94.296167,121.39746,120.07316,123.69857,130.86701,160.30375,134.85408,130.79598,135.05071,91.875304,97.656521,96.955032,110.17027,172.53604,167.34674,174.8838,170.13668,232.00345,334.95377,261.6345,292.20864,87.422264,82.124166,86.92401,83.753446,157.04081,165.02227,190.59449,202.94748,242.64725,233.00225,232.27516,232.45596,88.979253,88.989391,92.435354,94.754082,90.089418,99.170482,154.91491,149.248,210.49283,173.21724,170.40816,176.80784,260.37105,241.07432,252.00424,233.85096,246.23849,259.60741,92.668501,127.3621,20.0,16.944959,16.911192,20.0
92.1767,87.833319,95.704628,107.16705,122.95826,124.29175,123.54986,128.9634,169.36876,130.95391,132.04379,138.2083,90.263337,96.96484,98.666217,109.70624,178.54978,177.86733,172.63375,168.81512,236.73506,302.50581,272.30951,288.89689,86.888373,83.964174,87.908808,82.96981,154.74046,161.85589,179.4688,206.16531,233.88898,216.85609,231.9505,225.75407,91.860377,89.44649,91.855794,91.252103,91.655155,102.5434,143.01796,160.78752,175.47639,177.56807,207.18191,191.40349,251.84698,241.7025,255.83341,249.23557,245.85609,273.6801,92.702432,146.72824,20.0,16.415897,16.854555,20.0
92.052602,90.812661,91.863927,98.684067,123.93897,123.19721,123.6852,132.48337,157.72823,136.04889,133.39044,134.84011,90.818075,94.76445,100.76181,111.3538,171.15773,164.0552,164.824,178.32877,238.44,303.54515,266.72489,288.37391,85.678087,84.388593,88.330597,83.581601,161.24252,167.70004,174.55142,203.89216,232.73291,214.17106,228.61187,221.46583,98.83556,90.930063,91.253439,92.964743,90.256969,103.51958,155.28879,163.25214,204.49706,168.54214,193.10821,193.5112,249.33831,246.2225,252.07653,246.75831,258.40198,274.68116,94.471637,148.66034,20.0,16.213028,16.89307,20.0
91.565603,91.691847,96.151327,107.78427,125.98992,122.656,123.12975,134.01079,173.39408,131.22992,135.38565,137.32743,91.641061,95.264772,106.0246,110.1099,166.31207,167.35162,175.55769,177.61274,236.28356,311.94418,262.25107,273.06812,85.178757,83.299445,88.828385,84.576054,157.13827,170.10018,171.10471,201.00497,241.63927,233.4218,229.80087,229.89517,92.705418,87.574461,91.468916,99.237287,93.18466,103.15793,153.95988,148.74056,204.84365,171.24028,167.43056,184.66962,247.42097,238.21449,245.63448,237.34316,247.19047,265.07105,94.802209,143.56144,20.0,16.05081,16.144919,20.0
91.341191,91.574899,98.568041,97.524856,125.18409,124.29457,127.35278,133.40563,165.48677,129.83914,137.95736,137.35526,91.37258,96.750414,105.37024,111.67336,162.9256,163.804,169.62253,172.37144,232.62439,296.65949,252.78335,274.55635,84.791817,81.077597,89.39228,84.362194,155.31907,162.87927,169.71551,195.33316,241.70118,223.55663,230.83429,228.48299,88.365866,86.29262,92.830235,95.541133,91.722069,102.58347,170.36623,148.33427,211.36325,172.06973,182.13641,190.53519,245.76928,235.11106,250.56332,232.3226,242.98054,265.01236,93.984081,136.6955,20.0,15.720883,16.374417,20.0
95.009558,93.823351,92.706644,100.78648,127.16986,125.39764,126.02805,134.46536,148.13366,133.52836,139.19376,140.5279,91.368946,93.281093,94.228426,110.53191,171.38129,172.14824,168.23548,173.27436,225.00557,277.25992,247.29016,272.58273,85.652026,83.407258,91.189792,87.75862,160.68761,160.99609,194.99305,198.95613,239.70109,234.0426,223.81391,224.88233,90.678318,88.066739,92.170161,90.348051,89.526714,106.4632,155.36879,154.13299,205.49784,170.97953,188.07786,180.7111,247.86842,238.8945,245.1149,234.59321,255.72314,266.11221,92.656078,134.60614,20.0,17.618682,18.205001,20.0
95.015388,101.6196,93.58237,94.419061,125.18482,124.87525,125.41962,137.64867,154.84336,137.79169,142.28471,142.69882,90.752292,91.109937,97.376539,112.62209,169.70803,172.24187,171.9314,177.90239,225.15897,272.23304,245.72647,261.691,85.719763,83.714547,90.403554,86.434621,152.87622,167.78554,187.16299,198.06005,241.79195,234.91259,227.20106,229.33074,95.971309,91.803673,90.27494,95.869798,88.987515,104.44078,151.58965,157.75628,194.33978,169.59745,167.64395,181.35581,237.83837,233.97294,240.08017,238.89669,247.49315,254.16448,93.060932,156.79144,20.0,16.037727,16.010728,20.0
92.009043,102.32075,95.141421,88.030402,126.86899,126.98974,126.01952,134.08445,140.06378,139.00392,142.42366,137.57111,89.674293,93.364554,94.735514,105.2755,168.18559,172.06712,171.77958,174.83941,221.73336,265.79345,242.83423,255.24325,87.548419,80.068713,88.721685,88.158921,147.63715,150.592,185.25615,191.49017,233.00505,218.99906,224.4297,222.51864,103.74863,94.412647,90.658583,100.19792,90.097393,101.85586,150.3024,154.18655,197.74355,178.45822,175.88292,184.25013,231.89263,227.96448,232.05355,235.84078,230.98027,247.10261,91.735844,131.66619,20.0,10.863139,12.891262,20.0
90.64474,89.909152,95.370137,90.685962,124.91889,131.06622,125.08152,131.48465,146.81713,138.36362,136.65906,135.15221,90.769871,94.167373,98.069198,105.54551,169.23587,174.25913,173.13091,172.2143,219.65856,265.67396,241.2701,251.58705,91.175171,81.842512,87.549397,84.74085,155.51232,158.43281,169.81547,186.98605,223.59496,209.52989,218.27858,212.30127,98.034642,93.43373,90.264112,100.05052,91.413734,103.58496,177.34842,154.84589,168.34359,177.53788,186.75085,192.10473,222.3636,218.67424,226.14117,231.81032,229.76551,240.40239,92.819572,128.99179,20.0,14.597715,15.679279,20.0
95.26879,80.561951,97.169243,86.005916,128.43884,125.81557,125.33215,129.97287,161.24802,135.02351,135.65747,135.43922,93.383682,95.620085,101.22452,105.55496,171.56075,173.89665,170.97568,170.11517,212.66363,265.27081,234.25116,250.13893,90.193748,85.697197,88.729515,83.089899,153.39343,161.94657,170.57667,185.40795,216.8311,206.18272,208.47743,205.71237,94.322038,93.469319,90.765777,95.36516,94.158906,106.07598,176.9522,152.94003,180.90225,176.22059,170.98667,196.3554,220.48376,211.57274,221.32859,222.35694,225.18246,237.52653,88.94223,134.39527,20.0,16.879178,17.899527,20.0
91.572256,91.144609,93.941464,83.147137,125.26153,123.62664,128.35463,131.64897,160.97313,135.28434,135.29951,134.96364,91.541402,99.943943,95.675079,106.10625,169.64497,172.11133,165.09097,165.92157,205.84436,258.43119,235.54214,260.9512,89.31989,88.274377,87.335803,88.008875,164.95321,158.58663,175.19222,181.03164,216.88051,206.38333,208.99954,200.52229,90.288803,91.538279,95.003489,97.671161,96.868166,102.79725,187.18169,153.11742,201.70231,174.78887,168.08532,190.73021,222.41126,208.08384,221.55899,217.87957,227.98474,239.85955,94.029068,133.67086,20.0,18.861568,19.676664,20.0
90.171209,91.706868,89.579691,89.944182,121.70451,124.41855,124.40348,132.27238,163.9274,130.39689,133.91059,133.97819,90.219,100.54226,94.825627,105.5649,163.49631,164.31173,166.39249,162.15627,206.07069,260.48929,236.82645,258.63983,89.261947,84.737508,88.760011,85.280078,155.64966,163.71732,172.29596,187.75345,221.64348,218.52837,204.7276,209.40955,88.792733,93.227614,97.458724,95.783704,94.127132,105.20415,193.82739,153.11746,208.48906,175.56888,173.16521,188.76011,222.82209,210.46584,222.59918,222.87206,225.03034,236.7788,90.210095,151.49562,20.0,18.131019,18.003412,20.0
94.128528,90.025569,93.31126,98.429269,123.56477,122.06604,123.98161,127.87404,146.6664,132.24992,133.79369,132.78312,88.847581,96.721685,94.618516,105.99033,161.52222,168.7056,168.09189,165.17809,206.85192,267.13729,237.96562,244.6407,91.745304,79.954626,91.177718,84.712918,156.82975,151.9032,182.24168,182.04854,212.3479,217.76761,203.97783,209.15419,91.458681,92.055697,96.116742,90.907277,93.543151,104.86025,176.47042,157.77683,192.74592,173.77914,164.58415,177.74852,219.93849,213.83492,222.91571,218.83514,220.83235,242.45234,82.582309,137.89634,20.0,15.492958,14.956786,20.0
88.398451,96.611656,89.230104,96.321888,123.66999,121.10534,125.26094,129.57729,140.6886,129.15693,133.88335,131.42534,89.680409,96.36243,93.527181,110.64219,159.20388,168.37706,165.83359,169.54127,209.45276,267.64959,236.82042,243.22876,90.157261,81.630458,90.140252,86.27599,156.3568,156.44363,180.61339,181.20963,218.22413,206.96185,204.85831,205.14374,96.107454,92.331778,92.631632,91.627923,93.179162,103.41749,196.61943,156.10918,181.00981,162.90571,164.5072,165.85678,227.90778,214.41804,226.70468,220.01173,223.56063,242.94433,91.417503,148.45594,20.0,14.354795,15.861477,20.0
92.445429,94.543274,90.207145,95.541851,121.16798,123.22801,121.16811,128.66712,143.05699,132.48192,133.13506,133.00784,90.46453,93.266639,94.473095,108.88253,162.90985,165.04188,163.82548,167.41641,210.1186,245.58356,235.03632,234.96103,87.04854,80.996436,88.433691,82.621191,136.09674,169.65815,163.15983,183.45582,220.96476,204.82158,206.26792,205.34269,94.559425,93.067999,91.607891,94.115728,95.329537,105.65974,149.52452,147.32603,196.63048,172.08764,181.90634,178.9642,218.58586,208.04589,223.80269,219.18493,228.33212,236.13181,91.834828,137.3036,20.0,15.46032,16.263831,20.0
93.258328,90.271741,95.909306,100.12102,121.64287,121.7756,119.60029,129.02386,146.58655,134.73752,131.52622,128.45637,88.895161,95.920292,93.450976,111.00749,161.24079,161.63962,165.17528,163.09208,209.57483,252.19285,228.11975,233.34531,86.859192,77.196556,87.127933,81.977247,147.51513,152.22089,168.45612,182.31727,213.61539,208.25961,201.44508,205.37209,96.726024,93.705501,93.24309,92.547109,93.422455,105.54858,157.62969,147.0683,195.81711,170.6002,164.93385,183.36405,218.4901,212.36412,214.10122,216.74149,217.97798,230.63742,92.812159,126.03503,20.0,14.795197,15.060848,20.0
88.799673,93.202927,91.694444,82.334844,121.4146,124.61266,121.36632,124.48592,139.36324,132.40972,133.77884,132.8107,87.67035,93.997114,95.80062,109.64033,159.7322,155.02582,160.45537,162.47803,206.22529,268.59604,230.7465,243.89396,86.653492,79.595149,86.796905,86.427211,148.14188,153.30374,177.94011,181.30858,213.0133,206.21236,199.99382,202.73315,96.973079,93.483595,96.280748,91.601505,89.236964,101.50952,157.77142,147.81213,196.99694,167.48047,166.01713,167.2752,218.70891,205.9701,212.26582,213.65591,219.41562,231.78082,94.035225,137.83599,20.0,12.316649,13.5317,20.0
90.485679,86.608377,88.479234,86.77272,121.67986,124.16438,120.17613,125.24883,137.54613,132.17471,132.79228,129.67461,89.222402,93.435148,97.011469,104.70942,159.05647,158.97364,156.90873,165.6822,201.69226,249.62155,233.4872,247.56772,87.265679,82.122533,86.232639,85.598836,143.82703,153.40176,177.01529,180.04999,210.93131,205.13854,195.91276,201.64313,95.20172,90.784502,96.72474,93.614245,90.228764,101.18351,152.07036,145.68952,200.39401,176.31495,158.87657,175.47179,220.05823,202.65275,214.35076,220.75324,210.99849,235.83059,90.191903,141.03341,20.0,13.206815,13.817625,20.0
86.977587,80.768934,90.437173,89.239958,120.7812,123.11658,117.00067,124.63411,141.28823,131.60174,128.83345,126.43536,89.70905,94.019951,95.235975,104.45712,153.09171,153.36452,156.50388,163.64299,201.46413,266.50576,226.39573,235.71937,87.010376,81.260329,87.063813,85.947428,143.93492,139.63627,174.95116,177.02983,208.2495,194.90653,201.09726,202.27643,95.791123,88.820577,95.993804,88.956402,90.552742,101.67387,171.88636,150.38214,198.86469,165.98515,167.54287,164.86652,216.6868,206.31008,216.58539,214.53239,221.0298,234.30381,84.533724,120.99499,20.0,10.443755,10.559786,20.0
85.586539,87.08915,89.782138,84.941649,117.64059,120.46252,119.75837,121.53266,139.14402,135.56155,128.36426,125.12933,88.654589,92.911323,91.331904,107.91807,155.08187,159.7772,155.27686,163.956,200.81785,274.45314,232.34156,243.42501,86.134485,81.560609,85.360165,85.365978,140.16201,145.26975,172.35678,180.16168,206.6269,200.64824,199.23644,201.21478,93.426666,90.578135,93.857617,90.747543,90.101326,101.62206,169.01513,141.5984,193.33326,157.35378,164.44636,168.55687,224.40146,203.36958,218.76126,208.49881,216.13805,228.67802,87.12275,139.78551,20.0,13.300567,15.229796,20.0
89.486447,92.124043,85.996955,85.855558,118.80151,118.55924,119.00604,122.48435,143.65358,130.49282,132.54453,124.69292,86.575426,91.262276,98.076192,106.06271,157.23099,147.88618,160.84584,162.45111,202.86463,290.76119,225.03761,251.7496,87.425107,82.929623,81.944547,79.89899,137.4103,147.9614,178.20907,179.15285,209.6583,205.27209,195.32579,200.95654,91.633579,91.898248,91.72613,93.235586,91.391978,101.84306,150.11707,140.98085,193.99775,173.49447,173.75669,174.74451,231.65026,212.9087,218.58549,212.56396,216.15835,231.64472,85.170276,118.84614,20.0,17.090047,18.27692,20.0
85.673743,88.001847,85.86659,92.230392,117.58746,123.19859,117.79629,122.81294,139.0395,130.62216,129.28277,126.36093,89.212576,95.114951,96.492805,105.07225,157.88599,155.15716,151.48052,163.66762,202.11377,280.00593,235.12218,250.33783,85.872026,79.778074,84.036963,81.980814,151.79155,156.40818,176.47304,181.51659,210.29992,198.45231,200.30269,202.89678,94.702551,94.810141,90.240384,91.985748,90.896404,99.796506,147.17985,151.33352,203.05915,168.84454,179.24615,170.40751,228.36087,210.50562,224.9476,214.43169,214.28703,234.53933,82.543534,118.41419,20.0,17.42072,17.809781,20.0
86.458453,85.65939,88.499384,92.383444,117.19552,118.8294,116.81806,122.08459,141.35314,128.94047,132.42181,125.94948,88.882344,92.36629,92.734106,105.69788,158.58161,159.38879,153.06402,166.71274,211.38384,270.86693,237.02341,245.81197,83.050544,80.375285,86.185086,83.683185,142.17667,155.66383,182.65098,182.80833,218.9653,198.99682,204.08541,203.65077,93.410565,93.260486,90.942252,92.407943,88.814243,98.948176,165.72115,151.85948,194.44619,164.36334,179.48638,168.57591,224.99086,213.41822,218.30242,222.33202,222.17369,239.864,87.69442,136.59784,20.0,16.369263,16.459019,20.0
85.127513,88.603867,90.266306,95.177238,116.91186,119.53754,116.76847,123.24418,133.79293,133.46142,133.93891,126.26064,87.856271,93.275412,92.757488,104.63449,159.5041,153.02701,162.25376,164.72282,209.08155,275.04929,234.2703,258.02149,82.491041,80.33507,86.852523,84.323192,140.95883,167.96055,178.92713,181.28785,222.35899,202.54087,206.7397,210.77958,91.175721,88.854863,91.512404,94.091327,89.184241,97.903299,162.52805,150.47989,188.60632,164.89707,188.23697,168.70565,223.26733,212.1646,224.34135,215.8154,219.50615,232.00783,88.953012,133.00528,20.0,15.893518,16.682314,20.0
89.94371,87.835303,89.310185,90.4898,116.4597,118.91959,116.69295,124.39716,150.77034,131.04608,130.9106,128.14341,88.053785,94.263877,94.757448,102.83493,167.97384,152.61442,164.88629,157.83708,208.98866,267.9972,246.12861,251.79853,80.502702,77.823341,85.215872,82.036979,146.8021,144.32261,184.85609,179.75846,215.10101,197.121,205.65873,204.00804,92.08308,88.384835,89.74654,93.777424,86.951205,99.093678,164.54163,160.29691,181.35503,166.88878,188.10738,171.27367,226.22945,212.36074,230.55933,213.10572,218.64818,244.49053,83.936599,123.44997,20.0,13.98447,13.566465,20.0
88.748674,88.69799,87.755413,95.771299,116.54381,116.84729,117.69524,124.68728,147.38655,125.32898,129.97832,129.52687,88.375986,92.87397,96.814261,104.95139,159.57752,148.89205,163.89468,164.17153,212.52461,279.34226,245.35627,250.42087,79.860589,79.07341,83.072243,81.9652,147.5569,156.89324,167.52025,175.39011,214.44456,203.22095,204.4975,202.63717,88.701718,88.028408,89.149012,92.37768,86.176032,100.87702,165.44918,150.21597,193.66984,163.72084,175.74334,164.68801,234.21083,218.14747,225.70806,224.30307,226.15638,243.29351,83.781796,125.04438,20.0,15.833103,16.025066,20.0
84.065269,91.537401,89.113215,93.74622,115.90182,120.01337,119.41641,127.37918,153.05554,127.50864,132.16648,127.71939,88.152068,92.891016,101.93799,108.74696,162.31597,149.24424,169.61475,163.43862,218.21862,294.97601,241.2908,268.6584,81.191811,80.344043,83.852826,83.22806,144.80276,163.57472,176.21109,186.98977,220.43431,217.64339,207.34629,206.98166,88.746101,85.449275,87.563117,90.637081,89.221807,96.372104,162.34118,149.98391,184.89357,156.84929,174.74384,169.17448,241.75212,218.8667,227.11434,228.23116,225.07542,247.20111,87.638208,133.19245,20.0,17.199759,18.224778,20.0
86.562762,92.287941,89.47248,90.989594,118.41687,119.96832,121.66339,124.97312,160.23446,128.66572,126.44022,127.83831,88.208769,91.187844,98.492247,103.45566,165.35329,155.57229,164.00065,160.21979,214.80275,268.79608,238.96215,269.61944,82.999294,80.255407,87.975605,83.401096,147.1916,164.51515,183.78588,189.25937,226.08625,222.64638,212.03622,216.57341,91.246189,85.967579,86.50721,89.93351,88.997721,95.946246,141.97714,149.94714,199.56483,168.73062,184.65777,190.55006,238.23788,224.14928,233.44423,222.54001,226.252,247.51603,90.645537,134.8173,20.0,17.373471,17.7143,20.0
87.119706,91.461063,91.265704,96.827008,116.4252,119.13834,119.63079,125.93231,138.06256,126.37436,131.37964,132.0061,88.646197,90.20482,93.821114,100.86024,166.26487,154.872,168.03116,162.78833,212.14359,293.81577,243.71736,266.56858,80.082695,79.166163,83.694275,82.947286,141.14775,169.53431,175.89254,191.25502,220.86448,209.75993,216.67984,222.41275,91.278155,88.160045,87.040281,90.379008,86.072889,95.808128,151.2125,152.07184,176.29878,173.98469,173.04744,189.57053,232.90449,228.08338,227.55392,222.23361,223.22509,243.50818,88.99599,158.09588,20.0,17.055746,17.405881,20.0
88.216135,91.531884,92.902786,99.159237,121.04042,118.43165,119.30586,130.07191,149.00518,132.31929,128.39956,131.20869,88.154111,94.579802,94.926309,105.36678,166.87047,158.58908,164.7295,172.89243,218.12637,280.2962,246.37402,270.35692,81.853658,79.149553,81.65756,81.243529,150.57023,167.33314,188.21841,194.44881,214.61567,201.56541,208.33481,206.57464,90.535859,87.073643,89.822217,93.030742,85.471815,95.020137,152.07449,146.4974,175.31072,179.97251,179.29317,188.45873,230.53344,218.607,232.83305,223.50519,222.11288,246.54833,86.124776,130.48915,20.0,17.193276,17.868511,20.0
85.788036,93.821251,90.095316,85.748221,120.86658,118.49535,121.59844,127.91325,151.52329,131.71505,128.35711,129.30115,88.05773,95.811857,100.51245,106.05868,165.22605,160.16963,169.27739,168.44803,221.19889,278.11963,245.77851,267.96984,82.993495,80.323687,82.878846,80.433643,152.55101,161.4179,169.63014,187.13633,219.93438,206.61284,209.655,205.59785,88.293301,87.168439,91.893001,92.929026,85.558322,96.679499,145.11545,153.13007,182.62028,168.0465,189.63883,182.54707,237.86314,223.47527,234.90425,223.7554,230.50721,244.09855,88.416548,131.87854,20.0,16.633258,17.221337,20.0
88.343206,86.785412,92.361186,80.862827,121.33863,120.26771,122.34056,125.58296,160.24996,127.80172,128.95329,129.57064,88.743031,92.424002,97.949046,105.81615,170.13386,161.10261,168.88537,168.62963,216.56366,299.19904,255.15768,261.44276,83.015508,80.193037,84.136313,84.553029,145.03292,166.62847,181.83224,189.6336,230.27871,204.84612,219.39013,209.95337,89.969112,88.980759,92.988216,92.436161,87.235521,97.19455,165.17406,155.50825,210.8245,167.85065,151.75945,187.87588,235.727,225.96114,241.90651,221.00616,229.1901,249.25653,90.725286,131.68203,20.0,17.438612,17.812474,20.0
89.163024,77.325236,92.1044,92.633906,120.13526,121.48921,119.11304,125.43561,144.38828,128.52338,131.20493,129.59746,89.549104,90.490967,94.22251,104.36,168.48282,153.93672,174.15145,169.24278,219.09264,299.39161,252.02457,279.73792,82.40325,79.298154,84.711874,85.407672,146.61473,176.72295,180.34986,195.20897,226.86793,211.63285,216.9004,219.01676,91.206401,89.50252,90.80662,90.892613,88.311,99.268523,153.03971,148.10859,197.01219,169.93129,177.24371,175.32001,230.71234,225.97005,240.97807,231.19112,243.63018,254.7513,89.502057,155.55093,20.0,17.559412,17.720176,20.0
87.502801,85.662984,91.564952,106.46612,119.51144,117.29373,119.31239,128.00523,151.37806,130.18276,136.48489,131.78648,90.574461,92.762499,100.3082,103.65878,157.63979,159.65498,166.4483,176.78844,220.72885,310.62809,251.38586,264.50221,84.93589,80.104868,83.567112,77.920895,141.47313,156.88171,184.42468,197.60077,231.80691,219.80367,219.54418,219.10154,89.698455,89.205792,89.316773,93.218752,88.306099,99.911004,175.75051,146.7993,184.71373,172.94565,172.97205,191.39794,239.30085,227.33204,238.69344,234.10417,238.96796,256.44088,88.650579,131.95055,20.0,17.712445,18.051368,20.0
86.435771,94.361049,88.043711,108.06394,118.50425,117.50698,120.1649,126.38171,156.39826,133.2368,132.50698,132.03632,90.218792,98.268268,100.34189,108.2619,163.41843,160.12662,160.78366,172.45952,222.57223,290.36123,250.78108,271.64842,82.116492,78.136844,85.035313,78.957667,152.70846,156.71875,183.07656,193.21521,237.37131,210.83887,224.34582,214.3477,89.723677,90.086186,90.581019,93.51351,88.180693,99.479466,165.75246,152.7006,204.46793,165.84037,160.76804,165.7626,245.90181,228.27016,239.39724,233.42651,239.85907,256.8589,84.905975,147.45105,20.0,17.244444,16.647201,20.0
88.442094,96.322406,89.537969,84.445846,119.61892,119.76948,122.03015,125.62014,135.12698,133.69703,135.16583,136.84058,90.098096,95.719113,99.414094,108.75373,170.0092,161.50592,168.41333,170.46192,227.12414,298.3345,253.78593,272.27838,81.950369,79.000608,84.21346,79.061783,152.86864,163.08867,160.75323,194.73097,229.72258,210.89808,220.83828,217.76527,89.49903,89.645947,91.115264,93.933732,88.706348,99.340298,133.81042,150.81071,186.76085,169.95348,187.96775,184.25024,240.39653,231.89617,242.82937,233.97977,235.10926,257.91661,88.611698,144.99617,20.0,18.084661,17.759898,20.0
91.605245,82.610028,93.654178,88.907255,123.6564,122.13628,121.13242,133.05776,153.3644,133.9182,137.70372,136.96981,89.891572,91.945283,96.437314,107.96397,163.49302,165.02185,171.52082,168.3002,227.30894,289.43059,259.16456,277.76702,86.631763,80.676345,88.876413,85.905195,156.98883,169.01636,172.34024,195.60249,247.05947,222.08695,225.82934,217.87111,95.138663,89.09014,91.084122,93.401595,87.493931,96.046766,158.5204,156.7748,162.48692,158.64857,170.76415,177.9032,238.87503,231.41281,238.12654,238.50955,251.90609,265.86732,92.838889,128.92209,20.0,18.73824,19.111726,20.0
91.104544,78.982833,95.497839,80.662913,124.48104,121.88417,121.99245,129.54631,155.95397,134.94877,135.99253,133.21798,90.111391,90.882582,96.539424,109.43755,165.27637,159.01359,171.5583,171.03303,227.7998,293.25499,261.9224,292.79963,87.024637,83.227581,86.470479,86.430489,147.19642,183.27192,179.74006,202.46777,237.31327,226.3442,233.33339,226.74909,91.98144,85.689681,92.170484,98.20008,87.047188,96.891922,149.88241,152.54688,202.27934,170.57955,159.20084,181.62868,236.62332,232.55913,242.73059,234.55411,238.77845,263.93403,94.612712,149.159,20.0,17.297671,16.906569,20.0
86.083535,93.502292,93.228871,86.534829,123.56594,124.24834,124.56004,130.37015,157.58941,134.32767,136.71136,136.47633,90.336718,92.854251,101.89193,108.52197,166.07169,159.75462,172.71681,174.5882,223.59687,288.28389,268.74128,270.28723,87.990263,81.881332,84.435686,79.132516,145.97468,156.79635,188.19094,198.62665,242.295,218.17923,225.44641,225.29446,88.958208,87.714184,92.338001,94.395691,89.683759,97.377138,176.27524,159.96978,187.27238,178.1806,165.86505,187.0953,238.9785,227.30173,250.56103,231.97763,255.80775,276.29956,86.802118,142.4373,20.0,16.605241,17.270749,20.0
84.978443,93.399274,87.632523,100.3089,121.99378,123.69565,122.92692,132.4436,154.8696,133.12906,131.55836,139.81486,91.026524,93.316638,102.87418,111.90353,168.25645,163.59487,164.31954,175.36041,222.956,304.76287,260.58648,276.16715,86.858803,83.484156,83.004516,81.3927,158.69716,158.48449,197.42607,201.63734,245.21824,230.03703,232.44558,230.66083,88.65336,89.209734,88.283496,90.146023,88.182308,106.60275,180.6182,162.64261,161.08387,164.3145,166.55458,183.01863,245.37008,234.57468,247.85933,248.54321,250.14251,268.08357,80.618634,138.42427,20.0,15.786014,16.26142,20.0
88.194928,84.489969,88.318241,87.575226,125.33679,119.81285,124.14133,134.03906,151.25298,133.15833,135.84603,138.30844,90.819505,93.223335,100.67511,112.0522,168.31817,169.34284,167.81519,172.99221,232.85137,314.54697,263.12585,280.54224,88.897322,81.0225,84.630673,80.192789,150.29018,166.86971,192.07257,199.71951,242.08875,227.54133,233.81406,230.00277,90.684617,90.895548,88.478994,92.130026,90.303919,100.47629,182.0423,154.97585,191.38297,174.01352,198.866,177.83783,253.6505,238.63823,248.23449,241.55881,244.23602,269.77444,84.357488,137.09616,20.0,17.484229,17.789128,20.0
85.563531,91.811878,92.93997,83.01186,122.57802,121.47699,125.07189,131.32001,153.76874,134.17879,138.36911,134.37185,89.488128,91.701338,103.92567,109.87953,174.81033,163.21005,173.14112,168.15782,233.38425,316.46867,263.98428,274.06181,89.189246,80.510266,88.040297,85.080581,153.66469,166.55576,189.82497,203.81052,245.83864,217.75686,233.41883,228.11824,94.910586,92.206117,88.665782,94.394074,89.251688,100.88468,149.96886,156.54549,188.6239,174.27692,192.00256,184.73977,248.25037,238.9594,255.58773,240.55235,248.58911,270.21488,89.076682,150.25137,20.0,16.743661,16.50414,20.0
87.216533,88.027306,88.984398,82.703264,125.00794,121.3468,126.13555,131.01489,160.9401,142.84426,136.99597,135.5237,88.821284,92.821299,99.406449,110.15269,172.04379,167.31351,167.11012,177.28061,232.37008,307.64653,259.65704,279.30141,90.089297,81.658585,87.970546,84.274814,162.62982,163.00614,189.95821,198.93446,239.04132,224.42882,230.51623,223.25411,95.138716,91.220038,92.11958,96.313275,89.553473,99.665796,151.9698,155.66721,172.44849,177.76072,200.70159,202.71112,248.21959,240.1424,250.17959,249.55197,244.29304,270.39783,86.969933,140.36581,20.0,16.520048,16.656324,20.0
85.722691,88.541989,89.044481,95.306981,123.02726,125.20803,124.98248,133.42906,147.86496,138.09457,141.71948,135.85444,88.234014,94.248942,99.844267,111.51141,170.39994,164.40653,172.91402,178.02689,236.26177,304.99894,264.15811,292.7679,90.317918,81.301646,87.667598,83.965761,165.6484,171.32787,186.37119,200.14388,242.48407,232.37227,226.46734,220.79577,94.597101,90.363689,94.414392,98.034389,90.089437,101.15892,160.91513,159.02915,204.92684,176.11991,181.39299,203.07292,248.90464,233.94572,242.14641,243.54659,249.37691,263.21389,85.712253,153.46654,20.0,17.178612,17.955396,20.0
87.787585,92.162847,90.856378,89.332005,124.82833,125.80045,126.35799,131.76853,161.22327,135.79864,142.08189,139.68595,90.226822,96.869821,102.3316,111.76257,178.4469,170.06361,174.03158,173.84383,231.02102,302.15107,266.568,273.96223,86.42171,79.700555,87.285874,83.111255,160.28693,170.19634,184.86176,201.50394,236.1361,248.76759,225.47028,229.88836,86.211427,88.810337,97.1316,100.33898,90.776912,103.82159,166.52136,155.9049,213.14085,177.25573,177.91681,191.55216,244.52222,229.73008,245.65153,243.72474,251.62372,271.6768,88.537084,139.59582,20.0,17.564291,18.001155,20.0
90.260201,94.27127,91.329292,97.215232,124.41527,122.94,130.62196,132.11665,145.90383,132.79136,142.22339,139.49828,87.408092,97.316589,101.34599,112.6766,171.02807,165.81443,174.27261,169.52135,227.78822,303.74849,262.78979,276.01888,83.649583,78.366459,88.297879,85.594611,165.07818,170.89631,197.67201,203.75983,244.50887,236.71662,223.84392,228.45217,88.699875,88.259038,93.732417,96.296417,90.772513,107.67233,196.25899,153.00731,202.53253,174.26407,186.45693,179.92586,248.44036,238.40766,249.41673,246.81486,253.66221,268.05749,89.09507,154.31801,20.0,17.373006,17.380116,20.0
87.516523,87.638902,93.363578,88.915754,122.7284,125.98571,128.35494,135.68267,145.93087,134.01568,140.07894,141.57554,86.402104,96.015967,99.092681,112.14283,173.16556,170.67498,176.26538,176.49839,236.4738,304.11592,263.64569,282.27752,86.948462,80.912682,87.73957,81.879993,153.96115,159.81247,200.31928,199.73704,241.09502,230.8231,225.96886,234.01263,94.325123,90.33263,91.645991,93.990713,91.255467,103.87453,177.94768,157.88182,196.43815,183.30015,176.15493,206.96113,246.45102,236.18206,248.64122,238.83934,246.22821,264.58938,90.572668,164.65645,20.0,16.072283,16.125606,20.0
95.135999,89.717039,93.084949,88.162054,125.62854,127.63761,125.57273,135.59798,160.66845,137.95612,150.3615,140.20067,90.216368,97.352258,97.942596,106.92787,175.85473,176.33587,180.46505,174.3022,235.19509,305.0545,257.87124,283.60518,88.2152,82.218443,86.600755,81.93911,162.34774,162.80769,198.71663,196.82915,237.47441,221.13749,229.9915,225.45991,94.69282,94.195799,90.091181,96.125663,89.995791,103.83401,187.61673,159.14433,181.83443,174.96484,190.75507,205.41866,245.9968,232.4832,251.49152,239.69804,245.28983,265.63515,90.262637,133.63131,20.0,16.546765,17.252231,20.0
88.435055,88.520882,93.998529,87.159362,127.92209,126.02905,127.88294,133.32159,155.11725,136.65831,144.72389,137.29101,92.919531,96.922029,97.806537,105.66406,178.24152,169.97319,180.45302,174.0841,230.37306,302.61948,263.34307,272.39027,86.763533,85.724152,87.242089,83.26411,157.83732,172.42902,193.25206,202.85679,239.24622,228.7538,229.16575,223.49173,90.878423,91.980476,92.794763,100.2311,89.640682,104.69536,161.62669,159.27441,197.49281,186.40094,188.48937,199.9008,245.61455,228.22674,244.63188,233.22659,243.12472,262.19636,94.478993,153.70784,20.0,15.642214,15.782521,20.0
85.684344,84.297278,94.578048,87.704639,126.53152,128.08421,127.45383,135.47938,160.54048,141.1231,142.7015,137.71673,91.009483,99.321301,96.332442,110.22557,170.85448,168.89604,181.44846,174.54661,224.79319,305.69485,263.90204,265.88655,86.70363,82.959869,89.357896,84.448925,151.51097,179.07072,190.13594,205.88461,242.6267,218.6749,232.63713,229.04685,94.442343,91.387751,96.63603,95.627985,91.943557,103.93925,168.05348,159.49418,196.95945,184.80243,180.09523,205.78697,245.64213,230.43839,256.92002,234.26081,240.96176,269.5436,93.378535,167.81562,20.0,14.473068,14.827679,20.0
92.313524,93.20722,93.191584,88.04822,123.87388,126.54525,128.29236,133.20302,165.45832,137.06052,137.7814,138.37621,90.528113,100.45549,94.428971,113.47793,175.07107,171.99168,180.16119,176.93967,227.38438,279.66151,263.7563,276.79836,83.891447,83.913914,85.028616,85.318443,158.56566,176.85692,184.48872,203.70864,243.49232,216.84531,235.85978,228.09117,95.728096,93.897566,97.844393,98.182272,91.423722,103.60348,169.88146,159.97529,186.16761,177.68988,174.05726,195.71949,241.63968,229.85165,239.25557,236.63637,255.16746,268.63754,87.109805,155.88306,20.0,15.629687,16.514288,20.0
92.19653,98.224989,89.821377,100.19881,123.68895,125.99482,129.32356,135.82988,164.38248,133.96021,134.19741,139.63637,90.597915,97.194869,100.85363,116.51912,170.05873,166.02901,180.82909,184.76869,227.77851,306.78953,252.38388,276.46027,83.511041,83.853844,82.559502,80.675954,158.19888,167.92661,179.43522,205.85297,238.29816,229.08865,227.28542,225.66913,93.555179,93.156712,98.926531,102.19868,90.396091,103.07643,193.98498,160.18974,216.69514,178.65235,173.42268,196.95776,243.75707,231.83719,240.26217,234.10104,242.51186,258.31511,86.56098,137.19667,20.0,17.555947,18.151104,20.0
89.652164,95.235569,87.750175,105.08189,128.04574,126.69206,129.48871,136.79306,167.06246,134.49919,135.82356,139.62072,91.072252,98.549186,103.82532,113.3319,173.02064,167.84051,176.52448,184.46258,225.29565,300.58565,249.35568,270.80301,85.604164,80.648922,86.844365,82.160507,153.90026,168.225,186.47343,199.67031,239.24028,224.20606,227.01691,223.2231,91.156112,90.870582,96.660355,100.24907,92.568173,106.72412,182.54585,158.3234,217.28276,192.09709,174.86821,185.26408,238.84826,229.75946,239.19731,231.2918,234.02792,252.63827,87.091808,138.29337,20.0,17.89517,18.008381,20.0
89.195759,92.477594,94.742058,89.179218,127.08385,125.70848,127.75642,134.6171,156.87677,136.52327,139.73477,137.0036,92.289461,97.616659,98.11714,105.85853,174.45216,166.04988,171.09421,172.76342,226.30591,311.0038,257.82151,285.77503,92.651064,84.107549,91.669659,88.16341,157.8445,171.64007,193.23562,199.52046,234.3257,218.33354,224.2575,225.81658,94.938846,95.305075,92.005243,95.642626,92.446204,105.88344,168.21009,157.80908,190.33355,181.65638,181.72117,189.59943,236.22384,228.89144,237.8929,238.72549,237.52779,250.04302,94.595425,171.62494,20.0,17.519826,17.088731,20.0
94.189613,87.914068,97.726709,96.751922,129.31809,125.83841,127.80946,133.44197,157.26688,139.55077,138.12812,136.7201,90.396303,94.758261,97.144553,112.72884,174.23308,163.86304,176.82286,172.81551,225.78469,295.9523,261.6895,266.0992,89.253441,88.028985,93.265688,89.414424,158.44615,172.05229,182.6165,200.84269,231.93035,214.61265,220.64828,216.04487,100.87454,97.69177,91.542577,95.000467,91.607361,103.0023,165.65975,165.69901,205.08909,169.80489,203.59443,187.07724,231.75421,235.88344,244.18876,244.364,235.78635,260.49032,97.911454,138.14997,20.0,17.653347,18.124041,20.0
90.414848,92.983172,96.165672,102.70419,126.32138,125.45958,127.56977,136.05431,170.3455,140.5474,140.19278,139.396,91.000039,95.477304,100.19159,110.43671,166.65256,169.28086,174.84711,179.46518,227.31868,296.91596,259.62258,267.21112,86.015677,85.180193,89.951112,85.560874,153.77918,162.34741,187.24074,195.62285,231.15734,212.57278,225.40436,223.05701,97.299035,95.557345,94.136656,100.85152,90.522058,103.27732,213.01407,160.2613,203.21503,176.79748,196.07735,184.98421,240.1093,233.60291,245.55234,245.16402,241.92507,266.23892,91.964551,143.58483,20.0,16.147081,16.27806,20.0
91.295377,97.375358,94.671584,93.615022,126.50079,126.99043,130.41526,135.77204,172.09181,137.71125,139.02903,138.91475,94.425721,98.011033,101.02469,108.67931,162.29016,173.41841,170.73717,186.1029,224.68632,289.95501,255.54882,270.98219,86.582423,82.933998,88.186635,81.762865,154.11007,157.89408,185.44236,197.47272,236.30049,216.34464,225.61365,217.81869,89.066799,94.911814,96.851117,96.264312,91.655954,105.87488,176.48998,149.95855,190.5924,176.04905,203.07091,184.1071,248.48579,232.95571,239.04833,235.6775,237.70504,265.16595,89.372685,133.96784,20.0,14.59713,15.297242,20.0
89.347405,91.318694,92.850796,93.695883,129.27499,127.52626,128.91037,136.12749,163.61337,136.934,134.75976,137.54423,92.734719,98.201289,94.594915,116.33198,170.46323,167.20944,176.91986,179.76678,226.74969,289.06805,253.64651,273.42925,88.809319,82.827315,90.132244,83.021995,153.99149,166.22484,172.25347,201.1804,225.82315,219.80405,226.33236,222.06924,94.61569,93.423481,94.853814,95.071202,91.077931,108.4309,161.3348,156.86479,187.26392,172.75284,196.00042,189.56499,242.13782,225.8108,244.75579,234.77211,230.55011,257.6566,91.778781,150.27241,20.0,13.330783,13.692345,20.0
93.096354,89.381963,92.662867,87.223229,127.66332,124.86305,128.7774,131.71579,149.6072,134.28321,134.25389,137.29357,92.114649,97.760994,96.631505,112.09772,176.94831,169.45217,167.43009,177.1505,226.33743,297.60576,253.77045,273.23103,91.302082,82.478629,90.997525,85.828059,152.57159,169.65488,176.66254,197.74589,238.12048,222.57932,220.27668,223.25902,99.712307,96.858706,94.709706,102.42522,91.34199,105.77168,166.34107,155.82269,204.74237,182.53359,180.5504,186.54488,238.54005,228.73106,239.55139,240.06752,242.4907,259.80615,91.849074,157.04478,20.0,15.738694,17.038082,20.0
92.986523,90.628507,89.389294,88.148326,126.2249,122.21617,128.57058,134.02067,161.4286,132.80271,137.63741,134.94581,91.431417,96.025314,102.04183,111.02087,169.98972,165.64332,172.10594,177.31292,225.53758,307.04541,249.15378,272.08627,88.948418,84.267389,88.102799,86.896893,160.19922,160.3753,191.70997,197.05302,235.79954,213.27888,223.27879,215.9261,97.058011,96.526081,94.269524,102.27039,91.757872,107.19695,149.95306,159.22474,196.71174,179.85822,180.86739,204.55093,239.66556,227.60684,238.3547,226.51577,234.17183,250.20788,92.263611,132.68468,20.0,15.701232,15.560573,20.0
89.073243,95.952542,92.433648,96.613874,126.61724,123.43031,124.00033,132.41285,157.51974,139.71021,137.06463,137.64035,90.80095,94.312859,98.451823,104.43817,175.87809,168.89887,175.51923,175.9129,221.90016,293.7067,250.86573,271.22477,87.326553,82.992109,87.158663,85.300605,155.02396,164.72681,191.904,197.30971,230.55891,218.14164,222.54114,224.53759,95.317573,94.481931,94.871414,97.087459,93.231957,105.62662,164.53182,164.94653,192.6807,182.85933,189.39673,191.66173,238.92844,223.76501,235.69023,221.47179,238.27628,254.01266,91.207564,154.46431,20.0,17.266703,18.113722,20.0
92.060854,95.793879,93.757096,97.975232,129.4094,126.9434,125.91097,136.53135,166.98633,130.41641,142.43024,137.81334,92.782855,97.932292,99.278408,112.32495,176.91639,168.94357,170.08917,179.41135,220.6381,293.88586,254.34444,284.76977,86.175399,80.70897,87.457663,83.319865,157.96536,162.19272,192.93377,199.35577,236.13491,210.90936,224.08995,218.47682,91.844359,94.93447,94.903732,101.00293,90.526666,105.06308,170.27255,161.41321,209.48219,177.17433,189.66651,192.76021,249.5956,227.63247,239.38682,236.74764,243.93245,257.99244,91.191384,142.05823,20.0,17.676777,18.453715,20.0
90.808893,94.058816,91.772449,103.40636,128.07207,128.71721,126.62773,133.71941,152.4389,140.80184,137.7463,136.54337,92.584678,99.579554,99.380118,111.02245,173.37256,170.26381,182.1628,179.10913,223.2826,289.14187,256.2686,276.06138,84.913334,83.27983,84.894795,81.100403,154.85889,176.68609,173.89434,195.76662,234.78398,224.26109,221.61738,218.57904,89.711722,93.873341,93.648107,102.77389,89.901674,105.44355,179.5421,161.42278,219.51406,180.54011,181.59356,192.21339,250.60723,233.64026,238.90211,233.35854,246.4711,259.69722,95.928624,163.54725,20.0,18.372053,18.734247,20.0
89.471803,92.736822,92.676801,103.94127,126.02075,127.0905,128.03873,134.53588,157.20444,134.66474,142.56445,139.62635,93.474277,99.250081,97.326983,114.08325,171.727,165.80912,178.43562,178.34718,227.66331,323.41142,251.44136,276.12363,85.643867,84.065451,88.781351,90.59355,154.03093,159.8704,195.24088,195.22263,236.04033,213.93548,227.37063,224.50784,91.986849,94.08934,95.32484,96.154844,91.015671,106.98403,192.04049,161.58435,205.69704,183.94343,188.05426,197.59241,244.79146,234.48332,239.36108,242.04282,243.11909,257.28028,95.405475,163.63033,20.0,19.238557,19.677096,20.0
95.840494,96.360866,92.21688,98.237417,124.48182,128.52286,128.69634,134.59111,148.03533,141.73456,141.11692,136.11001,92.403524,99.236121,96.95543,115.14975,172.12091,166.66806,178.41415,173.4271,226.82231,286.69664,251.64714,283.22329,86.527534,88.420463,85.457606,86.877093,152.87345,182.37347,174.99624,202.86304,236.13986,221.1779,221.75605,222.17294,95.466156,95.752598,96.263611,97.452828,93.329643,106.80156,163.53956,155.95263,200.5883,192.44068,189.96304,200.94774,244.13437,229.37212,245.26098,231.09051,229.49844,258.48433,94.961275,170.1309,20.0,17.575429,17.441447,20.0
94.278007,98.537544,96.871837,101.02566,127.04304,127.41455,128.68075,134.49567,150.54611,140.69859,144.37089,138.10343,94.918432,96.269961,98.309993,113.73264,171.46423,171.79972,180.85548,180.56764,226.92619,297.61701,259.43415,255.33961,86.369455,85.668712,86.540329,84.479744,157.02769,165.55083,192.12123,198.95628,242.49051,216.03549,227.22326,225.41514,94.4768,95.657414,94.457467,100.32781,93.149305,106.39112,169.29085,159.78847,181.66146,175.51506,174.59735,188.41864,241.73988,232.03866,239.92047,231.88475,237.02962,253.68909,96.285589,142.07943,20.0,18.356483,18.555247,20.0
91.92263,96.612856,99.661958,92.633854,129.05041,125.2617,127.70118,134.58629,142.59958,139.8862,139.14385,138.32268,94.940862,98.137279,99.875674,111.01313,171.90274,167.01109,172.97054,181.22032,229.92808,307.08846,254.86716,279.22661,88.961142,82.970701,87.235505,88.030645,159.35578,185.20001,185.178,198.4794,235.60627,219.67533,225.32329,224.49772,97.293088,94.67319,94.787815,103.91862,91.106134,108.72959,154.73128,162.498,217.79745,180.35538,175.50425,184.87802,242.63363,231.76501,238.5648,230.38857,238.67021,251.30223,90.64948,169.37665,20.0,17.000771,17.189578,20.0
94.448927,88.964917,93.316645,102.91557,129.54795,125.36204,126.99297,136.11319,143.56747,135.24421,144.20592,137.79265,91.366283,101.02519,101.8087,113.09374,178.02221,158.48165,176.84504,175.74018,225.65847,298.13393,262.10865,271.82975,91.880764,85.878379,84.842175,81.893906,149.63659,164.9103,193.44769,198.36394,229.05624,207.06305,222.95975,219.2958,97.279632,92.284932,96.177347,102.39989,93.194589,107.7382,191.08622,160.83996,211.90002,190.59534,185.89561,200.76247,244.62818,225.19644,243.87608,235.81628,233.19971,259.10018,90.868055,159.04792,20.0,16.022416,15.938826,20.0
92.483323,90.618414,91.294274,87.92697,128.55247,125.95571,128.80501,133.14466,158.09725,134.94987,136.97192,134.61836,93.401495,101.86777,100.42434,113.35314,172.48724,171.12887,173.77215,176.17991,224.62843,282.9983,256.39351,275.98093,93.350092,85.174742,88.465326,84.552302,163.99478,167.01028,185.15558,198.55446,235.54776,206.46198,221.65063,215.75348,96.08928,93.753298,93.585007,98.383136,92.680674,105.23089,161.36976,160.27095,205.34526,177.81235,183.78429,175.79873,240.56049,225.95538,238.47215,234.96287,241.26191,260.56883,92.725324,139.83931,20.0,15.76135,15.582707,20.0
92.418072,89.78034,94.280363,95.819211,126.11488,125.62483,127.84487,132.87071,164.61023,142.80898,133.71367,135.54269,94.726829,99.218922,98.11923,116.06962,172.62485,170.51502,175.85616,181.2837,222.9883,284.56278,251.75839,262.62333,92.307209,84.730247,90.174558,82.852124,155.66057,178.83812,186.52205,198.87851,232.63175,212.52873,219.94453,213.43512,95.546988,94.881132,94.356192,100.56937,98.682126,101.64475,168.62044,160.70482,213.65936,169.06216,167.04117,177.96556,236.67413,232.04332,238.73719,228.76718,233.53265,256.63065,92.531083,158.10394,20.0,16.20218,16.942337,20.0
95.003333,93.472834,97.070419,94.26879,124.81613,123.46766,126.8126,132.60971,169.69316,135.0371,135.34643,137.73572,91.731249,100.28868,101.18549,106.20704,170.13637,175.07537,169.96389,180.05695,220.76757,287.61603,248.39776,263.02849,93.290779,83.373763,90.845956,85.573112,155.57496,165.75417,185.73925,191.51665,238.16565,223.21088,218.28962,223.30735,96.119907,96.240853,96.266733,99.92357,99.638513,99.750225,185.89634,161.35782,206.6504,180.21385,174.28235,175.12218,233.70853,226.94717,232.70061,225.89035,230.49044,248.86995,90.174725,151.95596,20.0,15.894034,16.042759,20.0
92.223609,96.626288,93.833753,106.10374,126.30479,123.04134,127.122,133.47172,146.37375,133.37968,132.79048,137.20012,93.139922,99.925436,99.0179,110.56494,170.73769,172.59121,176.12084,177.37728,221.02492,278.85341,254.29061,275.75572,93.592877,83.11124,91.830143,87.97366,161.80143,169.94269,192.29977,197.99663,231.88351,214.13257,223.89761,225.05118,96.742934,95.067247,96.451856,94.872202,94.950593,106.62955,198.94472,162.19125,194.28178,172.8684,196.93491,185.27087,240.92481,221.72888,231.94933,231.93499,238.45845,253.79479,94.312165,133.60889,20.0,16.959249,17.914642,20.0
92.603709,95.403044,90.407664,101.8997,126.79136,122.8084,126.62091,133.70886,149.09017,131.23899,140.28848,137.48742,93.992014,100.845,100.41245,112.68262,170.18186,169.23383,174.52983,177.99391,219.17126,297.05403,248.1072,276.02291,92.09383,84.8528,92.262445,85.941651,153.90173,161.06021,189.20815,198.64922,234.99398,221.84755,221.86247,220.5203,92.991218,91.861742,98.250206,97.877914,93.35128,109.25539,157.80855,151.75717,203.34252,166.62186,192.20491,186.1919,238.4128,228.87007,240.96987,229.67751,239.41157,256.12466,91.509186,160.17165,20.0,17.51439,17.86279,20.0
91.268992,96.914755,94.915447,101.32025,126.19016,124.39878,127.59967,133.35115,152.79687,141.24482,139.61837,133.13058,95.073238,102.03867,101.83307,113.75388,171.13566,175.88645,179.16227,175.48615,218.76221,293.88929,255.36047,266.37658,89.394107,83.800293,89.32357,84.286038,153.15172,176.7435,184.4271,198.55132,233.63466,212.50767,227.28735,224.12427,95.929236,92.874414,96.683415,101.12552,92.259637,106.78428,180.74005,152.1395,183.52691,173.09324,178.56554,186.06901,236.41543,234.73337,244.99447,234.01215,240.33116,260.53033,95.084637,134.48284,20.0,17.897657,18.057452,20.0
94.786908,93.75476,94.228968,103.48187,126.33647,126.11315,124.94158,132.0938,167.02822,136.60935,139.90827,140.22342,93.033466,100.5775,101.04545,114.15639,167.87193,172.20205,177.68893,177.12289,226.78232,291.36124,253.05008,269.19246,87.241034,84.30506,89.151026,84.711566,157.62453,161.21689,194.51723,197.46055,231.41767,214.80811,220.13559,213.20225,96.943087,93.792004,94.80228,98.834444,91.606757,104.68468,186.12754,161.70464,174.15397,180.07368,175.32985,192.23801,251.2578,234.28983,241.76717,238.3609,240.30361,257.13663,97.875706,135.72795,20.0,17.231259,17.351881,20.0
91.650596,92.182612,97.226201,94.910649,128.28753,127.72326,127.85713,135.85979,171.27599,134.76618,136.60906,138.67437,93.035697,96.430814,103.7065,112.3823,171.14678,168.91225,175.90825,178.07605,226.62858,305.31952,257.08517,262.54761,86.803754,86.383442,89.52746,90.34388,164.11967,169.23594,182.96329,194.21107,242.61423,224.152,219.91196,223.44261,96.881511,94.780517,94.428008,96.857819,89.869434,107.00807,154.27637,157.82154,186.30959,183.90165,171.64762,198.52238,238.18497,228.02229,234.49474,234.92441,241.1287,260.12321,97.358521,134.22268,20.0,14.557039,14.594001,20.0
90.750471,91.322957,95.053272,98.809068,127.55469,125.39973,128.51747,134.32656,161.4888,133.53056,134.00446,136.53063,93.329775,97.446571,107.23093,110.39697,172.76607,167.76247,173.19342,180.67047,226.55982,285.00834,251.0875,266.79795,87.416349,87.450568,88.46588,90.046419,149.50925,159.8524,184.21818,198.11016,231.79224,213.1413,226.13446,224.94254,94.361699,94.997845,96.867193,98.151785,92.243211,104.55922,180.88096,163.28143,192.51913,177.61712,180.12039,198.26964,239.43236,226.41961,235.66034,225.39251,232.04894,250.13,97.668744,130.32211,20.0,14.752381,15.707365,20.0
95.394132,94.365715,92.839164,95.139187,124.57938,123.63987,129.21128,134.26482,154.56443,133.51081,136.51101,137.20844,93.246111,101.87103,105.54647,107.96931,176.3131,167.39506,176.31894,173.80435,216.40606,297.51806,246.40177,260.77745,88.569779,86.422102,87.765457,85.13878,148.96175,161.71829,183.96351,197.55348,225.37415,229.53296,214.54518,218.90261,94.684482,94.712686,93.981819,101.17551,94.702973,105.822,160.52771,160.18642,208.82303,176.81775,174.53154,190.95763,238.49068,222.54754,232.44836,228.00658,240.42952,251.22279,89.86498,147.46065,20.0,16.136744,17.104537,20.0
92.840377,95.818529,91.262124,100.93709,126.03284,124.59578,129.01134,136.73075,160.17873,137.59445,136.88589,138.0724,93.250812,100.33564,101.76683,110.6768,172.05909,178.71215,171.52885,179.44397,218.39439,321.99853,247.78308,267.15497,88.258404,84.923003,87.34137,87.028333,157.23876,162.88661,189.01496,190.14262,231.70589,225.36025,213.00572,220.62329,96.143232,95.146194,92.919067,98.114707,92.605599,105.94573,165.53736,154.60632,198.62403,169.48742,164.58182,178.08206,234.79805,223.82593,232.04634,227.97559,240.81643,247.72778,88.413336,130.16879,20.0,18.54069,19.514603,20.0
87.373098,94.373392,93.937639,91.229237,126.89386,125.6875,130.1882,135.81701,166.19783,136.13441,136.67657,135.34657,93.178742,95.278346,105.42903,112.84742,167.66232,159.66509,167.66576,181.47886,221.29715,311.3801,250.56654,273.93784,89.880282,86.859744,89.030579,86.928273,151.05524,155.63442,184.72819,194.82033,229.49646,223.54165,217.53083,215.82204,95.300521,93.818739,93.471691,100.34369,93.259968,108.18718,156.36348,160.01963,208.22019,182.44877,170.98196,193.75597,234.03469,225.82438,232.60593,237.46935,237.58031,248.88551,92.095412,132.9032,20.0,18.480257,18.773752,20.0
92.881886,85.016171,96.772747,88.229799,130.99641,129.49991,128.54421,133.18532,161.0124,132.54525,133.28027,140.20434,92.13144,98.350759,105.73594,111.63421,165.14258,159.52247,172.11007,171.36526,228.03648,306.6053,254.07201,252.32274,90.365327,86.879843,90.977836,83.113657,153.40009,167.3831,179.95656,193.65674,227.50956,225.66234,218.94694,219.64317,94.338322,95.206072,95.729094,100.21926,95.738561,106.40854,190.0204,160.77453,213.05826,182.11575,175.83355,208.55906,242.99957,228.35953,236.03229,240.8974,242.07544,262.48613,94.214958,155.42053,20.0,19.132934,19.502243,20.0
90.039969,84.219832,96.066963,108.26187,131.74061,127.0518,125.49253,134.83884,168.24697,135.40841,136.31864,135.82151,93.856339,102.17364,103.89346,113.81219,167.79061,168.48428,170.76454,173.92048,223.75813,302.564,253.60435,261.64802,88.961697,86.019006,95.690479,90.557389,152.66022,163.80634,188.97283,200.00475,232.95684,218.87922,219.28667,214.94507,94.386049,96.311062,94.951284,99.009625,92.073733,107.48743,159.05296,159.28057,201.84902,169.27818,171.39963,179.06725,235.30182,230.51267,241.64237,240.91603,251.27293,259.82446,93.689338,141.91092,20.0,18.03315,18.228334,20.0
87.291314,101.65175,95.296785,97.309099,129.1809,125.39587,127.62173,133.85746,156.63317,138.93265,134.1848,136.88167,92.329041,97.90346,105.76825,116.12041,163.17253,161.72764,173.46352,173.93932,224.33644,313.86924,253.77056,280.49837,87.15764,86.576596,90.694651,83.428214,147.59384,173.05304,178.27557,194.81468,236.84885,222.13225,222.96442,217.31551,92.229825,94.734867,95.732461,101.40207,91.673018,107.05898,185.54544,159.29514,199.1623,181.08381,169.58294,200.38283,238.04901,231.15608,239.09064,241.40937,241.77679,254.85626,92.884004,146.15285,20.0,17.970115,18.35281,20.0
93.536806,94.036529,90.844804,105.33649,126.26305,124.72956,127.50802,134.15257,164.16001,132.67308,136.06404,138.37845,92.3748,98.428882,102.93541,112.93911,171.67676,168.70849,171.5068,173.21761,224.58084,302.94868,254.17885,265.08266,86.099254,82.447823,89.189542,85.378815,158.31708,164.04916,186.48429,194.7594,236.84511,221.68553,223.527,222.55307,98.141922,98.072169,97.09446,99.76658,93.435755,105.15464,174.23429,164.34378,210.67737,185.64325,181.82168,193.38343,240.16823,225.72776,236.72405,240.51758,243.0762,258.79358,89.450267,133.47143,20.0,18.016022,18.648759,20.0
93.610239,90.680399,90.010728,93.684152,128.47905,122.79614,128.86249,135.09221,143.70959,139.42711,142.4246,135.56078,94.197709,100.85014,99.97942,111.94832,170.46483,166.81354,173.2826,173.98026,220.35789,290.62256,250.42446,262.26558,85.759327,83.865652,92.498619,89.665819,157.27896,164.28644,187.41617,197.35819,229.95575,216.07448,222.51164,220.24936,94.79407,93.57329,95.464126,98.402887,95.075007,110.07921,153.33571,157.48556,199.74163,183.32202,181.08302,195.80276,237.52766,223.58723,233.94014,235.43759,243.06006,259.46673,95.960975,148.49566,20.0,14.785405,14.045061,20.0
92.219812,94.54803,91.778177,95.989517,125.39726,128.89655,125.40949,132.84585,160.9343,133.64694,148.37297,137.50104,92.443764,100.72245,100.72839,111.53933,165.70164,169.05672,176.24538,172.0053,220.04166,279.48349,252.42156,257.58388,86.017172,83.751166,91.177239,87.102829,155.86975,169.59444,167.93661,197.31226,234.82033,222.77443,221.91405,220.19346,96.729535,92.921704,92.745369,98.075744,93.165759,105.03839,181.15449,156.24533,198.58539,176.64632,181.65965,183.4228,238.45885,227.57254,231.13977,234.87081,232.81127,253.91114,96.948442,130.59831,20.0,14.983454,14.923474,20.0
94.096702,92.016741,92.609958,90.712746,126.67152,130.47396,124.79963,133.34273,160.84835,140.15681,142.99988,134.65756,91.245956,99.297453,101.93235,116.64822,170.65743,166.91838,171.9925,178.11085,227.30698,286.49643,252.07103,250.2154,87.856382,82.638196,88.519391,89.696723,152.06637,158.32392,169.57777,193.35998,230.04632,219.78224,220.5222,215.66794,95.985868,92.298093,95.461478,100.80506,89.466387,107.89346,183.72784,159.52255,207.5976,176.07202,173.6999,164.16737,239.13499,224.12359,230.89441,239.7169,241.85454,250.12426,93.74741,127.75129,20.0,16.722151,17.616696,20.0
91.377112,87.050523,93.993004,96.708511,127.79292,128.78718,124.99888,132.67278,163.2635,135.16446,139.34327,141.52587,93.779694,100.58928,107.04098,108.00141,169.29599,165.0905,176.11379,175.09436,217.51902,294.69587,246.91643,267.73674,89.430676,86.82782,89.836688,83.818428,155.95735,162.2366,166.52444,190.92807,225.0217,217.89639,213.44664,214.59214,93.6714,92.826065,97.509988,99.631831,92.01634,106.89319,166.84962,154.92056,197.00674,182.98244,173.16307,191.93725,234.975,225.93671,228.9961,228.91383,228.10145,244.39376,93.95378,153.96837,20.0,16.639765,16.525964,20.0
93.084764,88.933755,94.556512,86.093565,126.46635,130.58353,128.0183,133.68074,162.73694,134.37563,132.37701,139.53531,92.468582,100.11066,97.295648,101.50528,169.39662,162.57247,174.60732,172.09445,222.32026,284.36817,246.47204,271.99327,90.523325,85.363085,92.280989,92.757868,161.71166,158.43887,179.25817,185.06078,225.52081,209.20306,214.93594,215.9351,96.808225,93.259934,93.645526,98.399392,92.879851,103.23857,191.67464,161.31753,203.74733,177.21626,184.75845,180.77612,233.47438,220.7026,225.31756,230.71907,227.18398,249.28217,93.119573,165.84016,20.0,15.179442,15.090821,20.0
92.50783,90.312105,91.907538,92.402526,127.81419,125.69656,125.72993,133.11848,147.33894,132.78091,139.13367,134.26429,92.97418,98.68128,99.170953,111.71204,166.80635,164.37829,168.75726,166.82107,227.66113,279.24091,249.92051,264.31809,89.394221,85.223587,93.903522,94.580444,147.4416,154.81964,188.46951,188.78522,227.45032,205.34032,216.44307,212.82861,95.672558,92.630365,92.004018,101.38841,90.809836,105.836,175.44658,155.64983,188.31929,179.10811,185.95535,180.36311,231.59397,219.77497,234.8005,231.30142,229.54965,252.02139,91.681767,131.35566,20.0,12.10981,12.533039,20.0
90.495022,96.727875,93.176504,92.892603,123.93526,125.578,125.75363,130.01651,154.05672,134.0847,136.65877,134.4617,93.80676,98.76476,103.13039,111.80089,162.1349,162.5627,175.67156,171.99847,220.94317,280.18275,248.04566,264.53913,84.882192,82.548409,90.102106,88.940102,149.14798,158.20535,182.52345,190.68969,230.45632,213.30136,215.2051,212.77886,98.886636,93.442653,94.05001,101.664,91.444191,104.97353,177.67585,150.05416,188.29797,171.92984,188.67546,182.74006,241.10428,224.02432,237.46305,223.55968,227.40573,251.7086,89.4994,158.46209,20.0,14.109555,15.628805,20.0
92.284303,91.136024,90.920167,111.86632,125.2437,122.4847,124.78472,132.13134,144.59069,130.17168,139.65792,135.21923,92.489338,98.017653,98.769221,109.9961,166.75921,165.20048,183.18963,177.59753,216.44128,290.64767,244.54733,259.72262,82.96983,81.599709,87.415088,85.136278,148.99777,163.82199,183.1839,193.10391,231.11332,222.32424,215.81617,215.44811,96.739341,93.965638,93.925129,100.05138,89.377909,105.86246,153.93245,155.01001,193.99496,171.32548,188.75383,183.85534,241.00677,223.09182,236.33605,225.78217,236.59008,251.61245,89.326425,133.58087,20.0,17.345011,17.93199,20.0
88.07734,96.355541,97.186694,95.599449,125.77727,127.88944,125.38494,131.26265,159.41674,132.3112,136.3372,133.99355,91.049577,99.071089,102.73376,113.73486,164.40353,165.82613,177.02278,178.31793,217.70856,281.29641,242.93816,268.6817,83.717509,80.865553,84.704659,81.9646,148.83294,161.36754,181.43962,192.24357,224.70803,221.17868,212.83841,218.48625,93.217963,93.2208,92.582912,99.622406,90.514351,103.42043,156.26296,153.39491,199.07657,164.61335,175.20483,184.74602,238.50106,225.70823,239.49195,224.71632,235.48249,244.65461,91.366406,133.96268,20.0,15.937941,15.728359,20.0
90.846155,90.18661,92.027332,90.173245,122.97086,126.03557,124.62739,130.04084,142.65174,138.08788,134.88495,133.74262,91.912141,98.445075,100.32403,111.3543,167.75517,163.25655,173.66103,171.93262,217.94807,278.29329,238.36756,257.47499,86.33803,82.704746,88.493757,86.272286,150.33228,160.39935,184.77738,192.2339,227.55844,211.84006,215.76801,219.3814,95.68828,91.895454,91.728326,102.38274,90.590026,101.90794,164.20016,153.64924,193.40407,171.30768,177.4445,178.6433,233.47813,224.44139,224.52694,225.05243,226.55,241.23765,94.673707,134.33391,20.0,14.689999,15.328899,20.0
92.902984,87.951534,90.567949,92.05709,124.2078,121.55302,123.80966,130.27989,147.44669,135.2892,134.30979,136.4556,88.802529,97.703805,100.03901,110.60824,166.41436,161.3721,167.37743,174.80941,216.49173,282.64723,236.66356,256.82627,89.553482,86.688693,89.906579,87.99425,164.07166,161.26781,188.14959,185.12115,220.45982,205.22543,215.58148,209.60764,93.250176,89.855181,94.22809,99.843156,89.178257,102.43126,152.08512,156.566,200.36454,175.33717,180.31282,176.08262,225.55054,222.25386,223.31413,228.08819,227.11829,241.10829,92.536693,135.67975,20.0,16.84339,18.132855,20.0
91.579432,89.368295,92.051165,85.482962,124.38687,122.1762,122.40899,131.0829,155.25879,137.62946,135.04043,132.0165,91.296362,93.316526,104.2915,113.79886,168.03917,159.85597,168.82244,173.13534,215.08668,287.48527,233.86087,266.18025,89.366403,84.700351,86.636993,82.67954,144.28914,161.39549,167.57563,190.62559,222.6111,200.98004,211.87758,208.04881,90.024706,92.361944,96.509672,101.13428,92.216978,103.24212,160.95814,156.03649,185.97829,181.25215,183.33682,189.44931,229.64833,221.39733,235.95097,224.89892,225.67892,243.79453,89.934657,135.79731,20.0,17.92297,18.314554,20.0
89.20978,90.374904,90.314958,95.545798,123.64702,128.49584,122.14298,130.62833,145.7387,138.65545,134.52104,134.28946,90.16032,94.83644,97.046935,108.95979,165.78951,163.76195,167.97836,169.1511,215.27699,283.44462,248.44068,269.29982,89.311058,81.026914,89.247304,86.198183,150.43449,160.40115,177.56846,191.26698,216.84375,200.6909,212.83215,208.12231,91.925274,94.402029,95.474785,97.411904,92.774081,102.87032,155.2086,158.46026,177.84912,161.09019,196.71089,179.153,233.16654,221.24406,226.80985,224.5141,229.18446,247.08715,89.990367,137.80025,20.0,16.43724,16.407103,20.0
89.086281,88.507139,94.112462,95.221527,124.52864,125.29328,122.00863,129.2437,147.52865,132.12029,136.82904,135.46059,89.914381,95.291457,101.9027,113.48795,162.24233,165.24573,176.64887,174.18887,214.99759,306.19993,247.66748,263.90136,87.927485,81.613151,88.211943,84.12669,146.09606,166.97439,168.57696,191.53091,222.73674,204.16365,217.51181,208.4889,92.397816,90.085013,92.575958,98.158957,91.587552,105.16153,171.41154,151.16888,204.63245,166.82179,176.34665,172.36196,231.99525,220.99341,230.70646,223.74262,234.4409,251.58754,89.479969,148.23763,20.0,17.580469,18.245487,20.0
91.734012,94.232324,91.924931,88.219051,125.81429,122.91124,122.75754,128.70029,149.7403,131.77543,134.31924,131.4335,91.982385,94.45433,103.07709,114.08794,162.75098,161.6351,172.98188,175.19077,215.22241,268.32501,244.36374,252.10358,86.352767,80.768122,86.662835,82.2904,151.68661,159.21838,167.72371,192.6499,220.19692,197.8052,215.17099,207.91526,93.005187,91.535668,93.247487,98.830576,92.45134,106.60092,150.50829,146.22314,203.46608,166.21321,183.35331,181.78655,234.66598,223.04813,231.2481,217.37628,225.96874,251.39247,91.077213,135.76693,20.0,15.896469,16.067579,20.0
85.358504,95.069468,90.226367,94.56116,123.78794,126.73215,123.04283,130.50814,156.93827,127.56829,134.37118,136.59004,89.503728,99.001197,96.150357,105.40376,170.42407,161.93935,172.81834,169.30955,213.39319,285.77558,245.09116,256.76423,85.909459,79.538,88.72785,86.5918,154.86606,159.92362,165.34333,191.78095,226.84185,198.82567,220.11549,206.74429,94.103759,93.715941,95.96698,95.789596,91.15125,106.42109,162.29271,154.11265,202.76676,165.00364,176.68486,181.21214,236.19414,219.80219,230.42202,220.70666,227.47401,244.83777,87.862076,148.62122,20.0,15.910056,16.206505,20.0
90.019633,89.765168,91.50035,95.912933,123.58203,123.53139,124.27449,128.68371,143.06869,130.63012,132.98816,133.29923,92.048252,100.84038,97.938522,108.95741,167.51012,162.88819,167.71677,166.02095,214.24012,277.61448,238.8335,257.65434,85.042459,82.099358,89.384527,85.972305,152.36453,163.40183,172.5744,188.57123,221.2055,209.28783,213.93372,204.60882,94.093369,94.647492,97.643331,99.030964,88.925198,106.59999,159.83605,151.60904,207.08561,167.64422,195.30463,188.74287,227.2811,215.18488,234.30983,224.94232,227.34493,246.32524,88.477655,141.27761,20.0,15.854157,16.233895,20.0
92.377851,88.42411,90.438409,98.424757,121.81049,125.58066,123.70814,129.69439,165.94557,133.76263,131.28865,132.17015,92.150828,94.709651,101.50236,110.42705,166.79242,163.73623,175.73738,170.06545,213.43837,292.23814,246.64791,258.3629,82.908898,83.229624,90.265807,85.932668,160.22244,166.2342,173.66088,191.59231,227.82565,214.04765,215.8996,213.10431,95.184269,91.285551,95.112526,100.02951,88.310876,104.81008,179.50777,155.312,188.40078,165.24301,181.58413,171.71618,229.66209,215.97105,234.11267,219.5458,230.00804,246.37564,93.209201,149.12833,20.0,17.178004,17.483895,20.0
89.158444,92.413666,93.40755,92.006452,121.53687,123.83114,122.23447,129.08937,138.91508,136.25302,133.80726,132.79788,93.424997,95.684633,95.125288,107.87022,164.72379,167.82001,175.16388,170.73387,216.12858,277.38621,239.25522,261.85872,82.511703,81.499645,86.794015,86.128196,145.86999,168.3076,176.63411,191.2173,228.93897,207.40166,216.86815,214.8969,95.958478,91.448533,95.078101,99.820087,87.463233,104.15849,167.43728,158.3018,196.82791,163.84522,181.33402,192.89824,231.01337,218.88937,225.73778,218.84222,231.96155,247.72094,92.394646,165.60668,20.0,15.424321,15.421659,20.0
89.884784,95.014222,92.761133,99.501034,123.32123,123.09652,123.89399,129.82049,164.68392,130.21298,133.76536,134.17813,90.56221,98.523197,99.215506,106.94416,162.61621,170.26651,170.45258,171.05339,216.63229,279.25129,238.08613,270.98559,82.366645,81.718837,85.583595,85.236077,153.39902,174.59394,172.83468,191.46928,226.02685,209.57551,217.7169,215.30438,92.18693,93.304672,93.795495,97.980125,88.770819,100.89521,168.53533,151.77565,203.01348,170.24638,166.61217,182.45434,232.63829,220.53384,225.10034,229.46958,233.35606,245.8625,93.710537,131.80713,20.0,16.818786,17.537054,20.0
89.812821,97.012933,92.511921,95.388514,122.79903,122.34623,122.72831,127.38628,154.9739,138.59135,132.74548,131.83886,89.200452,94.255398,101.91215,103.6517,166.25205,161.91931,171.2195,168.0014,232.47959,289.83221,241.22015,277.50063,83.98156,81.298826,86.543513,86.182068,149.05224,162.97351,179.94485,193.6777,227.59848,217.13622,215.9495,207.92536,93.549076,95.146985,87.888297,97.83057,89.724172,104.64374,158.63549,154.67215,189.97525,177.44191,177.58673,185.49786,240.48602,223.18646,235.53786,226.48834,229.7251,245.38263,91.496397,134.32088,20.0,15.921332,16.325953,20.0
89.82086,90.234547,95.056247,99.736295,122.51183,121.08963,124.71654,131.92603,143.67939,131.91002,136.28657,135.05077,89.948788,93.488893,99.457661,109.49264,171.29293,156.85662,166.77136,167.33696,223.79507,315.36989,252.06713,266.11653,85.228091,83.143944,89.303277,86.462856,154.58916,166.64507,186.60453,190.57724,235.75049,222.79072,214.18366,222.1709,95.702276,92.907744,87.899496,96.277059,91.818307,103.37354,142.19671,158.29634,191.86633,178.48553,195.72765,182.79701,237.37497,223.32392,235.48858,234.51585,234.54272,250.89312,93.373385,150.22392,20.0,18.427058,19.359851,20.0
91.093173,93.118596,94.587783,95.478792,121.51006,124.70826,124.55436,132.50498,144.49857,133.70691,136.53519,134.35705,91.27646,95.246574,100.91044,111.30211,165.92844,164.42746,178.28211,167.95677,235.17291,297.42536,257.88237,262.72319,85.322638,86.891426,89.370504,90.496099,149.52127,160.7022,192.49461,197.46616,232.80617,217.43276,223.18207,218.32636,99.424258,91.564212,90.981545,97.411605,89.937543,103.56087,149.65471,156.06779,188.7832,168.47429,191.65235,193.94493,232.78849,228.79768,235.18892,226.99894,233.52612,258.06959,96.145919,151.67524,20.0,19.263921,19.740172,20.0
91.926803,98.815428,93.133184,95.366609,124.41958,126.62813,125.53293,131.13293,171.68102,131.78008,133.34574,136.79327,90.773378,95.176513,97.320034,109.19915,164.05587,175.78495,173.17203,171.16678,225.49187,274.81882,249.82212,256.53516,84.093641,84.314693,87.328779,79.32011,144.68073,154.9789,174.54109,188.6555,227.14077,209.25756,224.82343,216.31226,95.093303,88.783396,93.812471,97.595231,88.015116,105.98191,171.7482,151.93536,201.29569,178.67847,174.60942,187.79451,244.17051,229.81097,232.36437,232.91763,225.43455,250.91661,90.140083,127.7388,20.0,19.740314,20.119141,20.0
87.812167,90.580965,95.305797,100.08152,124.44093,124.29891,123.07453,133.16812,166.85083,134.00092,136.45411,136.23659,89.58933,96.20103,97.135338,111.70077,171.67049,160.4662,175.5672,173.30912,221.21549,289.81788,249.05535,250.18685,85.481595,80.125814,85.658045,80.902777,146.98296,151.7314,159.30908,187.18774,227.80525,210.85571,216.01878,209.7762,89.690952,87.916007,98.173094,98.419036,88.773732,105.37217,152.33401,156.43491,201.68026,179.2687,166.42961,190.77523,249.77146,227.15065,232.92811,237.14929,234.67646,249.32422,87.374258,129.75849,20.0,18.891216,18.997569,20.0
87.446647,85.994338,92.156585,100.41774,126.6298,125.54338,126.08715,134.77646,159.58247,132.66703,132.55116,138.87194,89.410832,96.584707,95.801518,108.71902,170.11514,160.98664,174.94163,169.37341,223.85593,290.80237,247.56243,269.20368,90.799668,84.009516,90.502562,88.456476,164.47723,162.69505,184.42122,190.47023,225.30027,222.42099,214.14555,214.05716,91.577344,89.594069,94.905914,96.806035,89.181799,107.56845,161.25282,163.04546,191.58809,175.05549,189.56643,197.8227,240.39279,227.91438,233.80154,229.89263,228.29566,249.36794,92.365116,133.60776,20.0,18.867027,19.121253,20.0
94.330712,90.22151,94.460622,78.965607,123.6277,124.45642,125.92756,129.92109,159.81349,132.64323,134.92425,136.25377,91.120287,93.513827,94.34122,102.58577,171.87149,162.84369,167.24741,174.02339,221.027,292.77745,248.56698,252.87242,92.542548,88.299864,91.267232,90.400006,157.80302,169.00537,191.22345,194.09709,228.97434,224.06267,219.49635,215.25541,93.287402,91.631735,91.464035,97.13459,90.887153,101.99384,165.82055,159.8934,203.09619,181.9847,189.15811,193.12155,237.26468,228.11096,229.05507,234.37706,239.64765,254.01501,96.22419,138.67721,20.0,18.086439,18.280533,20.0
94.74386,93.550748,90.538831,94.732053,123.45795,126.21926,126.30276,134.09408,140.53625,136.62238,138.16105,135.75244,89.529598,94.30478,98.341575,101.59002,162.50701,166.11886,174.46841,176.37169,219.27127,289.38335,243.94415,273.4475,90.747514,86.139168,87.944431,85.389295,150.40456,175.59816,183.97689,196.28908,229.88577,217.57187,215.74171,222.39981,92.278107,90.314247,92.458197,99.278364,90.494482,104.18834,164.72758,149.4194,195.72587,174.64261,163.98317,192.17571,231.62332,223.89725,231.98544,232.43135,240.61259,249.86649,95.581945,137.81898,20.0,18.539359,18.537843,20.0
90.78969,93.957956,93.576204,108.95298,123.42314,126.10354,126.70306,133.60953,149.76244,137.82318,136.31157,137.09248,92.196774,97.381484,99.53775,109.78598,174.82254,164.1122,169.08513,175.83721,217.64249,293.47129,245.30975,269.91885,87.622592,82.956805,86.011204,83.182881,155.75568,148.02299,195.00444,193.01772,228.24092,210.03579,219.97429,213.00484,90.906768,89.987444,93.919809,98.723984,93.273428,104.71319,174.99196,149.49772,210.87959,179.37542,177.34913,210.49376,235.55189,221.38875,232.21799,230.24736,239.54315,254.65511,85.558647,146.69034,20.0,17.798212,17.787517,20.0
89.670208,96.647956,97.364399,97.409441,127.06337,122.78035,126.50359,134.99096,154.08595,137.25454,138.51877,137.94364,92.007339,99.639585,96.858968,105.96962,164.19351,167.93986,171.36879,177.3277,220.78987,272.10149,241.81844,265.19814,86.562627,81.563784,85.8907,82.700062,156.23791,162.37636,184.16768,187.88266,229.69662,215.80792,216.8384,215.63072,91.858055,91.553372,88.942784,95.044618,93.812332,106.72107,171.38023,154.84479,184.8737,171.05846,183.01596,180.18296,232.05384,216.56671,235.89724,230.74077,244.65133,252.50813,92.133442,161.96559,20.0,17.914571,17.944514,20.0
93.079078,88.557647,94.21652,86.842555,127.76678,126.13815,129.34433,132.28652,160.8301,137.67153,133.56277,134.91699,91.221568,92.636293,98.315519,108.87764,170.47192,178.24088,170.00665,173.34437,215.42632,288.11079,241.13169,257.80341,87.880611,82.065081,88.703059,84.101606,150.54427,162.20752,192.81548,187.58773,232.0927,222.16988,218.26926,219.85431,92.342773,90.233972,91.697851,97.89619,92.009163,101.94224,152.21422,148.08359,201.20806,173.08355,160.23118,188.66092,236.60275,222.04496,231.32152,228.29593,240.08488,243.44633,94.408634,145.77311,20.0,17.592847,17.425341,20.0
89.248278,90.075586,91.504111,86.954478,128.13465,128.38556,127.92673,132.3074,155.65238,134.1523,132.97645,136.85762,88.383604,93.04143,97.489392,108.05518,166.97932,165.8513,177.06067,165.90052,217.81606,260.64522,246.09686,255.80739,90.835191,82.470267,89.685697,88.099632,158.42705,159.13186,183.04176,192.63671,226.24847,209.49912,217.08357,209.99301,95.964574,90.184316,98.554421,101.39885,93.101304,104.9437,170.10928,155.63918,209.09769,189.67183,169.11384,183.18122,227.24662,221.5809,221.41669,230.31343,229.45299,241.99356,89.43975,158.38748,20.0,15.961049,16.15406,20.0
90.520363,91.117534,89.102598,99.942756,126.33531,125.11899,124.36038,132.59586,159.73358,138.51369,134.52462,132.99398,89.520361,99.383649,98.141629,102.18553,167.05276,166.91781,168.35247,170.39688,222.40529,293.65239,250.44256,256.00543,94.54917,85.433457,89.164923,85.609562,155.82312,157.24639,190.3642,191.62288,219.86486,212.98394,211.22932,213.27732,97.015651,91.914587,97.365172,95.056806,92.575562,108.39646,176.10452,156.85565,197.06028,178.97847,181.69659,182.76832,228.35992,218.71329,232.38782,234.69235,226.5905,246.71685,86.597763,139.73381,20.0,17.142571,17.815958,20.0
92.165771,95.379397,93.879054,96.331727,123.4615,123.21399,127.5646,130.8573,156.76129,137.50692,133.97639,135.2862,90.637042,97.248741,101.46099,103.8328,162.69688,161.58313,169.74725,171.4654,220.59112,297.89878,248.66566,269.1392,92.092444,83.435831,86.400169,83.138074,149.40134,157.63248,179.50922,189.51658,210.16645,204.36799,202.80284,206.06327,95.591484,91.646123,95.277113,98.986832,92.095605,108.89927,186.89893,149.93736,191.7044,173.82526,170.25786,185.49505,233.26798,223.16467,228.74157,235.33449,225.7673,247.3265,88.05169,129.96138,20.0,17.801889,18.011032,20.0
92.338582,92.74045,93.689464,95.680543,124.6377,119.92095,124.41178,133.68008,150.61774,130.75023,137.59526,136.73105,89.746511,98.126419,95.082542,109.19128,164.83957,164.07315,158.85551,168.71851,222.78403,293.91942,248.53562,258.47527,88.803755,82.442275,89.87367,87.799754,156.38337,162.65673,187.48321,189.48142,223.64999,202.29836,207.3696,205.25998,95.88667,95.60596,95.046878,98.870081,93.342981,104.5873,178.59669,154.42196,204.8877,172.99444,174.40895,196.97604,233.20716,226.65075,234.77628,242.38947,241.98888,255.35575,93.960256,150.88658,20.0,18.28188,18.755013,20.0
88.836588,96.138033,93.442747,100.50386,125.12723,120.88707,121.12438,131.43433,156.93535,136.37772,135.24965,133.71931,91.128581,96.475737,94.169741,108.37405,165.77172,158.59959,166.95597,169.98201,219.39966,274.39265,249.92246,252.51888,85.675893,83.753436,90.76302,90.568824,152.65137,158.59109,192.71907,191.37346,229.88214,208.93634,219.79855,215.53767,96.430383,96.224695,94.930166,96.131343,90.581278,106.62448,161.86187,151.81038,179.17468,176.031,175.71574,188.03683,232.35393,224.0457,234.04885,233.53044,245.32944,253.57152,94.191315,127.32932,20.0,16.901719,16.777784,20.0
87.769051,97.947341,94.281961,92.788277,123.72375,123.94703,122.58318,129.43455,162.27443,139.37461,136.4924,135.17063,87.950035,95.993164,92.741596,100.66372,168.42257,160.42458,170.76386,172.25685,217.33051,285.37611,244.1694,255.24361,85.394148,84.612159,84.116769,82.500093,151.74977,164.58207,183.45657,194.69617,228.91379,216.69509,222.79742,217.77816,93.381404,97.29649,93.777302,95.803767,89.240732,104.08083,149.92353,152.45806,198.63841,177.34326,169.94182,183.05994,237.08143,219.66441,228.8674,228.14573,233.95303,245.38877,91.727938,151.80922,20.0,15.036256,14.840052,20.0
89.845817,88.479787,91.719579,94.057264,124.51664,123.93723,121.8526,130.07408,133.95884,132.21436,137.79099,136.03441,91.275086,95.996814,93.670579,104.49814,167.6093,165.75824,168.49926,171.26007,215.33939,281.55,240.62263,269.90976,87.577376,81.829413,86.514183,82.038337,141.49602,154.00698,182.64077,193.93358,222.32934,219.06899,212.85044,212.88523,97.101226,94.216603,95.153908,98.649217,90.420084,102.69109,173.09682,150.72648,201.79467,177.96495,170.96742,177.84985,229.00482,217.06408,227.16042,222.79818,224.89353,243.3135,87.032866,143.20871,20.0,15.551253,16.808084,20.0
87.291868,87.235338,92.655371,91.717369,123.34505,121.28479,122.51628,131.46926,146.03601,130.17124,138.12476,133.49774,92.877195,94.653921,97.78591,105.88728,166.36001,166.04021,168.29927,170.7341,211.73098,275.6572,246.98051,255.33087,88.252236,83.103537,88.213103,86.48063,165.37913,163.65749,186.54347,189.67496,224.64602,204.77769,213.87536,214.09245,93.400074,91.540124,92.95221,101.1612,94.727275,103.57669,191.6339,153.81873,202.91126,178.11164,176.66293,177.31256,230.92981,216.53759,226.43642,228.41321,227.80511,247.5536,92.156118,149.23098,20.0,17.528195,18.35158,20.0
91.130661,91.00909,95.012091,87.62993,124.43218,121.65437,123.03855,129.83853,152.32617,131.62059,139.04303,133.45352,92.402614,95.995759,99.273279,105.10056,162.84641,161.58477,163.09465,165.23325,221.67119,276.4705,247.70589,266.14538,88.9312,87.420735,87.845979,90.206538,156.10459,169.46716,177.5705,194.68085,218.9754,202.69599,213.42557,211.62958,91.514062,90.766567,92.448779,98.533564,93.447713,104.54286,190.01516,158.49997,213.60359,179.91491,179.34298,185.3657,231.94293,222.44757,234.0093,233.69899,233.90455,249.46544,94.268205,157.59377,20.0,17.554875,17.774914,20.0
90.73382,89.228912,95.524851,93.847001,120.92912,122.47586,123.99099,128.01341,163.01804,136.85119,135.87347,131.80997,90.697816,95.576651,97.540396,113.17807,161.46302,164.15138,164.39064,173.00047,214.03241,275.14464,246.34794,264.43226,87.934039,83.549363,89.159503,83.999729,161.93468,164.75533,179.67422,190.97586,211.56965,211.99925,208.14576,207.8769,92.886616,92.297588,95.699981,96.867649,92.455665,103.99252,188.30322,153.18549,197.68205,178.14071,171.46291,192.16503,238.70665,219.43015,229.88624,223.45965,238.83395,247.73064,91.227038,136.40872,20.0,15.174269,14.829405,20.0
90.426733,90.95687,90.078266,104.88322,120.7039,124.74298,122.36414,128.95294,160.15828,129.77921,134.51893,134.10179,90.300604,95.400981,97.649833,105.74525,168.31723,169.11307,168.34315,172.11382,216.32726,300.37258,245.56161,254.02166,85.661531,81.174843,86.695117,85.101195,152.07456,164.53278,179.90479,190.1608,229.58497,210.14378,214.31179,213.21526,95.508029,94.7589,95.980144,99.715516,89.552199,100.51617,169.30992,153.75982,181.99027,174.50265,169.79613,179.80308,232.41056,222.73014,227.53871,224.53488,232.46905,245.63399,92.006015,133.8366,20.0,16.542329,17.888705,20.0
90.906502,93.084932,92.607497,104.91638,123.65408,121.97459,122.0071,129.85507,148.55597,128.31655,134.74378,133.10882,90.70628,96.135619,98.826854,106.61819,167.11095,159.81913,170.52502,172.12891,214.15165,292.44345,241.61342,272.32831,86.104991,83.348883,85.034313,81.965036,149.67233,171.27799,169.85653,194.40974,220.90923,204.88564,213.29853,207.54081,95.813194,93.532125,93.330393,97.077073,89.615275,105.18428,149.31372,156.89428,199.50005,176.70234,175.93056,188.30937,238.2666,221.04961,231.38691,232.20231,227.03152,245.62143,92.129267,129.28828,20.0,18.198957,18.835672,20.0
90.548706,94.228299,92.183753,103.53545,123.58478,124.84135,121.97103,130.48579,158.13572,131.12968,133.15403,134.2153,92.796312,94.051967,98.556363,111.54612,168.79667,159.74426,170.50149,171.89929,215.82524,288.87652,250.21597,273.86838,86.330255,82.318715,88.987473,83.007287,156.32397,157.93101,183.21897,190.10909,228.71858,211.65737,215.40455,205.05358,97.025583,95.110232,90.811824,96.057227,90.162516,101.74967,153.1958,156.16081,196.86844,178.47503,186.50741,189.5015,234.19338,223.07142,228.52004,236.693,229.5916,249.32001,91.590294,131.50975,20.0,18.044752,17.882041,20.0
92.878736,91.053086,93.487236,92.271925,121.94391,120.86063,124.29023,131.04189,149.60355,138.16709,134.55388,134.15836,91.212548,97.423063,98.848883,108.7422,159.64799,166.38076,172.49174,176.6142,219.92364,289.04466,248.82267,249.43086,85.055644,82.698602,90.951891,88.422027,148.8032,175.04728,170.91666,190.44327,224.54181,214.69922,215.02492,210.32029,93.208551,92.571284,88.870758,97.244626,87.312748,102.12318,148.74886,155.04828,190.7754,163.55043,171.66364,178.8256,231.09401,225.79852,229.79775,231.72626,235.33571,247.33095,92.285559,130.1497,20.0,15.760464,15.269984,20.0
93.580603,97.609538,93.369428,100.95935,121.85233,127.38492,126.362,129.9675,148.08247,130.23688,131.25797,138.19469,90.285044,95.698333,104.82373,102.27593,168.29321,165.43632,179.10436,170.9791,216.8685,286.12849,241.90528,262.11766,83.990249,83.287754,88.983281,86.357187,148.39209,161.17882,172.8989,189.95269,226.39911,215.54413,215.81923,216.89381,88.659637,93.025345,89.87892,97.110255,86.581405,100.38898,147.26269,157.12775,198.10907,168.47995,160.76195,184.63049,227.75126,221.04733,228.7551,226.40006,223.45032,245.15536,91.39125,144.77019,20.0,15.844395,17.262784,20.0
92.447542,90.630317,91.817804,106.08207,121.97967,124.58412,121.44968,130.63929,148.12736,130.82579,132.04401,137.12887,89.605209,97.217247,101.2591,99.998868,170.4814,159.09903,170.77423,168.88981,215.77528,289.80051,238.45823,259.00125,89.14044,82.338605,87.107876,83.380251,147.53669,165.23502,170.38859,192.87107,215.29344,206.98873,212.0152,206.1052,91.658361,94.326531,93.410497,93.92568,93.068318,103.62603,162.90168,150.8645,192.15419,188.20603,190.72035,188.96787,232.86799,223.49258,238.57807,223.9463,219.58921,241.28216,90.064019,165.13755,20.0,17.042697,17.632408,20.0
90.01177,88.311961,96.129193,99.666014,126.09843,121.93278,124.8101,132.35878,150.74273,133.71237,140.37961,131.24462,89.144149,99.056359,96.520523,106.20022,172.51042,158.0676,169.552,174.91398,216.71545,266.81414,246.90643,255.35298,88.849884,83.52898,88.128152,82.90796,157.59437,171.15971,172.77154,189.8504,225.33277,207.49785,211.42516,210.2044,93.072217,92.183088,89.545094,93.384563,90.599111,104.86614,161.49046,157.15486,179.66413,168.95187,175.20508,180.16445,231.39713,219.44816,225.95843,229.40725,228.16342,246.40588,91.420498,154.66042,20.0,16.25104,16.404584,20.0
92.410621,94.164013,93.037568,93.419155,128.31586,125.92688,125.90081,128.37029,157.70601,135.62626,133.36378,132.2798,89.90777,98.345908,100.56791,107.75163,163.92417,154.62167,163.66901,177.15179,218.05968,277.1823,238.35314,242.12128,83.705338,82.267151,88.368308,87.987267,146.05408,163.04695,177.649,191.29167,225.26052,212.20415,215.35489,210.4919,94.658856,88.052215,88.295459,96.552789,88.060218,100.63473,154.2239,149.70764,190.82721,167.57562,167.2157,176.25876,227.17691,221.71705,227.41496,224.21121,228.87435,250.90296,94.471032,128.70588,20.0,15.621354,15.966414,20.0
94.005882,86.558297,92.181265,102.9999,123.83355,125.16096,122.60792,129.00422,151.65432,138.9835,134.07497,134.94716,90.045811,93.264675,98.204672,107.03264,164.47175,158.63298,168.42036,170.9746,212.81327,288.03791,238.3286,251.64299,83.766863,83.740974,88.122414,82.936015,146.85288,156.42387,178.73324,185.26968,225.96313,209.68333,215.91731,210.73203,93.163101,86.756258,92.296987,97.124548,90.33824,101.31452,167.25504,148.99564,194.10038,171.93435,168.82865,183.2491,232.57202,216.99111,230.25044,215.22119,234.09575,244.7415,87.074457,133.93766,20.0,16.950289,18.140945,20.0
84.497671,90.691197,93.692423,103.71386,123.37827,128.12191,123.93572,132.67686,154.67892,127.44346,133.27134,134.3811,91.96359,95.594899,100.58752,105.49185,167.35876,168.17346,169.09408,172.33274,212.65636,283.79009,235.94751,255.29994,87.230862,82.319683,83.904715,82.730202,150.64486,156.96822,169.39311,190.72278,223.44429,209.20375,214.42302,216.6479,91.233718,93.154431,93.615311,94.418915,89.981786,106.88625,178.07366,152.55207,204.02654,178.30238,164.99688,185.27802,235.01475,217.33809,228.94079,222.48802,228.17239,238.15876,87.910007,124.8726,20.0,17.778071,18.210467,20.0
87.861656,95.387619,89.518474,88.642823,123.48542,125.02002,122.85457,129.46729,157.46751,128.77423,136.56513,132.08418,88.793503,94.295502,98.913571,106.98354,167.84655,160.0567,170.30025,176.91386,212.54755,296.64948,236.59936,260.3099,88.750011,81.972134,87.97498,84.768641,156.01997,151.67591,188.38661,192.06029,223.09577,206.49082,213.78118,211.26942,92.677306,93.240061,91.018723,96.873663,90.847321,108.66285,156.69097,153.97747,198.00092,175.83991,168.37418,184.84376,229.90372,217.64353,225.11001,222.56815,225.08597,237.10696,90.762937,126.47995,20.0,18.961497,19.155104,20.0
91.582498,89.909179,92.237214,84.505831,122.01612,123.74634,121.69769,130.73496,149.6173,131.84547,131.27784,134.81394,89.810777,95.10111,99.226209,113.12073,166.66557,157.89738,168.59666,167.19369,214.04169,288.07501,237.27487,256.74343,89.977559,85.34531,88.788649,86.833662,155.16177,169.65484,178.14881,188.98415,213.05199,203.23026,209.75169,209.23392,93.473655,89.470466,89.82491,100.29126,94.545635,105.56888,157.00127,156.86994,187.7903,174.20674,198.47216,180.29038,233.70966,218.28609,230.80191,218.36544,218.67066,239.12034,91.965227,128.69116,20.0,17.846284,17.763231,20.0
90.100543,80.096875,92.552592,90.608935,123.77415,123.2196,122.96089,130.25268,168.93429,129.94867,132.68749,132.1324,91.248859,94.77155,98.264271,109.97582,174.57713,157.06323,172.96525,166.88822,210.36233,284.03866,242.031,262.81018,86.72942,81.177182,87.319711,86.407671,155.19008,154.86998,175.34744,188.89495,211.6404,196.92769,205.90996,197.27899,94.834012,90.872974,94.399073,98.665406,91.457153,102.17915,148.48527,164.51729,203.51579,171.99798,188.86771,182.00578,231.69454,219.54391,222.89014,216.68454,219.58857,242.3011,92.654816,127.29931,20.0,16.984357,17.095764,20.0
90.944726,94.526007,91.292147,95.372815,123.00582,126.1367,120.95104,127.96359,145.4944,133.71447,131.70657,131.59602,92.179302,96.162782,95.53628,112.44491,165.92719,158.72062,172.72707,174.67384,212.96969,303.98721,248.08009,261.2611,85.633849,80.761536,84.412694,85.008916,157.63234,166.97278,173.72757,187.58761,218.41096,203.23259,210.33547,199.70851,91.472347,88.980185,96.60922,99.713855,89.319884,102.95865,164.30607,157.53497,189.1637,163.45757,185.53825,185.59519,232.59527,216.80626,223.26809,224.91157,223.23701,248.98827,89.898379,140.21011,20.0,17.60257,18.137469,20.0
89.792194,87.986875,91.669157,103.4708,125.69276,120.69801,120.55856,128.8017,162.61322,130.02664,132.55483,133.10707,91.842763,95.633259,102.14057,113.72534,165.26996,160.18802,178.56686,173.51921,215.87171,276.48608,240.53712,254.03002,83.481798,79.642147,83.329878,84.04823,151.4132,170.93703,174.79131,189.17437,220.7418,214.80556,208.45483,201.78384,86.421876,87.006598,97.307547,101.24889,89.700697,103.74096,164.31106,150.85642,181.11057,163.22775,166.14071,181.48372,241.01414,220.02593,227.3442,220.34371,229.44032,244.08956,90.130012,140.26653,20.0,16.76463,16.870868,20.0
87.366392,88.021284,92.34473,99.050637,123.41482,117.83403,122.15192,128.7559,161.15022,129.65141,130.97368,130.43366,89.422491,97.288184,102.6561,107.59051,164.44964,163.22884,172.32066,174.47288,219.85406,279.75097,237.41579,253.81651,83.230998,79.62313,88.322056,84.975402,150.63361,168.50723,175.86396,188.68876,221.21064,210.73855,214.17059,211.37719,92.603356,88.49482,93.030786,98.038252,90.318551,105.10244,155.53605,151.36233,193.62724,162.66765,161.31596,178.57973,228.38782,221.74929,231.88805,219.1176,226.42179,240.31753,90.604302,146.82564,20.0,17.336513,17.51845,20.0
91.472721,90.387679,90.807919,97.948909,122.90171,118.31894,121.82408,128.79177,164.93776,127.71147,131.03297,132.26641,89.791276,97.337808,95.153119,110.80108,166.06502,158.36082,168.57064,169.84454,218.56714,262.80726,235.41733,250.9192,84.07324,81.199079,84.742328,82.612214,148.0404,162.02876,179.63999,190.58727,224.83335,208.40798,210.70603,208.42214,99.623587,92.439729,89.432078,92.660407,90.2119,101.02393,163.47833,152.69265,197.54433,174.60673,178.11219,187.94226,227.12503,218.07073,224.9149,219.52029,224.71493,240.43887,89.662239,134.14897,20.0,15.622095,15.219932,20.0
91.698312,96.074351,89.821728,110.508,122.79043,120.0373,121.73971,128.09061,143.20924,129.24941,132.47909,132.17413,90.371186,92.041462,96.117348,108.0766,163.82074,159.48151,171.48454,168.5607,213.26561,272.985,235.42312,247.66887,84.012461,80.598146,84.948856,82.039945,151.97215,171.69101,173.44626,187.62914,225.89243,205.97696,210.29796,212.11384,95.674548,95.135437,87.612801,93.136844,87.402477,102.00659,148.81873,147.32319,182.91646,167.91166,189.11764,183.74116,229.21986,214.37367,221.94943,222.74743,226.42852,241.83735,88.592558,127.14921,20.0,14.701175,15.567583,20.0
90.726978,93.836564,93.210824,106.49824,123.15852,120.01819,121.94961,130.42439,142.15463,129.05426,135.25221,133.67607,93.283156,94.175218,97.596227,100.06545,169.47144,167.31806,174.90981,170.17203,210.50555,265.37551,235.82164,260.80091,84.264977,80.226067,85.024675,86.682702,146.4768,160.27968,180.48513,192.45776,223.00891,207.29517,213.03367,206.84476,95.062852,93.205847,89.839078,97.585054,86.768016,102.48931,146.56253,155.55307,182.16671,174.78027,178.9077,178.33398,224.41562,213.86197,220.97607,214.34869,217.08712,231.2874,91.343948,125.87209,20.0,17.850506,18.83551,20.0
89.73764,95.281084,95.226242,92.432655,123.35781,122.35951,124.42566,130.07461,149.118,132.65265,133.97643,130.48567,90.269139,94.262199,94.737787,100.19785,170.2426,154.32902,173.23866,169.66716,211.73273,264.32694,237.65838,260.6639,84.642984,82.271384,85.590345,82.795682,144.6981,162.3385,172.20473,186.95541,216.96328,202.67815,209.51613,207.22056,94.277612,89.81314,93.302371,97.25857,87.719727,102.98978,146.37324,155.33597,183.76689,168.34962,187.01094,174.28409,227.04024,213.07507,221.14517,215.61355,216.09042,238.95376,91.056791,152.02241,20.0,16.850096,16.865656,20.0
88.701005,89.687838,92.353789,93.701083,123.50082,125.08014,124.06073,129.24015,143.61769,134.11239,137.44562,131.46229,90.469038,93.917756,99.769693,110.05906,159.75043,163.78232,173.01452,167.75516,212.90046,281.25962,233.69823,266.76589,84.689644,81.03546,86.61075,85.400423,153.15139,159.80015,180.81122,188.43844,218.52573,198.113,206.29763,203.73428,87.457189,88.209348,93.45969,95.142486,88.386093,103.98235,159.77483,152.37992,165.72261,160.53824,200.07982,186.54378,229.6844,215.0721,221.69941,217.43614,220.64689,240.17107,92.488272,134.28738,20.0,17.383288,17.910826,20.0
90.093193,88.070049,92.46741,98.481594,124.79547,125.26729,121.63558,131.20659,141.59909,131.67611,132.97442,131.34787,90.169529,92.568746,98.130244,109.34957,162.04346,159.36624,168.68516,176.58661,213.59174,273.11465,235.74933,257.44317,86.10302,83.192017,89.122544,87.356203,156.45522,173.73443,182.20466,186.5159,220.21674,210.089,212.16385,207.96146,89.35822,87.775371,92.42601,97.013366,87.808675,101.59657,176.6898,149.03359,206.06006,167.38481,173.08725,182.46441,233.71146,214.31049,226.16554,213.61937,224.23193,237.72283,91.335111,161.74418,20.0,16.865608,17.052627,20.0
88.431004,90.396209,94.24184,88.528331,125.61389,122.81002,124.08433,127.16768,163.50803,130.50191,131.45028,129.84867,90.367796,94.689647,97.061027,106.6451,164.69733,157.25258,176.03361,167.56969,210.43695,276.28665,238.88471,261.90497,83.766397,82.402302,82.653421,83.095287,147.74708,163.80978,166.6752,190.72377,220.04438,203.4027,212.72222,209.84778,90.060524,91.56733,90.762476,97.332867,88.818555,103.57914,148.3142,147.72943,206.5303,181.21334,175.75654,182.85769,231.02438,214.06128,228.54956,226.5066,221.67991,248.02043,94.026262,138.93264,20.0,17.000623,17.436957,20.0
89.637662,92.119865,90.802786,96.891487,124.08705,121.1791,124.09051,127.52153,158.43162,129.02961,133.09972,132.9385,89.440041,94.838889,98.822526,106.73349,161.84483,167.98464,171.46166,165.87386,220.37161,276.77155,237.01652,261.07032,83.287603,78.892097,83.879007,82.081419,152.61487,163.39131,177.19557,189.36366,224.02812,206.36012,206.56279,204.86447,94.877242,92.556808,90.035586,91.604928,90.694268,104.92457,144.67617,150.52828,210.17617,173.41175,184.37642,177.8689,230.85455,223.46684,228.48272,222.80709,228.72368,244.7346,88.405498,132.81218,20.0,16.203377,16.373121,20.0
88.310813,88.670836,89.683837,94.601478,124.06303,122.66343,122.68028,131.90882,141.51908,126.78788,130.04217,133.43406,88.124105,93.02645,95.120621,102.78037,164.73798,163.17622,169.72524,163.70951,216.76714,282.63771,241.40123,245.87362,82.536541,79.582754,85.107226,84.179379,150.40004,162.82794,181.27066,187.89584,220.57029,203.05833,215.11128,211.15993,96.10748,91.837307,93.242579,97.307076,88.865324,104.3843,148.82809,159.42988,189.27899,176.87892,190.32196,178.92014,229.1352,217.67036,227.51334,224.56783,227.82498,248.26875,88.784061,125.85076,20.0,16.538737,17.641937,20.0
90.282122,90.700837,91.131181,86.957448,121.66822,126.0928,122.21138,130.45448,145.44837,129.69551,133.18319,129.96273,87.649278,95.413472,98.847766,103.86474,170.41794,164.06969,173.65089,169.70336,213.0358,278.93152,240.81098,260.2008,84.786086,82.348862,87.014715,82.117344,151.29492,162.68644,171.79477,192.39193,224.05298,213.53998,213.46783,208.76017,94.473083,85.148445,93.867197,100.34151,88.085114,102.96942,144.05239,157.52359,194.8706,167.02709,201.33584,177.34412,234.57305,221.28776,226.53627,216.45867,233.08353,242.18484,91.724989,144.8818,20.0,17.778952,18.997751,20.0
91.213792,90.950634,89.978689,89.565142,123.04486,122.75766,123.17783,127.81437,145.17816,134.42035,129.92535,130.27644,90.042867,93.587386,96.887598,108.29618,166.15308,162.64336,180.75523,169.69834,212.44415,295.07,242.06506,267.14271,85.524773,82.11998,88.632154,82.685778,150.5293,155.04345,180.79529,189.45939,219.92439,204.35289,210.11783,212.62545,90.727596,87.832567,92.077144,97.589013,88.135818,105.47223,147.41811,152.53541,191.6281,180.13909,184.36597,180.88737,235.54875,223.34568,228.1282,214.53219,217.33682,245.25064,92.804739,126.41368,20.0,17.182629,17.361442,20.0
84.743712,83.558651,90.814127,98.978279,122.33645,120.42778,122.20605,126.25997,147.81152,134.94772,130.62724,132.0899,87.751871,94.783046,91.487704,106.95872,166.47905,169.00431,165.83279,173.65173,214.74507,283.44212,244.29937,257.31132,84.586013,78.770074,89.427223,85.996665,159.25254,158.03144,182.2174,190.30478,227.88682,208.78455,211.0549,209.18932,93.521075,92.39787,92.600387,94.745991,89.161305,104.10655,153.90926,155.71407,196.7404,171.86776,168.74385,174.98023,233.48961,222.6238,229.74706,228.80426,224.94752,249.91222,89.579487,138.69357,20.0,16.369375,16.449709,20.0
90.901339,90.938089,92.951405,107.00368,123.65281,122.2876,122.56123,129.87642,149.7768,129.45118,133.75233,135.93701,88.093828,92.191019,98.889964,107.94163,161.27377,161.64489,170.83924,169.57064,218.75629,275.91743,241.67013,253.70526,83.234758,79.711069,87.566196,84.432402,150.53513,165.26025,184.46394,191.01282,222.72363,206.82494,215.96386,211.65472,92.892116,92.889273,90.355673,98.179604,87.249572,104.0889,159.03458,148.02303,199.02114,160.09608,173.47199,187.81612,229.81733,223.55418,230.51282,227.4052,237.48397,245.0547,92.135484,125.57351,20.0,17.216428,17.898228,20.0
93.070063,93.09891,90.309164,98.188845,122.57175,122.01573,120.56898,129.86279,155.40084,139.13701,130.3495,131.12715,89.342743,90.243442,92.664657,100.3936,165.4876,165.41972,166.94733,165.01623,222.36062,278.42597,235.51001,242.11488,81.060816,83.007647,82.186132,83.978302,149.98958,177.86252,172.38827,193.77607,220.25693,219.57379,212.98056,212.94311,90.98807,91.929819,89.901009,98.338279,90.398529,103.23769,156.12569,155.66248,203.97254,176.74067,164.00371,191.27156,223.80254,221.81082,229.11916,228.09673,237.75123,244.72678,92.822317,126.9352,20.0,17.958045,18.59233,20.0
88.450446,95.617597,96.007709,105.29037,122.23863,125.57121,122.86516,129.95039,157.79866,134.47838,133.85829,135.77779,87.688721,93.709245,94.795571,102.28707,166.54276,165.99942,170.08649,165.10535,219.05029,273.941,238.99822,262.10488,79.53729,79.607795,84.905464,87.994599,153.35458,156.93664,185.26955,190.0847,228.72271,222.40787,215.51178,214.79497,90.441575,91.299301,90.904548,93.8782,90.465236,104.06522,171.25542,156.35177,202.08389,162.10868,163.17968,183.40217,232.87616,221.98543,232.36635,223.18372,230.40477,240.96119,90.673372,151.50585,20.0,17.391018,17.509135,20.0
91.792855,91.29408,95.412667,94.450158,124.02227,120.99962,121.43924,130.84544,133.64016,131.88554,142.55049,134.08422,86.772786,96.22035,92.599623,104.57972,169.43583,166.54351,162.77436,169.20187,216.24736,270.8914,238.20779,265.27688,82.057888,83.131679,85.473728,86.282557,148.93237,161.62308,192.80386,191.26351,219.04353,213.18207,213.63661,214.45523,87.80958,91.085722,91.504074,95.417661,89.671052,102.10891,150.97104,153.20349,199.85647,183.05495,172.53049,183.89147,226.31146,217.43561,222.00194,222.73763,234.64051,246.34113,95.146496,150.00955,20.0,16.351438,16.615803,20.0
90.090268,97.18273,92.476409,96.740722,123.59315,125.52491,123.69891,131.13173,150.46204,130.16603,138.58865,133.13902,86.673872,93.362562,92.171378,102.68507,165.199,160.93678,165.14642,164.68416,219.59587,282.08133,242.00481,259.07657,81.922884,82.566578,83.245109,84.490033,147.2126,160.72075,189.68994,192.15094,226.85911,209.96594,213.63458,211.74752,92.833518,91.484861,89.481653,96.198816,88.010261,104.8721,179.05182,158.08843,181.54711,174.84881,176.30808,183.62497,232.00441,215.28278,227.80716,231.63037,237.1589,245.53336,90.209945,138.17673,20.0,14.86985,15.187219,20.0
86.037397,99.296111,94.728542,99.011357,122.9664,124.98233,125.00203,130.20617,153.86162,134.55867,135.27963,134.08887,88.970363,94.823043,93.101508,107.74975,165.975,162.79636,166.72699,167.34168,215.0588,278.94079,242.29067,260.66184,83.832095,81.500434,83.734414,82.08663,144.54331,163.07892,183.53792,191.13212,227.13453,210.1437,217.1735,213.20038,91.490331,87.787359,92.190961,99.202502,87.593959,104.15272,166.19246,153.75289,198.28946,171.41942,164.47653,170.9277,225.1308,215.44685,224.14362,225.68652,230.51559,241.93674,90.326386,124.01441,20.0,17.959363,19.232602,20.0
90.294701,89.08666,95.349719,88.310963,122.93187,123.80153,121.65392,129.40756,156.67078,135.14285,134.49093,134.89488,89.352439,94.90888,92.264934,106.82328,164.78784,171.90295,168.04886,166.90667,212.65973,279.84486,242.86796,258.38766,86.62478,81.408577,85.670781,83.813412,147.13304,152.72913,181.34507,192.4286,221.26653,213.37829,213.25327,208.39413,93.734036,89.048755,90.0924,94.876371,89.275287,104.72211,178.2215,155.68919,201.4387,181.27496,169.59746,185.82091,234.74199,216.3294,226.16716,222.13215,221.32212,240.32455,89.571422,126.58264,20.0,19.198972,19.970958,20.0
91.404566,83.00136,94.946628,86.812584,122.81228,125.15118,124.60532,130.57734,159.78222,132.521,132.58151,136.66695,88.532582,95.601062,94.883796,103.55401,171.44109,164.59009,165.54475,168.92651,214.53792,282.15315,248.64492,265.09756,89.335623,83.854359,89.452738,81.649258,151.47575,169.06235,166.62021,191.34545,220.99455,204.70645,212.21368,206.46091,93.351395,94.572094,89.937653,91.707075,89.450051,104.21772,164.95508,158.73769,196.784,181.15113,192.71874,176.37574,236.01454,220.10575,230.33098,227.20793,232.86188,251.84586,96.264689,128.13727,20.0,19.434478,19.752984,20.0
89.643389,86.379109,90.462185,86.793379,123.39192,127.69287,122.69053,131.29259,162.00124,133.18431,131.43189,132.08963,86.671513,94.974093,93.396314,103.2158,162.73934,162.43645,167.43304,176.40499,218.07496,269.75129,252.26634,257.36576,90.0,83.722254,91.800757,87.790371,161.54184,167.83501,180.02899,191.58571,233.04252,211.27766,210.39778,212.84318,92.270007,90.733486,91.932229,96.876168,89.276269,101.21209,155.98318,150.31252,203.0336,179.07349,175.48707,186.88395,232.71285,224.60519,232.08186,228.55822,228.41412,254.71785,93.013651,140.56594,20.0,19.151484,19.265208,20.0
88.028979,94.573136,93.29389,88.939661,123.57477,126.89783,122.56958,129.24225,165.33427,133.22495,127.9945,135.20302,89.387599,94.487394,93.081062,105.47968,159.92751,162.8472,169.51271,175.33608,219.34761,273.25155,241.79808,250.82715,87.263341,81.321834,88.350276,84.221243,145.3452,169.71457,174.5199,191.4594,222.06168,214.86443,215.22883,217.2849,92.902571,91.931312,95.353881,98.208224,90.739503,98.928469,161.74915,155.7157,201.41496,173.17972,171.20282,184.98384,237.21469,226.66711,232.221,225.66867,234.55551,249.27038,90.719372,134.00996,20.0,16.659162,16.201093,20.0
90.774036,91.809521,91.151018,110.33434,123.56403,121.23454,122.8714,131.75051,146.97445,128.8845,136.85952,135.30204,90.435256,94.628567,96.824316,101.05138,164.66675,164.81918,172.00556,174.5893,216.08136,267.81212,244.63456,254.19921,84.280359,81.1472,87.514447,80.611459,151.1431,156.52708,181.92319,192.11872,221.24791,210.45721,211.55168,211.72431,93.503126,91.360301,92.581771,97.867536,90.107728,102.24281,160.25018,152.92857,206.2533,170.43015,174.68121,184.39016,233.60282,226.70136,230.9422,228.17959,235.74666,242.17128,89.984883,147.47612,20.0,15.560994,16.098224,20.0
89.009817,96.576511,90.298376,103.37619,126.11664,119.79363,123.4772,131.55162,134.91399,137.17147,135.06326,137.14359,88.93627,96.043758,98.721609,104.88598,165.59241,159.27634,169.05392,174.03401,217.8629,295.12452,236.54701,262.11416,81.500488,80.796107,84.606309,83.889923,157.7372,159.64959,182.94724,192.97774,221.91658,215.9252,212.33061,214.27123,95.21245,94.248386,89.346516,92.944191,90.439688,100.96275,166.87207,150.84978,197.62559,178.55159,178.58186,191.86723,228.44998,221.97256,231.84923,229.42365,228.93856,245.50173,87.27978,128.53347,20.0,17.282476,18.626568,20.0
91.108078,94.240485,95.860138,92.945453,126.02747,124.0577,123.54333,134.06336,154.84442,133.47799,144.91923,133.17857,89.655627,93.98078,95.53401,106.67224,169.2263,166.87473,164.61028,168.85604,213.07598,280.96418,242.55704,261.41251,82.226266,83.509099,85.144313,83.266192,158.19859,158.15553,185.50664,191.73261,226.40188,210.80889,211.65949,209.64612,96.321776,94.06986,88.43958,96.545906,87.814211,99.455138,149.64073,154.81783,184.54812,186.30253,192.23101,194.97778,227.92702,222.35649,229.98176,228.08855,235.31825,245.21853,96.008582,130.07464,20.0,18.805329,19.130457,20.0
93.025966,85.811126,95.515922,92.483365,124.30943,127.08169,126.41262,129.63437,145.43669,138.21137,136.7933,132.38454,92.109668,94.35138,97.419476,106.22416,163.69021,162.03571,175.48558,174.19718,217.88335,286.36174,246.14971,259.89443,81.989224,84.836333,87.42877,88.41837,143.81023,167.63018,191.19727,193.85756,228.29315,210.08665,216.06711,214.96523,90.890513,93.12042,88.336109,97.158134,86.18726,102.58517,158.2753,154.66368,195.22841,176.90178,173.94391,189.3733,230.62816,219.89038,227.34321,224.32134,224.95547,245.2919,95.507169,146.67836,20.0,18.636636,18.562363,20.0
86.336344,90.26209,96.043957,103.25031,125.59184,124.12162,124.99016,129.94524,156.28569,136.77854,137.53391,134.97519,89.630349,97.58557,96.48691,104.43979,165.8019,161.79407,170.64434,173.04467,215.47938,288.84968,243.88501,252.11129,83.697184,84.664585,88.70609,82.36884,156.60495,154.21323,188.87153,190.38916,222.74533,219.08249,211.26342,213.28499,89.496084,90.132178,91.349564,96.092924,89.677308,99.912042,180.92364,151.95025,199.1297,179.16184,179.10519,187.16571,227.13575,218.43007,230.97454,219.35994,237.25909,249.09241,94.941144,135.83431,20.0,18.880389,18.907316,20.0
88.965792,97.093645,94.050884,100.05347,123.31291,128.52795,124.04144,131.96794,154.16723,138.60527,135.99478,136.14523,89.096934,96.252757,98.391703,105.60594,170.22447,161.00524,169.77108,169.02786,211.79834,272.23627,242.44973,264.65871,82.923223,80.824997,88.392808,85.97193,150.70081,161.67701,179.38112,188.24196,227.67308,213.91437,207.74614,217.81798,89.128213,89.492911,90.081158,94.979437,89.733903,102.73604,174.2013,159.27438,202.15739,170.29405,169.01371,189.93502,238.38921,222.17551,226.85849,216.13787,233.52147,246.39751,88.155147,137.55869,20.0,15.068775,14.337226,20.0
94.726616,91.488239,94.429625,102.36503,123.91492,122.15445,125.339,133.42806,145.12697,133.93348,130.73641,137.11293,91.544368,96.586411,97.450832,109.24751,166.77599,168.60286,168.65836,174.94176,213.2275,278.09526,243.28512,266.55598,82.738558,81.975771,87.299119,86.298852,160.20023,147.62402,191.56334,190.38626,216.64641,202.00247,213.46973,211.81607,89.44395,89.086218,89.782251,98.413978,89.048594,104.57059,159.45038,157.03544,194.32566,168.93892,181.88653,172.80777,235.46346,222.99656,227.57091,227.7801,239.40786,247.59089,89.806197,124.97325,20.0,13.434966,14.58258,20.0
95.731989,92.004957,94.811647,93.05319,123.73319,118.28868,125.87436,131.6267,163.04108,137.45613,133.10675,133.6634,91.107899,96.233918,98.695349,113.00369,159.50316,162.64974,166.31341,175.07662,217.74929,272.60023,238.90683,250.19576,84.029403,87.050306,85.192965,82.039557,157.8403,164.61045,185.58749,192.01277,222.99145,212.50557,209.06098,210.16271,93.338532,90.681717,90.755763,92.681281,87.419988,108.47207,160.03684,150.6128,198.42234,168.33813,169.58021,185.15195,227.23712,225.15992,229.05325,228.8179,234.06024,241.86475,94.265533,142.24754,20.0,16.627778,17.738956,20.0
94.568585,95.259243,92.253517,89.581227,125.97093,124.91925,124.53864,130.04542,150.55228,137.96131,137.58231,133.96857,90.962514,96.047459,95.58391,113.91937,161.24307,163.57043,166.03709,175.30145,219.56885,293.37656,239.48536,260.14113,84.121045,80.202001,87.085331,83.864442,157.79523,171.25379,174.30857,191.97468,225.47317,208.12187,214.06101,215.0881,94.571354,92.67991,91.80307,93.780381,89.103325,101.84012,173.59577,150.92887,187.68929,169.73502,161.85614,185.15379,221.68533,220.89648,224.65212,227.31422,226.59496,237.1774,90.892096,129.5309,20.0,17.540981,17.653559,20.0
87.752474,90.702119,92.985929,100.98605,123.80684,127.27209,122.47677,127.72565,157.8805,134.97203,134.25005,134.72332,90.295915,96.616662,93.092168,110.75664,160.83765,158.90802,163.46355,172.12635,213.91251,287.11369,244.12442,256.71458,83.237257,78.470501,87.811887,81.547784,150.7735,160.29696,177.31331,193.0345,218.90878,201.44256,215.96949,210.54339,94.350788,92.517927,90.453526,101.27516,88.117097,101.92407,173.73159,153.43271,188.12829,172.62441,171.05968,180.7255,224.10174,220.50962,227.13664,228.73543,226.40429,245.64828,90.28876,137.67376,20.0,14.437187,13.550202,20.0
86.940892,92.214571,91.494317,101.37709,123.97612,122.96003,121.07343,127.98694,160.36467,137.7589,132.23754,134.40708,91.859482,97.294777,97.475512,111.67134,162.53949,167.01428,168.1491,168.74247,217.86951,296.026,242.16275,242.25195,82.997949,81.65257,83.162478,80.400304,144.05704,164.51093,170.57243,192.44245,222.75126,202.20748,214.93183,208.08819,90.879804,89.632789,88.328278,98.493695,87.315356,105.1941,159.11182,155.83838,179.96301,176.02654,194.59628,197.16442,223.74668,215.34587,222.61097,228.12343,227.96984,245.02328,89.156811,132.69067,20.0,12.299114,13.888503,20.0
90.634002,93.917264,92.633397,89.425471,124.13773,122.78883,124.43636,130.97887,161.89789,130.50256,132.06684,133.57402,90.469162,97.157561,100.77538,113.58235,163.40156,158.41374,176.93778,170.57514,212.751,273.45354,245.08026,239.28661,84.861565,80.511681,83.799662,80.435903,147.81677,159.43323,178.41741,191.05734,225.22608,203.84539,212.80472,209.31918,91.350677,87.20392,90.505632,97.128473,86.48759,102.6477,173.38345,152.67322,197.87518,163.72541,164.88442,175.52934,237.13893,220.42644,234.08273,223.00566,225.17643,238.19147,89.162876,125.65179,20.0,16.522737,17.636068,20.0
89.98159,91.929806,91.943008,83.023678,126.07109,123.34569,123.04966,129.87832,159.36226,133.82759,132.76166,134.19835,91.217411,97.045886,100.13162,113.58684,162.24767,157.10941,170.75515,169.07646,216.73255,278.44181,241.96231,257.594,87.858347,81.0089,85.569008,82.701626,147.78797,161.34316,178.58211,189.19769,218.98416,202.03065,214.11196,205.53991,85.74508,85.069714,91.259454,101.82028,88.713224,101.34927,185.9172,147.02819,208.80621,164.7567,179.8577,176.24557,235.33577,218.82849,237.21598,216.30206,221.84137,244.34533,90.732364,140.88965,20.0,17.362012,18.049794,20.0
90.069825,89.151902,91.640849,92.983202,124.71665,126.20885,123.02532,132.54361,151.63524,129.03396,130.83832,134.38073,88.773498,95.760772,101.42578,109.89126,168.75733,166.14829,165.96434,170.49812,212.55011,277.52072,243.02174,258.97624,90.865902,83.974446,88.547893,83.917831,151.75234,156.09468,168.32077,183.1689,218.8269,210.66127,205.29769,205.48104,86.578273,89.126787,90.172789,95.201475,90.351003,101.4958,170.53869,149.90636,175.46984,178.9812,201.906,183.79504,232.83791,219.53991,227.0107,218.72458,226.526,238.47778,91.137033,132.47722,20.0,17.787805,17.98601,20.0
91.63125,89.087805,93.705724,95.708044,123.57095,123.04561,123.58952,130.0626,159.6075,132.67106,135.00513,131.0226,88.239139,93.364272,96.678725,110.13407,166.43421,158.19814,170.12651,175.45313,216.34953,275.19463,244.1547,253.36117,87.688421,82.776923,88.213803,86.746278,154.87372,155.30919,185.61359,187.46122,220.69202,204.78721,209.65206,209.10363,93.134527,89.53994,91.036429,93.075574,87.25851,101.89073,152.63832,161.01938,193.20713,166.26369,168.03597,177.18338,230.38478,222.41325,226.44214,225.84971,223.52681,237.8327,89.390539,134.52534,20.0,16.476195,16.32638,20.0
89.306385,90.309916,94.243874,83.980203,126.0665,121.02404,125.05509,130.21757,138.9036,135.15626,134.40593,133.18664,91.33196,92.649883,96.242017,112.64562,174.10722,156.08457,163.03804,173.58135,217.1567,282.59331,243.36955,267.94059,84.384725,82.052779,82.494715,83.78279,154.34922,168.55489,184.13192,190.42909,217.33882,202.4165,208.12341,209.10239,91.419005,90.664898,94.920161,102.48684,87.96538,102.3954,144.77093,154.98893,194.30157,182.7952,195.79684,174.15313,230.27632,222.01339,225.20179,220.40406,218.81512,246.59576,93.687383,127.31334,20.0,16.935809,17.715556,20.0
87.616657,88.092389,95.342083,100.13708,123.83729,122.25268,124.04036,128.55074,159.12974,130.09517,131.83037,134.2179,89.862051,95.544042,101.13903,111.9573,167.09885,160.48104,168.91234,170.48552,212.03017,286.26094,246.98158,250.37238,80.336944,79.251703,84.333408,81.30716,140.60238,163.40288,180.20828,187.00009,221.54989,206.82628,211.42829,206.78822,92.134627,93.619456,96.966469,96.505222,87.488923,101.97153,177.14858,154.87698,192.13482,167.83187,198.17362,174.20178,239.06486,220.00831,226.12648,224.54542,232.91331,250.35201,90.93544,142.33513,20.0,18.03129,18.622517,20.0
91.742303,93.45815,92.327258,90.494801,121.11231,123.24708,123.93888,128.22264,144.78528,133.51798,134.31422,133.64444,89.262843,98.492023,96.854497,113.33864,165.94106,171.43187,180.00992,172.3879,212.76817,282.23192,244.37507,259.29018,82.726226,79.49364,85.676813,84.34708,157.85611,169.70299,185.91747,189.71152,232.13744,217.92604,212.55761,213.5828,86.409171,90.042417,95.561105,97.606877,85.985193,105.03785,161.32679,154.17386,194.50509,160.38161,171.68026,176.46481,229.13945,218.24948,231.6605,214.20689,227.92163,248.63886,89.0531,127.92477,20.0,18.85519,19.154473,20.0
90.362862,92.75554,88.933886,112.51661,121.41843,125.2757,121.919,129.97648,156.20252,129.83166,137.09763,136.95521,90.261225,96.694877,98.574065,113.67445,161.53834,165.04699,179.79194,175.7043,213.40519,277.93889,243.75431,272.07867,83.859313,83.037678,81.257114,82.233671,149.56951,163.71945,187.63825,190.09006,231.01879,205.04053,223.44375,219.61819,88.328036,91.183526,91.036583,97.820119,88.736139,104.88907,175.24729,151.17766,178.46152,172.6792,181.84084,176.38098,228.67621,220.51548,237.46785,217.61216,228.11289,250.15376,94.845342,141.26804,20.0,18.624499,18.669115,20.0
91.256123,90.064606,95.805928,98.515975,124.15716,122.70691,122.00921,129.81227,151.62786,132.0981,140.31236,132.43066,92.394045,95.988914,99.051617,112.46623,162.53412,164.98829,171.7279,175.7679,213.77159,288.53532,242.96498,253.19596,84.600312,82.049549,85.068379,80.557713,147.56118,156.0793,173.38657,198.65021,226.17766,209.9557,217.82328,209.90698,92.953303,92.738613,87.430469,93.660436,88.47443,106.31117,180.66633,156.46648,197.1705,166.22441,203.60565,185.87128,233.80746,221.72157,243.08878,227.12159,229.33194,250.45472,95.018461,125.47011,20.0,18.961523,18.878739,20.0
90.556782,88.183806,94.098468,97.47562,124.63772,118.58286,123.3421,128.59923,160.10944,132.34263,135.71447,133.80681,89.987908,97.612481,96.937988,112.58004,165.63039,165.09591,167.81093,177.7389,221.11476,279.95846,240.3573,258.65217,86.75666,85.675589,89.933293,82.003555,148.45997,177.07731,182.95848,193.40187,230.56842,217.39778,215.54261,206.27434,90.97956,89.423896,88.778825,94.99959,88.11396,106.72782,153.18192,152.16946,209.88843,166.07357,175.93683,191.14698,232.5577,227.37985,228.79539,231.26084,236.10108,247.03494,96.40197,135.27752,20.0,18.17023,18.019733,20.0
89.31733,93.311951,91.826336,97.204599,124.60724,121.21232,123.20522,129.5202,145.46123,135.14619,137.73013,131.32444,89.932232,99.030465,99.089419,113.21328,166.86293,168.90454,171.8525,179.62257,219.75898,273.93246,238.78962,250.88799,87.262127,83.772151,88.210802,88.368839,151.84692,179.28296,179.27807,192.00964,227.77412,213.50705,219.17324,216.99964,92.178949,89.258972,95.96368,103.83104,88.116188,99.431534,154.2922,160.51658,191.88572,173.14735,173.78441,192.95663,227.9059,222.52632,228.53051,232.32824,231.42506,249.57449,94.146097,144.88988,20.0,17.490632,18.178057,20.0
93.901234,96.59463,94.390988,93.995303,124.53333,126.35639,121.45571,126.95165,149.81435,131.91187,140.10924,133.05231,91.575757,95.309716,98.325387,113.88043,169.74371,167.46302,169.81961,170.36908,223.36213,273.81956,234.26552,255.29772,83.714471,80.283649,83.148455,83.065397,152.74288,163.45119,179.86059,191.8067,222.10797,207.78411,216.01718,211.77369,91.280802,92.35881,96.553254,103.64392,89.644421,100.24358,148.74486,159.22666,198.77874,180.5936,179.69311,182.98798,224.70417,222.30096,229.7568,230.66191,238.72705,244.99752,90.668962,129.66281,20.0,17.343717,17.907389,20.0
93.114256,93.457354,93.321101,105.40735,124.5214,125.58357,124.01156,131.01471,152.82408,139.72944,135.76297,135.64886,90.059016,97.146295,96.516847,113.28046,161.86475,163.32146,170.9675,171.09877,217.94811,265.40533,240.04768,265.72962,81.349409,81.299284,85.971273,83.249636,156.24174,165.29805,186.6477,192.37264,225.9774,220.49991,212.74402,213.78549,95.341509,88.993239,94.602248,96.859536,90.789395,96.24042,159.58846,158.71444,201.76829,170.33182,169.38414,199.13337,227.17359,222.07687,227.14212,223.14031,235.41172,243.54141,94.237137,139.78687,20.0,17.627765,17.623426,20.0
91.435472,93.317651,93.40604,102.80356,123.73297,125.0978,122.90154,132.52315,154.33777,143.13882,140.86382,136.78596,88.745498,93.869486,95.590224,110.38597,162.95272,162.72976,167.67666,171.65666,212.84306,270.34738,240.89775,253.85547,83.544398,81.704537,90.737051,86.420469,154.85358,167.06934,182.78974,192.71429,227.83268,222.27008,212.80219,217.46709,95.037169,91.552828,88.996335,97.117735,88.349378,93.56061,161.33111,158.38121,199.85791,173.30499,165.08531,195.03761,222.97301,219.47389,226.05608,228.84715,236.71057,244.99566,91.977879,144.63516,20.0,17.249037,17.52694,20.0
94.072082,96.444589,96.955581,86.867659,125.01611,124.8214,126.04371,133.19358,158.01814,140.21993,138.62349,136.10934,87.411587,90.017085,97.728326,111.26303,162.99719,159.48124,172.08678,168.04629,213.09399,276.75135,240.19343,265.68849,85.389838,81.743713,89.431606,86.535335,149.15532,155.03797,185.11361,190.07024,227.78864,211.41716,219.51658,216.41869,91.010643,93.008772,85.487507,94.4781,86.377991,95.223515,175.35876,151.22532,195.1725,175.94707,164.78379,178.97585,226.69776,220.42835,229.11434,230.45285,227.51678,244.58771,94.347238,142.14604,20.0,17.830069,18.386578,20.0
91.963296,90.763615,91.378652,104.95783,127.46774,123.56252,124.48846,134.98667,142.63569,137.00361,141.08721,137.27072,91.034137,97.403249,95.539286,103.05111,166.69698,166.42966,173.65186,172.26835,212.69025,265.44078,242.14284,260.29639,87.815938,86.780621,85.769571,83.581315,144.09016,155.19816,181.34747,180.60068,217.13326,208.00644,207.8125,209.66084,88.815732,92.569311,85.848729,92.900795,89.019864,104.722,158.83279,152.88615,197.0559,182.66143,171.81793,183.8951,227.95113,219.82793,225.88481,226.82159,230.74099,243.46008,92.814489,148.36508,20.0,19.200746,19.686769,20.0
89.446286,92.265167,97.601842,91.09804,126.95142,121.93286,125.51827,133.61164,147.73573,136.81088,144.22045,134.32477,91.119745,96.956406,95.596283,104.81972,167.46153,165.27395,164.83012,176.4777,214.44397,270.81174,240.25097,266.34528,89.62018,83.106717,89.225792,84.145976,153.66522,156.19161,188.84699,180.40519,222.86413,204.38617,209.57763,208.91522,92.768974,89.92031,85.920264,92.304027,90.43139,105.17714,169.45716,158.70145,195.75599,181.00926,170.97612,174.68393,227.83869,218.17665,224.92407,229.53757,227.68331,240.88794,83.531036,130.55085,20.0,18.890385,19.081052,20.0
92.251481,92.986716,88.798563,85.227408,126.16676,122.78884,126.62703,130.55264,155.42587,140.63759,137.09459,131.82926,91.995202,94.802522,95.411699,106.69747,168.78089,160.79003,168.12319,174.68806,214.11097,282.91321,237.27686,253.61764,89.028372,86.493433,86.527823,83.465552,147.45436,158.54545,185.02278,185.77132,221.66004,203.30059,210.10202,209.5335,92.292264,88.210747,87.62633,98.445863,93.901076,105.92733,174.36706,153.26741,198.91001,177.83216,174.65782,189.78796,225.35202,210.56993,222.74997,218.65472,219.70489,236.44735,90.632306,165.32208,20.0,18.682095,18.896655,20.0
92.33222,86.376427,90.612115,91.01809,126.28476,124.38794,126.74509,129.06992,142.2252,136.44064,143.69157,131.99076,91.835095,96.13358,94.750566,103.87211,172.38247,162.70991,169.37798,168.21219,209.07944,286.40787,238.15106,264.13129,87.338083,84.583011,88.19109,84.77919,147.42607,168.19472,182.4387,190.34694,222.09307,203.94732,206.69188,209.34882,93.537198,89.158233,94.786913,98.40995,93.72914,103.5639,188.11715,152.26817,206.28662,175.83483,184.63171,183.31034,228.63828,210.593,220.93376,221.35824,220.06414,236.54161,87.915807,134.72017,20.0,17.686424,18.166386,20.0
88.033207,88.291148,94.89433,89.639657,123.97995,124.27974,126.09546,130.70026,154.23278,133.97477,134.05128,134.84283,89.565337,97.268693,96.457612,104.38232,167.30107,159.18993,164.04139,169.50387,210.53315,277.42426,241.00447,258.89132,83.704957,82.147648,89.580348,86.426561,150.03798,165.88766,188.46193,190.1059,217.11858,201.23601,207.80149,206.95475,92.828001,88.78636,98.137785,99.473819,90.910986,105.23509,186.14241,154.94334,191.9702,170.69185,196.59275,179.86118,230.3243,212.77716,223.20104,227.61674,218.83606,244.57169,90.995604,157.84479,20.0,18.320185,18.795051,20.0
90.531128,94.060631,90.803217,92.369083,124.21379,126.68057,125.74075,129.11641,149.02832,133.4978,135.24374,133.53749,87.354936,98.326551,97.534621,112.24729,163.15568,161.24427,164.0663,172.09875,215.74098,264.56709,240.15817,249.68083,83.524467,82.47107,87.7497,85.433716,157.60207,163.89186,186.50043,188.90622,221.7201,201.31713,209.78936,205.9836,89.89158,88.006498,97.422718,97.153175,88.541505,103.70605,167.60759,156.72656,183.71656,171.18967,185.35561,185.57623,225.73718,220.4977,225.12805,224.08637,228.82628,242.76936,89.735025,150.43696,20.0,17.930854,18.199427,20.0
90.1127,93.045998,93.604753,104.13501,120.9977,123.72282,124.19027,129.76538,152.49861,132.50864,134.0725,132.86198,89.183195,96.73143,97.411345,114.65116,167.79894,169.51287,170.19177,168.15131,213.52553,277.85167,238.19545,253.37057,82.00138,80.389556,84.74874,86.254258,153.40618,163.71571,177.21878,188.54283,222.02381,199.85706,212.78009,208.98416,93.458909,90.908703,95.013922,98.243843,87.928421,102.0269,187.68023,160.49593,202.55994,162.01154,165.37417,180.49005,229.34927,219.88955,228.64818,219.52141,227.4615,245.05927,90.989596,136.95814,20.0,17.680595,17.826326,20.0
90.890044,89.660371,93.00388,97.398754,121.84745,122.21953,124.16692,128.85,133.6698,132.09727,138.86415,133.24268,90.839203,96.100847,96.124234,107.8879,167.6754,164.09386,177.9383,172.65945,213.13986,266.72568,235.45144,251.16836,84.568097,78.624646,84.37047,84.145036,142.64049,171.2928,174.50477,192.47879,222.39317,202.311,216.17893,210.18635,93.416084,93.433364,92.431059,98.413783,91.732196,103.29871,156.46823,155.58247,203.105,174.84297,187.58825,179.4971,231.96537,223.58457,232.74062,219.28317,226.6439,243.63669,94.641155,133.16814,20.0,15.992184,16.161806,20.0
88.298613,94.848078,92.692537,101.27686,122.71205,122.55135,122.40839,130.98632,151.48066,132.87449,137.00088,135.28828,88.547595,98.097706,98.113764,106.56776,165.91163,167.45695,170.41199,178.29483,213.73767,290.17067,239.90609,247.47836,87.564364,83.177651,86.367495,83.153918,152.23988,177.19632,166.29076,192.90524,211.28271,204.09052,207.91305,205.45773,97.177335,93.32224,88.984234,94.218383,92.833401,107.02437,177.89887,151.52464,178.9343,179.32473,189.14728,192.35052,233.64718,219.88871,219.72278,223.65093,221.60351,239.66685,95.237397,158.03543,20.0,16.328137,16.804031,20.0
92.60522,97.408318,96.926789,96.888871,124.82902,123.18363,125.19616,130.01571,163.51463,134.13154,132.19926,131.77113,89.909191,96.398989,98.14323,107.18152,166.23758,160.63947,171.39471,172.57075,223.42306,274.86209,241.87772,251.48766,87.032953,83.581196,88.581479,87.621925,166.04681,172.08601,174.63154,188.15819,224.10924,214.16245,206.55427,207.7291,96.433259,92.331762,88.52519,94.602852,87.937163,103.49377,173.0321,159.12164,201.36656,171.08624,172.26164,181.17823,228.20679,214.7498,227.47574,222.58694,226.89826,241.18017,95.469089,147.4748,20.0,15.635139,15.603601,20.0
93.395678,94.842534,95.157221,100.90296,120.91418,125.56449,122.77855,126.25213,154.33337,131.02388,132.00583,133.49649,90.166005,94.086419,96.838697,102.77791,177.03538,164.26637,167.95664,169.96411,215.14631,273.29167,238.91742,259.97179,83.460758,85.418882,85.921231,88.556494,152.47404,169.60484,182.35559,189.82789,219.2395,205.27247,212.65051,210.53801,89.667365,90.877915,91.440409,98.350752,89.83489,103.52025,164.24499,151.30764,189.91213,182.64927,185.88176,180.43138,221.296,214.42631,222.18506,220.53102,221.4442,241.02171,94.9001,132.24834,20.0,15.682155,15.9066,20.0
93.54993,88.150269,94.269286,119.80459,121.74835,123.03025,123.10768,128.72867,137.55247,131.9404,138.11837,135.21307,88.971873,95.197143,99.402553,104.66725,167.84532,163.39404,174.25467,170.39213,211.1589,283.46718,238.54233,263.04489,83.034666,83.26831,89.04438,81.874209,147.1382,161.96018,184.0091,189.77484,220.68565,199.26936,212.78435,208.97033,92.52886,92.8272,94.852466,98.674685,89.552939,104.1814,182.27259,157.84986,196.74756,170.81049,192.94591,189.18227,226.3062,213.91221,222.88597,221.63839,219.85041,246.08298,93.018768,132.41836,20.0,18.210224,19.273909,20.0
89.820809,100.02742,91.852312,113.52245,123.18783,125.55277,121.28776,131.42201,159.0127,137.46718,135.69588,132.27316,89.613288,94.324063,96.224651,104.58831,166.12714,175.25268,167.83697,174.91886,209.88542,265.16158,243.3805,256.212,84.926769,81.926272,87.410186,83.082018,154.44554,164.37378,173.13516,192.65758,229.8691,211.2778,211.31195,203.52107,89.96075,90.178316,94.367997,97.181165,87.906394,105.06516,158.81783,151.0641,209.57807,165.87188,173.94495,177.95178,239.10222,211.95002,229.51683,223.48935,233.01033,246.25841,91.36986,124.93203,20.0,18.523137,19.007253,20.0
94.53736,97.965574,99.68274,89.960065,122.74368,119.8764,121.01587,130.72268,169.50184,135.02779,132.0538,132.32617,89.502229,93.736675,102.43871,106.99206,156.35198,162.60759,175.26426,170.14247,212.75673,262.41911,245.97944,254.80222,85.513805,80.461063,88.256863,83.308753,143.07689,171.69024,180.22987,189.54559,228.07081,208.80923,219.59452,216.22907,89.880673,88.557446,88.354146,99.378196,89.665638,106.42691,176.12784,162.96212,207.78546,169.83783,170.40058,189.42653,228.8195,226.59018,232.28095,227.36125,223.45253,245.18949,94.531088,154.73428,20.0,17.807443,18.002856,20.0
95.899743,85.771127,96.149756,97.975553,122.08336,125.04811,123.59483,131.04306,140.80016,132.44151,136.89334,135.49186,89.723335,96.090576,101.21128,104.23664,156.7102,158.98065,168.39629,169.37596,216.24075,281.06783,238.56841,261.99638,90.747577,86.774928,89.333812,87.317513,155.85428,163.58341,182.49189,192.11989,226.26052,212.07475,213.9805,210.4606,93.285197,90.422344,88.05483,95.71092,92.44136,106.94208,192.90036,160.20829,198.7156,182.36688,191.67983,183.07146,232.43437,222.81161,234.9007,230.06804,240.59115,248.86769,98.150002,154.56201,20.0,18.519294,18.914579,20.0
96.464887,89.441025,96.07575,97.807253,123.61695,124.57417,124.12598,130.59984,155.24881,130.55112,140.10729,133.73842,90.209426,94.560098,94.931571,108.48068,164.22045,165.11,171.41645,167.50109,214.732,273.43624,239.73751,260.39083,89.70069,85.497342,92.444251,84.20506,149.61328,169.17859,177.45413,193.55424,225.20588,209.11319,208.40764,214.44715,92.0569,92.759397,89.576682,97.339508,90.34451,109.07132,150.57361,154.04099,191.24801,167.69918,170.91776,187.05833,232.73165,225.31871,232.20234,224.17708,235.03154,245.50506,93.485418,141.91404,20.0,18.139234,18.266213,20.0
91.89407,95.918249,95.078674,87.939325,124.40881,125.42365,123.56521,129.0957,160.5331,137.01277,133.4701,132.77135,89.633296,98.117529,93.593973,107.62615,166.88859,165.11748,169.59108,169.45092,217.52397,280.67459,242.06708,256.76604,86.956633,83.169881,87.466162,82.954796,151.26888,160.03685,182.4807,191.86866,227.74383,222.64113,217.37143,218.34982,95.030229,93.143788,96.508708,100.69304,89.577821,104.46505,151.31143,156.22336,186.34809,176.97507,164.12243,186.63983,228.56451,224.0527,227.80115,227.31984,227.60322,244.49398,92.681487,136.55818,20.0,17.566831,17.687918,20.0
88.549501,92.365342,93.732358,114.50158,122.36652,124.41724,125.71111,130.0996,146.38374,133.59211,138.20869,136.57441,89.173853,99.261417,92.079819,99.639018,164.95157,163.85884,165.47072,169.47947,216.81847,264.92441,241.65034,254.16808,84.176697,82.289749,86.651883,83.943603,155.56341,154.95105,186.42564,186.83943,219.05149,206.24803,217.42635,212.02266,98.168323,93.327767,96.959605,101.93514,88.937529,106.38979,174.97718,161.44802,188.0997,181.02867,192.32253,194.8421,226.35206,219.59881,223.85511,228.95946,232.15268,244.70878,91.914268,129.26351,20.0,18.370543,18.768609,20.0
94.053513,94.988001,92.790735,96.355547,122.90351,128.11724,124.48877,131.85877,149.12797,135.18074,133.67212,136.22823,90.471012,97.014885,97.788931,105.00401,165.83036,164.29527,172.07235,169.26318,217.84992,269.70565,240.23729,267.24173,84.52239,85.683234,85.72708,87.307525,167.20696,169.65583,175.79889,191.88152,224.13186,214.15087,209.40093,208.46491,89.522655,90.166782,93.414615,102.06024,89.101016,106.54092,178.61413,151.50502,205.98051,174.91986,174.20109,185.40052,233.34114,216.92181,225.81635,228.71729,228.53388,242.26562,93.716165,144.60975,20.0,18.053961,18.504454,20.0
93.877876,93.348869,95.255954,89.359285,125.2513,126.45783,124.4391,130.00877,152.54424,131.15508,137.86649,134.91592,90.579564,97.809335,98.151749,107.20242,160.20742,165.1213,171.59916,176.38393,217.25047,279.45379,241.35872,241.49884,85.173238,82.793505,88.966103,82.760041,152.83882,167.53211,182.76809,188.73477,216.33994,211.62686,210.70421,205.68838,86.406664,92.868995,90.274518,101.319,89.217362,107.30419,170.46637,148.69632,194.21102,173.40042,188.19081,178.03914,233.42295,218.62765,228.90175,227.59786,222.76228,242.67151,95.797517,142.60596,20.0,18.370286,18.332896,20.0
91.67403,91.598031,94.041067,91.828822,124.27407,128.87937,124.75211,130.78196,151.33423,136.08408,137.55887,136.74044,89.629667,96.905485,94.311595,111.36086,169.49194,165.7165,165.88734,170.5137,222.16792,282.09385,239.50065,250.17522,88.304572,87.184359,91.342108,89.437215,156.74277,162.02263,184.88625,190.79056,220.89547,217.40777,206.22632,205.76129,92.076381,93.7759,89.162267,96.38127,90.148386,101.21822,175.57741,162.23309,183.19404,173.73697,179.68373,175.13005,231.00787,223.20747,228.43617,228.14562,233.15639,240.23144,100.61769,131.46756,20.0,14.850785,14.614665,20.0
93.833999,89.054247,94.195995,96.999561,124.33299,125.51817,124.28295,131.55362,164.84145,143.39658,136.67099,132.99442,92.780941,95.747587,94.270451,106.41378,171.79781,157.99925,175.31635,166.95527,217.01163,291.42764,242.04542,265.76376,87.692952,87.913413,90.216976,84.556701,152.30315,166.69386,175.34127,187.79847,225.83748,202.47947,217.4337,210.83016,95.280512,94.206975,88.159207,99.534774,88.627379,101.58248,160.87663,158.41614,200.7337,171.33403,192.57856,187.0608,226.4814,215.08851,237.49292,219.29593,224.14995,238.49507,93.033864,157.61231,20.0,14.307966,15.49603,20.0
94.440348,98.453076,97.337562,86.659457,125.76224,129.83739,126.2766,130.69607,158.36016,137.09799,136.85949,135.0433,93.333637,95.332142,94.356141,99.89224,171.17355,167.53088,176.2555,174.49314,220.21469,278.05896,249.33296,260.38503,83.686026,84.656018,87.704904,81.946359,154.94803,163.34138,176.72284,194.6315,225.32851,209.39077,215.37437,209.99403,94.486432,91.836924,89.502443,101.71058,89.672795,102.64911,153.44824,155.29969,188.58296,177.13783,190.95662,183.05553,230.04694,220.97958,229.47325,217.44054,229.10398,250.76694,93.395502,138.18702,20.0,16.55643,17.656522,20.0
92.449509,87.271868,95.276176,106.53548,124.95945,127.18998,126.21639,130.57338,156.45587,133.17436,134.73721,134.51498,92.907732,97.144018,99.368967,102.2566,161.47224,169.21195,174.05435,171.55502,214.59074,274.10421,244.86609,260.41184,81.527193,85.155466,86.522235,81.184876,152.23761,169.66685,180.89774,194.19575,230.57896,213.32027,219.44529,211.58987,91.714139,89.12956,92.304625,99.394957,88.09947,106.34405,177.97164,153.63107,196.40786,165.58756,180.96601,178.40101,236.52663,227.86268,235.63229,229.43386,239.68633,252.73008,94.138635,147.3109,20.0,16.768313,17.064217,20.0
86.500826,92.834516,95.19948,96.497783,125.42196,120.6152,126.96131,130.15048,147.19503,130.27835,133.39676,134.454,92.189669,97.468648,105.53991,106.24069,161.91815,161.62017,173.53263,173.56627,215.2057,276.6051,241.47558,255.64722,86.809788,82.480075,82.891751,82.068002,152.99171,165.71856,178.68326,193.35792,230.36059,212.5651,221.51068,213.93695,86.405682,88.078804,89.557951,102.10823,90.947314,104.99621,182.65539,152.1142,199.07913,174.34306,171.10086,181.52078,237.11963,224.80648,235.1912,224.7245,227.37288,244.90514,90.065845,134.84931,20.0,17.585026,18.451226,20.0
92.956288,99.95185,92.649039,88.224725,122.73978,127.24921,127.32851,130.28521,148.67912,128.13269,133.68536,133.07652,89.929302,97.37957,97.408941,107.92634,170.09921,166.3282,170.16632,170.2985,215.67256,286.37479,237.26278,250.98877,90.72477,82.901334,88.357741,82.055522,147.40695,162.80572,185.06564,194.11127,221.29206,208.31147,217.20244,212.34625,89.660179,90.491495,88.931069,97.668022,99.75971,105.01172,156.8096,153.31635,189.86527,177.40064,197.17364,191.44514,241.03696,223.14232,240.90341,225.21654,230.51914,244.18669,91.156528,131.00815,20.0,17.12717,17.612593,20.0
94.176795,95.725788,92.90783,95.214153,121.18066,124.54577,124.01482,131.41934,149.28548,131.30098,138.36287,138.09091,89.30107,96.07349,92.149881,111.89485,172.34447,169.17301,169.00648,168.90818,219.58709,302.45035,237.2518,258.82987,89.853563,84.582581,91.391195,85.521113,153.09559,171.38639,179.36112,194.74649,223.00144,202.76825,213.35999,209.86797,93.183328,92.741734,94.02619,95.590563,92.650008,103.00019,151.51112,157.52252,188.89373,174.93617,202.71038,191.25732,233.8676,220.2069,236.28581,223.52963,228.15216,244.25086,96.622456,139.22747,20.0,18.115811,18.530407,20.0
90.71516,93.579394,97.910595,97.09212,124.28533,123.48637,124.19426,131.27416,148.81778,139.90339,136.01305,134.21534,89.900053,95.181439,92.948703,107.61499,170.87625,166.84054,164.9429,172.79012,218.78777,309.7444,239.34951,267.48437,86.017032,83.652068,91.549597,87.819905,166.50787,171.25149,183.07085,191.57531,222.9133,204.69086,210.24213,210.68048,95.55225,90.592487,97.485192,100.18544,89.125109,100.61571,161.63141,152.30434,178.64425,180.1288,185.47201,193.45429,234.39867,225.15462,226.86397,223.75656,226.69074,242.53728,96.355264,154.01596,20.0,17.626966,18.012089,20.0
98.26906,92.20494,98.146759,97.99345,124.77236,131.39823,125.99922,132.70228,151.39648,139.42006,145.64716,137.2731,91.138636,98.821303,100.22372,98.575159,170.3224,162.14083,165.5546,171.26065,218.27593,297.92534,242.13603,270.97839,83.360555,85.324012,88.173054,89.865908,157.79164,169.37748,186.35322,192.79579,234.67005,217.62446,217.74993,215.06347,96.236093,90.274891,98.357777,101.58052,88.266741,91.375395,155.02429,158.19753,177.7689,176.99856,194.14539,195.02593,229.30389,218.19928,226.37646,224.2537,226.22842,246.5347,97.791762,137.708,20.0,17.492154,18.010044,20.0
98.688872,93.606381,97.119554,112.90205,126.61206,128.7741,123.28657,133.47026,153.48726,136.5289,140.93746,136.48253,92.704499,95.63967,99.832718,102.56635,170.8408,180.62864,168.92192,172.41743,218.49163,304.67609,250.2262,264.79283,81.745183,85.375986,82.41923,84.407161,149.65428,177.9463,177.35055,194.06612,230.06523,210.09579,222.65992,217.33476,91.903489,91.659155,94.456858,98.780693,86.22711,96.957495,153.43778,163.5104,197.47479,170.47298,193.26959,182.768,229.90875,219.08035,229.93515,230.77255,233.61419,252.6681,93.901899,144.98557,20.0,14.970443,14.679988,20.0
86.934898,98.084305,98.377675,103.95361,126.39113,123.80257,125.68333,132.43707,154.38011,138.04555,139.19432,136.62214,92.896737,96.842433,98.744491,107.18027,171.51759,168.23577,176.02512,166.13549,216.89837,270.95226,248.45767,250.12608,83.23336,84.132435,84.496739,82.048,151.50128,169.07584,169.95072,196.91769,231.33896,214.52567,220.2187,218.12547,92.210153,94.092408,89.076085,95.852995,87.54689,102.19763,189.46218,161.11187,209.32779,171.11245,180.25777,196.66598,231.9224,223.30964,234.62386,232.37654,237.24897,251.01432,92.554813,134.25885,20.0,15.698981,16.147196,20.0
93.681863,94.794726,93.414751,105.36859,124.49729,122.26952,126.36189,132.72827,159.80108,133.38496,139.11607,136.43477,89.928163,96.893074,102.4567,112.00518,165.52073,167.27939,171.60851,167.56345,216.97615,281.72577,248.70319,254.5031,84.309249,84.7241,84.679853,82.433496,157.20678,175.45093,177.89943,195.95994,228.51916,211.96226,219.66495,218.57717,96.016891,94.03032,86.699481,93.061351,91.367309,103.53874,189.30399,158.03014,204.22505,184.50353,178.95399,192.73207,233.35717,221.23316,238.48277,227.99336,237.00228,250.34213,96.38891,132.44126,20.0,15.688083,15.895664,20.0
98.466032,90.783998,91.661634,94.982933,124.62473,125.22853,126.05591,129.92059,164.53264,132.96533,138.61569,135.30891,91.748442,99.439616,101.71997,111.35024,166.39317,163.83645,171.3114,172.89903,218.95019,275.33698,238.94633,266.32908,85.720228,84.945695,88.364978,85.278171,152.20998,163.19511,187.45612,195.72978,223.32492,220.50607,211.73671,213.74714,93.182134,93.583961,87.780236,93.156183,89.690405,108.86058,164.51293,157.61815,200.60681,175.83228,178.32219,195.30587,232.07657,225.87565,238.72958,236.04381,239.0968,245.96334,92.34475,141.95927,20.0,14.988251,15.196463,20.0
92.431813,92.556141,96.029983,98.010669,123.81194,128.10503,124.02217,131.17771,143.9094,133.8825,136.46444,135.30079,94.560321,98.513243,95.958375,105.80531,167.10948,162.89331,165.08254,177.17196,225.40113,281.71573,238.00593,253.74704,89.013781,83.803316,91.11057,85.100791,153.66705,165.09847,185.20333,189.66223,225.68178,223.4355,213.47836,214.82347,91.29015,92.579654,93.126743,94.126973,89.463573,105.43806,170.0448,156.76845,206.63927,172.24279,176.44596,193.38024,231.95099,223.58031,228.59918,229.28493,233.13797,245.59018,91.525818,153.849,20.0,15.957465,17.0025,20.0
93.399097,96.851455,95.471235,95.11814,123.85423,128.78746,124.39338,132.9545,151.87489,134.134,139.58588,133.42252,92.4906,96.383153,101.62907,106.37396,169.75821,155.64298,170.04542,170.70468,220.00207,273.965,239.17475,259.68651,88.379651,85.001954,90.104609,89.37934,148.91144,158.74149,187.50254,193.81427,227.71905,222.52325,219.41391,222.12219,95.313571,93.712485,88.852368,96.225907,87.734936,103.59983,161.12831,158.96705,200.38114,177.62853,174.43236,185.34529,222.52198,215.0866,224.23091,229.88846,235.6711,244.53147,94.528103,124.85958,20.0,13.512535,12.9962,20.0
95.655142,96.994085,94.784603,99.535443,124.8143,126.04416,125.77803,129.93157,170.64232,138.18919,132.52334,133.45962,90.753668,97.427787,101.66499,112.44242,166.65736,169.10124,171.69778,165.8492,211.07348,273.00226,237.47802,257.76348,83.921896,87.016584,84.914441,81.836411,150.51868,165.58949,192.81386,199.697,224.10342,205.39555,216.51497,216.76345,96.321393,92.276689,87.884919,98.580179,89.584082,104.62983,171.93875,155.07599,199.06701,176.73339,180.55339,176.62752,224.48218,214.58669,227.58051,221.22892,231.57078,242.01279,93.327419,145.55233,20.0,14.941695,16.559028,20.0
89.824078,96.398162,92.040245,94.371556,125.55725,124.60946,124.60174,132.55026,160.57881,132.02671,133.73665,138.31549,90.936044,95.890851,97.03714,112.65549,167.42552,167.30741,171.17749,173.48303,215.69996,301.59464,238.73427,260.94165,83.74984,84.185379,84.124414,81.051354,151.69411,163.37335,190.79023,191.07356,213.10067,199.97062,208.56285,206.20232,94.343193,90.779793,89.747654,100.81586,88.548093,104.42452,182.48229,154.64,194.72228,171.71349,173.33297,178.07867,228.77072,218.01664,222.8618,224.42555,230.40235,239.10293,88.262348,131.73419,20.0,18.913218,20.152165,20.0
91.167615,93.873479,93.047943,103.42334,125.39156,125.69861,125.0107,133.21733,157.36385,131.85972,135.34006,135.20308,92.913684,99.020612,100.35611,107.85799,168.64359,167.72833,166.79029,169.83691,214.91354,294.61262,238.82606,264.6006,87.823058,84.475185,85.660068,86.511268,164.0251,158.63615,182.5197,186.75493,217.17221,206.56281,202.77922,201.03933,87.206487,88.627175,92.115552,103.01268,87.117134,106.15028,178.25015,159.19625,211.07452,174.14759,189.22966,184.39138,233.11166,221.94028,225.13853,226.28458,227.74029,243.20586,89.921391,143.81022,20.0,18.872762,19.049595,20.0
92.448184,96.135829,92.676834,88.131797,128.02773,122.11013,124.43635,130.15863,158.43902,132.88327,139.48203,131.76362,92.390418,101.48554,98.400237,107.83046,166.31295,174.21102,164.3994,168.52494,217.79855,276.02643,245.78278,252.58401,91.626738,89.619708,93.844133,91.197077,154.00426,168.80351,184.52437,183.31161,225.64778,216.74763,211.15432,210.01583,88.271684,88.551014,94.206423,100.73673,87.017829,99.700232,182.16542,156.95711,206.38514,179.54788,201.01976,183.39894,237.28513,220.22323,235.02329,231.18734,226.66935,249.02708,97.191648,157.49619,20.0,17.601325,17.261882,20.0
93.237033,89.804175,94.122508,106.91431,125.0014,120.47294,126.51302,129.04194,149.12181,135.84199,142.79564,131.81508,90.201613,96.983053,94.660892,104.64069,165.36005,161.866,170.85833,163.46088,219.38586,273.84293,252.10743,251.19086,86.799472,88.058892,90.598108,88.64261,165.68312,167.30728,193.58489,196.59885,227.97235,210.4336,218.05853,211.75916,93.772035,88.86379,87.807871,98.190618,87.452676,104.8037,167.4048,160.85924,172.78453,176.64757,205.00427,184.76386,231.77639,230.70326,233.31218,240.84929,226.53302,253.07596,98.014499,149.1341,20.0,17.236831,17.100679,20.0
92.628685,94.945657,97.605993,111.16335,123.40148,123.06074,126.33834,131.01485,162.0824,134.82906,139.89044,136.72182,91.305479,96.612241,94.19108,107.24254,164.90029,156.58758,169.22687,166.53106,223.37996,271.81328,245.86999,259.19702,81.660615,81.97218,81.618345,79.895955,150.4338,168.52095,180.15302,189.8339,221.72983,209.67744,214.38146,212.44811,94.707789,90.210911,87.573388,100.98918,87.31286,104.47889,193.49085,150.14058,172.79075,173.3114,173.0396,187.71179,235.80788,223.12759,229.02172,231.251,224.45316,248.32364,92.555107,151.01186,20.0,17.536898,18.540478,20.0
93.323302,103.48979,93.137703,104.86492,125.05298,128.84248,124.24267,132.03576,144.34385,132.60336,141.27277,138.29989,93.162735,97.745891,97.750031,105.25564,171.54853,162.4334,169.74866,169.25351,218.50472,281.78986,239.14993,268.13827,80.429823,80.434058,80.367094,81.540107,154.88541,157.76723,189.8125,191.38998,218.33111,218.32926,210.47776,210.96549,90.6517,92.347172,92.32094,104.57953,88.762553,103.11006,154.49438,150.77278,191.37475,176.99723,179.53232,184.28627,230.96843,220.2388,224.55256,232.46698,226.62466,243.07411,88.537059,125.95071,20.0,18.699254,19.532467,20.0
92.307027,99.399251,94.953948,100.19212,126.46156,131.25275,126.11273,132.30695,157.60997,135.13348,137.00448,136.80567,94.022408,99.204645,96.438441,99.608748,162.85596,160.17036,166.65397,170.75831,217.38746,277.56475,244.11642,263.10205,85.668963,85.981726,85.948035,83.3408,159.93778,168.68706,186.01896,190.02631,225.81942,218.14684,207.41405,214.29664,88.647681,89.843005,91.046734,102.81918,89.432698,106.30296,161.59235,153.17443,195.94439,178.87675,180.08726,187.54595,231.16453,217.9635,223.97815,223.98789,231.25005,242.17331,97.201433,131.52602,20.0,19.743195,19.99532,20.0
92.890001,86.413882,99.809536,107.18968,126.64713,126.28207,125.23453,132.2399,145.19659,142.83828,141.70317,134.31894,91.361382,98.678579,95.921263,101.16398,172.82859,159.97452,174.82154,171.8772,216.21248,295.05435,246.41015,261.21792,88.658632,89.584013,92.928077,93.300556,160.13348,170.19272,191.116,192.71522,219.72689,216.79195,214.98731,211.28371,94.893838,87.551715,86.114117,99.655036,88.991906,104.48103,167.36221,157.94019,198.35377,172.32036,170.06978,182.33027,231.44842,217.44159,228.85864,227.06276,229.27442,242.58096,100.22486,157.67957,20.0,20.395685,20.93996,20.0
94.617288,89.925926,99.080333,92.628915,126.2347,126.10313,125.6376,131.60758,161.09643,138.98193,137.94302,134.73372,90.058772,97.256282,97.223393,103.09144,170.41561,165.39071,173.55017,169.48033,219.16461,275.29336,244.08241,259.00421,86.519167,90.454691,90.712809,88.420203,149.87406,171.33298,183.1924,192.1469,227.15194,215.93553,210.30257,215.14205,95.053504,88.233361,87.402169,99.719678,89.182193,105.07977,167.27718,158.04708,203.72736,173.1938,178.99134,176.99006,224.68516,221.13326,235.57881,224.6666,225.27552,245.88621,100.49924,162.05505,20.0,17.997445,17.476585,20.0
92.530041,95.502861,95.518273,106.50687,125.63428,124.03271,125.51419,132.3194,161.06913,138.92781,142.19087,138.25241,90.306149,96.885447,98.948918,105.18091,164.03057,170.86179,167.5819,173.21633,215.58992,263.09571,243.285,252.83812,83.820574,83.360194,87.271083,82.263621,142.91815,147.42695,192.33338,189.12292,218.74512,201.09874,216.16552,208.89788,92.808934,87.497835,89.671636,100.78603,93.589991,104.40719,192.13006,156.69244,209.87494,171.79355,173.51611,175.87515,233.15164,229.31384,236.69904,227.48497,229.7615,244.28825,90.743195,132.00119,20.0,17.191897,16.378877,20.0
89.90249,96.900204,94.652585,105.25785,126.98472,127.75069,126.27507,133.71877,155.39587,139.38148,138.10734,138.9981,90.583031,96.912906,99.712598,105.984,164.30834,163.90031,170.27229,178.93539,214.30038,269.81278,241.15272,243.85215,85.726501,84.111391,85.473775,82.05538,157.2693,158.33642,186.23542,189.43835,222.27958,204.52373,210.97825,205.09147,86.646694,88.856627,91.350311,101.18451,99.639485,104.27222,179.21615,152.49075,209.80226,172.42059,186.60095,178.66453,231.31852,219.17258,228.08108,224.93619,229.57626,242.12905,88.241468,133.90138,20.0,17.110317,17.276776,20.0
91.664306,95.878064,95.501479,94.432504,126.67085,128.57951,128.01315,134.37424,170.38257,132.28029,135.09402,136.09633,91.227879,96.078334,99.647504,108.43186,170.17844,161.05692,173.16192,176.76659,215.3774,286.67138,231.97331,256.29058,87.201688,85.54379,88.744606,84.529555,159.65575,170.70863,184.10726,189.8453,221.38029,215.93148,213.02135,210.30087,92.267631,91.801671,92.85017,97.145846,92.179912,106.78455,156.74711,153.34542,201.47859,177.41749,171.78143,181.0905,222.62969,220.37868,227.21048,226.78332,224.44193,236.31504,95.623977,146.45017,20.0,17.597939,18.3603,20.0
97.841053,93.622319,93.576761,91.065298,125.96756,127.74651,127.36826,130.90097,162.65058,132.93797,136.25589,133.93228,91.962899,95.510651,94.579478,109.50128,164.24978,164.02997,165.04987,173.61963,216.28926,283.43542,237.35658,259.55662,90.518534,88.939489,91.976961,90.832099,152.44142,165.62621,184.15111,190.0165,219.54072,209.35957,211.69195,208.92177,99.329488,92.175206,95.81419,101.09273,90.845981,102.05694,178.45346,159.41456,204.74397,180.89672,177.06922,203.32681,230.77436,218.04464,225.58908,224.54352,219.64751,238.00725,99.53244,149.31688,20.0,18.851357,19.094556,20.0
93.514055,91.545241,97.495348,108.54065,124.37348,124.40682,124.89143,131.70419,150.8591,133.56916,141.70517,137.00495,92.091508,93.384449,95.982299,112.97936,170.68634,173.47222,174.433,171.79217,214.16753,264.48692,238.50457,255.85358,91.388988,87.482732,90.711623,88.045128,155.37232,171.26728,181.66661,191.79664,220.9855,207.18497,206.58742,207.96496,100.20188,89.962007,92.64278,103.22826,91.937023,103.01087,146.85515,160.56963,196.43884,173.86078,192.01178,184.81271,228.18295,213.55336,223.30568,229.53853,230.91953,245.1823,93.280734,128.93503,20.0,18.600698,18.262099,20.0
92.050306,97.771588,98.161695,100.22999,124.48715,121.36821,126.45053,134.95982,153.79993,136.22437,132.81406,137.79149,92.462791,94.623403,100.51689,105.67042,170.05921,170.24371,173.47873,173.32296,214.61952,299.9049,243.82134,262.9398,87.78666,84.630249,85.905002,83.243156,153.63992,182.82832,180.04985,189.55649,224.53987,205.68093,213.59047,205.08406,98.013373,89.754018,93.671253,99.94039,90.932568,103.90587,149.29282,158.95582,188.90076,169.18089,186.2154,194.73002,223.26798,218.21543,221.82778,227.57335,236.08817,249.78857,94.214063,164.71525,20.0,17.63285,17.144421,20.0
99.788821,103.24906,96.094759,97.969608,128.11209,124.92624,126.79527,131.98563,143.78153,133.70986,142.94864,135.11063,91.005604,97.008893,98.434867,109.82232,162.27765,162.28086,170.3071,172.21302,214.99921,303.51019,243.67131,255.73493,82.374565,83.878376,86.172169,80.31778,145.66164,175.52125,181.36161,189.98317,226.83529,216.45172,216.00058,214.16917,94.890776,92.512339,93.160194,95.586051,91.322662,101.63533,170.44414,157.70563,207.92342,178.43924,168.17264,180.91886,226.67456,219.87976,231.51972,224.32768,227.46885,250.36358,96.66104,138.73462,20.0,15.826074,16.761626,20.0
95.815562,98.517577,98.652908,103.23753,124.80547,130.57459,127.19142,130.71216,157.79539,136.51723,139.63771,134.21142,93.197034,97.920113,98.203939,111.01417,160.732,164.66844,163.68445,172.88113,214.28799,294.88998,242.87665,246.72679,82.445954,81.339484,85.010188,87.833706,150.8235,153.49936,190.84144,193.91697,225.70409,216.20374,215.63035,216.5057,90.947287,92.908134,89.188882,96.795703,91.430724,103.82939,174.15046,156.45639,194.87619,187.82783,179.50772,186.9007,231.2373,220.26187,233.07362,231.866,233.19657,243.62539,95.315917,137.00472,20.0,17.602162,18.427765,20.0
92.47857,91.948772,100.60291,108.43518,127.44071,124.31561,124.5589,131.71316,149.04542,140.41227,135.80745,136.39696,94.296783,99.466039,100.57344,108.9747,162.33879,159.83488,169.74112,168.76282,217.56748,288.66689,239.0928,256.8269,88.570367,88.81206,84.573104,85.646318,146.19241,168.7756,177.17988,192.78362,219.49605,204.16888,214.25702,212.35366,92.221695,91.798153,88.58197,95.309837,92.32189,107.31708,167.70323,152.12778,189.35082,178.16566,178.63721,191.34174,227.60676,213.91499,224.69939,230.92138,223.2123,244.28508,96.772593,135.05801,20.0,17.857476,18.069169,20.0
92.036769,97.07996,98.365209,100.18479,126.08387,127.68406,124.6382,133.07557,157.42138,136.53168,138.04434,136.38693,92.075278,98.695639,96.274809,108.41952,168.47911,162.25092,169.51836,165.05452,217.10309,305.50043,245.74019,249.85791,88.779103,87.781321,87.181119,89.001895,153.97963,162.50645,181.18166,192.0057,220.51998,205.4717,211.86918,205.06974,94.807577,92.292885,90.711888,96.14566,90.25146,102.13977,183.37658,158.9539,183.75076,170.14841,174.70607,176.31892,227.82821,220.11428,224.64754,230.09295,231.65223,244.96935,97.114531,130.37579,20.0,17.869459,17.878285,20.0
96.342961,92.753613,94.074726,100.7214,124.79235,130.50525,126.18069,131.70436,161.19329,144.46908,133.51553,135.19522,92.912212,96.2158,100.1915,110.52693,170.13416,165.54544,167.11682,168.60237,218.04928,295.1942,236.94536,257.5458,88.046814,85.475031,89.728704,87.391091,150.16521,164.01802,176.68607,189.36374,222.79866,209.96057,211.11595,207.56319,95.930781,94.147783,96.631336,99.630574,90.190767,101.93478,166.85407,155.16689,199.65893,172.11128,165.14791,172.95355,226.64816,217.49103,223.47909,224.42623,221.42559,245.01239,96.688273,132.30062,20.0,18.812767,19.381147,20.0
95.090291,87.696836,98.303533,96.837381,123.90557,125.28889,127.75984,131.64314,161.14581,137.882,135.15859,137.07333,92.01886,96.367481,97.177748,102.90444,167.2654,157.18996,171.71092,171.63242,212.64316,284.18956,240.85672,252.37021,86.614785,83.40256,89.174773,84.377804,146.48266,160.49978,181.89337,188.80295,221.56383,209.39424,214.75464,208.08227,93.472569,88.828632,98.888155,100.36701,95.231369,103.22238,163.97995,148.35681,200.60313,177.59329,187.04156,195.49257,232.03885,217.98273,223.0896,221.48957,219.4605,244.60921,93.636136,132.23385,20.0,18.335807,18.704214,20.0
94.065776,94.775871,99.819136,93.599351,125.18762,123.49518,126.70503,132.71741,163.9616,131.11193,134.5774,137.25357,90.329907,97.962976,95.54796,105.64696,166.97586,163.99479,167.56674,170.17651,211.47994,271.39616,240.64659,266.24603,92.079773,85.456182,93.743558,86.244569,164.12898,167.17307,185.20082,192.60976,226.81628,216.91734,206.55195,212.20344,92.770643,91.406145,91.422711,98.974879,91.645771,102.91888,169.78306,159.63782,192.37411,164.96394,170.94548,186.98592,242.30674,224.57035,229.59049,229.34267,239.72463,248.03643,97.860442,132.2135,20.0,17.922381,17.948909,20.0
99.337917,96.305147,94.68595,93.78223,127.1782,126.32646,127.57891,132.89966,164.67693,133.5837,135.06119,133.08621,91.604911,98.599384,98.770896,110.12782,164.29424,164.83791,166.15787,168.53613,220.29029,288.7127,245.0433,263.06979,89.56353,86.165319,88.796827,90.397895,147.28473,180.31001,178.33345,193.90248,226.55564,219.21529,210.7457,214.34897,93.818244,96.504675,87.738363,101.63348,88.489351,104.85453,176.86714,156.20313,207.03732,178.01547,167.21211,189.08685,234.9709,227.66639,232.11786,230.93233,227.28325,248.43237,97.966948,148.89915,20.0,17.557666,17.541436,20.0
94.284688,98.543051,97.172813,102.58696,125.81987,125.34923,124.71165,133.00833,139.23713,129.04251,142.72215,134.74461,90.317156,96.82802,94.873913,110.19122,167.83087,161.04691,168.23143,166.77262,224.47257,270.48772,247.79997,263.9254,88.498111,82.66487,85.88088,83.982903,147.91209,175.15708,181.78926,193.62868,227.33346,219.18799,214.82001,219.5745,100.7022,98.525757,87.238137,97.791126,90.30903,104.22316,176.62683,163.14122,183.69476,176.95181,182.08032,187.55413,230.26122,223.33323,235.25804,234.57412,232.87648,248.91081,92.936935,132.80666,20.0,16.274196,16.402247,20.0
94.816058,99.894802,94.097595,112.26985,125.50525,127.37107,124.81014,133.02737,143.50308,135.07898,138.20541,138.66222,92.780463,96.599531,93.275826,106.15696,166.81772,163.49605,169.21734,163.06465,222.2134,292.55641,248.97782,262.71098,87.342057,83.330056,88.188129,88.776392,168.24341,164.286,190.63623,194.13318,224.26981,208.52641,219.57785,219.08778,100.10685,94.520775,87.244888,96.627335,88.141957,105.46709,176.61913,158.9821,171.78658,185.36821,185.14759,193.09599,235.14747,222.15949,236.3081,226.81722,235.61344,249.78647,93.13488,135.69759,20.0,17.453696,18.003953,20.0
99.534513,102.53902,97.635746,96.58009,127.84632,125.63928,126.81578,134.50361,158.32276,135.47225,134.5393,136.98954,92.314133,95.420513,96.375904,105.61076,168.96316,158.38526,174.88184,169.46409,218.49893,282.31671,246.91076,259.01053,87.403223,87.856469,85.009785,86.963839,153.18916,167.0482,187.34087,195.30792,230.10425,212.91209,215.31922,219.42439,93.084047,90.826303,89.817914,99.57075,89.143436,106.17336,148.50425,152.78993,198.85086,186.40334,165.48364,184.4461,232.79035,219.49637,237.74016,220.89663,230.37932,248.15934,97.935401,148.50891,20.0,16.716285,17.22908,20.0
96.882505,102.20497,97.637159,98.078508,125.14928,128.11767,127.88151,130.30392,157.33132,136.37354,137.48814,138.9699,90.492917,95.774162,99.899056,105.51174,172.55718,169.93297,168.9168,174.6863,216.84678,271.75783,243.63862,265.97978,83.843515,83.114364,84.114638,84.769628,150.64322,160.62285,189.3398,192.32832,225.49389,204.70844,217.74284,213.47902,94.033158,90.906971,92.299649,101.79702,89.806966,105.45074,164.28055,154.5741,191.09523,180.10872,189.31314,181.14487,231.12111,223.80686,232.35287,228.2254,222.72548,248.66147,96.928075,150.65459,20.0,17.487161,17.959045,20.0
96.345978,94.047686,93.598057,106.46556,126.96463,129.79902,126.86135,132.04077,148.19521,139.58903,136.15861,138.57997,90.782471,96.166099,98.984666,105.61901,166.01603,164.5581,173.55322,175.7443,220.56607,267.61828,242.76886,265.66581,87.281631,86.473938,90.104857,89.618081,165.26838,153.39513,191.11399,189.98797,220.11532,203.14564,213.01378,207.53384,96.25848,92.139167,89.308074,102.32194,90.065928,106.98809,183.57846,157.34681,213.01027,174.61164,188.2033,190.99931,235.26687,220.77029,230.44987,222.84944,229.13424,244.4198,96.82146,149.24133,20.0,17.674887,18.11226,20.0
92.823444,94.058173,94.974607,103.1111,127.64463,130.28213,123.43008,132.69712,159.83235,135.62952,134.4723,137.55757,91.347446,96.372428,98.393462,104.85314,171.60087,164.61746,173.49226,171.61586,218.32314,279.31018,240.16976,252.40377,90.280344,88.958247,94.154617,87.852612,158.62428,174.83846,179.16111,192.83882,220.88796,230.49111,209.82443,214.7538,93.564983,93.661908,90.860916,99.328764,91.794907,107.56626,164.7801,158.39785,210.50094,172.37172,165.33629,182.55155,237.75778,219.50329,226.92717,222.0858,233.65789,244.8088,96.368437,134.36204,20.0,18.82935,19.327756,20.0
96.768195,97.752115,96.490282,88.773277,125.79769,125.81439,124.89302,131.84884,162.45693,132.87564,142.00514,136.74941,90.382935,97.250654,94.060953,105.51182,169.14561,164.71432,175.23231,167.28736,216.59935,271.47558,243.64797,253.04269,85.792327,85.691039,92.892002,89.955189,151.31724,170.94518,186.42291,191.212,226.51027,214.68406,214.08587,215.05709,95.034799,94.764025,94.554519,98.041253,92.588896,106.0295,167.41688,154.09939,209.99554,176.26992,163.68302,186.9877,232.77706,218.07326,225.24697,228.6627,220.38035,242.00643,99.591111,158.90878,20.0,19.012233,19.416751,20.0
96.625987,90.812663,96.828668,111.56705,124.88323,126.86717,127.74136,133.73042,134.69142,139.09819,139.06013,135.82575,93.441385,95.439459,93.410122,106.51609,165.14844,166.19451,169.03861,167.15868,218.52171,287.75607,243.47668,257.39094,89.484172,84.602567,87.646727,88.18066,149.81458,166.95348,192.58312,191.85803,217.12352,217.92371,206.94094,207.95153,100.94935,96.282276,92.005995,98.599735,93.91932,106.90614,166.13608,155.95892,216.18313,183.10406,196.34689,183.79734,234.1363,221.61728,235.83383,224.45606,233.77796,248.75193,92.406773,148.10537,20.0,17.383161,17.638492,20.0
93.215231,91.804565,95.983463,108.77138,124.79392,127.72415,126.64665,131.9141,168.52687,138.03378,134.80796,138.13297,94.157508,97.756089,101.63377,102.80609,166.17401,167.59475,173.86141,171.5806,215.70181,280.74151,236.56376,257.39258,89.710742,82.520129,88.081759,86.964051,154.20378,159.34611,191.03552,184.76765,227.09947,214.93241,211.32049,215.68867,101.06477,95.911335,87.136581,102.66955,90.78029,107.46231,192.09126,157.80983,181.99413,170.54134,175.6538,182.86449,227.5239,223.66386,226.94939,223.135,237.53168,248.04685,92.714375,132.76042,20.0,16.825392,16.725661,20.0
92.958539,100.7893,96.946859,91.430605,126.74799,127.40187,125.66261,132.59049,154.57521,135.13612,135.4435,136.4402,95.213944,98.585586,101.35956,103.21479,163.46197,172.4536,171.8534,174.57738,210.79759,283.96959,237.40125,255.59385,86.457179,85.220323,87.528285,89.94388,149.42713,163.53848,192.36775,191.6115,217.64,216.04785,218.13517,212.11809,97.175604,93.722989,92.529291,104.4166,87.765636,106.2914,173.75814,156.04568,183.94926,170.96395,170.00833,195.96307,223.60256,219.78329,226.02042,224.55258,231.66841,240.10443,97.184376,152.77553,20.0,17.283145,17.087672,20.0
95.034722,91.755677,97.842116,91.707536,125.4163,132.59945,125.4795,131.94891,146.48996,132.55275,144.52779,135.2399,93.182137,98.660673,98.11525,104.05909,166.30297,165.97925,171.48469,170.44017,214.9165,274.862,236.60622,256.16999,85.766373,86.817864,88.51701,84.171081,152.60966,159.91943,187.3539,189.75218,218.04911,214.06008,208.0847,213.19171,90.407208,91.944331,98.782056,104.41646,90.324501,102.70619,161.24638,162.14106,193.82932,174.38846,175.64422,177.34931,225.01784,222.57162,224.31602,229.17739,233.78223,239.20652,97.923142,161.48034,20.0,18.145839,18.526375,20.0
95.478509,82.794634,97.429767,97.073342,125.05586,129.94633,126.51695,130.63934,145.04484,132.25184,136.07896,133.40875,94.422411,99.98685,99.483036,104.46703,161.46269,160.35334,164.77326,166.19888,224.07944,282.93639,237.83197,259.00892,90.559371,84.331927,93.853442,89.700322,148.89812,166.69397,179.45942,191.05545,219.51706,209.01362,208.99174,207.71675,94.553782,93.165169,96.466521,95.891423,92.54713,105.5785,190.95254,159.41144,194.16372,177.60432,185.21463,201.30177,228.47904,215.33402,221.29813,225.29093,223.04082,236.10395,95.328177,149.11876,20.0,18.604006,18.790014,20.0
89.414999,100.86733,94.318707,97.948592,127.84522,124.13207,124.51688,132.75447,151.13976,140.54332,137.74005,135.68149,92.313664,99.843508,97.992269,111.91027,165.92784,162.9167,162.53319,164.1153,213.41408,264.24299,236.61829,268.13409,95.644786,92.176153,94.94562,98.340336,160.96853,152.26918,186.23283,189.96124,217.55562,209.78691,203.38953,212.59882,99.245255,88.333394,87.759041,94.984437,92.388701,101.21127,169.8933,155.02641,192.72345,176.17565,183.64216,182.6168,226.96042,213.31484,223.08114,226.70727,230.45586,240.72008,97.596336,144.89553,20.0,16.036104,15.193305,20.0
91.234056,107.86892,97.547421,102.30839,125.10496,128.69343,125.02201,130.57978,152.62325,137.05772,140.91653,134.32112,92.869039,98.328313,100.32892,112.30127,167.36244,162.8953,166.47903,168.05137,211.11959,280.4417,241.74062,250.90022,89.026271,89.344049,88.200723,88.736502,147.27994,168.28081,186.06142,189.21985,226.22378,202.84748,215.98441,211.90311,97.861849,89.977639,85.694939,99.763792,88.515058,101.93584,167.00732,152.53368,196.44782,175.31579,167.05907,184.40047,225.79267,213.35299,226.45623,225.34674,225.10057,241.4506,98.938053,140.87085,20.0,15.358315,16.11637,20.0
98.924557,90.212057,99.304605,95.406534,124.63755,130.3022,125.64384,130.31522,148.37219,143.06539,136.44072,135.78241,92.818998,99.691668,97.782455,104.91819,164.39904,162.29164,167.05025,168.92563,211.1764,255.45575,242.94662,266.11713,85.521454,83.013727,84.655951,83.710411,140.44572,159.97975,188.15904,188.78696,216.3427,200.46956,209.04079,211.54966,97.133028,94.704117,93.227608,97.480696,88.742117,99.244558,183.21296,156.96148,181.12199,176.92865,174.33533,183.57008,222.77105,214.66084,220.04712,230.15194,220.20467,245.49174,96.874352,152.91574,20.0,15.54204,15.453239,20.0
93.015404,83.80746,96.832219,100.89476,125.53578,128.39052,124.69119,130.82393,139.90038,137.55717,134.23793,136.73409,90.873008,101.35991,95.680689,102.48961,165.0413,167.14884,163.13978,167.91486,214.1368,268.38763,240.9514,263.55525,89.70905,80.871436,85.593511,89.741179,141.7057,150.68077,185.71434,186.1359,212.04478,199.07485,207.96659,203.22454,96.705836,92.316821,94.987063,95.925513,90.03156,101.67093,189.47581,156.36493,182.83299,173.07166,190.57227,180.14958,224.12142,214.97464,226.06112,227.40902,222.38782,244.35273,92.915501,127.93429,20.0,13.798007,13.577922,20.0
85.208433,93.038214,91.942216,90.765504,125.1071,126.65592,121.94587,131.28886,144.70088,137.11992,133.40613,134.77474,90.865089,100.20215,101.36942,102.96304,162.04013,165.88907,172.82879,175.77641,211.09393,266.77734,238.82437,245.17322,93.022277,88.052422,93.8804,85.004928,150.3861,171.87323,175.01786,185.55527,220.84315,216.92384,206.10302,203.52208,90.933639,87.828561,91.501476,97.236492,90.030587,102.21093,190.41702,148.65415,185.5029,159.48347,171.95433,186.30784,231.31238,213.23232,222.77525,218.77061,234.36008,243.88043,95.55596,130.00839,20.0,12.686877,13.362251,20.0
94.910138,95.982637,90.187909,96.301181,125.70346,121.42385,124.88823,128.96178,155.94474,138.26091,133.76364,130.1042,89.42155,98.15679,100.27726,103.77496,163.72141,161.36283,162.18061,170.50873,210.67316,269.48188,236.31817,248.49696,89.398827,84.811408,92.460934,88.086358,141.10901,167.70239,173.09718,183.229,225.25419,207.9835,212.16497,214.77083,88.285397,87.617022,90.62299,99.61988,91.391418,104.27131,182.51444,146.15672,203.50878,169.34966,163.27956,177.00822,228.14412,216.3228,224.14293,222.31068,221.73578,236.15259,93.569735,143.58598,20.0,13.686739,15.368194,20.0
92.319992,86.471044,94.791265,97.032888,123.14485,119.70385,123.9481,127.13787,148.36649,137.66521,134.82936,130.80162,89.57149,96.906663,98.353073,103.26144,165.20034,165.5483,161.94884,167.60556,211.10638,279.5987,233.55961,260.20539,86.898751,82.861448,89.896506,87.311728,150.85196,152.35173,182.77462,189.77477,212.85029,204.29935,206.25011,207.84528,95.123479,94.515547,89.95074,92.11523,95.417538,104.81816,176.74104,151.04892,181.76215,174.64138,180.4375,175.42541,232.42211,216.50242,230.49183,218.9471,221.22729,233.79596,93.540959,125.11946,20.0,16.781523,17.995786,20.0
92.754095,94.780897,96.895691,100.51529,122.45433,122.63725,124.29608,128.47118,147.93738,132.64682,135.20321,137.30808,92.294558,95.919713,97.525644,103.4929,162.54288,165.24222,165.66403,169.9995,210.77501,267.02897,230.65025,251.76147,86.064434,85.073502,85.169,82.648397,153.85139,158.48613,167.54053,186.51272,219.82795,201.71848,205.14835,207.47512,99.462303,93.183911,90.780729,94.262462,92.154636,106.90959,139.99809,156.28011,171.40835,171.99113,199.42309,191.99126,225.84899,214.17372,222.70932,217.79335,220.17559,236.61057,93.793637,153.55216,20.0,17.203135,17.892744,20.0
94.546676,101.9634,95.514224,94.411131,124.25561,123.37644,126.59966,131.93429,148.97375,134.14804,135.93712,133.10522,92.838125,94.47071,95.472623,102.96359,163.05889,163.61205,166.55451,167.07591,212.32089,286.32745,241.69118,252.63426,83.799202,83.999234,87.67563,88.963861,158.78664,166.86346,173.76964,186.64139,218.89904,204.88461,211.89496,200.40871,99.844751,92.429772,91.692844,99.699474,87.527877,101.99863,160.66069,153.68521,191.88098,167.4356,178.60744,189.81535,224.65006,215.66885,221.28347,219.28792,221.39873,236.52877,93.569514,134.37136,20.0,16.139278,16.60924,20.0
92.381444,101.48862,95.231803,107.26014,124.46399,124.19631,124.72757,131.3151,157.3906,130.81301,135.32667,134.44999,91.08226,98.673392,97.858945,109.02632,163.05022,162.94903,161.65526,166.68214,214.59432,268.94024,239.63184,263.60581,82.407234,80.486001,89.653052,86.255671,154.5492,156.97038,167.77609,188.3987,221.19297,204.07179,208.00608,206.48491,93.597067,89.075757,93.358143,101.20432,85.621598,100.29213,163.65686,153.34907,194.25299,172.98466,170.50888,178.59936,221.65672,214.73505,224.14318,223.19453,223.05076,239.26166,95.395408,145.84706,20.0,17.041702,18.18119,20.0
94.564969,99.32458,97.15399,96.992362,125.46041,125.57671,123.78803,130.11098,167.29134,134.36066,132.35819,135.05915,90.53773,96.977449,97.808665,112.66643,161.94896,161.00409,163.45351,168.08704,211.73814,265.40501,235.93756,265.35898,83.499855,86.561403,84.365492,81.842481,150.96977,167.77635,162.96131,187.73037,220.69081,205.32614,207.55744,198.88457,90.848825,85.958695,92.2686,94.963008,88.592209,105.99279,151.07601,150.73119,200.90789,169.03933,176.28345,182.48756,236.14906,219.39163,224.29307,225.0836,227.20668,243.03129,94.477885,147.21996,20.0,14.89435,15.007403,20.0
95.329772,89.25749,97.045507,102.01149,125.05928,121.30417,126.02839,132.85948,146.08668,133.13281,130.84518,136.36722,89.885498,96.923478,95.991039,110.6298,163.08463,165.69024,165.65918,172.67014,216.09345,269.45497,242.29933,252.51227,84.987774,85.930721,88.620662,88.482472,152.7543,180.00168,176.86951,188.03695,224.11858,215.11754,207.96861,207.34771,92.80168,86.431047,87.298209,91.433032,88.902791,101.78901,163.19414,153.93007,187.99784,161.96418,161.34631,176.37736,228.63174,219.28154,228.0956,228.47991,233.26351,246.4032,97.655476,161.00616,20.0,16.524404,17.21335,20.0
91.542256,98.155884,96.348403,95.514235,123.79089,120.77044,124.60613,131.89792,157.01134,130.73596,133.59364,134.65833,88.24652,97.531117,97.079867,114.83706,166.86503,163.22925,167.07768,170.43124,217.69328,270.79783,245.0172,258.61565,86.754116,84.965793,93.204612,92.05565,151.47599,167.78596,182.77398,190.00721,224.15844,207.33057,212.53541,213.71672,96.252632,88.4747,84.255877,96.147118,89.002457,100.86976,158.49985,154.79545,199.09336,172.7048,166.77914,183.07156,226.97144,220.39115,231.14148,234.52917,229.38758,244.48856,99.823943,134.05829,20.0,17.338422,17.872452,20.0
98.208046,97.571548,97.103395,90.609356,124.52458,123.07595,126.45349,129.53217,146.49559,130.35234,134.12922,130.72202,87.783303,96.112906,97.160444,106.25153,164.58244,157.82884,167.05198,168.53067,219.49846,278.58286,237.91725,239.95763,85.241994,89.175868,83.966661,83.303228,155.91941,177.35249,172.57164,191.71403,219.20309,217.92599,209.71408,212.18286,95.315322,90.134042,84.805738,98.64825,88.87408,102.18463,160.09913,160.3481,180.06734,179.56518,174.01882,198.20652,225.22947,220.36306,227.91945,226.04547,227.55145,246.37916,94.584269,175.06291,20.0,18.530889,19.022885,20.0
93.858932,96.521755,95.202277,110.60975,123.1708,123.56564,127.24224,130.53623,153.25328,127.38316,138.71706,135.09995,91.714785,93.922404,101.18584,106.31575,174.38626,167.18209,172.75652,167.17247,216.79984,269.33857,236.64522,264.39819,84.230505,78.15883,85.237795,80.250096,150.37534,159.50652,185.61448,190.41429,227.03463,215.00102,213.6531,212.4641,95.313105,90.805582,88.045238,97.809602,86.058798,104.25799,171.19476,149.53982,168.52865,170.84444,179.6506,176.97581,225.25447,217.10294,227.24714,226.01997,230.86882,236.74854,93.210916,126.98088,20.0,14.860519,14.585814,20.0
89.025373,94.74524,92.368227,112.06434,124.22252,123.9199,122.83338,129.80057,138.23752,135.14306,131.73512,134.75053,91.300912,94.055943,100.55965,105.09929,166.49556,166.87821,169.48676,168.37328,211.58713,267.9842,244.7955,252.25057,87.135494,80.160494,86.807939,89.187743,149.19424,160.92647,188.19071,192.06784,221.02202,215.37877,211.4064,210.2994,90.135746,87.600351,91.346188,99.451902,88.692936,102.10551,143.9292,154.36246,187.80577,171.62504,167.08457,183.46328,227.58526,214.46092,222.34691,220.99062,222.75105,241.194,93.200422,125.23047,20.0,14.640694,16.05772,20.0
93.275875,104.66164,93.450413,102.39751,124.63562,124.6231,123.78635,129.62691,155.31601,131.07034,134.51363,134.47154,88.106665,97.722439,98.423181,106.65267,164.93365,167.28766,167.54756,173.20089,212.05092,271.23878,241.87884,252.90602,86.412585,85.588464,81.520892,84.460527,143.10619,166.04387,172.10607,189.72122,220.44531,204.08138,209.80706,206.82204,94.121602,90.70531,87.641039,97.540763,89.98068,102.28842,163.06879,150.21459,196.43302,171.09583,192.26327,171.28865,222.16129,218.70687,226.7986,230.08309,231.99407,240.47812,94.611521,135.81875,20.0,16.276556,17.240616,20.0
98.892023,89.828717,96.399191,98.614786,123.79139,125.71035,122.40865,128.91679,156.8895,136.12624,136.34975,129.59697,89.244205,96.929597,100.98141,105.41483,157.96541,157.56291,173.88822,167.86888,211.30935,264.2874,235.74477,258.5027,83.896588,80.78672,87.274389,84.348275,149.89803,158.50045,183.60214,186.85407,222.05043,202.2959,209.60718,208.62277,93.724086,90.410444,87.92984,97.16417,88.757998,103.98566,183.05209,150.42313,198.75967,172.15283,173.289,174.0313,231.91173,219.22482,225.85172,221.9693,222.45758,240.2321,97.812581,131.57739,20.0,18.546324,19.094877,20.0
96.547544,83.676684,96.646117,89.67946,125.2875,123.17508,123.33925,131.10258,160.66411,135.13908,134.31879,135.97183,90.941785,95.346611,96.891127,102.95121,164.23986,158.2172,166.42931,173.81476,210.23887,273.51879,230.53382,254.65696,86.910334,85.392552,90.988604,92.873235,154.28491,159.09266,179.77519,185.97994,216.12622,202.81615,211.55755,210.33501,92.197571,88.632715,93.278427,97.055702,89.852948,103.69409,164.05266,150.52815,204.26567,172.51029,177.93255,182.1997,227.25379,217.71949,221.4502,223.87917,220.94851,238.17439,99.28735,138.87877,20.0,19.106254,19.715281,20.0
94.681121,93.742151,94.463646,87.851604,124.69951,123.61544,124.40009,132.36659,162.68996,129.54202,133.44645,131.83194,90.494013,95.77417,94.901757,101.67328,165.0093,157.02327,166.02296,166.80468,210.80359,265.50721,235.99947,257.67296,87.855525,88.020951,89.274971,87.09183,153.93462,153.89581,170.41079,190.01911,222.13662,201.26198,209.11615,202.02496,94.330529,88.801458,92.868462,101.68172,91.648348,107.4545,164.1901,161.47185,180.65641,171.19725,183.03812,181.54881,222.44878,212.57563,219.04639,222.53568,224.28453,239.4028,97.285827,131.20928,20.0,19.175132,19.544066,20.0
95.664887,96.219725,90.795876,94.029768,123.53759,126.37455,125.57735,129.03619,152.70313,132.1775,131.08915,135.23373,92.534271,95.359422,94.777402,100.88926,166.00759,162.31764,165.55215,168.25702,211.71317,276.34432,237.5671,258.05134,85.294371,86.476732,88.143052,85.430811,148.25254,155.87842,175.24111,184.69521,217.60772,203.70591,208.22825,204.49162,93.099073,91.605141,89.008181,102.62422,91.229384,106.95642,166.4091,158.19347,192.12564,167.12627,180.97145,194.66483,224.20178,212.43392,218.92465,222.84109,219.19452,236.65717,91.638786,150.44829,20.0,17.655727,17.891895,20.0
92.864419,94.496168,90.878014,112.46727,123.71265,121.57332,124.67191,131.73256,151.23801,129.89184,136.72884,135.08582,90.893739,94.413833,99.538397,102.69995,164.22818,153.8141,164.95607,166.98729,210.06435,280.22337,236.00249,245.93378,84.970103,82.382364,88.817666,85.266085,151.88149,159.90499,173.96124,187.31074,220.30469,205.18173,211.52607,206.97886,96.547731,96.877137,89.563573,98.084907,90.665621,103.34138,170.26868,153.71597,188.25617,170.95374,174.48915,181.139,220.05952,211.10684,215.12211,213.82772,212.90206,237.58001,91.409966,135.47445,20.0,18.298256,18.840078,20.0
93.830895,99.932234,93.196546,94.928423,125.53425,126.33157,126.26056,130.38653,142.98314,130.11126,132.42044,134.41606,89.830838,95.249135,99.532444,104.16907,163.47033,165.95048,167.39848,164.96624,207.12239,259.67007,234.84689,243.11524,82.959935,83.308967,87.537745,85.249886,147.42735,164.98383,177.0746,189.28432,216.16036,208.46966,209.79206,212.12376,93.608749,93.468755,90.567824,97.428044,87.639055,106.73514,176.16349,153.58904,196.55597,164.99103,168.51919,170.98516,221.56158,209.12584,216.17752,210.40806,214.64181,235.591,94.324276,153.26373,20.0,19.116249,19.713739,20.0
93.878379,99.229763,94.604096,99.245926,125.15744,124.21167,120.51725,129.43345,150.79565,132.23702,134.42954,133.77787,91.902761,94.541627,96.193059,105.22281,160.52372,160.45948,171.00387,160.67185,204.16331,261.19901,231.52724,259.88111,83.574462,85.190936,86.502371,83.853694,143.96136,159.34234,167.23461,186.45433,211.04342,204.32102,201.81326,204.187,92.298583,90.460139,93.320093,98.383473,90.356095,107.71492,179.69558,148.99969,203.81985,172.61483,180.78585,185.97661,227.27346,211.53498,217.32877,213.44177,216.19981,235.39435,93.414134,129.38978,20.0,15.691601,16.137881,20.0
89.627506,84.215476,97.58929,105.82187,123.89221,123.25564,123.05649,127.30976,147.33842,131.02151,134.7226,132.1963,89.406268,97.310359,95.19871,101.8579,163.96135,157.7069,161.70604,164.84771,204.64097,272.77539,232.0048,257.67485,87.76324,86.608098,92.17557,89.051013,155.64833,150.85395,182.27565,182.53341,217.03878,193.52603,204.82662,199.73063,92.518439,90.075945,90.841455,97.681489,90.329806,104.09256,153.02347,152.62385,191.9188,181.34118,188.36269,169.1511,225.41435,212.52529,217.87112,214.5584,213.14539,235.68435,95.210586,126.43028,20.0,16.550724,17.681504,20.0
92.949273,89.477417,96.537032,96.915052,121.87434,122.02463,122.67465,128.3304,148.58483,131.76477,134.05091,132.12543,90.586597,99.657522,97.652775,103.15341,160.89373,159.14452,162.65636,164.49063,204.87496,253.93045,232.8441,252.68351,87.992578,89.409856,89.222923,90.460642,150.83181,164.25693,175.16976,183.25073,218.39741,198.97136,209.3675,205.94118,97.048064,89.674031,87.440423,99.44749,88.004696,106.94419,147.09947,151.85207,179.80019,160.55414,170.21367,183.67501,221.92482,208.7457,217.13849,219.38832,220.75026,240.2334,97.046905,158.52732,20.0,12.539439,12.593086,20.0
95.357825,96.276518,94.98436,102.09735,120.66432,120.67938,120.27926,127.01706,136.82083,133.47633,141.08326,130.98306,89.466071,93.17602,95.063581,102.67272,159.6062,159.33157,166.94509,163.4521,207.76738,267.61913,236.23859,234.8017,82.44939,82.87344,89.252787,89.394939,142.28505,151.11805,172.35873,185.5418,216.61345,205.94182,203.33069,207.47968,97.685125,91.116838,92.552943,99.83992,89.203812,102.40107,151.52275,144.94291,193.91341,166.3499,161.06146,179.25693,219.71287,212.95265,218.51409,216.07009,224.11115,234.55345,92.57945,135.26726,20.0,10.993657,12.504864,20.0
91.243482,94.144994,96.377765,115.41494,119.16991,120.0192,123.0645,127.83792,136.99261,130.72586,130.05352,133.83766,89.92845,93.665323,97.732262,105.05231,157.35632,161.44355,165.49135,168.47272,209.08712,277.01184,229.50593,254.33557,82.39769,79.92212,88.543031,82.863437,142.95616,146.1883,180.13126,182.3695,211.42891,191.9689,207.32966,204.44355,100.8388,92.95455,93.353258,102.32924,87.686946,105.85138,187.47917,147.12411,160.64245,166.56505,184.6808,178.55648,221.8134,210.42562,218.6564,216.82361,220.63234,229.83503,89.110064,127.50676,20.0,16.610817,18.029232,20.0
90.755803,95.763072,94.44581,101.38591,121.70725,122.32064,119.82261,130.09723,134.87164,130.77647,130.30534,132.74812,92.253255,95.470137,98.460279,107.39488,163.10242,161.96752,163.79224,166.24655,214.70016,279.22034,230.6225,252.60569,85.632748,85.392374,82.137323,83.636974,147.84764,159.0486,175.07457,181.33539,207.29699,203.64273,200.36499,192.93063,94.817154,92.7142,91.794722,102.73206,88.55507,106.78672,154.87116,144.89292,198.88134,174.86827,175.33762,183.58028,219.0349,209.95905,218.16567,216.05258,213.25551,234.11941,90.638064,166.55507,20.0,18.140397,18.909207,20.0
97.128536,96.677829,97.641055,84.847056,123.29704,122.29635,122.46006,128.11049,148.75085,127.56985,135.98477,131.63228,90.820859,95.804238,96.223748,102.46222,160.06319,165.21064,157.52068,159.63997,210.48754,280.89845,244.81724,253.51088,85.297948,82.870045,87.836154,85.703317,150.31251,163.55193,177.28086,184.48463,218.04821,209.73866,205.74647,200.60695,92.855275,91.942731,89.050583,100.06396,87.824175,104.21978,165.48223,144.76926,176.03896,176.41,194.47619,175.07659,224.22318,209.94688,223.98338,217.10286,222.26191,238.53445,96.290645,146.86549,20.0,19.074973,19.638133,20.0
92.703582,84.836692,94.578014,99.271311,122.70666,120.8859,122.87066,125.89382,149.47234,129.40046,131.3201,129.78621,93.361194,95.278532,98.369503,105.7049,162.09214,161.72024,166.57622,163.26184,206.65427,262.18146,237.57145,241.6543,84.848511,81.667348,92.037193,90.818366,154.01091,169.65969,181.44695,184.49044,217.09667,211.03161,204.74341,206.42088,94.255171,89.124816,87.034686,97.107276,85.50459,103.06148,154.50407,154.68634,176.26269,162.54652,176.92478,183.31431,231.87014,216.21234,225.21235,220.76952,230.6215,240.74329,97.296032,148.76834,20.0,17.553702,17.411409,20.0
87.161083,100.89158,94.218017,105.97895,118.71139,124.35821,121.57201,126.93899,135.7948,128.74247,132.30368,130.60693,93.10339,93.582992,95.664008,103.35714,164.28392,162.96404,165.07347,162.75801,217.20822,270.96582,232.22711,256.77569,85.64935,85.693558,85.62492,82.080465,142.23645,160.91935,175.91775,186.62602,216.38688,203.68402,206.28547,207.2766,91.789228,86.464759,90.911686,104.27487,89.461378,100.36251,170.19947,154.24502,196.70712,168.03052,173.30486,192.64183,229.20862,222.33607,220.73253,213.44029,224.91136,236.52832,91.23706,143.02623,20.0,17.200248,17.053335,20.0
94.106122,101.20325,93.949832,93.683919,118.89412,125.40722,119.92943,126.48645,157.42997,130.31651,130.54145,129.99304,93.338773,94.781294,97.99392,102.52746,166.95857,159.69228,167.72117,169.38321,215.23579,273.8545,235.43785,250.70666,83.129411,79.638332,84.59664,79.833647,144.5287,151.064,184.87077,183.91743,221.29041,203.99366,212.2682,208.84383,89.780092,89.271682,93.175943,98.924774,90.272228,101.84233,175.78626,153.03438,198.61307,177.17047,182.7792,175.30719,227.85494,218.35758,225.62512,215.95117,224.44259,233.83758,89.657162,146.66163,20.0,16.804963,17.177516,20.0
94.254952,89.414876,93.545804,101.01936,119.79239,121.56362,120.94455,127.54312,155.66225,134.27381,129.82898,131.46165,92.34721,97.579216,96.940685,104.28006,161.31408,152.40288,168.99046,169.77782,215.22281,270.8906,236.94279,260.30371,82.550839,83.720535,83.088075,84.839537,145.57852,164.32931,176.25849,188.69261,215.49572,198.61042,206.66021,204.23657,88.88019,87.011202,88.376594,94.947362,90.553231,105.48981,157.41658,153.95259,190.65151,169.4905,190.50134,175.68771,227.76387,217.34219,222.54556,224.64517,221.32243,238.02947,95.527294,155.7611,20.0,16.87587,17.303523,20.0
91.484094,86.165352,96.680834,110.72238,120.1104,117.75913,123.97775,129.25806,152.74132,127.44651,133.21581,134.00075,91.60165,96.071237,95.980247,109.03416,163.0003,151.48744,161.90007,170.28681,215.25082,278.35638,235.7706,260.8588,85.901002,82.2389,88.101557,83.193793,152.73982,153.3407,187.37141,186.5562,219.88292,200.4688,203.56349,204.01104,94.634035,89.361939,89.880146,96.872962,88.929428,97.360502,175.11404,156.27557,194.20311,171.25253,179.26939,173.24201,225.37838,214.84969,226.17329,221.36361,222.83564,238.68238,97.499198,134.22021,20.0,16.781182,16.860446,20.0
95.658765,95.397835,91.689605,93.785688,120.51909,119.2601,123.30586,128.62998,150.52458,134.51277,131.42482,132.56563,91.653466,94.857176,101.62951,112.78341,168.18386,157.8669,168.01819,171.49525,207.68005,273.25366,238.83023,248.92923,84.26422,86.331153,90.14056,88.386083,152.76348,168.52913,167.87149,184.62056,221.19157,205.4579,210.5418,211.81176,89.867952,88.827596,91.539198,100.92346,85.596448,97.989526,168.83136,154.78162,186.5992,167.97853,174.5215,176.02191,225.61272,219.92798,220.51653,218.74971,225.26244,237.55538,95.4291,159.89339,20.0,16.816061,17.086255,20.0
96.97446,95.698491,90.982958,99.581557,122.39444,123.10194,122.60072,129.02213,144.83502,131.52972,134.08912,134.03439,89.99435,97.181036,94.990126,108.18403,163.21445,161.86662,175.28961,166.86397,210.83765,270.88446,236.17145,263.0395,82.78856,81.582225,84.971052,83.491096,158.76801,159.82089,175.88763,191.51683,218.71986,204.27348,208.10459,210.2528,88.202309,93.22242,93.877259,97.7291,86.078995,100.52528,168.82211,150.50477,206.7636,169.54087,166.05587,176.79706,226.1664,216.92323,224.7618,218.51316,220.78763,238.01079,90.88198,132.7507,20.0,17.881783,18.744958,20.0
93.674865,93.195303,94.321276,98.102877,122.49876,122.72192,122.84376,128.54775,153.86475,129.88893,131.32496,132.47831,88.733173,92.680662,91.751904,105.70349,164.13997,153.74146,162.21614,167.94271,212.31609,263.68432,239.41339,257.44321,82.004883,81.667865,82.118957,81.081913,151.03518,168.19334,179.47224,186.83293,221.11779,207.32213,208.75576,203.21196,90.950119,90.460827,88.360064,94.870809,91.127773,100.01624,149.29448,151.04624,204.51472,186.48995,167.59901,180.98742,228.43452,221.1636,229.32108,222.16926,219.04363,244.93215,93.791346,132.06339,20.0,17.3882,17.410898,20.0
91.753829,91.604063,94.176975,100.75696,121.85583,120.40542,123.20777,126.77136,138.98034,137.52454,132.40242,130.74872,90.477197,93.967482,98.284615,110.99521,159.48907,160.9728,167.98372,173.76865,212.68489,266.97156,242.97287,260.19739,82.23595,84.11386,84.306722,87.815202,156.93534,166.18536,184.56372,188.41313,226.26305,210.77568,211.49121,208.16461,92.818282,87.858726,83.288884,93.525897,88.576346,101.79691,160.04889,149.46187,171.6806,173.73377,172.40129,170.29997,230.53494,224.56541,228.15028,223.43725,231.81395,248.58829,94.581971,126.28866,20.0,15.304252,15.025297,20.0
91.233665,93.932997,93.312351,109.06173,122.14096,121.36966,124.36895,127.56534,154.41681,128.69374,132.35179,133.14691,89.704563,96.721428,97.693259,107.29035,165.94642,156.61179,177.28514,169.11794,214.08091,267.14257,246.10188,259.27454,83.505708,85.210602,87.923006,85.565073,145.44748,178.84914,172.18526,190.44289,223.97983,209.81717,213.38189,210.49999,95.055573,85.374673,86.283394,97.822919,88.556662,100.78265,173.75091,155.44228,181.02329,161.86166,162.26605,181.20177,228.81005,221.95756,230.93826,223.7956,234.27137,241.77286,94.914974,136.83442,20.0,13.973634,15.197848,20.0
91.356917,95.521316,92.859685,96.50529,121.26395,120.72031,122.96317,126.82579,165.67873,132.51169,130.77812,131.98558,89.609467,92.583242,96.913171,110.55946,166.40453,156.79302,172.95252,162.63413,224.24483,272.90528,239.43603,246.91353,82.378012,81.374138,85.464436,81.741588,146.36057,163.35516,174.96457,189.01247,222.15143,203.58981,213.22009,209.21207,94.95446,84.901088,90.629048,100.34281,89.252166,96.908307,152.856,150.48171,207.45632,172.03485,171.92877,182.84603,236.93521,223.16833,230.25104,223.82294,224.76394,243.0875,91.804125,132.79203,20.0,16.64492,17.546203,20.0
90.486803,96.554819,93.599479,111.14655,124.50824,121.91988,121.82097,130.49992,143.20149,133.15333,130.20332,135.87484,90.072985,93.805552,98.423921,111.10333,162.96131,165.97483,166.04793,167.32794,217.68486,289.79689,236.83802,249.55112,84.320975,81.662309,83.546606,86.399062,154.42578,164.32581,182.73057,190.67993,220.31645,209.29542,210.9833,209.54926,91.672398,88.169154,89.772911,97.329982,85.985004,96.254583,149.40286,153.5034,174.46726,179.45441,174.80079,181.80276,234.09572,221.66272,227.03183,224.4265,219.21431,240.83772,94.625015,140.23675,20.0,18.012991,18.574311,20.0
91.041517,98.379424,94.727015,103.85035,123.82239,122.53074,122.13481,131.40266,149.59919,132.41516,135.10155,133.45457,88.258528,93.831756,98.576509,112.07881,164.8711,162.06635,168.94881,166.22747,220.02373,260.81442,236.50566,262.69051,84.365624,80.308035,86.126564,85.478671,150.57671,159.15001,185.7455,191.52022,222.11223,205.04556,210.14559,208.92076,92.063824,91.668519,92.258831,95.711359,87.175598,99.260735,146.13813,157.05472,183.06142,173.87949,188.36327,186.95248,231.1789,217.33668,224.30451,224.34448,225.2215,240.29375,93.473042,125.86503,20.0,17.743228,17.956043,20.0
95.553047,93.721605,96.555871,92.042064,123.69876,123.8377,126.44789,131.41845,151.08842,137.10333,134.5904,132.39491,90.324257,92.429996,98.276415,105.4761,172.44591,169.02461,161.36681,163.78665,216.98421,258.89731,238.98416,247.29336,87.466617,83.984099,89.391926,86.043987,155.03703,157.04658,188.38214,188.42918,222.60066,202.63058,208.10602,208.32498,95.195681,92.996003,90.005551,95.457144,88.11548,96.957862,158.69964,164.18897,198.2363,172.49112,185.36804,191.30665,223.19437,218.01411,220.45856,229.593,233.84223,246.60429,97.586935,128.07861,20.0,17.246377,17.779038,20.0
92.830856,90.531127,98.35215,100.01521,123.51718,123.95069,127.14264,130.15412,160.8423,140.57417,136.28599,132.71625,93.88521,93.313929,99.707319,103.01343,160.68473,163.29114,168.13382,167.40537,211.776,268.03288,231.52024,252.552,84.97514,83.15207,88.679944,86.06389,144.37158,158.38812,184.187,186.78047,224.14745,215.2343,208.77092,211.46726,90.060552,92.393618,85.248778,94.946627,87.768717,103.75802,179.00568,151.89253,199.53304,165.82648,167.05672,177.07213,225.57334,219.80962,223.26601,213.07044,235.76611,241.38991,97.357698,139.22738,20.0,14.108912,14.590062,20.0
93.949362,94.023017,94.409884,98.353119,124.81677,126.75866,125.74023,131.15451,138.45929,132.34526,137.25506,137.72258,94.146791,96.064418,98.928315,102.60789,160.36843,169.13169,171.92034,166.46491,209.43496,277.4698,233.03278,255.39778,84.023166,81.542515,88.351871,82.095364,148.58072,165.83042,183.02324,189.50341,221.51551,215.47474,211.09294,208.57721,84.02123,89.132782,87.456574,94.388828,92.021714,106.61376,166.36967,145.08241,197.21463,171.82239,163.49482,181.40412,223.50009,214.95731,221.30467,223.76468,218.75407,236.71921,95.211681,145.5126,20.0,15.573964,16.662263,20.0
92.05857,94.608256,92.757625,102.11238,124.44692,125.64518,123.68615,132.59051,145.81875,129.79361,134.24385,136.45162,92.77421,94.879889,97.97982,103.95865,159.69534,160.56927,163.02859,165.88264,210.06634,261.57998,239.12509,257.48858,88.783615,81.220223,90.282567,87.374234,157.23451,151.90552,188.02292,186.4443,217.74648,208.78056,208.02865,208.15746,91.239169,91.079142,85.596184,90.732016,90.522892,105.17454,179.16664,153.513,203.98661,173.78776,187.17739,172.35905,222.26221,212.81965,226.68794,224.17228,222.67392,240.92738,93.632944,140.76251,20.0,15.754487,15.743579,20.0
89.543003,96.126218,97.365598,93.053212,125.71497,122.79527,126.31085,130.05215,132.6326,133.91148,144.29653,131.66647,92.229328,95.067517,98.61525,103.30184,159.6615,161.72968,165.06545,164.18533,211.88315,270.34714,238.70849,251.27541,86.624433,86.135012,85.603991,87.65542,141.55102,157.01886,184.91238,191.46629,218.89078,203.37336,208.02433,209.35898,91.421977,88.827122,83.623605,95.69251,85.377474,105.45575,171.97777,149.07335,199.29711,172.16286,197.90455,193.48784,222.85829,217.03762,223.88552,226.41816,227.25854,241.31422,98.792322,156.85133,20.0,15.159672,15.19144,20.0
94.640101,91.918865,95.408293,98.72257,124.98236,125.38034,124.92906,128.36198,155.39101,132.87385,137.41295,131.08252,91.101262,95.596544,98.981817,103.01947,159.49124,162.98199,162.04708,165.96439,211.00116,273.05938,231.02304,258.34077,82.457952,80.329186,88.243112,85.472272,144.93191,161.36821,185.88553,188.27696,221.63135,203.97617,209.09755,206.71148,92.672876,83.719603,91.734243,97.960673,85.796806,104.3234,180.3505,146.045,202.9758,176.77432,171.28983,185.14376,228.3217,221.18126,226.92191,223.26496,228.81415,235.5153,93.693182,129.00216,20.0,15.738982,16.373637,20.0
94.559072,86.007309,93.380505,96.678477,122.90281,123.85165,124.00384,128.85663,142.42395,137.25669,137.51278,132.56908,90.040443,96.490951,96.374518,106.01051,163.32465,159.48798,159.09708,162.15701,208.88344,275.98714,233.94623,255.78841,82.108127,81.617441,88.508339,85.659891,154.07501,159.10114,183.49068,188.06004,216.80769,201.1216,211.88364,208.12295,90.670617,83.430168,92.415839,101.36062,89.874327,103.78331,166.07337,152.57466,196.20554,184.04283,171.34264,182.01329,225.38891,212.5737,226.00571,223.35611,219.95586,241.15417,90.400131,143.07278,20.0,14.537364,14.910362,20.0
87.96441,94.398884,94.214161,101.96822,122.5046,122.24348,123.5361,129.09665,146.17091,136.92954,137.39652,132.20954,88.719516,93.709213,96.427234,103.90288,160.60816,156.53076,162.78267,162.95829,210.56883,270.83143,240.11445,254.47941,83.923192,82.350687,84.71725,84.534439,151.73934,153.40989,185.12424,185.2343,224.51358,200.58818,208.94844,206.2173,95.414822,94.478768,88.02766,96.78736,89.563571,101.90683,164.98933,157.00797,184.97714,177.49344,182.6628,181.43847,230.46177,212.70127,220.55645,228.08304,230.52596,245.50923,94.917229,152.68885,20.0,16.605295,17.982377,20.0
92.619369,96.82257,93.078907,100.35403,123.12974,123.65302,124.4355,128.56825,151.95759,135.78199,136.06463,132.81041,88.614017,95.290801,96.805849,102.05348,161.80425,153.00245,166.5134,164.116,216.562,283.08319,238.65162,257.33643,81.588299,82.556781,86.694399,84.616958,153.50564,164.2839,176.81761,189.24851,222.4549,205.00776,215.45745,212.05139,94.187834,88.960215,88.379212,100.30563,88.719188,101.18973,162.83293,154.60021,195.79845,177.47798,167.52258,179.93192,228.30305,214.11578,222.83737,221.95234,219.05792,242.14821,94.311145,134.11098,20.0,16.617471,16.740262,20.0
97.278053,88.75827,92.359484,96.182284,122.71026,123.50568,122.04693,130.5239,149.91394,132.98711,136.21167,134.96339,88.744387,95.070397,95.696021,106.12566,159.13869,159.99865,163.29106,162.25642,209.94776,272.85042,235.87312,260.77232,81.638863,83.42715,88.066169,79.787255,154.06442,154.11051,183.56472,184.92341,226.53234,209.379,208.80608,206.8694,92.761377,89.703815,87.721184,99.197717,88.429831,103.99948,170.5659,149.87625,207.95173,176.2909,165.19909,176.15811,224.81911,211.00672,220.64308,215.54159,224.92655,242.59934,89.734129,148.04366,20.0,12.973571,13.451858,20.0
90.634651,92.282531,94.690872,93.348888,123.63532,124.35725,124.91465,129.27535,165.27323,128.76457,133.28879,133.65859,89.109351,96.340111,93.827585,102.59675,162.01675,166.09457,168.40812,166.146,208.27143,265.42367,242.37136,242.74542,82.452678,82.896532,84.706036,83.560197,151.06955,160.51874,170.27159,186.32679,214.98629,206.27929,210.34614,209.28143,91.650852,87.975645,86.564899,96.735765,87.461398,105.26841,175.79885,151.44861,188.39127,164.05295,163.4659,172.93611,229.74406,213.67679,218.86493,218.71585,225.65979,238.64514,95.764985,134.20599,20.0,14.007316,15.731439,20.0
90.572272,92.833326,92.095694,98.796467,122.46,121.9449,122.58992,128.77326,146.74837,135.39083,136.0255,132.98979,89.579553,95.408362,92.20021,102.1086,164.70065,160.10576,163.53229,172.78572,207.87587,273.68823,237.17443,240.42898,83.092042,85.634198,84.733109,84.323755,150.77408,161.34245,174.69194,189.82974,215.92402,204.22409,205.95376,194.84998,93.210306,89.310721,87.785692,95.58596,91.378504,103.84617,178.94852,152.8272,199.88714,166.17115,158.6982,176.30625,223.86381,213.27441,222.68508,220.50748,225.01944,236.43804,92.309405,142.22916,20.0,16.484932,17.402977,20.0
90.414893,89.965482,94.749286,111.99007,121.48432,118.67262,122.62638,129.41254,150.86415,133.54391,132.50401,134.34606,91.603325,95.994467,94.95998,101.45893,163.12113,159.54702,167.61263,169.88012,208.26728,271.15436,236.48451,252.14267,85.415011,81.736251,83.90689,85.243688,150.78155,158.62355,173.82327,184.23832,217.3854,208.19839,205.78541,205.88219,90.919894,89.84465,91.154311,100.58186,91.124284,103.4493,186.22996,152.1577,203.95225,179.20784,175.43282,179.05303,227.13584,218.08649,229.37579,222.7568,216.84372,238.60896,87.591726,128.6841,20.0,17.313976,17.839379,20.0
91.884182,94.996929,95.791625,89.373904,120.43052,120.59339,122.17544,127.9419,149.32952,132.0788,135.8769,132.92936,91.00283,97.452016,96.543728,96.680907,160.33707,162.92776,169.05507,172.06153,210.24875,275.57951,236.89976,250.12958,85.717456,85.008417,86.511592,86.937499,153.66333,161.91495,177.80738,184.63855,219.43416,203.47387,204.83109,201.72491,89.363582,87.391533,95.955014,99.583742,88.206626,105.09893,156.83112,149.8357,185.67909,173.13737,187.63822,179.72491,229.40968,216.10093,224.05439,224.33002,218.00829,238.19056,96.841591,129.89518,20.0,17.367511,17.56173,20.0
94.934543,94.976924,93.939555,100.76226,125.24525,123.45101,120.91649,127.28073,143.04593,129.77242,140.73035,133.03938,89.282343,93.792475,95.325307,102.04664,160.27002,163.86461,164.12802,170.54049,213.06918,289.08642,237.59027,242.9937,85.296338,87.79082,88.367858,88.185689,149.40206,165.9546,165.65205,185.55019,211.89296,199.89142,204.71235,200.33455,92.046768,86.771716,95.019494,99.103793,86.71887,104.04375,144.77947,146.24683,192.94908,160.9175,168.091,182.86306,224.32025,218.28245,226.55242,215.01738,215.03451,236.21355,96.904798,133.9808,20.0,15.785332,16.010993,20.0
93.197679,95.219375,97.606294,110.14408,122.76355,125.85911,121.12565,128.99673,154.42617,132.50112,134.9528,132.95012,88.079031,92.20765,94.42271,102.10065,171.36388,173.59698,156.40336,166.56538,209.7101,255.62932,239.31954,242.6569,82.706045,78.299511,85.739877,85.454371,151.71599,159.79785,169.71394,183.50724,217.02216,202.71544,205.74867,204.04787,96.135712,92.197702,93.088556,102.6663,86.305321,98.151408,165.13111,153.50799,190.54826,171.7408,173.31197,176.2839,225.71015,215.09536,219.79129,211.76543,215.85086,236.16269,88.852331,160.92613,20.0,16.265864,17.666542,20.0
93.555139,96.80532,97.19295,98.778088,122.08061,122.32936,122.60145,128.71588,155.90886,135.76253,130.61724,130.34999,87.459412,93.166423,97.884421,101.26695,165.11416,162.99479,166.64893,168.24784,206.22004,267.54485,233.52691,246.45679,85.640827,79.467546,83.60676,85.299869,146.46697,152.15563,170.8299,186.40462,213.34107,198.99015,206.39735,204.97692,93.26664,91.885503,88.899862,102.80047,84.157242,105.45389,171.18733,149.95905,198.94429,172.03294,192.15199,175.61731,228.22064,210.70006,216.76624,214.30122,212.69023,232.68246,88.945637,128.99924,20.0,17.548974,17.89837,20.0
93.126075,100.32181,94.62372,104.37635,122.91435,125.03624,123.15714,127.20391,153.88972,129.67745,134.96942,132.93348,86.265557,95.160573,94.015485,106.8691,165.68045,162.60276,168.68899,166.13312,205.76864,253.1266,231.79476,248.60375,86.472981,86.297867,83.025488,82.179632,153.35919,162.91032,177.56832,184.60451,211.43426,215.13501,201.55871,203.18969,90.429379,85.766155,85.025681,96.158605,86.912119,106.41123,147.35885,146.99663,210.86392,166.16617,173.04882,171.33235,229.90253,211.09651,216.05705,206.90122,216.49594,234.91704,93.503416,140.36406,20.0,16.321458,16.00641,20.0
91.673295,84.81016,94.802464,110.39383,122.5077,120.23818,121.26782,128.96747,157.84631,127.62566,129.5038,129.51469,89.211341,95.227131,93.404742,109.76609,172.88141,163.1319,163.58408,161.52399,204.62711,262.58082,237.81335,251.90433,85.170625,83.571716,88.626308,84.663191,155.4164,169.40746,174.98638,181.31211,211.92054,199.90738,204.07047,200.84014,92.508065,87.561667,83.750695,94.345059,87.18658,104.34481,150.46625,155.96364,199.62528,167.70661,173.96602,174.85546,220.83739,218.58481,218.55312,216.18903,209.9117,235.26667,93.282481,130.31498,20.0,15.519573,15.462267,20.0
89.915509,96.601044,97.312009,96.24593,119.98734,118.44545,120.45707,127.36574,153.75057,127.22575,130.95585,131.56611,88.764035,95.781844,92.137878,105.00759,165.41094,158.84389,156.82512,164.55631,207.51491,264.14758,231.14581,253.4125,82.162877,82.87139,88.871308,85.325322,156.95376,162.38951,174.91219,183.89364,206.43121,200.45136,198.3345,193.65001,100.46818,92.3229,86.147634,93.292545,83.318731,98.943502,168.59307,161.01135,197.09458,171.29716,193.52631,179.49573,223.27046,217.27742,219.66433,225.9654,213.43119,235.19353,94.053946,138.59922,20.0,17.198406,17.839965,20.0
96.737184,97.805283,96.534118,90.653462,120.43765,119.70129,120.36099,129.7484,152.30764,132.05147,131.22981,132.25518,90.760307,93.181393,95.163127,107.43273,162.04862,160.46497,162.27134,167.01738,213.49074,288.35888,232.45828,245.83627,83.27036,85.603059,87.53661,86.54362,154.03885,168.89444,174.97195,182.21288,222.00388,217.03203,201.02084,195.00593,92.087332,87.131656,90.39432,98.114129,86.571575,99.609811,173.40205,152.11626,190.35796,166.61389,176.08648,178.74225,227.53838,215.90614,224.31328,217.22423,229.38845,240.41666,99.180839,127.97913,20.0,16.971439,17.548389,20.0
98.190921,92.509074,93.319051,102.00654,121.52268,120.39101,121.14099,129.8556,155.14254,128.59326,132.73202,133.10114,90.536964,93.411205,95.579324,104.96619,160.90472,159.76881,171.9284,172.34144,208.40916,265.49044,234.60552,241.60529,80.818732,82.522827,87.544189,87.972971,153.00194,174.9401,184.84072,188.89642,220.21442,217.6563,210.22851,215.49611,89.836942,86.123575,88.474591,98.106777,87.352719,100.53245,149.15556,143.64036,191.50782,157.51647,159.55676,173.84922,225.80872,212.7954,221.33783,214.08873,221.84453,239.15095,94.899564,143.98441,20.0,15.919885,16.236397,20.0
92.54141,97.089025,95.159354,99.179469,123.48509,125.47329,121.85721,128.72743,141.25679,131.55566,134.35193,130.18801,90.478701,92.314209,95.011804,100.88045,158.05669,157.35656,172.00454,167.65339,207.91705,285.88647,235.10222,244.49729,80.113055,80.579689,83.531955,82.435614,140.99142,170.7026,182.84228,192.29379,218.66849,202.18779,209.94561,212.2835,90.234222,89.940783,87.37716,96.988601,88.228877,102.59157,166.83194,147.58527,176.88046,163.73622,165.53463,174.85167,223.98394,220.89046,220.64274,226.20469,225.1681,239.08875,96.325317,137.88446,20.0,17.414781,18.05792,20.0
91.40315,96.753352,92.137023,101.14603,123.49399,125.20827,121.03334,127.58939,142.93105,132.22193,133.19795,131.50751,91.142256,90.825272,98.464088,102.37947,158.72373,159.79235,166.22206,164.57392,210.36595,277.64547,237.86107,257.07669,82.018586,84.722754,87.71658,84.425515,140.97541,145.39444,186.86882,184.95898,215.74547,195.24881,206.08131,206.02698,94.636041,92.373141,85.328972,94.944211,87.023806,102.12937,181.3273,154.08397,199.01265,168.89895,189.36999,173.27599,227.74869,219.12625,218.84156,223.38228,221.02609,237.63186,90.605518,158.76562,20.0,17.158862,17.06256,20.0
92.576498,89.950147,92.55906,100.4695,122.36284,121.12648,122.20182,128.67577,140.68943,133.92948,133.93282,132.26376,89.71371,96.204394,97.831092,101.68364,162.11992,160.73178,167.14175,161.52836,217.75065,259.079,234.42202,248.58756,84.542959,84.296973,88.685143,85.651392,147.8756,156.09379,175.339,182.1616,216.76262,195.71729,210.42772,201.44977,88.835459,87.617202,84.403094,96.169975,87.109279,102.45415,151.68489,154.68881,202.77416,172.92679,184.53016,177.92071,219.85568,219.26781,224.11186,216.79538,225.67311,245.36423,91.023464,146.84116,20.0,15.34407,15.266245,20.0
89.721884,88.344784,94.358928,96.372013,123.6712,122.62352,123.85314,127.39056,156.44995,130.94499,133.60889,131.10568,90.467026,95.707652,96.877282,102.16607,165.49131,160.62947,163.20708,164.80474,207.60308,284.36857,233.59717,242.77731,86.382329,84.72084,90.298259,87.915826,147.34001,165.49292,172.7324,192.7909,223.37104,210.75474,213.60338,201.72243,88.053018,86.542983,86.185764,93.818762,86.14062,100.66745,168.65027,154.77467,189.77546,164.26177,171.67976,169.81785,223.93382,215.73275,225.35943,218.11786,233.17457,240.78741,96.394786,157.11555,20.0,17.230679,17.902285,20.0
92.374104,94.177256,93.665622,103.77543,122.9534,124.13589,122.77911,127.17951,169.486,129.53259,130.94074,131.68923,89.597088,96.354264,94.09049,103.93058,160.97653,160.25201,161.48701,166.1746,206.00349,258.82664,232.28916,252.06414,82.320321,84.497274,87.280065,84.467603,142.03896,164.83966,165.88366,192.73493,224.4985,214.43645,214.49229,211.70584,87.554755,86.371815,91.855108,95.681967,88.207805,100.32444,176.12848,159.25099,191.71232,166.83071,172.79364,182.20039,226.93865,216.64195,227.36018,218.25218,220.9143,237.1244,93.560106,128.33126,20.0,17.801831,17.959988,20.0
92.128809,93.816632,92.323599,106.96083,121.12664,121.78683,120.9956,128.16784,146.2651,128.95834,129.52122,133.44835,87.841906,96.211361,95.519822,103.92192,163.87326,156.53432,169.95151,165.28815,208.48637,276.25635,235.4423,247.20347,84.353732,80.692671,86.874904,81.150097,157.96577,153.60023,172.17208,189.11378,211.84662,206.30484,208.62383,201.4779,90.977055,92.182183,95.722742,96.458834,90.091013,101.17688,169.67751,152.70335,181.61084,177.09585,171.87475,197.15091,223.59647,214.62672,216.97508,212.26545,224.59724,234.28554,88.622414,166.4937,20.0,18.012052,18.446824,20.0
90.915652,95.054238,92.801754,99.494968,125.77185,124.64583,121.51912,130.29099,150.14167,128.176,139.95341,131.70087,88.489522,97.720196,93.752244,100.5364,164.73201,151.54284,170.11454,165.13181,210.41953,277.52403,233.52002,241.02745,88.950389,82.80191,89.131881,86.991169,162.17015,155.121,181.21476,188.41059,218.35066,211.21979,205.64828,205.57216,94.740716,91.071218,92.501298,96.400073,87.077369,106.05106,159.36667,154.84224,191.07914,172.73498,181.68451,197.52808,221.91568,209.98457,220.18481,214.55177,221.21202,238.05012,93.705601,130.42519,20.0,18.095368,18.304303,20.0
94.916345,94.435256,94.647426,93.445154,122.69338,124.56146,121.77234,126.61247,156.60872,133.44433,132.27243,130.80623,89.406336,95.459264,94.731155,101.76859,164.63614,159.67443,160.37599,165.12061,206.90141,267.2812,227.0272,249.29794,85.402214,88.365064,89.006268,82.943119,153.04178,166.54911,176.79022,185.2172,213.71256,200.11022,208.15887,200.60496,92.281905,89.487492,86.697795,99.646796,86.518816,100.69114,157.49675,153.20399,203.42214,178.48687,182.93026,189.93537,226.3614,210.85956,221.78306,215.6727,222.59696,235.7405,98.492445,153.74249,20.0,17.980458,17.924978,20.0
91.398379,92.683445,94.259026,101.74257,121.76468,122.57541,124.29305,127.48295,147.11033,132.35979,141.87752,133.11859,90.091304,92.191325,96.063337,102.6772,162.07685,161.13329,167.77032,164.7477,205.25491,275.83508,231.46082,250.15202,84.094763,85.679634,89.024875,86.513342,154.99974,168.05959,173.20544,189.30741,215.29446,215.24983,201.52163,200.65384,93.530824,88.373669,85.312046,99.725403,87.475954,99.373837,185.0776,153.14592,174.93048,174.36444,179.97114,181.13436,223.64746,212.76701,216.33496,209.75007,224.08236,236.384,94.489276,139.20513,20.0,18.197416,18.400431,20.0
91.178645,91.458766,93.075567,115.78762,118.42411,125.10301,122.53636,128.39716,161.55566,131.25785,129.53158,134.38773,90.814585,95.657799,91.137544,98.613436,161.41772,167.13203,169.30503,169.32758,206.71684,273.76542,234.76889,247.41565,84.0475,81.238338,87.855679,84.329633,154.72747,167.45205,175.01188,183.35647,221.34069,211.5049,208.15237,205.77712,90.430831,90.654988,85.355159,94.080061,85.714157,101.27921,159.0249,153.93387,190.7541,167.18035,165.26838,189.31735,230.44323,212.93563,219.46913,219.34986,221.11739,236.3113,93.474896,139.99172,20.0,15.972751,15.412584,20.0
93.884636,96.215526,92.34846,99.133622,120.00062,122.66402,121.16642,129.98371,148.44347,134.09578,132.28906,133.26348,91.089275,95.665952,95.598242,101.95005,160.4632,168.27138,171.6265,165.35762,208.70529,279.11257,231.13343,244.28609,82.341717,84.001212,86.102698,89.222732,152.27267,165.24294,183.64299,186.09594,220.92818,212.92242,208.45288,210.94372,90.169212,92.087675,86.242492,94.615312,88.470123,100.74367,146.31902,150.10204,189.83117,178.97564,193.14617,175.15187,218.45546,214.76191,227.58943,210.31437,222.03595,229.23734,96.434678,151.44988,20.0,16.500723,17.215246,20.0
93.676367,99.714455,96.587223,94.392697,122.13516,126.14179,122.38214,126.9319,146.16637,128.98455,137.17969,132.86258,90.252346,93.332199,98.017246,102.86671,165.3747,157.13403,171.2127,164.53696,207.55507,264.94807,234.15195,248.75899,83.820731,84.806096,86.504145,83.881091,146.36699,161.78522,175.03656,185.6789,216.33453,199.27984,211.57047,206.44766,93.433752,90.28667,86.56503,95.603548,87.803307,103.10941,161.46866,152.58859,181.16543,170.63273,196.87137,186.2838,230.33931,215.50548,220.80068,212.93803,219.86283,237.91127,96.999137,134.64438,20.0,14.121377,14.351829,20.0
92.138177,86.587388,96.029889,95.969805,123.08157,125.19737,122.71379,126.9572,150.11197,135.84356,132.13389,130.11548,89.882134,93.53707,95.6614,100.15376,166.94671,158.57995,172.32967,164.60266,206.97805,260.78002,232.43622,245.6782,83.418023,80.902229,87.473827,88.209392,145.28033,166.32089,165.04266,189.58176,219.63552,202.31112,207.96551,201.57712,90.527258,86.822415,88.973973,98.249918,83.213719,104.78379,153.53256,150.58861,200.96137,168.28538,183.13611,180.22328,222.57304,210.91689,220.81649,212.16064,224.39866,237.91305,94.838382,167.14907,20.0,13.261768,14.380842,20.0
90.656688,92.049637,93.619131,111.92234,122.9285,121.39747,122.01994,128.8893,156.02324,128.93057,133.41406,130.09451,89.865079,94.16944,99.564985,100.56057,163.8378,165.71514,165.5616,170.50445,207.27275,259.61723,232.88133,242.87619,87.524714,84.32119,87.061857,82.578878,141.96527,160.09841,164.29732,184.67538,213.29399,199.56335,204.28391,204.64223,89.466853,84.871804,91.342422,97.412231,85.965974,102.12176,145.10606,149.87196,184.05358,170.72681,174.34047,179.03937,220.33468,213.92991,223.0042,212.61545,228.68479,234.7069,93.185109,149.64659,20.0,15.475447,16.33537,20.0
92.827047,96.485237,92.142881,105.33695,121.24331,123.10045,122.68078,126.07641,148.34651,126.74107,129.28654,129.3667,88.627065,94.083646,97.458723,100.71899,167.03073,154.75373,166.67021,165.73312,204.54189,272.81179,227.68271,247.40461,87.599078,82.719783,88.751977,85.126744,148.3258,146.16811,177.79372,183.83784,212.74535,203.53327,203.77835,199.62552,90.248674,87.15466,92.074821,96.487124,88.540556,104.10756,183.92779,154.31327,183.26324,169.19885,164.07539,172.74496,222.76785,212.31569,216.11076,212.37933,221.32695,230.07984,94.139129,129.5838,20.0,15.392148,16.034285,20.0
92.087076,88.738094,92.687895,105.32173,123.26566,121.4257,120.01978,127.91511,142.22859,128.15519,133.70683,131.44024,87.858401,93.680442,90.50515,99.924197,161.78963,160.52609,162.28946,158.95172,203.79567,262.85648,235.85728,247.44007,89.347664,85.958653,88.893585,88.090515,158.8793,155.08749,180.89054,185.13994,219.83973,197.13452,208.84362,206.87251,87.133749,88.2044,96.207346,94.962985,90.923671,101.17695,157.53303,148.61616,195.0585,177.88222,170.95831,165.19014,217.57842,208.53919,223.02073,208.8231,217.35955,234.26749,94.949968,144.15684,20.0,15.140017,15.892273,20.0
89.344624,93.832343,98.350657,94.800664,124.80471,120.49725,121.18366,127.27385,146.8691,132.00515,136.88244,128.80847,85.645645,92.166766,95.243324,100.56913,161.05026,164.30542,168.27436,163.21513,207.85512,294.48267,231.92924,251.94497,88.153818,85.130382,90.352365,86.879274,152.43283,159.25249,177.69184,186.85032,213.83421,198.14869,207.14617,205.78732,95.794988,91.253414,88.426682,96.140607,87.384217,104.72423,162.49852,156.44092,174.84501,176.61092,169.46651,176.03618,217.72911,214.00209,217.30807,217.89731,225.17621,236.08871,95.820033,129.17985,20.0,16.868026,18.148797,20.0
92.822222,101.1792,93.581127,96.029964,122.15348,119.23957,121.90554,126.41155,144.90623,136.52102,132.00588,130.18352,89.398209,92.161025,97.763328,101.2398,164.60272,154.1797,158.84086,166.99147,210.83651,285.42267,233.43326,261.01069,83.354731,85.719104,87.502307,83.489434,143.96726,169.65952,167.37162,187.16074,219.2921,205.90526,209.42391,208.20693,96.723796,93.178928,86.572613,98.761892,87.287666,101.8797,174.22723,155.65771,209.09029,169.33265,178.41079,182.6149,219.06727,211.63139,223.44645,215.79901,215.41488,236.33479,95.771428,165.1725,20.0,17.738431,18.461747,20.0
92.683794,93.856154,94.747474,113.07541,122.62577,119.07208,120.64274,128.71557,156.03939,128.36289,132.31511,132.87874,91.690049,93.578175,95.72227,97.400961,166.7408,157.50605,159.77222,160.12705,208.59349,279.20315,239.67988,258.27028,81.633087,84.306491,82.559516,82.995344,149.72582,153.10962,188.62817,188.62895,221.69468,206.65992,208.23177,211.48926,91.531187,93.134966,86.596521,100.11724,92.175143,102.78862,167.74097,151.76333,182.55341,181.26457,187.14878,176.41975,221.58834,214.80608,219.8679,219.42951,224.35331,246.79769,91.041517,140.02875,20.0,19.397792,19.910856,20.0
87.703148,92.587966,96.939141,106.97419,121.62708,119.43139,119.91364,127.73553,159.77308,131.48305,133.7814,129.5909,94.385703,97.046632,93.84301,102.19942,162.78441,170.03237,167.5244,172.3397,207.26362,269.43335,238.46147,255.33939,82.870253,81.98459,81.762748,86.575311,147.68073,153.48023,188.67889,190.27464,227.34502,211.39468,215.32494,212.33717,91.169006,91.011647,86.390311,99.291486,85.662436,104.71066,166.45748,156.53633,195.89737,158.76968,178.80405,182.06536,223.88663,210.38012,226.24624,222.0509,229.09487,242.70641,95.581217,137.00222,20.0,19.403863,19.552984,20.0
92.382503,99.01723,93.338685,98.762789,121.62629,122.3267,121.14619,129.96157,137.83336,131.58645,135.72479,134.59927,94.908903,93.600914,95.855345,107.38984,161.58507,165.36985,172.08557,168.80945,210.0952,288.79336,236.84215,245.42479,84.171174,85.862053,83.177714,84.876939,139.79617,158.58038,182.86135,190.90624,222.47645,210.47119,211.8803,210.34175,90.409647,89.518191,89.727279,101.38943,89.00669,104.4769,164.58544,144.42641,206.25519,173.08158,178.29349,184.86771,226.31435,216.29973,223.93859,218.14046,222.38473,239.43827,95.846644,160.26127,20.0,19.639684,19.762034,20.0
94.641427,96.516282,93.246251,108.80065,120.77111,120.79683,124.08225,130.73753,149.07256,133.45258,137.62696,133.92639,94.483492,94.453781,95.992674,106.22226,161.06094,159.82062,170.35678,168.60459,210.2392,278.48538,240.49851,262.80391,86.829204,85.812985,90.117304,87.775188,152.04588,171.17441,182.37769,190.67862,228.06213,203.62046,217.97302,215.33683,94.198711,90.66915,87.640091,100.88529,89.080334,101.0978,193.57836,153.06402,186.58435,176.29066,180.11685,180.82744,231.0598,213.25359,233.14593,221.2084,221.4047,243.48582,94.14941,156.14175,20.0,17.820092,17.518517,20.0
93.833605,98.172457,97.123289,90.408647,124.52723,120.62633,124.30798,129.32176,165.48185,133.28053,134.28958,132.20649,91.924458,98.818281,98.834108,100.40532,165.55857,158.34758,166.75678,166.34975,210.57258,277.43649,241.82211,261.29507,84.302313,83.187256,90.811669,86.622696,150.34334,172.49894,170.6449,196.36196,216.06937,200.52622,214.14149,208.36193,93.079188,88.114526,88.909344,99.347621,84.033675,101.99453,159.72076,151.45221,185.17379,174.27077,178.89266,186.28836,235.02643,217.2583,225.37105,220.63863,229.43749,247.80855,96.186134,146.37513,20.0,17.911469,18.047689,20.0
95.297344,97.022139,96.449853,100.97765,122.26897,122.6491,125.2832,130.89382,166.67627,132.66827,131.85183,135.78824,93.525584,94.098918,97.422363,104.97065,164.44233,161.02726,169.30177,173.81046,212.232,288.43692,234.95014,254.22141,81.922535,82.212345,87.303112,87.552594,158.23237,167.15041,185.55174,190.10078,215.94428,210.95469,204.92413,203.04004,92.036224,85.334698,92.899942,100.45075,85.481878,101.95864,153.0273,157.84004,199.8456,168.68848,179.5947,179.17901,229.59878,219.66861,226.81752,226.8265,228.94858,239.72056,96.080685,137.07714,20.0,16.817624,17.485251,20.0
97.406375,94.150893,97.370078,95.563479,120.08846,122.18766,123.36909,134.35692,161.76518,131.76447,134.62404,137.17982,91.947876,94.969086,95.872459,107.79909,167.2763,163.89827,170.74534,168.43059,212.39574,275.7303,232.39701,257.22692,83.810691,84.461519,88.654373,87.06643,157.11235,164.25744,173.72091,185.752,224.80289,222.32283,209.81,208.96613,89.017082,86.493477,94.842549,100.0029,89.273519,100.55389,162.14919,158.18189,206.10231,167.65949,184.77368,178.87941,225.13464,214.52481,226.95609,217.29387,224.69013,238.38287,93.943269,125.73792,20.0,16.736935,16.952063,20.0
94.838264,95.356424,97.988536,95.931137,122.34291,122.64416,125.31054,132.06377,141.73444,130.9804,131.27357,136.01515,90.154412,96.762092,97.254987,102.46592,174.44291,158.75733,165.71335,163.9473,209.42121,264.33684,235.60099,262.21424,85.343162,84.582308,89.56775,88.017774,149.67537,167.32339,185.75678,189.27999,223.58509,209.09321,209.25951,214.49634,92.230974,92.412141,88.922443,97.277221,89.905506,96.94336,172.80996,155.04965,189.49643,170.15797,199.26761,185.9194,225.66001,216.61467,219.96485,215.91781,229.21281,238.70347,97.114718,161.78905,20.0,16.07777,16.217209,20.0
91.892053,98.747315,95.266134,99.764534,124.72486,124.57624,125.17338,133.3186,140.92627,133.10038,136.73562,136.01508,88.383167,93.909677,95.024969,109.02412,161.86218,158.77954,171.57098,164.49847,211.67015,284.90883,238.75489,263.19425,84.537961,82.607114,88.371519,89.652687,154.73653,167.87882,183.0603,194.94728,218.56251,204.2502,209.1125,207.58151,95.65713,90.824042,86.231257,97.289861,86.322908,99.437453,173.97773,157.32581,203.47016,163.5681,185.22914,171.79227,230.63544,214.78269,227.77576,215.2867,225.0409,240.69594,97.98776,151.30691,20.0,15.529909,16.292656,20.0
94.523321,94.050836,95.588081,98.576476,125.48671,124.49131,123.34213,131.02135,156.47872,134.52457,132.7295,129.40581,89.316629,95.489201,94.493076,106.94761,163.45404,171.58294,169.06303,170.277,211.49836,283.94136,237.2234,273.9005,85.223309,83.040322,86.466869,83.812022,160.03955,173.91689,181.85943,186.45628,219.62704,201.25546,209.84502,207.67042,92.852212,89.361824,88.203694,97.154572,86.500332,101.57558,153.04034,154.75838,195.8981,179.19377,176.21975,184.19735,230.6407,217.43674,229.48078,216.91421,223.2213,240.68733,92.768697,155.52452,20.0,17.754504,18.785277,20.0
93.521423,93.01294,94.46122,116.68708,126.12043,123.59969,124.73473,128.25116,157.96955,137.1786,132.81774,132.43881,90.951583,97.512409,95.203849,104.4332,166.19225,173.71819,170.11593,168.34187,212.79778,278.45438,246.69364,245.25925,84.315167,84.075626,87.542161,87.622732,151.38314,160.83127,187.90349,186.70003,224.48079,201.57581,214.86279,204.84442,92.884123,90.663889,88.825331,92.509024,87.741381,102.62694,190.31701,161.94093,192.55739,170.3913,175.21375,191.84498,233.5386,220.41028,225.19773,221.83814,230.46764,247.5926,95.9507,163.97501,20.0,18.219959,18.533108,20.0
91.028679,93.669014,94.372953,115.42156,124.74351,124.77327,122.5929,128.92335,162.9807,129.85146,133.17339,131.94048,91.524137,95.627536,93.863617,104.55582,164.69358,155.50022,170.63063,166.11941,220.41537,281.63537,240.80533,243.55776,86.66506,83.639956,89.594633,89.77732,151.66994,175.32305,181.84977,190.70044,224.80163,218.57027,207.57022,210.98115,88.553884,88.716809,87.993069,98.712032,91.127434,100.81657,170.23644,160.11447,205.37378,176.47805,198.00921,180.58597,228.63903,221.7709,227.38846,227.03943,230.36448,246.32837,97.537956,168.57099,20.0,18.551192,18.720839,20.0
93.912615,98.847854,97.688911,110.07705,126.02642,125.32209,122.18388,129.35684,141.84866,128.64798,132.94134,133.77153,89.291344,96.608591,98.732057,101.58257,165.54662,161.61585,175.47042,170.02233,217.1393,287.82077,233.32619,255.75751,83.956106,84.800461,88.4879,86.29026,142.11255,164.82768,189.03456,186.53774,223.28817,220.45091,212.62155,217.10168,95.274826,89.430476,88.178396,100.4137,89.78295,103.05533,171.42707,156.22541,196.67372,169.83494,184.26103,185.53974,231.10268,222.57654,232.06934,220.67308,228.9827,242.95729,98.038776,152.84364,20.0,17.662105,17.828698,20.0
95.444405,97.351501,97.644903,104.04282,124.87338,122.56982,123.36389,130.41779,159.25665,136.00265,135.03453,132.76474,90.693121,95.691766,92.857924,100.62717,166.20964,174.55915,167.24049,175.32767,214.93905,277.63897,236.90068,247.28019,83.88424,84.271145,88.716794,88.690614,173.0496,165.75177,192.22254,189.32584,220.31133,225.99819,211.08017,215.88802,96.950705,90.88772,91.339246,97.28033,90.475709,100.84012,158.17906,161.71767,197.5056,166.00704,188.20017,177.75755,231.1716,223.23634,227.35382,223.48661,234.57986,241.35349,94.050683,155.81977,20.0,15.582248,15.560962,20.0
95.648599,104.47566,95.098068,104.69797,124.75366,123.62863,124.25785,131.65061,140.29083,133.21052,143.0545,133.51416,88.628088,90.794824,95.482655,99.700124,170.50912,164.05847,166.28825,172.80495,215.13173,281.51871,243.32682,251.08552,85.679572,84.921042,85.4432,87.992634,156.04171,159.9695,180.65119,193.64017,222.08358,214.7,217.51728,207.86824,98.38066,89.69193,90.102975,99.980832,87.177216,104.43337,150.79419,158.19436,191.28924,180.97134,179.57861,182.80723,225.94504,220.29871,223.87135,226.44907,227.13879,239.48662,94.864754,130.83293,20.0,15.273482,15.754933,20.0
94.969566,102.94412,95.914818,97.310933,124.68361,125.87656,124.4079,129.14182,155.36108,134.02522,137.05054,134.56029,89.728468,92.203134,96.575399,100.93069,165.52569,165.97899,163.88605,173.96076,213.98403,292.30813,243.26776,256.67732,86.840275,86.954174,91.3846,88.792064,152.52155,170.17342,187.27194,190.56145,218.46399,216.70977,206.79847,208.83927,97.522944,92.828192,85.905755,93.178253,88.718272,103.47677,165.93248,162.37182,190.22692,175.83922,181.56498,185.20091,224.07587,213.26542,223.48618,230.53389,217.98629,241.6746,98.269473,138.50462,20.0,16.278131,17.295373,20.0
94.16339,96.067866,98.533935,104.37176,123.88562,122.39775,124.07951,132.72308,150.19876,141.40119,135.4204,133.57705,88.319742,96.491997,94.330499,103.58657,167.14858,163.40079,168.4534,167.93398,214.68055,268.68164,237.96377,263.17052,86.288783,89.413802,91.031568,85.207942,150.22108,167.38297,178.54828,190.08163,221.15249,216.0097,207.40818,210.63516,89.953029,89.994612,84.847797,97.151763,90.197261,104.80219,153.81968,154.37393,205.56298,179.9099,194.86841,186.02633,224.64528,219.45196,225.77498,226.8527,224.34807,243.87525,101.0934,154.36596,20.0,17.743097,18.562233,20.0
96.131272,97.541678,98.674997,96.903413,124.43563,125.26485,124.15645,131.04613,158.77139,136.10327,137.60914,138.756,91.551825,97.161317,95.821765,105.18459,169.26182,166.13509,171.58779,163.76778,216.54426,285.39634,240.0902,258.81776,89.424484,85.899072,94.581669,92.912518,149.7914,163.22406,185.59072,192.88455,226.6548,207.31802,219.23597,211.38812,90.626223,91.44872,86.080764,93.34952,86.922787,103.35325,178.28184,161.16591,198.1776,168.56368,188.80258,175.71593,227.17322,214.02198,229.65326,224.41856,226.46148,245.5523,97.781021,148.66464,20.0,17.238379,17.416686,20.0
100.8232,98.271674,97.81656,113.30402,126.01096,125.03118,127.02668,132.899,160.61723,137.77255,140.59066,137.11605,91.823913,95.120773,92.757893,104.83325,169.43482,161.38614,171.10051,162.73827,212.6019,271.54572,237.65999,259.99431,88.594094,92.470404,88.667876,90.07522,149.40269,165.67897,172.34468,196.50972,223.6417,215.91879,213.42023,211.16989,90.957118,90.230638,86.023782,98.566768,88.342614,105.24477,179.91521,159.5887,199.49943,175.07902,183.21826,194.11269,229.59122,215.22087,234.9904,222.77303,233.67152,245.78163,101.4971,143.90348,20.0,17.841005,18.182492,20.0
97.133224,94.837822,97.068326,104.1057,125.73545,125.99416,125.02268,132.4285,170.88347,137.36738,136.04203,136.82378,91.52601,96.554074,95.455413,105.67056,166.96612,167.38854,178.22041,168.43584,214.37762,270.3453,240.91211,249.02566,88.310448,87.341112,86.182669,86.032065,156.86546,160.16433,184.43157,192.57124,226.85746,215.8556,216.12169,217.35626,96.851999,90.822702,84.838626,99.093549,88.382573,105.87651,161.01533,157.64867,189.56707,176.14615,172.84831,171.34736,227.83593,224.04122,228.51949,221.70695,231.28519,243.55569,96.577814,147.6792,20.0,18.430966,19.088069,20.0
93.89035,100.17702,100.15589,102.79997,124.10889,125.06826,125.22474,133.62307,149.84558,136.72873,136.5651,137.40737,90.572842,97.46225,97.462637,107.14165,166.20617,165.73561,177.68324,175.03811,214.53874,259.32187,238.59477,254.59294,85.773106,80.882185,88.945048,86.625232,155.7163,172.78294,182.4297,194.41075,221.1377,210.35167,214.46385,210.95605,96.674549,91.024321,88.94653,102.68818,89.220844,106.58222,169.08778,155.1542,190.59874,167.57301,170.13497,178.10069,228.30836,218.32913,230.38018,225.19211,226.39111,239.16208,93.105696,146.40038,20.0,17.784803,17.949244,20.0
98.202231,96.536279,99.537467,98.555623,126.3316,130.11918,126.65314,130.9866,141.68926,131.89078,146.24548,136.79622,89.192029,94.535535,95.521504,111.45007,170.6378,162.29635,172.21877,167.84462,214.31738,262.75456,234.17022,248.30861,92.77077,87.69854,87.495305,84.095063,147.01561,164.30042,177.25894,191.75312,219.0096,211.12876,208.40508,204.67802,91.791694,92.786925,96.115525,101.81734,91.015904,104.65966,155.05362,151.73295,194.14413,178.23778,186.36483,185.79016,225.458,221.44344,222.93108,227.88505,227.38608,237.9213,97.776337,145.76967,20.0,16.809224,16.840689,20.0
97.066967,95.649015,99.378649,101.95517,126.62022,126.95711,126.29801,131.33951,151.41566,136.90679,136.42813,131.51207,87.839409,93.329011,98.737922,101.61686,167.96127,163.82868,171.29123,167.49799,216.71086,272.58078,230.57237,238.50631,93.370859,88.974573,93.317879,91.066202,153.6899,169.60177,183.60803,188.74954,218.28842,217.78323,209.91954,212.75164,97.518423,91.066685,90.273428,101.36052,88.894685,98.349594,160.64491,157.47679,197.22282,171.38752,171.45272,185.5458,220.74199,218.46301,219.75658,224.04337,220.35677,230.97146,99.124209,136.53671,20.0,16.879899,17.281109,20.0
92.938773,94.820391,102.14449,103.00083,126.09912,125.93286,128.92969,130.80895,147.47428,140.87655,142.07749,133.86604,90.526378,94.559133,100.3935,102.7965,167.62381,161.15568,170.76386,161.64178,207.3254,275.85532,225.49773,252.91448,91.036588,90.297016,91.218072,93.669593,149.64238,164.85276,174.33012,189.67463,217.21396,206.603,203.45914,208.78933,95.919375,89.906622,91.210333,100.80748,91.795257,97.641285,174.16235,154.16194,199.79707,173.10183,176.44698,196.35733,222.58263,213.35994,223.809,213.41323,215.52499,231.14561,99.940582,150.44211,20.0,16.482235,16.695174,20.0
96.607161,94.988793,99.08814,97.084394,124.38022,126.30758,126.54696,130.80852,151.37893,135.24499,137.59185,134.62614,91.419203,94.672193,95.254459,102.25422,163.78229,165.59658,165.04113,166.01624,208.18929,272.50412,236.84543,264.48638,88.803786,85.41358,89.396732,85.693526,157.72466,173.08875,169.43824,185.67301,208.89244,198.20698,206.81134,207.57106,94.992299,91.208135,92.617955,97.726241,93.032398,95.285094,177.44086,159.24585,182.03938,177.86657,199.43809,191.90901,222.78646,215.59958,219.35116,225.09292,222.00679,239.90735,96.727923,147.09271,20.0,16.457294,16.284215,20.0
98.393709,98.353246,99.443498,103.23031,126.54452,125.15742,126.42495,131.79825,143.83645,139.25409,134.31391,134.8408,91.303179,96.8086,96.653261,102.94332,166.15309,168.20179,167.51148,163.98245,208.87861,276.19203,236.77473,247.76154,86.73454,84.323761,90.986554,88.67278,155.54536,170.62018,170.70168,188.53893,215.4102,204.25379,204.90046,200.43941,95.25833,89.153424,90.544651,97.752809,85.15858,100.2045,184.23249,156.29682,199.63261,160.17714,171.39982,187.10383,222.64918,213.01444,222.63797,221.82871,226.37254,241.44218,97.199558,161.04274,20.0,15.156042,15.467312,20.0
93.468315,101.71891,96.331181,108.40429,126.84252,122.23703,124.30296,129.60634,161.86899,130.76439,135.25239,133.97243,92.017635,97.700645,96.746903,103.33149,164.58219,164.51932,166.99527,162.81456,209.18431,249.93312,234.15386,251.23071,87.88224,84.621204,85.923908,85.895934,149.84829,162.18233,172.7938,187.06134,222.31641,203.20588,209.71682,203.7106,91.386841,86.785038,90.16078,99.894369,89.715514,99.891378,147.82476,149.78341,195.76268,175.13901,188.09983,174.14626,220.10745,213.58011,225.30493,222.63997,227.02383,238.98651,97.590624,132.69872,20.0,14.311985,14.775405,20.0
93.953749,100.07322,98.197091,119.60144,122.29463,123.76532,125.86983,129.62192,165.73888,130.2513,136.0996,134.93789,89.711264,97.130304,95.307635,100.54321,167.45829,167.22015,165.99741,165.83731,213.42341,265.42146,235.59138,244.07116,88.039093,83.58681,88.307212,86.873864,150.96915,169.49054,182.49235,188.06612,220.65269,200.60994,212.42369,208.52654,96.459876,92.819851,89.367999,94.083238,92.608114,102.01469,182.98442,151.31363,187.21659,166.94464,185.21982,188.9746,223.12617,214.48974,223.05244,215.76378,218.84764,236.40738,94.085559,136.51139,20.0,17.511307,18.845348,20.0
100.47412,96.512962,99.161341,103.77269,122.7723,122.39438,123.78374,131.0189,150.31781,130.53324,136.81891,134.84298,91.272572,96.165818,94.028474,102.39413,163.84767,165.77005,172.50056,170.40065,218.57505,263.88652,233.20136,245.99156,86.61714,88.280078,90.64263,84.32312,153.76773,173.39635,176.13961,189.84887,218.20719,198.85735,208.06752,202.79652,92.486014,92.16366,87.056828,94.135774,88.872953,105.57901,162.2124,154.55704,198.35804,166.21576,185.27999,180.17499,232.28152,212.12823,230.10227,219.68934,227.9517,235.71278,100.38156,160.13834,20.0,16.239526,16.351457,20.0
96.111409,101.47029,99.012486,102.48782,126.8167,123.27854,124.69335,129.55334,145.85062,132.81639,138.14434,132.97053,92.657062,95.969401,95.541824,100.31636,162.71289,162.20076,163.73889,169.50142,210.99856,276.26068,232.31162,242.48693,86.24611,88.052785,91.278341,90.844756,149.9924,166.79836,171.62091,186.6335,221.83689,204.42151,205.88102,207.8737,90.32725,89.185232,90.283377,98.317165,88.867746,104.16554,146.71171,154.75489,192.01789,177.2534,175.14993,184.73706,235.37161,217.70353,222.45827,219.48887,220.17535,233.47114,100.67699,137.76146,20.0,15.006282,15.486484,20.0
93.405527,103.53091,99.211295,118.31949,123.30121,121.40983,125.09187,130.45875,148.65882,134.65316,132.18292,133.67582,92.224388,95.413719,94.080212,98.378277,163.40534,159.52358,161.96973,167.47988,215.89033,282.61686,232.26776,257.48545,86.311296,88.163825,94.210582,92.883176,146.311,167.68945,178.07069,190.00265,219.32095,199.76495,211.34225,207.71546,96.256676,90.527995,89.028619,98.004872,86.119377,103.53261,163.31583,156.58686,179.68985,175.78654,177.62246,177.48455,225.88979,215.22963,230.82079,217.95094,217.79408,242.25821,99.773175,158.63679,20.0,15.991385,16.940814,20.0
100.87952,101.32317,100.03935,95.059441,127.43232,122.24322,124.66946,129.11201,167.05883,132.24392,133.74119,134.2875,93.691912,94.571837,89.927335,101.05483,165.73024,159.6521,169.47935,159.2441,209.11722,277.00912,240.21287,260.25973,85.383648,88.422526,89.549242,81.526071,149.41003,169.65524,169.10172,190.67931,221.13487,200.86327,210.7805,207.05126,94.38709,90.081215,87.003472,101.59841,86.855061,105.8009,155.43227,158.76205,178.47455,172.61732,170.67713,178.7982,222.3279,215.26585,226.53563,218.82336,219.77289,244.08755,96.356547,151.7391,20.0,17.531759,18.346116,20.0
94.981635,99.040188,99.184859,106.06324,125.56709,125.5904,123.81712,129.66459,151.65935,137.5592,133.78435,132.93029,89.991123,92.626101,97.021667,103.74067,163.84661,165.43881,167.40137,163.61638,209.56058,278.80612,237.17344,258.46786,83.594224,84.635357,87.475202,90.921788,152.54132,165.3604,179.93465,190.43211,220.58412,201.79316,213.5022,214.09439,93.457436,89.107353,90.202146,98.53339,86.796919,101.19108,164.1257,160.59109,199.11684,178.54927,165.94193,181.51564,226.37974,215.95605,227.68717,218.66974,227.19811,244.6944,98.378931,144.23855,20.0,17.738872,18.270373,20.0
93.374405,93.382298,98.872962,112.90607,125.77659,125.76271,122.78875,130.59149,156.34451,132.75117,133.58155,135.50719,89.134818,95.561521,96.28064,104.57433,166.78798,160.82699,180.57552,161.88512,208.63071,254.28183,238.60945,256.05461,87.1942,85.201796,87.861127,90.889261,144.9494,157.19487,184.65997,190.15289,216.45779,203.71372,212.23695,207.57438,88.814497,89.889728,87.224114,100.10959,91.001315,103.84192,161.35726,154.54001,204.88319,175.34934,198.4188,188.65957,225.12073,213.72738,227.37771,215.99542,227.0682,241.64688,99.266163,146.47045,20.0,16.478086,16.778029,20.0
94.333305,96.216962,98.782099,105.37219,122.84721,125.31633,123.68435,131.37432,158.84875,134.41052,133.66765,132.43871,88.868835,96.751225,95.454603,104.6335,170.38035,163.23709,177.89133,165.69933,210.41349,266.89513,237.23944,248.73006,90.744405,86.338581,87.682599,86.404917,158.71037,158.51669,176.16546,187.73321,214.26039,200.61138,211.72715,205.51944,87.650387,89.750404,90.920885,95.659338,90.451752,107.42628,172.08021,153.2428,211.81255,165.14661,194.825,178.70782,225.53131,215.53574,230.74381,220.61327,225.3141,240.52203,97.557841,130.74909,20.0,16.789483,17.38868,20.0
96.034109,97.601575,97.113378,104.65592,121.70606,120.71851,127.15862,129.84004,165.54674,137.07377,132.79098,131.60379,89.938031,96.222494,96.259606,102.64298,166.61459,159.27389,168.9701,170.67926,208.75677,275.9105,234.50202,243.56152,88.130586,90.950374,92.323639,88.196584,148.57557,165.19487,173.044,189.40727,224.43501,204.14879,210.34008,210.56836,90.450151,88.524634,93.702916,95.428149,88.153604,105.11863,173.44965,152.5591,202.48774,169.09289,195.2997,178.83261,229.12382,214.49992,224.14719,225.28029,227.55039,240.07409,99.865367,130.03784,20.0,18.07924,18.735812,20.0
95.790866,97.431472,96.079018,102.41182,120.71511,119.80646,124.43154,129.04612,154.32906,129.83999,133.74185,134.21517,89.697578,96.764523,93.386789,100.84635,162.49531,163.36927,163.32166,172.03922,210.30408,273.2571,230.89884,247.45557,89.99494,88.809422,93.244697,90.257669,146.97883,175.85137,173.80708,189.7413,208.61407,200.69611,210.70958,209.06211,99.537147,90.368054,95.476985,96.014771,89.278846,101.70077,156.41968,153.46011,181.31312,176.34713,186.56975,192.9928,224.25966,215.98772,226.8625,219.52207,218.34468,235.08702,99.345735,146.95194,20.0,18.219234,18.438608,20.0
98.101301,97.062645,98.577009,103.0957,124.45207,122.78901,124.16622,132.29257,152.83893,133.03934,136.5537,136.73836,90.280731,96.426801,93.243665,101.65527,163.35519,155.86988,169.58568,170.83301,210.21317,272.08029,234.00033,265.10835,89.903317,86.817742,93.693717,87.921395,153.05638,169.38128,171.98286,190.47305,214.01161,209.372,204.19701,202.53451,98.178912,94.521758,89.302676,98.445342,88.450521,99.122282,147.21342,150.14368,198.30839,175.37017,190.72089,190.58268,225.87656,213.47488,221.0632,219.88325,215.56095,238.95379,97.879939,139.32109,20.0,17.396668,17.472279,20.0
96.210118,101.18758,95.589038,101.87006,126.0586,125.15606,123.97511,131.18312,164.60553,132.30912,133.13655,133.55663,90.198623,96.067295,95.482437,100.13981,162.01975,160.06942,164.9566,168.31757,209.73147,266.879,236.48834,254.02638,87.502461,87.407357,94.595778,87.80987,156.48461,180.48338,174.3618,187.97945,222.94223,204.19211,208.15744,208.96375,95.686035,97.937643,87.66394,99.868905,88.600716,94.040017,145.8724,150.92172,193.98171,174.61763,184.33904,176.22814,224.45831,214.70226,223.0253,222.70504,217.46617,240.10275,99.026146,137.33585,20.0,12.685315,12.710723,20.0
94.213057,102.79497,97.455842,98.091775,124.40403,125.43369,125.83436,129.14619,161.43019,129.46279,135.55903,132.67534,91.929952,96.659865,99.618159,100.7452,163.69993,158.12323,174.35771,165.23524,211.18913,265.51809,235.64627,245.67879,85.550902,83.852815,91.609829,89.438121,152.6395,166.11445,182.25727,188.86128,222.23598,201.57725,209.80163,209.14313,95.397501,94.464582,87.275773,98.966866,88.60065,95.381938,167.65122,154.45862,188.22482,164.92846,178.59258,184.99357,223.40631,211.38419,219.09777,219.70137,219.9438,235.07499,98.784031,138.54788,20.0,14.093993,15.888496,20.0
94.365924,97.344038,96.033416,120.67585,123.18562,121.25747,122.483,129.59271,159.87461,132.86236,132.40319,132.83247,93.205918,94.694597,100.6282,101.96008,167.1269,169.49653,167.76523,163.4457,211.59673,266.04133,236.52198,252.06923,89.641454,85.919274,89.113208,86.569269,158.99195,155.59087,181.97782,183.05402,217.22783,202.60214,210.32233,202.08172,95.813496,90.363116,86.746945,98.922422,88.437573,101.84781,158.18796,160.11859,200.23225,171.20237,175.8743,184.78151,220.53011,209.7699,221.96617,217.95503,219.83432,237.10074,95.279085,136.73445,20.0,16.449057,17.437722,20.0
94.006364,97.50324,94.655329,112.32316,125.00261,119.31338,123.44329,129.99792,156.835,134.48353,134.68882,131.95081,91.494358,94.176592,105.33355,103.35918,165.98594,167.99513,164.31883,170.44932,208.31326,254.70161,236.63467,248.67888,89.695447,85.463322,86.691414,89.062402,152.42864,165.57147,171.08232,184.69923,218.39223,202.66286,208.48163,203.59253,94.729472,89.699599,86.444944,96.382997,90.527136,103.10104,194.26259,154.7694,190.07462,167.7173,180.41711,177.27525,226.90969,209.463,229.74564,214.23607,226.98208,236.16141,95.410584,126.73786,20.0,16.296311,17.13466,20.0
96.487124,95.908863,98.295568,94.586222,126.57738,119.30154,124.59491,129.20107,145.82989,129.37242,132.5528,133.80823,92.298268,95.747472,101.37754,101.53299,162.76955,164.76538,169.5506,169.24977,206.6245,258.32434,235.60065,228.92162,90.291037,85.741683,91.060061,86.043515,145.73648,170.4131,175.15957,188.91191,221.66496,200.54514,216.3336,212.44016,89.570752,89.631591,86.795607,97.43401,90.823754,104.04277,156.17758,152.86123,182.68293,162.53688,191.53831,176.66629,221.61182,209.07421,219.28453,215.4136,226.53436,239.31874,99.50545,158.83795,20.0,18.100356,18.860551,20.0
96.063773,95.501353,97.762808,105.0905,125.3587,123.64009,123.48279,130.22644,154.7903,127.86056,137.84558,135.18553,91.766907,97.284564,97.116421,97.811234,163.49532,161.40218,167.3688,171.28979,210.54826,254.80878,235.44955,237.34356,91.485435,86.691867,89.113362,86.274688,145.32294,156.771,167.52043,192.88721,214.51886,202.07271,211.15658,203.11824,89.727055,88.809703,90.449111,97.391284,88.04479,104.66705,175.94516,151.63871,196.89735,169.4013,177.5905,181.0795,223.82954,211.24338,225.25304,212.86846,215.8025,232.36503,98.672398,142.59427,20.0,19.058704,19.496423,20.0
94.320886,95.377899,96.18228,98.862259,122.57803,123.33904,122.06611,129.90535,166.55935,129.2117,132.51931,130.97123,92.38493,98.02087,98.697692,97.127896,167.98791,162.08728,173.08215,171.4477,207.79878,288.52046,235.75808,244.9633,91.933197,86.110587,87.94804,88.713765,160.51428,159.80819,169.25513,187.36248,210.96786,201.8794,201.78037,198.80714,92.734461,88.868112,92.239181,98.983367,90.213472,104.7295,167.92081,154.96945,203.0362,174.25074,175.2244,185.37417,221.93664,208.93917,226.88557,215.51109,214.02674,235.83412,94.524326,149.00568,20.0,19.308992,19.710008,20.0
92.271832,103.5186,97.603703,114.39248,124.12814,126.98929,122.44192,130.21693,143.87463,129.54357,140.54482,133.09817,91.113092,96.378267,95.969408,97.828683,168.16691,167.06615,166.81195,170.08496,207.66937,276.32096,232.98108,254.51018,92.414814,89.688646,89.625991,91.886798,164.07407,160.21225,179.01562,184.48605,216.04114,205.39523,201.93267,199.21139,92.60193,90.830296,89.338546,98.599286,89.353591,103.94841,151.22141,152.72887,197.73081,164.97248,184.69794,188.12107,228.52477,210.44329,218.40332,211.58418,218.83304,238.75412,96.558568,153.53236,20.0,19.021321,19.162403,20.0
94.71939,94.345459,96.328656,107.80534,124.72471,124.2129,122.67603,128.96767,153.62093,132.02517,133.84058,131.18472,89.461834,93.130616,97.439572,98.415692,163.83668,156.5833,170.69911,166.64635,209.25105,281.16141,235.12523,258.5136,92.338138,91.943272,92.360203,90.280797,160.28128,175.30646,180.09202,185.7196,227.43865,219.82619,207.94357,209.23026,91.319678,91.429584,87.927657,102.22045,89.023152,104.00869,167.97222,156.42421,195.54602,175.10743,182.93195,190.54722,227.28007,210.71798,222.45043,219.43645,225.92097,241.30947,99.603867,139.91149,20.0,18.737823,18.887012,20.0
92.712475,98.275331,99.133706,109.67212,122.51081,122.51093,124.46627,129.86362,148.93273,138.79022,139.90705,132.18144,89.824657,93.240058,98.373228,98.89555,163.35916,171.06105,172.85703,165.91838,210.86997,261.70291,242.21961,249.80837,87.717924,86.009125,89.857166,91.2823,160.65663,175.52873,182.48479,190.19423,224.37846,207.91522,214.82908,211.74734,94.908804,91.828402,89.369346,100.51261,89.506187,100.68383,165.52836,161.46098,197.82803,171.68654,183.25681,174.63168,227.17224,215.02454,232.33041,224.21272,222.40161,247.87068,98.77563,143.38206,20.0,18.358548,18.665205,20.0
96.854744,105.15755,99.511136,99.7623,123.42346,128.164,122.97186,129.17559,158.62543,132.47942,134.92612,135.77077,92.310651,94.517836,101.79894,105.82488,166.64823,163.20944,173.50173,171.41597,210.43333,259.04656,235.704,251.8383,84.037378,82.667751,87.76645,85.774175,149.39774,169.36587,185.49047,192.05673,221.18076,205.60154,213.5986,212.71128,91.061865,90.311783,85.764871,98.246486,90.996143,103.90276,166.90344,159.51051,170.87287,166.52897,193.0181,167.48565,236.62646,217.5734,222.89012,225.05942,227.02571,241.593,96.953909,126.05148,20.0,19.142037,19.503262,20.0
98.76598,96.808665,94.59098,99.06606,124.90416,127.33938,123.36557,130.64966,158.44481,132.0979,137.35634,131.7848,89.277337,96.079597,100.45617,105.0587,166.60241,161.6765,166.05675,173.57598,213.38279,280.34299,236.39736,254.30997,85.332138,84.066728,88.162356,81.509943,146.53414,166.5812,180.80461,191.60683,223.43278,203.89433,211.27016,209.05176,89.667915,89.700949,87.632783,97.008475,92.861686,103.68328,148.59055,153.15314,203.42648,170.76524,167.98022,171.32962,225.99855,217.73909,223.06397,223.48226,221.81969,237.03249,96.827446,145.82973,20.0,19.966604,20.530547,20.0
93.081552,94.944266,98.593564,97.835652,125.2985,121.23373,123.10323,128.56827,161.6658,137.71336,130.09219,134.52337,91.190713,97.099273,98.700224,101.17112,167.94366,165.31427,169.47841,166.05651,213.64735,274.39376,228.21679,256.1416,86.326926,85.495557,89.811234,84.832163,150.38172,165.22593,179.85245,190.61983,208.91528,198.13975,208.88428,202.93195,92.68507,90.237409,92.379251,100.66003,95.195045,105.521,158.32175,161.12388,207.43436,189.83417,179.93784,179.40522,221.56884,218.7743,225.44033,218.25848,219.39993,234.43254,98.606206,129.33463,20.0,19.488191,19.590453,20.0
93.516784,94.445246,97.957507,112.40054,124.38417,119.9648,125.03255,131.82515,162.21896,131.55258,131.15422,136.15329,93.515978,97.287636,99.676319,101.37405,166.44046,164.3181,169.32151,166.94219,210.22126,261.9916,229.44031,259.30768,88.893195,90.4271,89.779876,89.336732,157.61975,167.34764,176.02766,189.71852,218.32297,202.57062,205.35283,200.8208,92.735538,89.520214,94.280305,98.235412,89.736824,102.50941,164.11897,159.6376,201.64241,176.32505,178.32163,184.47815,225.22315,217.08609,223.33026,221.89543,226.21778,237.13439,101.27444,163.59784,20.0,20.050558,20.146708,20.0
100.65663,90.179529,95.244267,102.61199,127.46605,125.37969,123.4053,131.25678,166.42826,130.55476,133.91514,134.22744,93.567258,97.91634,106.44713,109.30261,165.92988,165.87662,164.16153,170.67741,213.56451,261.13472,233.65502,255.07573,87.714251,88.70518,90.13246,92.34162,148.38384,169.76088,184.05426,188.10491,225.64515,207.26779,209.49867,211.78821,96.161224,88.153724,91.736386,98.698759,88.691739,100.5257,160.49557,154.48702,187.0893,167.71074,168.16312,176.23848,223.35731,216.83323,222.64831,219.05796,221.23126,235.07609,98.862193,135.23788,20.0,19.697454,19.727958,20.0
96.762814,100.40006,99.162356,114.52563,122.51453,125.3124,124.17656,131.73008,160.06841,128.36665,130.68188,135.06391,90.774369,96.942448,104.88257,116.84127,164.71697,162.68827,172.61099,168.67231,211.73369,271.3963,234.46213,248.57523,87.649755,85.352213,90.064576,90.706003,157.06269,164.93936,185.28242,190.27948,213.88156,215.02683,211.28709,208.08008,102.17393,92.577208,93.095553,102.61639,91.929581,98.906338,169.32726,156.4495,192.4054,166.04136,182.12498,187.91996,223.05866,212.37356,220.8314,223.96753,221.23296,235.21116,96.135902,138.95191,20.0,19.249432,19.253538,20.0
98.063883,99.900522,97.252215,116.55828,125.40369,122.95594,124.80163,132.0715,161.16958,130.9445,130.41785,133.89256,92.565645,94.30624,98.989022,107.53097,165.27927,164.35568,177.23227,158.50457,211.49317,267.68305,231.17992,264.36023,90.72935,85.818116,86.069709,87.522492,160.54835,152.28431,183.6903,183.88469,219.77279,206.68829,199.05205,205.56824,96.634337,95.723418,92.101267,98.458491,92.641834,96.82987,176.7063,155.09473,196.15161,168.72901,180.21722,189.81887,233.59201,212.70742,227.66719,218.54687,220.87273,233.92664,96.374306,156.838,20.0,17.315663,16.764679,20.0
95.861875,102.51264,95.856144,107.13184,124.88197,124.78381,124.44029,129.87382,162.48858,128.78469,132.29105,131.19796,93.36079,96.638165,102.90343,107.95558,167.02505,158.53504,162.34098,163.53859,207.47274,263.86397,244.50427,246.43824,90.313854,85.187187,89.86918,91.498123,155.34002,162.73348,182.86795,188.61893,216.14358,204.30945,210.25963,205.7697,92.71733,96.907301,87.43047,97.71194,90.703254,95.708528,160.52549,155.21545,200.99115,171.45875,169.07,171.84896,221.90174,217.51149,224.59284,227.05663,230.85597,242.28223,96.562587,133.76091,20.0,17.132018,17.32313,20.0
96.147166,106.30155,99.063179,104.84785,125.00849,125.58691,123.36275,130.58668,168.07654,132.02956,136.33184,133.2823,91.293424,97.095022,108.02996,108.88971,162.94698,161.04561,164.60548,172.50073,219.62929,270.33612,234.28389,248.05198,87.262279,88.046129,89.817487,87.254519,150.16588,173.78407,174.35187,191.69716,221.19093,212.61387,207.43589,207.39993,91.306502,93.483205,87.366377,99.247153,87.506722,98.77648,183.22349,158.18131,188.80479,159.82149,167.10964,182.90822,226.96952,218.39004,227.03651,224.22532,230.79886,239.95955,98.66643,165.08494,20.0,17.332526,18.236103,20.0
100.38752,95.391123,100.64708,103.92854,125.36742,123.29339,123.51908,131.28238,167.72738,133.88564,137.21022,132.67895,93.616335,94.780214,103.00847,104.55074,164.86951,160.85554,167.29588,166.85615,211.97101,264.63904,231.39733,248.08782,85.818736,87.224638,89.415572,90.356276,153.49817,159.32046,183.66303,186.94145,220.59108,206.97591,209.07654,208.71314,92.02499,91.873226,89.038961,103.0395,91.982554,101.19475,172.17322,153.80025,192.81613,169.14071,166.49617,188.16913,222.7385,215.87755,221.57305,215.13602,226.20785,233.72543,96.189602,134.64171,20.0,17.669964,18.195587,20.0
95.269846,99.103758,99.856217,97.086589,125.3741,123.85714,124.84319,132.07771,139.43771,129.62985,133.84473,132.71518,93.622138,96.710455,95.907126,97.428427,169.65187,170.14405,167.47029,167.10169,210.12197,269.07486,236.73835,262.16276,89.276374,88.72658,92.736813,93.895682,165.1572,159.18987,188.86721,187.80533,218.72696,200.50887,212.45314,209.05695,92.311804,92.551126,90.703722,96.807387,91.79254,99.295787,173.88694,158.32278,187.29952,170.38888,176.64666,181.29439,226.41507,214.55418,219.32328,215.13406,217.49141,237.53609,98.232426,160.21974,20.0,18.64987,19.247133,20.0
97.121287,96.70499,97.104988,103.83095,123.27284,124.34027,124.2924,131.51576,150.82303,131.39455,134.52932,131.41256,94.873345,97.012833,100.8283,99.935967,167.66284,162.42237,169.69351,166.28032,211.20152,271.55378,239.767,270.24953,92.135756,89.569555,95.096424,92.759217,143.75951,165.52152,177.17676,190.95011,213.8006,202.90335,207.10362,202.22169,90.876815,94.920979,88.35062,97.420171,87.355544,103.73787,174.74626,153.49699,207.51276,177.14358,191.98101,179.15871,228.43598,213.4478,223.44112,229.87248,227.20262,248.74054,101.83324,132.90914,20.0,19.121446,19.558387,20.0
99.059977,99.729631,95.848205,104.7589,124.45604,123.37274,126.22273,129.77556,163.33688,134.60148,135.77822,131.81596,92.202417,94.858849,102.57588,103.28018,167.30314,158.0877,173.72861,169.66634,217.26732,272.80447,249.92981,236.74226,88.149706,88.329198,94.656884,90.863131,162.36135,167.43741,173.84118,190.31511,232.20141,211.78208,210.64478,205.47774,90.804466,92.1054,93.424113,99.439773,89.526508,98.676199,168.41646,161.1472,207.24109,171.11986,185.43822,182.81301,223.23344,225.00673,231.99245,228.45703,237.08356,253.81647,96.689046,135.35319,20.0,17.440876,17.291583,20.0
92.921417,102.97795,97.109415,110.20266,123.97001,125.15402,124.75948,129.89129,153.35881,134.36408,134.84083,135.94688,91.233691,98.323135,98.45672,103.25732,165.10199,168.3928,163.32693,170.56208,214.78647,280.91571,236.6578,258.19198,86.62445,84.337601,89.349816,91.941484,150.36952,185.46372,178.18435,195.93924,223.72896,213.88159,219.73328,212.42905,95.137898,90.666689,93.023231,101.51376,87.503772,100.86644,179.53901,160.79012,174.91708,169.25275,172.70295,174.71125,227.64404,220.40533,232.01667,226.68542,236.37554,244.63635,98.938703,152.58144,20.0,17.02817,16.832163,20.0
96.611695,98.080719,99.038241,100.43285,124.94136,126.86135,123.07793,132.08825,145.1078,130.36276,139.42283,134.32351,90.953289,97.881435,99.814799,102.41693,163.596,163.56966,162.19279,172.32822,214.17498,265.86525,228.57133,247.12145,87.038333,85.101109,86.153965,85.316307,151.77489,169.96358,169.59011,191.50579,220.20427,218.3635,212.00773,213.36821,91.50297,87.52479,90.44047,101.86672,92.541194,104.36646,168.75607,154.77755,194.55675,175.47627,175.91568,199.37182,232.58273,220.20431,224.77769,224.58858,220.04854,236.71715,98.152141,162.38806,20.0,17.632642,18.639581,20.0
98.316765,98.672655,99.686059,100.13916,125.97676,124.21088,124.64524,128.72803,153.65132,135.16666,138.48262,134.29175,92.542267,97.601939,97.745643,101.0278,167.13593,163.9401,166.78052,170.10119,216.06513,270.01425,232.70554,241.97017,89.374398,86.265014,92.179212,88.889346,160.61921,178.65872,177.89084,189.72729,220.58268,214.70476,203.09734,207.45337,94.172176,93.450447,89.191634,101.72745,91.900218,100.76972,159.36435,158.33396,191.08285,174.73041,182.03807,182.66567,229.23141,213.84765,226.56173,224.53443,225.45892,236.88172,95.083717,145.45133,20.0,17.956209,18.737983,20.0
96.165357,98.674448,97.874419,106.76273,125.82679,123.24906,126.51717,130.90929,156.64212,144.04911,134.16002,133.0854,94.787049,96.358643,99.460849,98.406936,169.74965,162.30175,166.06848,168.63136,215.53613,276.56612,231.9567,259.83497,94.654771,90.610634,94.963846,96.065795,160.35708,169.92358,181.80449,188.33578,224.33146,213.6903,204.17251,210.34759,92.962279,91.077479,88.254585,100.18795,87.990605,105.08519,145.14604,151.9875,167.83099,176.86889,182.4027,187.95737,223.62584,213.38114,226.17389,222.87954,220.14382,236.54313,102.98686,145.10725,20.0,17.684709,17.570068,20.0
98.347018,103.21773,96.573961,117.78032,123.39135,128.91839,126.83149,131.11449,155.91169,142.76559,135.8342,134.36441,91.635298,93.188,97.917374,96.997586,165.89916,165.24432,167.09541,168.78034,213.07344,281.83647,234.54853,253.65744,91.777066,91.009548,92.398825,92.345535,155.98727,179.80051,179.35046,192.01846,216.85991,203.1546,207.62349,211.64337,99.366258,91.84454,88.653597,97.948198,93.922287,100.84932,154.17357,155.55705,191.18142,177.13112,178.11333,206.73055,223.8565,214.31847,222.55604,224.20597,216.28002,236.19099,102.14621,159.47565,20.0,16.377813,16.581328,20.0
101.78582,97.310464,97.492063,103.0664,127.53069,127.64024,125.69702,132.14883,147.94422,143.91889,135.05549,136.44108,93.621561,94.417922,94.323533,96.093536,165.44072,168.66797,165.57629,167.17299,211.62747,275.38914,241.00663,261.86327,89.136604,89.957167,89.750774,91.155208,156.01798,178.87385,179.56562,187.59108,219.31627,206.35156,209.71779,207.21458,100.0514,93.734877,87.268465,98.599374,92.163636,101.85186,167.73496,155.77372,194.14726,177.9712,185.36103,187.57276,224.09658,212.14115,220.84632,222.98111,225.52924,244.65668,95.767542,157.10382,20.0,16.368078,17.37712,20.0
94.288737,103.49403,100.07752,105.96753,126.63236,128.19641,125.00967,131.61833,160.33535,134.16246,134.53605,135.09819,93.376015,96.935129,99.013788,99.592174,163.58506,163.43886,166.89734,168.56343,209.2384,293.84969,242.18799,246.39745,86.817999,86.28801,89.8233,90.634226,151.02438,173.90388,180.54079,192.54604,221.76411,212.92729,212.76937,209.85988,92.603243,89.840908,86.01612,98.490909,88.698708,106.16081,169.90064,153.79738,204.72927,172.61687,182.81676,176.71286,228.19131,212.37816,223.03798,226.1441,235.01962,245.28478,97.550605,147.31072,20.0,17.327133,18.040609,20.0
93.202839,101.3412,99.682149,100.29935,128.44987,125.73848,127.95001,133.36232,168.12903,130.51195,135.11646,135.05772,90.880312,99.745653,102.2473,103.49553,164.66489,167.03147,169.61792,167.37023,208.98517,276.29197,234.59868,246.43502,88.117716,86.443565,87.677946,86.108025,153.69395,158.0122,186.3971,190.05174,222.42005,216.11983,211.3284,210.72017,88.860116,87.160969,87.924303,96.834544,91.10769,106.98755,169.62716,154.69887,203.10091,176.65885,164.46047,191.53047,227.70552,216.65658,225.06762,223.33279,230.88952,237.24895,98.77603,130.74065,20.0,18.058631,18.463597,20.0
95.197001,96.783204,96.91839,105.83544,126.63703,122.77004,127.78177,132.40049,159.72241,131.77186,136.49855,132.93352,90.508673,98.163178,95.776794,102.50751,163.18986,171.22226,167.21625,164.22036,210.56448,261.1798,232.43451,249.8349,89.05217,86.799789,88.668228,86.16896,160.94227,167.31802,187.32682,187.08331,216.86709,213.94172,210.97712,209.8966,90.537834,89.141236,88.722782,96.252532,93.683099,108.89704,180.71102,151.25602,190.95376,187.25413,170.33266,191.14673,222.45284,210.3769,223.76816,221.0352,224.50048,237.02,95.28143,154.06762,20.0,17.259205,17.487205,20.0
95.850898,99.338766,97.798003,107.37087,125.67261,123.16822,125.81233,130.30581,135.64895,132.34533,150.45937,135.11563,93.184933,95.217718,97.523671,100.07888,162.64248,159.27176,164.6188,156.73373,211.23347,258.97131,235.38681,257.04523,90.064296,89.175462,93.100011,87.45999,165.90255,164.79278,187.7783,191.67111,213.4345,202.22458,205.69314,205.33204,92.740152,95.897101,91.534323,98.014547,92.439639,109.17988,168.90978,150.14668,192.45256,185.39291,174.03101,190.23227,225.39675,213.38792,218.80138,222.36533,226.32733,237.41618,99.628716,136.26637,20.0,17.387215,17.790925,20.0
99.031332,100.91737,98.765318,97.246728,124.36796,125.69702,124.1128,130.60535,151.48303,133.90342,140.50538,136.54434,92.745149,95.404104,99.573914,98.608212,169.82616,166.12608,167.58278,170.31095,212.58082,263.46578,232.69727,246.24942,88.55171,90.828354,93.232332,88.135251,148.42312,173.17602,188.2516,190.08537,215.91305,204.63494,205.70679,198.57323,95.369248,98.621128,89.275189,103.0746,90.811262,105.42144,177.77086,160.33471,199.13448,174.40381,176.1883,211.28977,218.23799,213.44116,218.70158,220.20922,220.74324,237.1618,100.38454,148.03159,20.0,15.958344,16.347259,20.0
98.950808,98.705943,99.464251,107.57786,125.54137,124.7509,126.92782,130.39548,160.7549,140.0527,139.54026,133.47171,89.784812,96.726395,98.440512,101.86065,161.49185,160.52082,164.8723,166.12839,205.78074,265.92875,234.94957,249.84902,86.135862,85.218274,92.560661,87.640904,147.57694,169.15235,185.02265,185.33632,216.40219,213.14263,206.06133,204.69136,95.214868,94.009724,89.569898,103.33375,92.437143,104.51392,182.13807,162.74438,200.32737,180.91354,169.00948,187.27419,220.2073,211.21196,217.76172,215.18785,225.19247,235.65042,98.997083,151.60032,20.0,16.446352,17.080635,20.0
95.735398,102.94707,99.545164,98.482632,124.19756,127.86795,123.36141,129.38495,150.56669,138.3961,134.06167,134.09973,92.550904,96.468123,98.220348,101.46417,164.27887,168.29358,164.70214,171.11901,206.40033,276.5424,232.64974,253.47354,85.54966,86.137628,92.363128,94.203707,153.65622,167.2711,175.3221,186.333,218.37338,206.61027,209.63234,204.03334,90.916158,89.306335,90.514795,105.96999,89.182057,105.57324,167.61003,159.02144,205.8373,175.80197,174.55273,185.93471,223.07586,212.14794,216.26426,224.8027,220.59497,233.29827,100.40241,149.3948,20.0,15.761453,16.00037,20.0
97.854003,88.89656,98.47411,97.436025,122.17592,126.042,124.14196,129.92053,148.09152,132.13894,138.87513,134.45517,93.977554,96.288907,98.21834,108.84799,161.00394,161.09047,168.9879,163.04434,208.33577,271.60207,228.96622,256.03245,88.150321,90.729504,96.404551,94.315857,147.37911,167.62139,175.237,187.66359,213.54375,211.28018,203.36945,206.88261,91.187759,92.403931,88.215839,96.676078,93.723149,105.32971,179.81559,159.384,195.26256,175.67459,179.17389,186.23868,228.3362,214.40007,218.89353,219.20915,225.4387,235.3994,98.4169,148.94475,20.0,15.348143,15.597539,20.0
97.592688,95.020325,96.124788,108.48558,124.59092,122.90526,128.08512,127.58246,150.58968,130.33085,142.11004,132.88529,91.249985,96.565398,98.519206,105.8589,164.88008,159.68596,159.10133,161.31389,207.9732,247.77659,234.50026,250.81148,88.913167,91.184623,93.731598,93.455365,154.48425,163.87342,179.5561,184.29543,219.91176,206.41858,207.92578,211.66705,93.15735,93.201361,85.343044,95.35577,91.480803,101.50802,178.35097,162.05919,176.46793,177.673,187.91254,183.60037,220.91667,212.0594,221.9521,224.25914,230.46519,239.77109,100.00113,132.42685,20.0,14.888747,15.461153,20.0
95.683636,105.62389,94.61227,109.59385,122.74944,121.13123,124.27957,130.4301,160.73414,136.10864,133.37634,138.04444,92.267393,95.934776,101.09199,105.62276,158.39698,160.71092,167.32336,164.25546,205.86434,255.39961,229.60039,245.50837,83.374322,83.517617,91.232315,86.206443,154.75538,161.24927,186.6396,189.02722,222.92899,212.71449,212.03685,210.73264,95.443965,90.880091,85.671712,99.768999,86.460756,106.63737,166.47189,151.07614,187.07334,168.59984,163.55472,163.57201,217.75142,212.86369,221.73192,215.44106,223.70829,233.64986,95.584948,136.41578,20.0,14.373531,15.266905,20.0
96.285337,108.06775,93.984378,112.46069,121.68663,121.99888,124.88532,127.90498,155.41704,133.8396,135.49654,133.95537,94.995254,93.82846,97.488421,107.17887,166.1795,165.34787,166.84785,165.442,207.1524,254.33868,229.46127,248.96755,85.254589,84.121953,84.128796,80.849462,145.22274,162.35889,182.58805,186.81932,214.01323,198.13629,205.10138,206.03513,94.873759,90.050084,88.108074,102.05334,91.533055,100.49652,165.89573,150.14048,192.65454,174.12317,173.77069,171.22698,223.85431,210.56379,218.07275,210.24592,216.74126,227.40352,90.410536,127.45622,20.0,16.507326,17.685216,20.0
96.872821,95.93671,99.184699,109.16561,121.91933,127.29715,123.19805,129.14488,146.75359,131.92884,131.97229,134.05396,92.453627,94.594667,95.148934,103.2415,165.68488,159.64779,165.73909,166.61292,204.18504,256.95904,226.66525,246.99033,85.256431,86.004817,85.265317,84.442167,148.44768,150.94698,184.22691,186.27731,209.48393,193.92788,200.76967,197.38627,95.083382,92.456337,91.065236,99.678531,90.020407,101.71417,153.85428,153.65804,182.44956,173.10393,173.22198,172.74916,220.41538,207.64796,219.26063,213.62994,216.12657,232.99101,94.689361,126.77647,20.0,17.832228,18.255391,20.0
97.842604,92.943479,102.60419,97.658704,123.868,120.87132,121.91252,131.91751,152.75373,133.29784,131.82853,132.47068,89.794107,94.46048,97.372309,101.00584,160.12076,160.00931,164.02634,171.09432,204.57608,256.48973,224.50545,240.83372,89.535657,89.847886,89.933515,89.484708,147.23322,161.67498,178.67271,182.71564,213.74532,205.41866,198.91358,198.09838,90.047126,91.365565,89.701278,97.77174,88.927722,101.0422,159.21996,150.10388,179.11305,163.26302,173.27952,182.43424,221.44832,209.74811,215.52128,212.78919,215.92302,232.3609,102.63996,129.88272,20.0,16.391066,16.17761,20.0
95.699833,94.829594,99.239693,93.615089,122.34394,123.49548,122.07262,128.16242,150.12891,139.15749,133.28457,130.6428,87.738973,93.582065,98.412258,99.50951,159.67349,152.2891,161.45417,167.26818,204.06161,250.70166,226.65746,248.12487,88.618503,85.833433,91.714313,93.358438,143.46081,164.57448,181.67278,182.31473,211.55697,205.3073,200.90118,203.22903,94.037347,90.965118,88.604191,101.14648,89.542416,96.295964,168.03307,149.23794,200.12472,167.34754,173.90482,173.60652,215.09966,209.28728,211.69063,214.19279,217.15917,227.46947,101.44681,134.21126,20.0,15.357449,15.870513,20.0
94.707295,94.655797,97.350205,102.51943,121.4922,121.87398,123.06426,127.9942,147.91662,134.00919,137.50249,132.79735,89.682353,94.125511,98.371425,99.14009,160.20806,161.57418,164.03752,162.9419,204.1519,254.86776,228.92167,240.76141,87.589016,83.148154,91.543071,92.738739,147.50076,160.85305,180.99889,184.64102,210.16645,193.69487,201.30769,197.56682,93.306194,89.277129,90.77885,100.11758,91.070767,99.033778,178.58927,148.77918,193.92591,167.1693,174.97845,170.54144,215.76708,204.93403,210.743,210.90097,221.82784,233.46816,95.478708,127.88416,20.0,17.071317,18.151833,20.0
94.878681,97.589815,95.460849,105.51451,122.63467,120.19685,121.87129,129.55291,145.1229,131.59011,131.43706,131.98877,94.079665,93.851853,99.830764,99.935994,160.62963,161.29568,164.80356,163.18025,202.2237,253.67389,221.21456,247.17276,88.231458,88.402107,86.516383,86.271844,148.97312,155.65629,172.75309,180.83303,202.77561,194.80993,193.68713,194.73944,88.154694,91.590794,91.039443,92.834548,91.287052,103.22157,161.37595,150.58521,194.45273,172.25382,164.70117,179.84887,214.45165,209.30251,214.63704,211.93198,218.90916,225.52783,95.472619,158.82429,20.0,16.820433,17.340704,20.0
94.831616,100.13327,94.077891,108.15725,122.37898,123.27676,121.64058,127.61341,135.34071,127.87219,137.72991,129.72391,89.720744,93.556453,98.70425,100.84307,157.21159,157.95343,163.43922,166.81308,201.03136,259.03663,221.35767,238.99629,84.915589,84.806321,89.858692,86.875076,143.17711,159.77301,173.14496,179.06416,210.46565,203.9024,196.07256,196.9765,94.033918,89.545608,87.176391,94.013717,93.561161,103.90472,186.17515,156.26132,181.63449,175.10809,170.00504,185.50394,212.50084,203.1897,214.41708,209.4066,217.01621,226.44659,95.041469,140.03614,20.0,17.264128,17.741722,20.0
95.901225,99.77943,95.575093,102.66782,120.30602,125.11208,122.51715,127.23144,146.45579,128.99652,133.55089,129.9159,90.464448,94.684078,97.70604,99.010135,157.72825,160.17846,160.2732,161.0242,200.45622,272.35011,220.02071,238.62724,89.421018,87.604992,94.207542,93.154536,152.98117,165.61418,176.59094,183.41739,217.84907,196.36022,207.80839,205.87738,95.00271,90.535658,84.667407,96.400069,88.063578,98.80972,167.24884,151.04277,186.15478,168.56617,169.7725,172.1904,213.84415,202.75453,220.1373,207.13491,215.37886,226.76128,99.35157,151.72217,20.0,16.891123,17.484807,20.0
95.073658,97.966964,99.596595,102.60866,121.32379,122.10025,123.44511,127.31943,147.22704,132.27172,138.52371,130.70939,92.146062,93.067997,97.744801,97.019729,160.39943,160.54589,168.57918,162.38987,199.49634,261.04426,224.08596,255.34522,85.720683,91.264862,88.696814,86.949559,139.80082,170.52886,174.51412,187.5491,208.94328,191.8764,204.66117,200.50239,91.899215,93.689947,88.295459,100.4566,89.121514,99.112378,157.03507,146.95692,190.09529,167.94684,185.07622,181.54364,217.56351,211.12164,214.38607,213.46503,218.52307,225.34846,101.78382,153.31326,20.0,17.150135,17.751526,20.0
97.483248,101.78154,100.12225,96.583296,121.86493,126.4526,121.28288,125.40798,158.75097,131.79209,132.25782,132.47772,89.759415,93.243256,95.273786,98.124882,161.29196,164.61585,166.24655,161.54744,203.87371,258.89383,227.26583,244.47922,83.977408,86.038918,85.313482,82.599389,149.29516,157.78154,175.86021,184.94744,207.90855,195.38445,197.54365,198.38015,93.624674,92.052271,92.610158,97.151012,89.550118,101.138,168.86608,156.98027,196.81056,168.39935,173.39041,182.62218,217.65596,210.05299,214.74364,216.52551,213.80571,227.65835,97.408636,129.22033,20.0,18.047506,18.758595,20.0
98.972575,98.867657,97.169271,113.56328,120.85498,122.33894,121.51862,125.87537,145.73529,131.51955,129.83023,130.23472,89.277989,94.452684,95.139362,99.636122,160.14306,163.04004,160.00805,162.7042,210.38833,272.21532,232.20629,246.59337,82.477946,83.384198,88.242741,86.652582,154.72199,157.17052,175.05447,179.71986,214.0798,194.91851,201.16249,197.84339,91.228734,89.775128,88.693951,96.444225,87.306449,102.66759,176.77889,154.64872,189.87801,166.95667,171.80302,171.90955,218.98324,208.00803,216.06648,221.04083,220.34831,232.60795,95.719438,149.57301,20.0,17.712871,18.184567,20.0
93.591935,97.739665,95.502957,107.81586,122.05021,119.93541,121.60198,126.63622,151.91713,128.48708,131.53684,131.63654,93.08262,94.594854,94.59524,99.15138,157.41544,164.11988,162.49421,164.66489,208.98286,251.45288,223.23387,233.87665,85.053201,88.016789,86.770078,90.865806,150.90035,157.74527,172.37114,183.80208,206.40841,197.29049,199.88743,197.31646,89.301239,88.920035,86.029472,93.17215,89.720745,105.25221,156.82602,149.1029,198.68782,165.73894,168.89877,187.59263,217.70582,209.06814,214.43043,216.90771,218.44045,233.77085,96.324384,131.66294,20.0,17.370812,17.676024,20.0
93.817104,101.9009,98.008118,103.80295,123.66185,118.95887,118.78496,129.58196,164.07766,131.73889,132.52897,130.11126,92.498266,93.613741,92.873808,99.49026,156.19876,164.63981,158.44856,160.04655,202.78303,272.3437,228.38049,241.94117,86.965844,88.953257,92.006277,90.331419,152.78642,162.83095,169.21192,180.93169,219.65979,212.57471,202.81826,200.90813,91.331166,90.390689,85.376708,96.496877,92.676146,101.56986,161.6126,153.81255,183.33198,166.22502,154.1148,174.64999,214.24639,210.70443,216.59607,213.2718,225.78611,231.44809,97.410394,134.13682,20.0,18.961243,19.605222,20.0
101.09134,97.356042,99.21381,106.66658,122.56742,118.35469,121.44881,127.91022,160.8172,134.50699,133.5801,133.64222,91.00755,93.669997,96.895933,102.63712,155.55287,156.45341,161.45589,163.22365,210.67033,246.75948,230.02282,238.66053,85.539767,88.478897,88.511806,88.240566,149.17505,160.92705,171.02411,185.58145,211.97009,205.00412,207.4331,202.93222,95.613374,93.473229,84.242178,96.845445,89.346148,104.34182,191.99796,153.47779,165.92071,167.44634,150.2451,183.30083,216.76446,205.69047,211.9595,222.14024,212.84863,232.04764,98.807611,148.44524,20.0,16.18729,16.425532,20.0
98.286346,96.495525,98.381683,103.96254,122.74744,124.05859,123.20205,127.66221,135.17195,128.68329,142.7959,132.88147,89.503498,95.629402,94.379397,104.25928,164.22323,165.25714,165.40034,163.5443,206.75694,258.25307,239.48362,260.90923,87.019665,84.162576,86.970698,83.996241,150.54678,161.67282,171.76363,185.28876,213.17781,198.14165,204.19949,202.23035,92.732732,91.220217,89.007727,99.052726,92.919975,98.078049,164.59649,151.06413,192.7598,178.40799,177.4907,179.36949,213.91558,209.52218,212.1669,215.17689,218.29834,234.04236,97.290533,156.8195,20.0,15.795264,16.602365,20.0
94.541634,98.21564,96.554931,110.07825,122.70798,121.41582,121.23327,129.3339,150.67719,128.57862,139.71298,134.05631,90.110403,92.867758,96.552734,103.0359,161.03485,160.40707,158.24204,164.74487,207.3197,262.00609,244.78413,238.99267,90.020623,83.537361,91.175158,92.248506,154.83794,169.10782,179.3825,188.12618,210.34652,208.11425,204.99519,199.79583,92.813747,90.931546,83.716852,98.118425,89.736332,96.501791,176.77905,148.46321,191.70943,161.73376,176.48096,174.48411,222.74592,208.82864,222.18033,221.4248,227.0314,243.35073,99.587036,159.74002,20.0,16.188288,16.591157,20.0
96.966088,105.3315,96.659018,103.03617,126.52086,120.83943,120.93724,129.03526,153.46288,130.63981,131.30973,131.64333,89.88098,94.927789,100.78241,104.41591,159.71785,165.42827,170.15741,164.00328,209.22242,262.06773,229.93537,244.0872,87.761718,85.702741,86.916906,87.07351,156.45975,163.69253,173.889,187.15027,222.2941,219.77129,211.8248,206.24124,88.825598,88.590378,83.50078,96.158288,88.176613,101.74355,173.16666,151.0648,166.49245,155.51365,158.62123,175.14906,219.2143,219.01408,225.2082,223.81875,229.93191,239.92901,98.799002,145.96333,20.0,16.953525,17.278446,20.0
95.41647,111.30329,97.26379,100.4349,122.76407,124.06942,123.3065,127.02695,155.63667,131.0792,132.89974,131.29828,87.367773,95.099959,98.538111,103.72137,154.78353,160.33798,164.83952,163.49247,209.06624,266.70553,232.24237,237.74349,87.395798,83.631248,84.357238,87.039618,154.38916,156.75319,183.26771,189.62058,217.73448,213.62134,209.95788,207.82276,90.546654,89.263852,84.350307,97.766341,91.304114,97.708431,175.55385,145.90309,192.45526,171.73781,170.01415,175.71527,220.02451,217.77559,223.22383,225.88926,218.98779,236.47367,97.055911,143.21373,20.0,17.15966,17.555234,20.0
96.742922,102.46015,97.298119,109.80036,121.09082,125.43205,124.04753,126.44081,147.73442,129.03995,130.4034,132.52077,89.166867,94.952529,97.659631,100.0056,163.5937,158.39514,157.98986,158.78582,214.85636,263.89293,235.66034,242.69962,90.913393,84.343011,85.491373,84.645573,144.91457,154.40371,177.03318,185.91074,215.65669,202.79216,208.77405,205.00508,92.5199,90.959787,86.115122,94.466313,91.998593,101.6545,185.19818,155.0036,188.54334,170.13378,176.53125,188.48182,221.10373,216.07952,220.62386,223.30213,222.09191,234.99389,97.607737,130.07343,20.0,16.715242,16.997559,20.0
95.940877,91.729043,97.518062,109.37671,122.57616,121.22193,120.14515,128.52127,162.91457,131.22182,132.49008,132.04336,91.347309,94.007255,92.778967,99.118151,163.31783,156.16547,166.37986,163.37323,209.9207,257.75931,224.52888,248.92278,89.686113,85.596708,89.059367,86.378921,152.19205,159.61828,172.54024,189.09421,211.85356,200.01233,204.54392,201.15626,90.278602,87.532627,87.47566,97.053827,89.942081,104.12455,147.68117,152.34168,197.193,168.38511,172.14929,189.49402,216.63916,216.1005,219.13237,215.74615,223.80515,232.67971,98.614549,135.15713,20.0,16.053235,16.544647,20.0
93.133026,98.066301,99.971697,101.3098,124.23421,119.3011,120.73438,129.67177,148.1977,135.09907,132.19398,131.0431,88.413275,93.260162,92.410596,98.665989,153.23992,161.76,164.75915,169.22996,204.02007,258.38901,233.13413,234.60581,88.302558,88.785055,91.719516,88.025583,147.4298,170.53848,173.45066,186.50313,212.42927,210.37478,204.34021,200.47052,93.71934,90.199421,88.350596,100.35636,89.145338,102.28882,161.73882,147.31445,179.77594,168.31908,160.55635,184.93979,220.90593,211.98798,213.78508,214.95573,220.54396,231.62073,100.64909,145.61472,20.0,16.572522,17.15714,20.0
98.431784,102.61268,100.10582,107.19044,122.78912,126.32032,122.96907,128.42017,161.23995,129.68842,133.42243,132.60447,90.013401,90.331109,95.130901,94.250425,161.443,160.54654,162.03955,164.29484,206.04056,259.56334,228.46855,239.3126,87.254388,88.08673,91.690159,91.319622,152.50463,162.7033,180.25026,182.74253,211.08131,202.94325,202.55501,206.89947,94.894393,91.018825,88.947159,101.82323,87.799273,98.550252,153.78114,151.5373,193.11474,162.89793,160.69027,169.19314,216.50371,207.70702,211.22918,221.5338,222.56671,229.801,99.402093,142.69759,20.0,16.163709,16.700424,20.0
99.944301,91.573483,94.279148,97.09074,121.72802,123.91603,122.51376,128.05115,144.74713,136.64503,132.96471,129.72078,88.702809,93.129534,100.35474,94.192329,160.31446,149.37925,158.43698,162.81861,206.15978,266.25519,230.45634,240.74351,89.210065,88.293208,90.492956,90.735942,152.94735,153.27836,180.72553,185.53375,213.79215,198.00605,202.33717,200.20492,93.883892,88.888365,87.849919,99.312776,91.645995,100.51376,163.17814,151.92172,194.2811,172.58202,166.05121,185.55148,213.80644,207.47897,214.57614,216.43967,214.30184,231.46559,96.387071,145.96487,20.0,16.635735,17.226289,20.0
93.696924,98.001556,98.350309,100.10853,124.36864,124.02329,123.96347,128.57067,144.09711,128.39902,135.3434,133.35175,92.220794,91.732787,102.56711,100.16354,160.63696,151.20618,161.43917,160.90861,202.3158,256.39746,226.00817,240.03377,86.048033,86.38039,84.348227,84.708489,141.78199,162.55335,169.41028,183.9034,208.20206,195.62791,200.84562,195.25356,91.625581,90.135759,83.975719,97.063379,92.657918,104.93348,167.3121,148.05942,194.82015,171.62083,170.06604,180.5843,215.81043,208.10355,217.42871,215.58322,218.23699,230.3331,96.438003,137.98474,20.0,17.51173,18.361988,20.0
95.789901,100.4683,97.747684,95.91737,123.49708,122.82332,122.84716,128.40966,159.9154,132.66526,133.0241,130.1717,92.131404,94.658428,100.33344,108.958,160.54633,164.25346,161.43463,164.61962,202.23468,253.4872,225.98872,258.41332,85.392726,87.17196,87.463713,86.711278,145.34937,170.33566,163.51511,182.90825,211.13993,209.10077,195.85231,200.63688,92.796338,90.06706,84.034416,99.06855,88.199789,103.71874,164.48081,144.3661,190.21384,163.76394,161.72824,171.62825,220.22372,207.89502,217.11597,214.62986,219.37788,228.8433,99.519181,130.99831,20.0,17.109541,17.231001,20.0
96.335092,100.43871,95.966218,103.04731,123.31131,121.09901,123.88572,127.41468,159.34799,130.82548,130.40213,136.79885,91.764096,98.144168,98.107764,107.26209,157.76404,159.42003,162.12461,160.23492,204.73695,255.46365,234.97033,248.85778,88.403621,86.853684,94.692211,89.258874,156.94018,168.82281,179.30918,181.87181,213.46202,211.26183,201.70093,204.96172,93.299899,89.642657,85.822084,97.486526,88.003631,99.841879,152.92178,144.9871,201.99468,166.68622,173.70371,169.57052,221.28247,207.69122,224.12388,218.27126,220.16698,235.22337,95.948422,159.26503,20.0,17.359384,17.741652,20.0
93.025268,102.92209,99.209518,104.30009,121.75392,120.22539,121.74387,130.76176,149.42561,129.66153,136.18456,131.31225,93.233278,95.302636,93.724349,102.05162,156.21454,158.51287,163.37115,159.92346,210.38461,248.95482,227.81095,248.83537,85.233694,84.76738,87.770943,89.415284,160.78331,158.02799,179.60432,183.43504,218.43924,200.27018,206.81045,207.53787,95.650877,89.624422,85.102691,97.219756,87.613578,100.99282,164.01037,151.2671,180.58558,165.01361,167.60728,174.68866,221.51344,214.42959,220.35442,223.61,217.26842,233.41053,97.367986,144.09244,20.0,17.477576,18.137982,20.0
99.343461,89.658831,97.627146,111.07063,123.53319,119.48853,119.8841,127.25588,156.18683,131.50437,133.46122,133.6712,91.372715,92.511427,95.439737,101.4252,158.2388,155.12942,160.27476,159.24427,216.43714,264.47499,228.7619,239.89562,82.377721,86.324459,87.176411,85.394745,147.15216,150.49683,181.06977,187.68337,210.53471,193.2455,203.1591,195.88549,93.782674,90.507863,88.935494,97.258712,89.791588,98.709006,164.48339,152.27401,179.33746,170.58758,164.14024,175.27157,218.0448,205.29816,218.70729,220.79087,220.43363,229.26117,95.894318,134.59675,20.0,17.708907,18.214971,20.0
95.200193,97.15537,94.589846,106.7081,120.33462,118.84527,121.61054,130.24402,136.21902,132.05436,131.43092,132.22747,89.628276,92.598512,98.510422,98.104157,159.59758,157.45043,163.09848,165.10522,212.36231,255.13593,225.52219,239.33288,85.767449,84.788108,89.23631,83.190259,148.22769,162.2765,164.12943,181.40198,207.3117,198.47681,197.14203,192.31367,92.223102,88.787362,89.818377,99.559197,91.593779,99.47776,163.13941,150.46482,171.59,167.14604,164.04084,176.22964,216.17868,206.96079,215.91711,221.18435,217.16883,230.15042,96.341096,151.79909,20.0,15.141267,15.069744,20.0
97.28155,102.77986,94.58186,102.4603,118.82041,118.35021,123.32922,127.4712,157.76836,128.77598,132.80923,131.76533,91.711305,93.05339,96.251461,96.260791,162.29843,164.46562,162.61139,161.9596,206.55238,252.15435,223.77926,236.02085,85.365371,81.71036,88.981975,86.975532,146.5472,155.72331,163.79521,177.82029,204.91129,191.24814,198.99869,196.5239,90.34146,88.908772,89.198464,100.91936,89.164659,96.611355,165.68995,149.07232,176.06112,167.14131,156.22536,174.33911,213.89786,206.60193,208.69177,213.84621,215.99478,224.68285,98.058238,144.71015,20.0,16.51615,17.608274,20.0
97.106446,97.326157,94.524306,100.61526,121.26321,121.03201,123.46939,127.61849,140.68647,130.49995,133.9699,129.4674,90.630304,93.290943,95.811436,96.338555,164.53885,155.37016,163.94152,158.20302,203.26601,233.7989,223.31986,241.859,87.013485,91.029209,91.907059,95.141221,152.99894,157.21179,175.52632,180.42309,208.29335,200.61032,194.85131,192.62837,92.421967,88.331264,87.432111,98.760922,88.728838,94.778675,165.50185,150.67348,165.9913,163.28977,166.62933,176.89763,208.64515,201.20173,211.10352,211.52508,213.60299,226.02074,100.18253,150.8193,20.0,17.031816,17.485996,20.0
96.952809,88.873544,98.124763,107.94538,124.81499,118.9216,120.12525,127.81693,155.00641,128.41977,130.74333,129.37025,88.694514,91.870666,95.195365,95.765754,159.57224,155.16964,166.27881,157.98158,199.57178,240.85438,223.81362,236.33278,87.132727,90.710498,88.752952,90.488682,148.66808,157.19821,166.75133,177.58409,206.64032,202.66886,195.76008,203.28105,92.161825,92.46151,84.425067,97.522275,89.655156,98.119756,159.29317,144.36807,191.27437,164.02159,165.37619,181.87899,209.3195,203.07039,210.19172,202.77821,208.41202,223.84297,98.758846,133.46589,20.0,14.370551,14.071876,20.0
94.350127,94.720456,98.314095,99.239525,121.4246,121.12257,123.35997,125.12917,145.85856,129.82817,132.87422,127.60916,91.005235,92.072821,92.095524,96.112933,154.47116,160.86627,164.96665,157.19705,197.54557,243.7744,224.09096,246.60587,82.061818,84.194423,86.285811,87.049676,135.91689,147.51435,168.75195,174.51354,203.66657,193.34271,198.39717,195.20553,93.492868,90.290319,84.156839,93.911951,87.15233,99.433167,160.6103,144.10947,193.83232,164.18219,166.21726,169.74438,207.6385,203.89068,212.21079,209.18283,203.70101,226.29961,96.295724,151.88019,20.0,13.552494,14.617587,20.0
94.27098,100.9746,89.777479,111.7308,120.92617,122.92541,119.03774,127.89083,137.87634,126.35849,131.3448,131.79027,92.426698,93.062819,92.398416,94.802885,146.78677,159.08405,159.16416,157.3997,197.48882,241.21557,219.83928,229.89195,83.023807,80.964475,88.251904,89.86079,151.66078,143.45339,173.9215,170.76549,202.5153,196.68139,192.95342,190.62878,94.770686,90.544255,82.911299,92.796958,87.940967,105.08352,169.09263,145.26668,192.30537,155.96482,167.40748,174.88783,209.89314,205.80239,211.94318,207.01355,209.16295,223.91354,89.505642,131.44827,20.0,14.250652,14.573463,20.0
92.860202,99.508103,93.532696,109.08303,122.27658,121.9721,118.32959,127.93129,131.51089,131.18321,127.38317,130.48886,93.115563,93.654296,94.412932,93.985545,151.85558,155.9413,158.76297,155.55571,199.22768,250.85215,215.45254,235.74689,85.327137,85.050318,81.788331,85.754137,144.01179,160.54773,158.51524,172.97951,207.17954,200.64937,197.3627,195.56693,91.73002,89.219288,84.384175,97.802603,88.172032,102.91336,177.37707,146.14824,182.41675,163.59714,170.80854,162.10282,209.56437,202.17765,208.50277,209.57832,213.66026,220.27715,93.472704,149.19568,20.0,15.150079,15.673093,20.0
92.000623,95.826731,99.63805,89.785855,122.27863,119.24526,123.09369,124.19439,149.25701,126.64804,133.11188,125.83775,91.322109,91.280105,97.25735,93.316943,155.06277,156.63562,157.40426,154.29502,200.64851,239.81047,213.75152,234.64274,84.001939,88.406403,85.105079,89.712752,143.51242,155.14225,169.2587,177.50394,206.0606,191.26258,197.82726,198.74506,93.132176,89.322889,86.718748,95.465335,86.081965,97.734107,142.32297,142.84492,189.31361,161.85633,160.40555,162.46022,205.5947,199.40837,205.55711,208.73892,205.02551,220.19012,100.38535,142.82183,20.0,14.904258,15.448648,20.0
92.307843,98.016541,97.737134,92.104825,121.68892,120.73658,120.19616,122.32705,152.55874,130.98849,127.02971,126.95496,88.42722,91.443578,94.987058,99.918376,151.68506,151.97244,154.81402,155.2253,197.73576,247.7053,215.37006,233.84313,84.40015,85.506941,88.465854,88.267703,141.1977,152.68137,161.07752,177.59155,201.64475,195.30325,192.91032,189.74876,96.857706,90.841502,87.330041,94.363697,89.156492,99.553218,145.84001,149.13273,181.43316,162.97409,164.86552,183.88914,201.75634,198.19048,201.79832,203.18029,210.49575,217.52542,98.506826,125.9009,20.0,16.593356,17.684354,20.0
93.706449,87.445524,94.321453,100.36832,119.24008,119.32226,117.06337,123.70495,153.14014,130.33875,128.42418,126.5991,88.971354,90.827114,94.398564,104.13901,153.18853,152.97156,152.3275,157.04883,195.90047,247.97821,216.58234,221.8527,89.552297,84.084569,89.407578,83.719022,145.76355,147.84608,161.48321,175.61716,204.52055,191.62734,191.06292,188.56249,96.003374,90.352088,85.625817,100.90506,91.188608,99.668044,168.25299,148.79018,178.3629,163.19819,161.4221,182.24725,206.15854,195.09144,199.63389,204.4422,209.90332,218.55059,92.636173,135.26403,20.0,16.857599,17.396631,20.0
89.840883,96.664784,94.988602,103.20618,117.16669,120.14681,116.45919,124.58134,158.23183,126.30845,127.25667,128.5939,88.728699,91.044868,97.848349,97.385971,156.7318,152.38479,158.21759,156.26737,196.47273,259.77521,215.21345,243.08775,86.695129,84.016588,86.322913,81.730909,141.08861,150.81011,170.61368,173.49654,200.18293,191.90746,191.08672,188.63303,89.385965,88.445932,86.683971,100.10621,88.746272,101.21679,154.13369,145.68912,180.67089,163.10003,156.70319,171.62824,206.75123,194.69856,204.47338,203.29402,203.25839,217.76538,88.324181,128.26556,20.0,16.561873,16.754612,20.0
90.614446,102.98071,91.556336,101.53941,117.49023,116.59978,117.18054,124.75562,147.10796,126.38956,129.78672,127.43484,88.650629,93.385673,94.208509,98.129328,157.88722,157.22955,155.94109,153.70036,190.59501,258.94244,217.70386,242.88998,83.757164,85.858981,86.234713,83.376033,147.64917,148.96048,169.84244,168.40984,199.10426,192.41375,187.13155,188.12486,85.349215,84.697516,84.786828,96.676594,89.089584,101.10623,144.13707,142.37497,177.71523,164.51564,173.93301,178.44525,212.79061,195.09348,202.94158,199.63593,198.59996,224.30537,96.097651,122.6104,20.0,16.695967,16.860116,20.0
93.856698,87.962742,92.602712,100.51245,119.47034,113.81761,119.4322,125.00974,146.96821,126.57367,127.55038,127.31131,88.669534,91.684197,92.663148,97.754794,162.59651,152.40048,155.80131,152.2199,195.30535,251.391,227.01315,216.8521,87.296436,87.743357,93.002009,96.533894,146.14255,155.56965,169.75062,174.70444,214.57244,190.38596,201.84688,192.48835,90.484051,87.909848,82.122766,91.452139,85.421307,93.717654,158.85906,147.11918,168.8757,157.7433,182.47561,161.42491,208.84442,199.28347,214.27556,208.21024,208.2952,231.13558,95.215779,141.41071,20.0,17.814449,18.417872,20.0
92.59956,90.387335,98.496463,91.725629,117.47647,114.40579,119.32511,123.43673,151.29985,126.89918,124.94067,125.67182,87.531041,91.689404,92.759006,97.140964,151.48438,153.84397,160.61582,153.20363,198.29339,233.45487,220.37815,236.80959,84.072815,87.46566,88.367951,86.90301,144.24311,175.04452,157.22531,183.38152,212.64169,193.65117,203.48498,201.88756,94.531567,88.285515,83.629548,94.512097,86.65899,91.730062,179.20077,143.96855,176.94806,152.58974,157.68307,167.87708,211.23508,203.82189,210.16828,206.25778,209.75085,224.65412,95.784898,158.06751,20.0,17.737449,18.316312,20.0
94.166651,99.574072,89.86037,100.08096,118.36641,119.03423,119.03062,122.74837,158.35453,123.09738,124.89641,126.9833,87.45708,92.430588,94.749651,96.187904,151.19068,159.95083,165.58857,157.95521,196.94731,237.18436,215.52138,239.10777,82.218166,84.736963,81.470511,75.332005,136.55208,150.01801,157.43496,178.80199,203.19749,191.5502,198.46466,193.17042,89.939426,84.152859,89.157906,99.211706,88.523549,92.772772,160.37948,138.65545,183.27978,165.89481,155.27611,171.61689,212.06445,203.01937,211.07094,209.6839,208.36278,222.20423,92.749081,132.66946,20.0,16.601199,16.475258,20.0
93.133222,98.800589,87.829849,107.53944,118.7381,118.31051,117.36832,124.35431,149.04863,123.22955,124.88915,127.60286,87.698162,94.255575,92.246746,94.830662,153.41818,161.98572,158.30336,163.40735,206.16384,244.83412,218.08456,229.8777,82.750528,80.338289,84.574915,83.286665,150.07011,149.17079,170.44929,174.94043,200.65969,189.92096,193.1829,188.39795,84.186402,87.257803,87.918939,94.782176,88.92528,97.460562,142.05306,140.12613,186.16236,162.86723,169.87859,161.33083,217.78961,202.99034,210.44605,213.31432,208.83218,217.6006,88.060149,121.33987,20.0,15.504042,15.334054,20.0
86.69501,90.221385,95.014885,109.09275,120.56353,116.21885,117.03926,123.04927,152.15712,123.1419,124.61391,124.81179,87.921995,95.910152,90.981704,91.82915,152.99109,155.08678,153.98045,164.36221,201.58947,243.95521,218.58266,229.3336,86.244123,86.545072,87.417911,82.363777,151.97533,152.58277,171.90014,171.38717,201.74331,194.25321,189.76563,190.77669,84.165197,85.635828,83.640253,92.089935,87.571088,96.148468,176.42692,143.76049,174.13347,161.2442,167.77262,165.35364,207.22622,200.99064,206.81914,210.56904,206.17108,222.34983,94.274244,132.91182,20.0,16.493296,17.719788,20.0
88.495621,92.187252,96.968814,96.008954,118.83277,119.68483,117.5874,121.10052,155.28572,121.70128,124.25777,123.26194,85.988664,89.66671,92.427672,91.816007,155.73026,144.83179,158.68714,154.613,200.96022,240.52841,214.53542,246.78993,85.693822,90.410416,87.180179,87.995102,142.15946,158.36238,164.63692,175.50834,200.6209,193.11257,192.25046,193.37446,91.65135,88.851562,83.224001,93.350422,85.556174,91.985412,161.5304,147.73574,181.03649,155.03704,154.21084,170.99026,211.20074,200.15826,209.7128,208.25685,205.95922,220.60729,98.91385,133.1171,20.0,18.027322,18.746834,20.0
95.056657,94.480208,94.28473,99.729714,117.02016,117.08587,117.45574,124.42739,145.91793,122.00749,127.79631,127.2452,87.964745,88.045817,90.964184,91.423816,159.33719,155.13133,160.41258,153.39871,195.96615,237.47109,214.25475,229.25431,82.663394,86.565863,90.278756,85.081349,137.93519,162.2757,174.06122,179.88055,202.77678,195.98556,193.62441,191.52499,92.008929,84.475013,84.600371,96.681007,88.800271,85.286203,147.85392,144.26717,176.40117,166.95465,170.68513,168.22951,212.96913,199.56686,203.84409,201.43438,202.44572,219.59234,93.831835,129.0587,20.0,18.301637,18.362194,20.0
91.791021,98.091443,91.843385,114.51421,116.92801,117.00299,115.99377,126.05986,140.91958,125.17244,130.85658,129.98136,89.452153,91.296847,93.154772,91.221444,155.46377,154.79482,161.62329,155.12889,200.85583,250.94662,215.26883,244.97219,82.124771,82.517726,83.107319,84.803299,146.84866,160.69361,171.14131,177.79009,202.08124,193.72738,194.30488,196.45701,91.192303,84.125092,81.819186,92.125338,82.99323,95.030357,161.18943,145.62086,152.59643,161.97377,178.21962,170.17906,207.7551,196.26187,210.57563,202.91105,206.21934,218.55236,91.149052,132.96935,20.0,18.141196,18.053464,20.0
90.685473,100.98633,93.512461,103.46499,118.83448,119.96703,115.35646,126.33239,141.5964,126.99621,128.3753,128.55579,88.835778,90.61464,92.283144,91.909147,154.31095,155.5943,158.2824,151.99089,200.93037,247.72074,217.40919,228.7551,83.657352,81.711636,85.901078,83.78469,146.80869,162.08858,172.57643,176.026,204.24336,197.15721,193.78739,195.20296,88.11248,88.270034,80.638239,88.110841,82.70993,97.59218,150.09868,144.70441,168.3936,160.21914,163.62472,176.32078,205.84844,198.64071,207.99828,202.4784,206.91604,226.05463,93.038704,123.74015,20.0,17.331129,17.608568,20.0
93.808896,99.823378,94.630324,99.823633,119.52482,123.1517,116.01369,124.23952,154.82217,134.40078,127.72902,126.90986,86.105733,89.366269,92.557781,95.785453,154.47089,152.88193,151.32131,157.06816,205.1295,247.38103,222.74793,237.32387,84.515113,85.173203,86.20779,88.216174,152.63622,162.69545,177.35979,180.01995,207.27728,205.52661,196.24944,196.88147,87.640913,87.243158,81.665844,89.595462,84.101968,95.407908,178.39725,148.92111,179.12531,153.22222,155.86142,157.72989,212.46165,203.39224,214.39982,205.44227,219.02808,226.456,96.488479,135.89021,20.0,17.076797,17.273839,20.0
95.31622,90.015132,97.388526,95.703484,120.3179,121.53512,119.44181,125.17488,142.60365,134.80477,131.09222,125.39177,86.383296,96.316308,91.959314,95.503143,147.94536,153.64136,155.37099,157.84532,198.8504,238.64353,220.42659,236.62289,84.881626,85.963317,83.960086,84.159854,136.6047,157.57828,174.58199,179.66834,207.60095,204.27549,201.97901,200.81587,83.432827,80.839011,84.483563,97.97248,88.633249,99.738461,149.92423,139.44907,198.56917,165.79942,162.74131,178.21704,215.28718,204.66995,218.18191,207.94115,217.10659,227.30064,95.31232,129.37583,20.0,16.975486,16.900683,20.0
90.325914,91.972205,98.714554,99.547555,119.50676,121.06172,118.09274,123.53607,148.37005,129.5073,130.27936,129.86197,85.854982,93.768714,89.821723,95.995917,154.26953,157.52884,155.29717,159.37579,199.47286,246.28713,214.38983,227.41598,85.003008,81.884423,84.260329,81.330607,140.0983,157.80345,179.41436,179.90041,209.47485,195.396,198.37493,199.75059,84.664264,83.176719,83.691484,90.60795,90.930611,101.18988,151.69116,144.57207,186.15451,166.22606,172.99502,179.35585,215.7738,206.02048,217.46912,213.02785,211.13054,223.3291,95.224434,133.35473,20.0,17.082168,17.527202,20.0
89.95401,99.419726,92.807192,103.03996,118.58131,119.94592,117.94823,124.5771,133.74527,128.12139,131.5102,128.30481,86.408305,90.490261,93.29927,100.12979,163.32171,158.64307,155.97465,156.34066,202.67588,237.99942,219.28285,232.08825,86.58499,84.48953,85.314847,84.402131,141.12685,155.05262,176.70916,181.7459,204.89331,188.62987,196.37118,195.57685,89.387321,87.795051,80.747661,90.566293,85.055451,99.889354,153.81108,152.11841,149.85734,166.83384,164.63519,167.93781,207.32519,202.25122,208.6481,212.59307,210.82646,222.27278,96.111969,151.90609,20.0,18.582177,19.286382,20.0
92.556909,97.114773,91.219491,108.37846,118.99007,122.19535,119.84325,125.5782,134.5123,127.4698,130.72361,129.28577,84.619808,89.4924,93.649345,99.382652,161.7921,152.04195,157.96622,159.51785,206.23174,235.99729,217.20088,231.09079,85.452798,83.38389,87.723379,84.154513,154.54212,154.98607,171.33722,179.107,199.14955,188.28046,191.6497,190.2675,93.925793,88.73282,84.083193,93.91415,85.916021,94.841015,155.20379,149.01903,180.38909,161.13884,159.53073,165.27039,203.8644,199.73345,206.36779,209.54472,200.41422,215.96081,92.290527,137.80238,20.0,16.733303,16.989422,20.0
92.715332,92.527209,95.386618,104.92497,120.16378,119.93205,120.72604,122.98711,151.51896,129.26753,127.44636,125.69531,85.729139,88.122404,91.767218,90.560464,156.49683,158.55999,152.10456,150.74957,195.52776,241.6652,222.67997,232.68422,81.893682,81.644526,84.381535,80.996911,142.92743,152.55445,165.21632,173.80153,202.42765,187.38038,186.74247,182.23682,92.846585,87.953564,87.98298,98.642433,87.400912,94.565938,158.29932,146.60124,184.77526,167.45349,172.24844,165.78248,206.07776,196.32022,202.30419,209.69264,197.15469,218.80175,95.613778,132.74834,20.0,13.796365,14.495706,20.0
91.491557,89.112054,95.378551,92.841557,119.49559,118.82678,118.18983,122.29321,150.41186,134.05708,126.65919,123.79221,86.503242,90.43089,99.125407,94.21358,153.68441,157.34284,161.63359,154.14536,196.75655,265.45313,219.42984,232.31579,82.66047,84.974574,87.367592,81.864433,148.53219,162.42701,165.63819,175.98244,199.42787,193.14087,193.48799,187.37632,88.27003,84.199783,86.297706,95.237964,89.019061,92.953117,171.83206,146.30299,167.65436,152.22514,159.99635,164.93637,206.49248,197.51173,206.81756,210.49968,202.95221,214.05734,98.492547,135.19401,20.0,16.044298,17.291907,20.0
92.414946,92.081369,93.675638,108.00669,120.24903,120.40769,115.93408,124.16727,150.2939,129.42375,126.42715,127.88501,85.410955,92.946702,97.68069,94.623468,153.72236,149.19808,159.06278,153.75317,191.62863,240.82369,219.87471,227.58911,85.775471,85.48454,87.249623,80.515479,148.62047,163.09624,168.98453,173.88986,201.05595,202.35119,187.14065,192.74217,85.206566,86.145129,86.776805,93.485362,88.645965,86.880809,175.3122,144.86592,182.06616,154.25423,174.88617,182.73799,207.32555,193.50572,205.26869,205.12564,206.00389,225.87587,95.134481,151.72815,20.0,16.616049,17.031595,20.0
93.413017,94.56866,95.420169,106.54607,118.10489,116.36296,115.38474,124.72231,146.14291,128.03017,130.84622,125.42053,87.507044,92.866882,91.894845,94.35456,158.60314,149.05594,162.51025,153.98913,196.67054,243.89656,218.13491,240.98008,83.655461,84.958902,87.299423,89.12576,147.92019,160.10124,163.11806,173.91664,203.61421,197.42517,186.0588,192.28322,87.178225,90.171064,85.287874,95.470844,85.845592,87.468267,174.76492,148.20716,190.23161,153.86194,167.00549,163.31656,207.28447,202.40901,210.00988,205.5513,218.3558,226.04773,92.586072,125.34272,20.0,18.000494,18.43423,20.0
92.307456,97.616161,94.509538,108.03714,117.53567,114.4651,118.95142,122.36834,145.70194,124.05408,126.68388,127.02208,91.094382,92.809847,92.2206,95.654895,155.68335,155.4387,159.50096,161.23341,211.58647,256.87731,216.6502,227.18333,81.562992,84.891457,83.855167,81.653488,143.89511,161.42612,174.92314,175.9862,206.52479,198.04397,193.46466,197.86222,88.337218,88.928129,84.879372,97.020948,87.081179,91.120301,144.53881,146.69998,190.96457,161.35515,159.29275,173.97879,211.19505,203.54747,221.21928,206.1993,214.50477,222.44734,94.678526,138.29338,20.0,17.135666,17.571186,20.0
94.327146,96.355878,94.930547,105.62905,117.18284,115.36659,120.37551,125.11532,135.24439,121.06142,132.29084,126.76072,92.457026,90.107912,90.249194,94.280106,152.52161,157.45925,158.84993,159.87292,199.01818,266.78062,219.13409,229.53287,82.542086,82.551862,84.40626,82.941301,157.50914,163.67449,172.21798,181.3399,209.91907,194.88763,198.54352,199.9539,91.993171,88.360986,82.931113,91.120359,90.478998,96.464557,158.94095,139.71052,183.54552,171.38105,180.58374,179.61989,219.83949,203.05814,211.01365,206.78005,213.67878,227.4174,92.570608,123.19865,20.0,17.318473,18.037675,20.0
96.908699,98.146845,93.003406,101.23299,114.97038,121.2024,118.33809,122.70562,148.55757,124.28113,130.50152,124.74403,90.995508,90.86228,90.294842,89.618507,160.88421,157.06124,155.26876,159.47227,199.65431,249.72704,237.37904,242.65429,84.107747,82.875133,87.382004,92.869194,158.44869,173.5586,177.33464,185.22646,212.63903,203.14581,204.6232,202.61466,94.389596,90.799261,79.837167,88.580123,90.585552,91.980163,152.39667,153.29543,169.28465,175.54382,166.92861,176.98349,211.54394,202.3132,210.73513,212.25698,221.69717,239.33957,94.266606,150.16504,20.0,16.274683,16.673598,20.0
96.940889,100.38591,94.933701,99.15129,122.85947,118.85612,116.9751,123.76762,134.45089,133.6681,128.32025,126.01777,87.651175,93.463875,96.964307,90.532991,157.28593,159.39044,160.23319,159.38524,203.47124,247.76292,225.25372,248.36186,81.088581,79.149135,85.359675,80.49374,145.96975,169.54118,174.17527,185.85216,206.5429,208.40082,206.52754,207.69402,93.442688,90.737441,80.162371,90.119654,82.085503,98.43048,148.35385,151.91025,177.32344,157.56186,160.50349,170.75366,209.9397,207.47733,215.23629,211.01502,223.34517,237.66325,95.474732,142.31421,20.0,17.450553,17.872178,20.0
91.854533,98.756938,96.704922,98.50808,119.2605,119.19562,117.72443,123.64118,155.87289,128.32825,135.96832,127.65646,85.203653,92.657138,97.525957,96.960318,163.78062,156.68731,167.52703,163.76614,201.89374,244.32328,229.29907,217.02182,81.266951,81.018245,79.915126,81.120207,152.859,149.49413,178.20889,178.15523,214.14604,202.48254,202.81059,199.6059,92.677557,84.37182,87.322501,92.913399,85.141166,93.570058,163.19519,143.4722,187.68373,164.92417,163.0488,159.20065,218.02368,208.21303,211.86071,206.87944,209.82858,224.65838,89.666527,142.81453,20.0,16.620243,17.441882,20.0
90.374735,94.169935,96.060503,112.65144,118.326,119.39452,118.68772,124.6215,128.78516,129.87459,133.55266,129.21862,84.681287,90.548796,90.150555,96.113759,156.06661,156.95756,158.35346,158.86838,199.69316,238.63733,219.00413,241.52893,86.351888,82.949,78.793421,81.540109,148.17436,144.36044,167.47862,178.13575,207.11246,196.24347,199.08366,194.33389,84.995777,81.189133,90.725935,91.476805,90.835703,99.312582,154.07764,146.08352,187.32197,163.62752,173.34761,170.25084,212.11497,205.62036,210.3503,211.36362,206.35089,224.05139,94.126339,134.42879,20.0,16.688969,17.220215,20.0
93.703771,87.458857,93.571886,100.64758,119.76452,119.48119,117.49411,127.24901,154.70852,124.94896,136.6655,128.1008,87.410715,89.236178,93.523272,95.895419,158.08793,164.32034,162.12963,160.33698,196.85064,248.50087,217.78036,226.27482,90.592225,88.536517,86.206181,82.662786,155.60933,152.29013,170.53696,179.06923,201.75665,195.41053,193.68437,191.24285,85.266585,82.150136,87.16692,92.680653,90.572656,93.436338,152.81383,144.62268,194.36248,168.5857,177.63565,173.07497,212.50498,202.68821,206.50615,203.48867,204.12352,217.59308,96.439798,134.85703,20.0,17.695816,18.222748,20.0
95.038307,94.214047,94.736614,95.489754,118.16757,117.82474,119.34384,121.73557,139.63934,129.56052,132.35312,125.4263,85.642067,88.730381,89.228545,92.831722,158.45739,156.74649,160.59069,159.11429,195.36132,249.74281,215.31951,226.2833,89.787897,88.539474,88.949907,87.79392,154.4292,154.90083,163.59244,175.31791,204.07129,193.09858,193.52348,190.12922,89.561664,89.390189,87.657511,95.282479,86.076972,86.38591,172.32169,148.09642,186.80926,162.78487,169.66689,173.9754,207.28378,198.8943,202.85177,207.46471,200.92419,214.72663,96.815805,130.87206,20.0,14.97685,15.226304,20.0
92.627159,94.3429,95.72093,107.62173,118.64431,116.41311,119.88571,124.01637,146.62861,125.58034,130.11569,128.03541,86.090901,88.766668,89.41903,90.358879,159.85714,158.11447,155.28041,157.77123,195.54249,249.20739,215.07217,237.86211,88.641775,90.730349,89.201445,90.45429,151.47663,160.57376,156.52679,173.07407,201.41308,187.93553,192.39723,187.23294,92.44776,88.878443,87.189343,95.348938,87.943685,84.391883,176.00617,142.94435,179.43176,157.20687,174.71177,178.81227,201.99615,194.74441,204.3441,204.73254,203.28317,218.3004,98.565519,146.34329,20.0,14.872028,16.537036,20.0
94.113076,96.043133,94.519812,112.24663,117.89546,116.64418,118.868,125.45779,154.62253,129.4161,128.04049,126.21293,89.308058,90.523964,91.83031,91.142878,153.3321,155.04124,156.54669,158.07202,193.29148,242.26623,220.24831,233.13507,87.095398,88.899599,87.571413,86.827875,145.44963,156.58064,151.60331,172.89625,202.42352,189.24957,189.22113,187.7092,96.238293,90.840382,86.259536,91.862886,86.469364,84.521805,169.03188,145.05928,184.0953,159.26438,185.26994,169.41102,205.88129,197.05942,206.72933,206.75144,209.09546,225.20713,94.388365,136.57273,20.0,17.381717,18.559909,20.0
96.359579,97.460908,95.253536,106.30847,119.17302,120.77322,118.12514,124.83016,152.68529,123.82148,127.82874,128.29907,90.691858,90.209089,88.390877,92.079905,154.53896,149.90906,162.84119,155.7337,194.93458,254.4576,219.31811,236.00635,83.322354,82.108834,84.904915,81.981762,143.93033,154.83387,165.77572,174.23461,205.00732,198.85974,191.49672,191.59855,90.821241,85.581684,81.85541,89.314952,83.334219,88.362504,167.58723,143.13295,188.8708,154.10404,165.14103,178.72823,207.27003,196.40823,206.45526,204.4834,214.0177,225.76971,95.425046,132.09322,20.0,18.201876,18.852496,20.0
94.988269,100.98844,95.786854,103.26092,118.09151,119.00012,120.20901,124.56341,146.11374,125.84864,130.35645,126.55332,90.076734,92.279449,92.459906,94.151785,155.32987,155.91416,158.3183,157.91255,194.28518,247.88417,221.99724,240.47359,82.472023,83.073844,83.261441,82.687171,144.035,160.75123,174.23439,174.70712,208.8008,197.44547,196.82778,198.23181,84.656969,86.105954,84.264966,89.762738,83.712819,89.54261,159.84089,143.44102,193.44572,168.8024,180.51556,169.27812,214.09613,201.90899,221.47746,202.83628,211.00395,223.30522,97.346395,135.83066,20.0,17.105515,17.036277,20.0
91.754627,95.998804,94.56157,112.46987,117.27922,121.21208,119.73335,125.16193,139.96768,122.83804,131.43973,128.1918,88.148797,91.83732,95.195002,100.69367,155.57612,154.79182,162.46808,154.72312,196.22965,249.1647,215.36732,240.37221,85.480911,79.81999,86.022402,87.761742,153.22544,161.88144,175.17933,180.48362,206.54299,197.08215,196.32749,195.35165,86.850999,86.68178,81.14868,87.669018,89.276032,91.457689,152.85472,144.2984,160.64638,168.31245,175.86469,182.82561,212.36959,207.35192,214.02534,211.02821,215.93704,230.50654,96.10127,157.02878,20.0,18.167403,18.422042,20.0
94.293179,97.440072,94.893647,104.72513,117.66415,119.27877,118.75205,123.58036,138.43989,129.17218,128.79202,129.11289,88.552224,88.953075,95.029118,98.75647,153.52623,153.10767,158.68641,159.1041,201.69331,254.48067,215.53261,227.19607,85.167713,86.143344,86.771232,83.851774,145.65996,167.70046,165.25479,180.79522,213.66979,204.77012,199.35364,197.28823,88.783728,85.891034,79.152094,87.844607,84.936998,93.47326,172.49038,149.8297,171.28536,156.42096,163.00146,175.19663,215.79556,205.46891,211.9355,206.48392,218.20953,228.69284,97.178796,150.81059,20.0,17.848152,18.183313,20.0
99.35112,99.152015,96.417281,96.304175,118.26362,119.68933,118.71306,123.9752,160.08359,132.54754,127.2569,125.77853,87.912281,90.647382,97.509559,95.172284,156.78721,150.57555,162.48982,156.85261,199.70766,245.52726,218.3991,227.99664,82.175226,86.345192,84.740022,85.356654,143.24376,163.02005,174.81228,178.52551,213.1382,208.3829,200.27947,205.39007,89.446131,85.327167,82.806703,95.20537,86.664248,94.032274,141.96833,151.32952,194.34142,156.51815,149.03681,173.52224,207.16868,201.45152,211.71011,202.76982,212.76007,217.86668,99.882114,140.96994,20.0,17.49525,17.617782,20.0
93.523112,98.58498,97.112896,98.728377,115.81825,123.18242,118.73709,123.02945,133.01504,129.60162,132.23343,129.3586,84.252607,90.322981,94.29835,93.867421,162.93207,157.39332,160.67739,154.19609,199.67882,265.67287,222.57008,247.54667,81.170768,84.165115,89.354194,90.32975,148.48773,154.06819,182.18907,184.42739,206.54638,199.26962,194.98356,202.2012,91.32874,83.283252,88.521326,96.701892,89.765173,90.284972,147.95171,149.26901,188.62538,167.9567,160.84661,159.5178,209.80425,201.08764,214.39853,207.07997,206.91691,219.64242,98.179736,133.25658,20.0,15.132296,14.700693,20.0
94.127714,93.199289,95.685924,116.56363,118.23701,123.1796,118.19536,126.09881,141.71147,128.9319,130.91329,131.67914,83.548689,91.531312,91.399355,92.485697,155.63943,144.88387,156.96469,150.64564,199.12195,253.47975,223.2936,249.35405,83.328205,84.352562,90.317336,86.932335,155.48875,146.57409,175.91178,178.35256,203.37471,191.02173,194.01698,193.53884,91.550803,86.563075,82.023453,92.847025,90.936603,95.310513,154.67936,147.00206,181.78095,167.18483,162.76105,175.99513,208.95367,201.78531,210.04866,208.64373,214.18578,229.78581,93.35024,149.92045,20.0,14.275988,14.854476,20.0
93.963951,95.805514,97.838451,102.46733,121.98081,116.97839,118.14656,122.6405,144.31709,132.30493,133.63041,128.20569,85.875758,92.726506,99.327793,91.461944,154.64893,153.51477,151.47909,151.93075,199.09679,247.57598,227.07171,240.11002,83.909676,87.119175,88.390097,82.922324,151.67438,152.15787,175.02497,176.88774,208.03788,190.99489,195.41504,193.16108,87.271363,86.40496,79.587634,91.828242,85.86681,93.072368,155.25448,146.76877,186.58937,162.71771,164.96228,160.02968,210.40576,202.0437,214.62707,208.77993,217.13297,233.12123,96.567716,131.25321,20.0,13.619321,14.42649,20.0
93.739154,92.232659,97.782908,99.865575,118.91798,116.94606,122.24323,125.30836,159.52774,133.64731,132.38666,129.36533,84.616653,92.657864,97.85694,94.43202,158.30813,152.38828,153.34502,152.48319,198.61297,242.99228,222.50502,226.47549,82.074291,88.036672,85.388722,86.473404,142.79033,158.97171,166.08802,180.0857,205.42819,194.0344,199.34929,191.80348,88.374129,84.553781,80.838779,93.792977,82.627038,92.074132,152.48182,144.78957,183.88503,161.76656,150.57435,171.78341,210.38367,200.07955,212.14687,211.55563,212.74153,221.99918,98.358006,133.15768,20.0,15.086778,16.264623,20.0
96.217661,93.499277,93.66507,102.53117,115.71109,120.30469,120.58402,123.99629,156.48155,124.56622,128.52857,129.04724,85.12062,92.821851,90.23723,96.627911,161.98903,147.82505,157.73359,151.50488,195.36324,244.93358,217.17209,227.91546,82.467954,81.830447,84.61037,78.76326,139.55721,151.11049,158.40888,175.60784,204.04426,198.67993,192.66556,191.4338,90.375337,85.883566,85.431505,95.401824,88.450893,93.38753,177.25267,145.6363,185.29449,160.37367,158.88627,176.54525,207.43151,200.40727,207.88327,207.31608,208.31045,219.84036,94.777375,129.36462,20.0,16.689253,17.899257,20.0
96.323591,93.403059,91.916767,95.02026,118.99641,118.26853,117.50858,125.36923,143.05429,125.02321,132.11909,128.36094,86.887468,90.848818,92.138605,94.323089,161.0277,148.45713,163.63343,150.97375,192.0297,243.05709,210.73736,219.53021,85.526085,80.471554,87.083578,84.785283,149.40036,144.5709,172.17121,172.44791,197.73601,190.186,190.19803,192.88877,87.321487,87.019843,83.744354,94.620947,91.000668,95.485224,158.52314,148.27768,192.07382,160.00756,157.48852,181.23972,205.47186,198.03035,203.84588,199.51088,196.92558,216.155,91.745572,128.99317,20.0,17.396692,17.953253,20.0
91.463689,92.979193,91.908148,100.42791,119.39074,117.52197,116.06301,124.80904,126.21313,125.91909,136.6759,128.3675,88.335768,89.944767,93.265351,92.26585,161.86952,146.22469,161.74063,160.42604,190.45671,239.90713,208.22752,222.32922,88.129484,86.671748,89.076381,86.243735,144.747,145.60105,170.83096,173.24591,200.509,187.31677,191.00348,190.15649,90.244814,90.096379,81.933727,93.128967,92.556914,90.890133,139.81641,145.65294,177.57558,165.71641,175.60669,170.43629,201.06478,194.40828,200.00153,195.97011,196.40232,214.46302,95.297948,144.12806,20.0,18.072903,17.895921,20.0
92.71822,98.07933,94.478679,95.616221,119.63291,116.19572,119.34948,125.76929,139.14926,127.50537,134.1562,127.994,84.944835,90.402156,93.101021,90.346867,156.98476,147.79884,157.13823,158.06791,190.66075,252.64129,208.88702,228.57507,87.183196,87.90039,91.623495,88.810909,138.70445,163.51787,161.99322,174.07005,199.98197,186.52258,193.0742,188.1029,97.129194,92.434432,81.004083,94.067703,86.179609,87.562897,153.52651,149.45639,164.5299,154.03745,178.90461,169.95921,201.06439,190.65624,196.70586,195.84002,201.29037,212.69638,97.307544,140.81797,20.0,18.319892,18.287492,20.0
96.44875,98.68328,95.267578,103.5942,118.56228,118.13467,119.50495,124.36856,137.38676,129.221,133.77806,126.20087,89.299662,87.58888,91.48724,91.515578,155.9233,156.11738,152.31447,155.91673,188.172,246.88967,214.67794,219.17262,82.163381,85.206263,90.344416,84.627357,138.16149,154.99798,165.52022,173.90417,198.38864,190.83814,190.92261,187.81934,91.227882,87.200135,86.547691,95.640697,82.126138,86.849056,156.6408,145.88017,186.26226,159.00179,159.70932,169.76379,200.20757,189.60712,195.55087,199.11687,206.98791,216.15813,95.206217,134.11023,20.0,19.015825,19.5164,20.0
96.334211,98.929232,95.963731,97.343022,119.01951,119.36019,116.66185,121.65633,155.01186,125.88336,127.29257,126.45763,90.456475,88.653031,95.000435,93.812667,150.81059,163.42971,154.19106,156.43552,189.74533,251.50637,215.80095,239.00865,79.219012,79.972909,84.043895,86.27588,138.61085,161.24135,167.07986,171.74191,197.96646,188.23692,185.05631,189.95177,87.273251,83.343677,85.607836,92.553879,85.381815,91.491416,164.09109,145.72629,185.15591,164.25421,158.91086,173.05141,199.9219,195.98553,199.52013,200.45326,210.42419,219.20773,92.437229,121.74377,20.0,18.126351,18.457826,20.0
91.024949,91.135992,97.030717,96.565207,118.69768,120.42693,116.97876,121.79457,137.95477,125.09122,126.50856,127.04777,90.510336,91.867678,96.132185,94.073149,144.44082,151.4424,152.58532,156.78076,190.31368,239.09579,216.92543,223.1785,82.389577,83.250376,84.117401,90.290588,144.88463,143.69212,168.79786,171.55703,207.04597,186.41919,194.58404,192.00271,82.782734,83.833686,83.459186,86.317434,91.045427,90.181956,182.16199,152.79797,189.23667,171.15085,153.79146,178.92992,208.8139,197.77804,203.93016,207.22077,208.77918,218.09267,94.606937,123.6834,20.0,16.551466,16.369064,20.0
90.150246,89.214287,94.55471,112.00646,117.89199,119.3198,114.33776,121.22193,131.90681,126.26143,125.91618,125.18825,88.758786,94.119469,94.222789,93.143666,143.72212,154.13428,155.84991,154.92914,198.99601,246.45509,216.29167,226.0832,86.922884,88.08142,87.129586,89.126053,149.3694,152.31845,170.23089,178.90945,200.91795,189.04108,195.38931,191.52886,83.866909,85.495771,80.096418,86.095137,91.723484,92.291967,158.19263,146.31036,189.94985,162.571,171.37903,159.80902,202.80885,202.31417,204.44713,210.16305,213.20705,220.5867,96.476619,154.49448,20.0,16.676427,17.359594,20.0
93.720335,98.336232,95.549967,107.70787,116.5701,119.88093,114.5796,123.93491,151.19401,128.99501,127.89995,123.20171,88.407185,90.322673,94.565334,93.365178,144.28706,154.67229,155.50508,151.99656,197.09164,237.61649,211.54728,223.57776,81.796327,86.659734,83.330511,80.294643,136.87026,153.84303,162.10152,176.00847,198.75998,187.02316,192.06166,192.70812,91.733274,85.516866,80.356094,92.306655,84.366042,95.349749,162.75087,147.71623,168.7024,160.33059,154.57457,167.6478,205.51413,199.05108,203.27515,212.05603,203.15259,212.58514,93.801415,129.11475,20.0,17.222418,17.426152,20.0
97.366772,98.278367,98.004036,101.57785,115.25879,117.61097,115.56638,122.31254,139.17152,129.50647,130.20994,123.42129,88.935649,88.603167,95.352179,96.701012,153.5832,151.54478,156.02851,151.50418,198.97347,233.14964,216.80932,218.09471,81.387244,83.996638,82.974898,80.872868,135.18621,145.09351,164.64162,172.65602,198.04658,189.16831,190.19936,189.16154,92.990278,89.677198,85.27084,90.479269,86.099232,84.599429,151.10109,144.66486,170.75498,163.58489,163.5711,172.26981,203.06403,195.76647,204.14719,204.70528,196.6591,215.96129,89.767544,124.99869,20.0,16.670229,16.598414,20.0
96.13506,98.002085,94.990207,95.914988,116.41029,115.78222,117.29086,120.60164,127.96548,124.75611,129.46245,129.20547,85.556907,87.266767,90.667295,86.785474,158.02423,149.51995,148.39331,153.13688,196.4498,231.34258,211.85825,230.81251,85.811197,86.74694,87.277097,88.083138,138.66842,144.00117,166.73118,172.0617,190.02453,182.99194,190.76372,187.44174,93.762759,89.637256,83.30322,91.329144,85.294405,86.395591,155.39843,143.24971,157.64782,164.4549,183.52208,167.8653,197.43026,193.30846,200.36207,200.85164,197.88226,215.36984,92.950517,132.90641,20.0,17.163506,17.648093,20.0
93.634596,90.981153,94.425528,100.5742,116.50729,119.76837,116.26854,123.50403,146.4266,124.11344,132.22858,126.74239,85.822526,88.900014,95.20522,88.881241,151.954,150.75197,153.83642,155.52577,190.0242,228.33118,215.52633,228.56331,87.258459,87.895732,89.389004,89.71461,142.87919,153.67126,162.01026,173.97629,192.15964,190.41534,185.33185,185.84909,89.75182,86.228084,81.619408,89.755082,85.285138,88.00522,151.7408,140.44303,180.19606,148.49207,169.48921,168.02836,202.51293,187.32136,197.43676,201.87219,197.71544,214.95305,97.630479,129.39621,20.0,17.772254,18.488246,20.0
94.261121,92.708355,94.528875,103.32415,116.31768,118.07706,114.59808,122.94945,146.9001,130.2594,126.57674,125.66671,82.079549,90.001567,96.123076,92.140049,152.69419,152.92267,156.27284,151.45912,188.3721,238.21498,209.6006,226.0684,83.476894,82.904137,84.078035,86.488804,141.05085,152.2226,164.85417,170.16005,197.45533,192.98952,187.32213,185.17612,83.836821,80.862388,85.732247,88.227344,84.389329,89.92861,160.42413,140.33431,184.53462,151.66966,148.25811,164.07102,196.88854,193.6863,195.57796,201.41483,205.91573,211.86137,93.286837,132.48914,20.0,17.858241,18.88053,20.0
92.457764,100.22305,91.997731,105.56018,117.21833,116.90705,116.79793,120.0287,140.5517,126.324,128.84825,126.04504,81.587241,88.51426,95.926087,92.363221,147.97274,151.87429,150.3448,147.83997,188.90695,243.84152,209.67389,222.77299,84.469085,78.000667,83.455916,88.79006,141.84995,147.8141,169.74615,169.5999,196.71652,187.21751,188.31287,189.3617,83.108816,83.969189,83.417447,89.563391,85.37268,92.231723,162.5924,148.02352,160.80755,156.18203,154.35527,167.02925,197.48495,194.75599,197.06732,198.11805,201.97374,213.81775,93.44164,126.78482,20.0,17.486122,17.47738,20.0
91.135935,88.036124,91.486197,103.30123,116.23266,117.79441,116.54839,122.42553,133.75331,121.4832,124.82084,124.29588,81.642442,91.540553,94.523016,93.604598,146.71756,147.53633,149.71551,153.68521,191.08537,239.42492,214.6252,221.73117,86.80389,81.613553,84.578036,84.884404,141.61517,146.90009,166.80999,170.95195,203.03719,192.98008,189.13536,188.05621,84.480946,84.599518,81.914866,85.355103,88.320577,93.232828,154.97625,139.20912,185.32847,165.64344,152.71768,167.00541,201.88593,192.97317,200.58906,201.12,206.55253,217.69408,94.165708,141.65553,20.0,16.119713,15.564346,20.0
90.011388,91.331307,93.923836,103.23398,118.13475,117.88737,116.5803,119.42536,139.82718,126.38639,128.54463,124.13981,86.087614,91.532259,93.824203,92.124717,141.58675,144.95871,157.82542,152.41271,192.85856,229.20277,215.08607,218.37664,85.826827,82.091651,86.752098,88.701056,142.47483,145.9047,171.81082,172.74307,195.3026,184.2444,192.33615,189.99799,87.534376,86.716726,77.115265,85.687506,88.118762,95.086872,155.19836,145.31496,162.50903,159.56595,159.34151,167.91353,198.7717,194.84544,198.89226,200.13203,207.54755,211.85498,92.357368,120.66753,20.0,16.294647,17.00287,20.0
91.969449,101.96764,93.729345,91.840223,117.44632,116.90188,118.32226,121.19457,138.98644,124.72857,124.90745,124.7598,85.668915,91.414964,94.840771,91.582968,145.53127,148.70207,150.55137,148.40406,190.34708,231.61779,206.11796,207.39741,82.033802,84.996161,82.982333,84.387219,133.97448,155.14706,161.50626,176.19333,193.82812,195.08833,186.5631,184.368,88.394419,84.613276,77.678302,89.506927,86.989078,92.830158,150.10989,141.75633,181.34813,154.13809,159.94323,163.43351,197.32268,193.46221,196.33969,203.08451,202.71844,211.04241,95.75535,146.20593,20.0,17.303893,17.880994,20.0
98.549927,98.758809,90.845489,108.22889,115.92696,116.00516,115.18282,122.23439,148.25974,123.30679,129.13953,125.37352,85.752469,88.602361,94.957044,92.585108,149.29706,143.14335,150.45767,149.61154,186.76791,220.55149,207.68646,211.51338,81.270209,81.824761,83.645013,81.649245,139.98433,151.98087,159.0318,169.00555,192.55186,189.69892,183.97229,185.01719,87.301053,87.030731,84.283694,93.224261,82.203391,87.560988,142.14278,143.98606,180.9427,163.3756,154.58512,166.35314,194.58131,193.32113,197.56268,193.48306,203.64234,206.95631,91.145546,124.62465,20.0,16.978544,17.184063,20.0
90.343081,92.529793,94.418676,100.12158,113.84892,113.05577,114.35721,121.81354,136.14735,122.34748,125.53487,123.26003,84.709903,90.13773,94.630713,94.190939,145.68945,148.55692,155.12223,149.09078,184.7594,229.98893,204.84252,222.06264,82.710248,78.951762,85.693709,85.945098,139.71871,150.56094,162.10012,163.78117,191.7981,186.46695,184.51215,180.16102,85.582509,85.520992,88.736235,92.59622,82.614212,93.116465,166.82082,136.30068,178.66553,169.75031,159.3676,162.58794,193.51533,187.10055,195.07721,194.99114,202.05203,202.45278,91.633494,141.20682,20.0,16.799939,16.781966,20.0
88.10647,91.003065,94.319325,97.392798,114.69802,113.11726,115.70563,120.61406,129.63001,123.86039,132.14783,123.10562,83.565408,89.466851,94.463611,95.540465,147.65693,148.3761,147.51911,149.13398,182.67353,242.15229,208.8654,207.15774,88.903588,85.850096,86.351969,87.984248,144.23638,145.26573,164.20311,166.54926,188.91127,182.72661,182.59603,181.03082,83.931189,84.461639,84.332356,91.804391,86.413137,96.095202,160.30913,144.9619,179.92527,159.78661,153.12803,171.26748,191.59526,188.05489,196.36981,198.79044,193.94646,207.92898,95.393878,146.14387,20.0,16.128064,16.986781,20.0
96.752215,96.41513,93.010175,89.808014,118.20557,116.10757,116.1324,119.23785,130.32987,123.08041,131.24625,121.85834,83.711852,87.745927,95.893547,94.101533,150.70219,148.93608,149.21521,147.45769,188.80066,232.51414,210.1955,218.65755,90.033896,86.295185,84.194769,84.277057,146.27282,148.80272,166.88368,165.18046,192.82462,184.60282,178.39024,179.84061,85.177915,87.366,85.503793,91.690469,88.333917,89.659807,165.69711,143.48326,177.46715,160.37112,161.77338,158.97764,192.62804,192.11556,194.81552,203.20637,190.39985,209.31047,94.545574,135.7004,20.0,17.96874,19.08843,20.0
96.014043,92.558345,93.642707,99.22921,115.63682,113.55768,115.26579,119.23414,146.61944,125.96863,123.45194,119.07781,85.420874,88.623861,96.346908,92.851131,146.1639,146.37202,149.94163,148.15519,189.23813,221.95593,205.71278,221.74415,86.556983,84.645685,84.703237,87.753248,147.40109,145.41256,165.88956,165.93,196.26233,190.86253,185.22641,182.18181,86.836459,86.369748,82.802671,94.982623,85.092168,91.96227,167.24841,145.43364,179.66307,156.30457,160.976,169.70303,196.36162,187.65398,194.38597,193.86261,190.28795,207.21704,93.451092,127.00567,20.0,18.60093,18.84338,20.0
85.693974,91.797298,92.601369,108.74675,113.92422,115.30291,113.87933,116.82208,127.12257,124.28632,129.80108,121.95299,87.791787,88.343985,97.448394,91.422013,149.76835,151.39735,151.11219,148.53186,183.08404,220.76017,205.50567,223.1662,86.242066,83.253895,85.114131,84.292258,136.79079,140.58282,169.24578,167.85897,194.43635,186.48139,186.31641,183.89173,84.850418,85.5859,81.046526,92.358615,86.387601,90.453568,156.94499,142.15192,175.45394,157.42782,173.72023,157.64511,197.26298,188.48852,197.39818,197.83588,194.88676,209.73583,93.431715,122.13747,20.0,17.574056,17.784917,20.0
88.150306,100.98158,95.129521,103.1378,112.09493,117.48631,113.98703,117.32396,130.12636,119.55702,131.69159,123.29482,85.860951,87.549644,96.833641,91.280248,148.82944,145.07591,147.89169,150.03617,189.77621,231.53098,210.10469,230.19941,85.294396,84.749883,84.103535,82.377089,136.74485,147.89325,166.41679,168.67579,194.42134,178.15559,189.21695,183.63169,86.334572,85.439291,79.529327,91.190329,83.758564,89.232583,162.11843,139.52635,175.76788,157.72403,162.92963,160.61465,200.49713,189.77743,195.92196,200.19365,199.60039,209.48438,93.550251,134.89271,20.0,16.5262,16.873132,20.0
98.130125,96.28719,90.689251,102.23546,115.10416,115.86837,112.94689,117.39058,124.55454,123.81935,138.86724,120.99498,87.615601,89.645389,91.929881,91.415865,149.59341,150.97556,146.2208,148.11888,194.65307,235.21798,208.70896,218.66028,84.060497,88.501912,83.709799,81.300837,134.86415,144.75635,165.78387,171.61843,189.18548,175.61545,183.0569,177.70028,86.438534,84.884033,83.211546,92.158023,83.622442,86.804019,156.87202,140.47221,182.3905,158.38497,173.09285,155.24697,198.93999,190.32894,201.2132,201.25971,196.1696,212.76466,92.065554,124.82264,20.0,17.400092,18.211227,20.0
93.20058,91.269653,91.177377,100.03886,113.65815,112.72745,112.20611,118.46044,138.90364,123.7973,125.08082,120.98566,85.657065,88.334496,90.774688,87.344863,149.52278,142.55898,153.86607,148.01681,186.83496,227.32744,203.15948,223.08315,86.440901,88.200788,88.01067,88.851845,145.83391,151.10034,152.98193,168.08964,191.015,182.17999,181.63245,178.54052,87.665659,85.095841,82.373401,93.842843,85.575377,90.677412,146.96872,139.25422,166.82412,153.168,173.75835,163.03066,199.91651,192.36518,197.72897,199.8293,200.98061,212.2258,93.477928,120.77308,20.0,18.561714,19.13422,20.0
88.77821,101.31815,99.638528,101.35389,111.95446,114.15516,114.18425,118.56934,150.15785,128.88433,121.25363,120.56681,84.932937,88.444102,93.83397,88.252535,150.70898,144.29693,152.65985,145.80691,185.19083,241.4197,205.94195,226.92762,85.010222,84.123466,86.274312,89.647962,138.41343,148.14273,156.45541,167.39298,192.37657,183.97016,186.16255,183.08388,84.384252,82.706362,84.460284,93.960721,84.416206,87.88024,147.4161,137.64508,164.22653,150.39764,162.39492,170.97352,200.41562,191.5136,195.28538,194.39497,192.86577,204.91519,95.537321,144.53697,20.0,16.949693,16.813328,20.0
96.748076,92.095213,90.444384,93.647055,112.08962,112.88566,114.10157,118.73481,128.10262,123.63241,126.74485,123.26168,83.053515,87.685977,92.713498,88.154796,153.9122,145.86552,155.96523,150.93925,187.1598,227.70336,211.88216,212.4683,85.111388,84.204955,89.149717,86.091737,143.38265,152.41039,162.86808,167.9432,191.58788,185.82857,185.04597,181.91737,86.078257,84.842326,81.782215,90.776266,84.18897,82.854894,143.39808,137.34052,162.24856,145.90719,171.0202,156.69884,199.42083,189.94551,198.52643,193.89376,188.30236,208.57082,94.388799,127.69347,20.0,13.300775,14.527055,20.0
94.874672,97.825243,92.734399,104.81936,114.07218,112.31381,113.64313,119.58856,143.51368,119.24052,124.56898,121.62758,83.256876,88.16036,91.533051,88.51925,151.34486,145.02117,156.56531,148.82209,185.15624,226.45941,206.18587,225.41938,83.122027,81.555739,83.792932,83.489446,145.18141,144.20002,163.72908,165.11837,192.86253,184.63263,177.58788,179.43837,86.356191,84.371724,79.971438,87.852788,82.633031,88.785253,150.40816,134.52088,167.22722,154.11651,177.64381,152.43223,195.99803,190.51977,199.77366,192.46802,195.62535,211.8838,87.289317,119.05539,20.0,15.049725,16.162754,20.0
91.488803,96.591532,95.404538,98.993261,112.67279,111.33917,112.67293,115.27087,147.21509,121.192,124.32267,120.61948,84.5671,89.21266,94.83953,89.879717,153.21076,149.55528,153.81786,147.28158,185.7561,217.20125,207.85561,218.61435,82.887982,80.101089,83.195238,83.540323,136.20319,143.79745,162.30282,164.81422,190.69575,179.05345,185.35442,180.98217,88.660702,82.313952,81.56936,88.143205,81.910318,89.288482,160.97437,135.7754,176.69579,149.07007,170.53861,156.29765,197.82128,190.06433,202.62029,191.05777,197.50251,212.61246,89.881368,116.91356,20.0,18.669687,19.731923,20.0
94.322458,97.088006,93.219861,99.852246,114.14626,114.99717,115.959,118.29751,132.68393,118.9029,122.83705,122.22762,85.597822,86.81073,91.316606,89.563552,152.46624,148.8057,155.15259,146.1636,186.59517,219.68925,208.37937,213.76838,83.17355,84.520885,81.839942,83.900224,133.39411,159.96592,161.42972,168.36511,196.25532,182.89392,187.55031,181.27044,84.311937,80.582189,81.287193,87.825028,85.374448,86.760352,143.50781,137.42878,167.59993,151.75712,169.66237,159.9018,198.16294,187.45575,199.63213,188.32889,196.66649,209.59678,92.211881,155.42935,20.0,15.515946,15.470058,20.0
90.097424,95.53679,93.506653,107.73681,111.95138,115.04517,113.51322,119.30512,129.25276,119.30059,127.96626,120.43058,85.576725,86.963573,92.748903,90.181211,149.25876,156.61616,155.10894,149.48582,184.06805,239.01801,204.58207,217.70667,83.568961,81.459827,86.843047,82.026474,131.13421,144.04585,153.72299,169.59701,193.46234,179.1885,188.58225,183.52887,83.239974,81.717644,80.816853,88.478548,85.991781,85.870935,150.59996,139.97612,154.64284,152.20389,163.06442,160.13512,198.471,189.67998,201.39087,191.05219,194.01175,207.72072,93.598441,127.93061,20.0,15.153557,16.399285,20.0
93.600434,95.027734,91.979035,102.925,110.42305,116.21875,112.64216,118.09432,140.74062,119.76979,124.96611,118.19451,83.779126,86.296719,94.291759,89.434534,149.5253,141.7871,149.89868,150.02354,186.40948,217.47819,202.23839,220.61964,83.443383,79.48916,84.473519,81.064059,141.56662,142.53946,162.69955,167.74175,189.70627,177.26656,180.8943,180.85573,84.352984,81.705352,81.63277,89.800479,84.264508,89.496589,151.92638,142.97206,157.0942,154.96903,170.14476,170.43802,199.58053,191.64281,198.2659,191.8829,189.43672,206.70881,92.960445,115.55476,20.0,17.224655,18.508002,20.0
92.88973,96.714055,91.491744,96.114131,113.77887,113.39448,113.34929,115.75143,126.98862,121.70926,125.22107,122.20138,85.628546,87.555637,93.257005,86.869068,149.79295,145.36434,145.55221,148.10555,186.64762,236.68243,203.06969,227.47033,82.823546,87.355108,84.406193,83.266156,145.3833,145.6451,162.95508,166.77948,192.12493,180.81538,184.89627,179.16426,86.854194,82.038142,82.765247,89.435695,84.657558,86.385903,134.73369,143.599,164.53906,149.96195,163.98732,165.1404,200.25163,187.57347,194.62986,195.47899,195.29854,205.57553,92.609115,125.88894,20.0,18.32296,18.859883,20.0
90.814978,93.014817,90.427592,105.9563,112.2711,112.18994,112.16741,119.56746,139.06854,117.88747,123.55619,123.61582,84.880363,87.896211,93.846343,84.942004,149.92148,144.62222,151.86243,142.50901,186.78545,223.90205,207.00603,218.332,83.288357,89.870843,84.793025,83.16322,138.47179,156.73735,153.63643,166.36242,191.00396,189.08353,181.84067,183.51171,86.073875,82.145629,82.976916,89.981203,81.881408,87.014694,140.52185,140.10136,166.82167,150.24545,171.70353,173.0003,195.47899,187.79845,196.2361,194.08021,194.58942,206.48423,93.346397,145.32735,20.0,14.459518,14.183192,20.0
91.531694,90.816376,90.444032,105.84629,109.89523,112.84323,111.07639,118.21142,133.08796,124.32372,130.7555,120.06311,81.505292,87.117555,90.133521,87.364057,145.77032,148.679,149.61747,148.20534,185.25419,228.35759,213.73774,220.11279,81.140354,85.772221,90.405059,90.621748,139.83677,157.40886,159.19914,167.16212,199.13935,190.31913,182.69873,185.87868,86.667255,82.514307,83.428387,90.568543,79.402592,84.619391,162.08219,140.31541,158.74062,150.94158,163.18439,155.23606,194.87933,187.7584,195.83837,196.90394,203.26464,214.83057,92.657346,126.3547,20.0,14.629738,15.8215,20.0
93.48828,97.284737,93.054379,103.85841,111.15267,114.61657,111.95712,116.62992,129.81644,120.76642,122.038,122.03387,82.501788,86.968387,91.990503,92.358446,145.00381,139.49026,146.04654,144.74099,188.68563,228.65961,207.89139,220.25596,75.971239,80.660718,81.993064,81.68065,140.77887,161.66145,159.02896,170.3656,199.715,186.8896,189.19716,187.15232,84.651408,81.377178,80.638016,86.011336,83.200846,88.776051,163.88455,138.65104,166.36866,149.27134,154.5953,173.06591,196.74246,194.10046,192.08181,198.72622,194.87154,207.4354,93.966566,143.18906,20.0,16.563009,17.667105,20.0
94.107544,95.804379,93.474862,111.68695,112.20781,113.48404,111.40562,118.39104,142.4222,123.38834,122.60037,121.59506,84.202587,85.303735,96.887763,93.298305,153.95228,145.23861,148.96215,146.98659,188.8976,229.01578,205.18489,219.09084,78.213233,80.770251,79.198146,75.604572,146.00881,156.42615,153.24212,170.44194,194.90498,183.51284,189.33373,185.8226,84.746859,83.942932,80.163751,83.042153,88.562239,91.430755,150.37354,135.67698,180.73602,159.34024,159.276,165.17382,195.23706,190.1556,194.7113,192.81415,195.91374,211.3376,93.124638,135.52153,20.0,17.925848,18.136956,20.0
91.369907,94.236006,91.89524,101.55257,112.03254,110.41414,112.39628,116.30848,134.74519,123.57263,121.69641,122.14999,84.555745,87.107596,91.062745,93.897084,149.77198,148.13975,150.52467,146.91757,185.19269,226.19942,206.56193,215.79579,79.100708,80.027469,82.898091,81.866843,145.47384,148.47485,161.44133,171.04311,197.75871,193.39184,185.52043,184.16883,87.994094,84.46551,76.246703,82.814464,83.13331,92.7541,146.70411,141.43242,179.12101,149.03236,161.30159,152.2114,194.02889,189.72923,195.45414,189.4196,200.54769,210.6188,91.958365,123.85276,20.0,17.338337,17.02466,20.0
88.241071,95.138872,91.318212,107.811,112.39566,110.27585,113.28481,118.36298,126.2378,121.47668,124.86439,123.62154,87.045279,86.201398,88.522391,90.64582,146.00311,147.97339,147.97729,144.10919,182.97357,221.65404,210.45803,226.83754,80.905074,84.834658,82.983458,82.976241,137.36591,157.00244,159.21827,168.08243,196.10769,185.13553,186.22925,189.35699,86.030129,82.783909,77.776164,90.366234,85.009504,88.351436,156.08196,144.78278,175.27113,150.66185,148.31062,164.82802,199.17816,188.36316,197.39336,195.56589,196.01549,210.85353,94.710468,146.18325,20.0,16.8595,17.127405,20.0
89.820578,92.276426,91.496068,110.78754,111.13029,112.4874,109.91941,119.52742,137.26121,120.47932,126.80082,122.5548,81.454561,87.67835,92.672223,87.907373,145.76044,143.24427,148.34864,146.44966,184.4632,226.9778,204.40298,216.0067,79.787154,84.035554,82.085858,85.097997,144.62853,157.41326,158.00325,169.85092,195.46179,182.21927,180.82933,186.09114,87.171701,81.77888,80.423188,90.352857,86.101654,79.711138,153.84016,138.72485,175.79615,157.03857,149.37021,153.54734,196.39664,193.76165,196.45824,194.60072,201.76868,210.18465,95.449232,124.24813,20.0,16.171773,17.070712,20.0
91.780241,96.860119,92.935006,93.00387,113.66537,111.82959,111.6093,117.83474,129.76294,125.22773,129.05838,121.12817,81.233857,88.422464,92.714871,86.829994,147.10755,144.95716,150.18506,147.96691,183.85982,230.35996,204.22116,216.79092,79.931186,83.187104,80.879307,82.353228,140.77558,158.54321,157.93554,169.4111,192.96588,181.5966,186.91823,180.55245,84.486095,80.72921,81.980518,93.021776,81.169316,84.509876,152.6083,133.19976,179.52303,154.88724,166.17487,158.92991,199.75825,190.92603,193.52641,193.34146,203.89285,207.81146,91.876782,143.60404,20.0,18.059381,17.991916,20.0
90.231569,92.66222,92.808756,104.58047,113.20954,112.25673,112.16911,119.09685,133.32053,120.67058,126.99307,124.857,83.243532,86.458891,91.466827,89.185509,146.83737,145.46561,148.92167,146.97279,184.74809,250.91982,202.96771,212.87101,80.156521,82.328997,80.123054,80.747274,142.4708,148.5344,162.89031,166.40919,191.48165,182.18623,179.12427,180.89495,81.373713,83.165151,83.948488,87.398819,82.734298,86.688365,144.18854,131.47465,183.88859,152.79273,151.74549,159.1263,195.51863,190.03427,194.48259,191.19056,200.46286,206.25174,93.391726,122.53682,20.0,18.665525,19.16263,20.0
88.363118,89.258654,91.487768,99.459894,113.5287,113.78397,112.22858,120.39044,134.58534,123.541,134.03091,122.26516,81.066942,84.155192,89.231518,87.664511,147.81509,142.37727,146.97877,145.31192,185.029,240.49403,204.37879,228.20255,81.986616,83.045335,86.875192,87.34158,144.36633,140.07573,164.33836,165.84366,196.62733,181.52148,186.37948,186.8155,89.768709,85.906645,83.727849,84.011423,86.240636,83.0569,143.617,137.87366,175.77826,162.5286,157.94365,161.82694,197.09219,187.98779,194.76189,196.55949,194.39722,206.56066,94.646802,116.95476,20.0,19.438461,19.784543,20.0
89.287644,94.299662,92.583671,95.342888,114.25068,117.12026,113.40838,118.49137,140.2806,123.02585,124.35523,121.4107,81.947677,84.885845,89.827032,86.260337,146.98103,145.30431,142.76295,147.63749,188.28513,233.69493,206.7714,212.02116,83.481934,84.197071,90.156331,89.711279,141.32315,136.41368,166.16892,169.57312,191.78064,178.4636,184.50756,182.25692,87.13701,85.698233,80.436851,83.151714,87.26939,82.051784,141.87536,143.78386,177.23682,159.56333,155.71307,164.58341,191.99681,189.19344,193.29745,197.0396,196.80101,212.91264,93.858886,141.6097,20.0,18.797869,18.932395,20.0
89.872736,95.002348,93.203543,106.75127,113.61793,115.39304,114.03906,118.35571,128.90804,124.93871,125.23384,123.19397,85.81964,85.80437,93.19831,88.393437,147.24078,147.23304,147.73668,145.30013,184.22294,234.06557,204.56943,214.75411,84.37222,85.333703,84.695427,86.257116,133.51572,148.14753,164.21329,166.8062,192.09288,180.40974,183.22475,183.77256,86.066996,84.006088,78.746175,85.944235,83.042962,87.771444,157.85378,142.17775,169.34014,151.72737,160.5842,158.94916,192.38498,189.04808,193.24109,198.95871,201.3751,209.31624,94.66932,123.94612,20.0,17.438101,17.420915,20.0
90.068038,86.992457,91.289649,99.155186,113.24656,112.72469,113.22278,118.84605,145.10645,120.13441,123.9758,123.62899,85.027135,83.689819,93.475596,88.46061,146.56817,136.99357,147.06507,150.90309,182.06681,217.12479,202.51954,221.90261,79.455632,80.998938,82.602698,83.527288,126.66551,138.66465,163.51115,165.89518,191.1236,178.18093,185.61431,182.55593,82.990558,82.305865,81.896746,86.28038,83.227633,87.691895,153.42074,140.22173,168.54069,153.22792,144.71667,166.45514,190.9963,188.25279,193.40905,195.92974,195.72113,205.58112,91.347926,123.29604,20.0,15.796191,16.346732,20.0
88.495537,92.828078,90.578797,100.51808,112.59959,112.96737,114.5134,118.75683,147.29036,118.52187,122.23772,120.61858,82.546099,88.962927,91.632893,87.178536,145.84976,145.99721,144.04513,146.12293,180.77537,231.9252,201.46855,218.19076,80.18892,79.867064,86.923339,84.994121,144.31347,138.7132,165.96644,160.268,191.22485,178.03379,185.8843,183.40748,83.720535,83.085787,81.453015,83.1651,86.721564,86.492487,169.94851,136.96306,171.52331,159.53437,156.55574,155.20243,192.9619,182.54554,193.48588,190.39983,199.54339,206.85594,89.27158,118.0224,20.0,15.637675,16.488853,20.0
92.040782,89.09487,90.353909,107.32656,113.79256,111.66315,113.25269,117.54093,143.77198,117.67033,121.73547,120.18882,84.667375,88.078165,90.607939,90.33555,147.02651,147.68782,148.3165,147.41372,179.70659,218.78095,204.11292,221.05817,81.210543,81.877463,82.404549,81.190409,137.18725,141.6815,160.01851,163.08779,196.43887,183.5888,184.60656,181.11705,80.212166,83.22951,78.74588,81.101853,85.203151,90.277135,160.46947,140.19787,183.28313,154.23103,153.54212,151.10097,188.02623,185.40221,194.4417,190.67315,198.82126,206.51873,93.671088,121.09975,20.0,17.728765,18.408305,20.0
90.368775,94.556795,90.390476,98.772296,111.00786,111.92396,113.80602,118.34629,142.95392,119.07708,119.47193,121.90293,85.523098,86.784805,91.070369,90.287444,146.01977,141.60346,155.25014,145.60667,184.21035,226.54596,198.04715,219.29724,81.893072,82.509896,84.150175,80.294081,139.80151,145.70697,158.96223,165.3615,192.69581,182.96524,187.33822,182.39476,83.787605,85.515364,82.231961,81.511407,84.570245,90.349998,159.6364,131.35484,173.17779,151.85022,146.66778,154.79158,192.62852,185.54129,198.59106,195.7759,193.9163,204.88592,92.498105,142.14025,20.0,17.543224,17.517469,20.0
89.970661,92.043049,91.687644,98.942823,112.13015,112.2682,112.15001,120.20087,139.32163,120.6999,118.79751,120.7852,81.744073,86.687301,89.135926,88.271563,144.63147,142.36687,147.60546,145.52925,185.62912,221.48348,204.0573,214.28272,82.90154,84.611052,85.858331,86.153904,137.59892,147.14866,154.78364,166.61409,192.50744,180.22357,180.6769,179.61309,90.828323,85.88715,83.444769,89.766471,84.337261,81.689777,151.59447,133.49161,172.83433,151.73226,163.11169,152.2796,193.43234,189.19859,195.00698,190.66454,195.67919,199.7318,94.012291,125.2859,20.0,14.851146,14.712276,20.0
91.737666,89.915076,91.734043,99.292118,111.5451,111.6415,112.21464,117.72738,147.94474,120.44528,121.15833,120.69896,80.730817,85.948078,91.439761,84.579066,148.14518,144.34491,144.9915,142.515,184.99061,214.9706,204.52625,205.71622,83.005898,84.02325,85.276182,82.463387,132.50933,149.69865,153.254,163.66218,189.42033,174.76282,180.81914,178.74857,89.120097,85.266286,79.934944,90.87814,83.305792,87.258084,133.3127,134.71883,169.96526,145.09383,152.17482,156.72476,188.81932,186.64894,191.21015,191.98061,192.491,204.64298,92.724704,132.11178,20.0,11.319888,13.232351,20.0
91.239091,93.984504,91.871241,88.348034,112.46133,110.26896,112.18818,118.21916,126.92325,118.90608,118.71353,120.64976,85.634329,84.655653,91.271883,85.575519,143.0594,138.60798,147.7399,144.48331,182.52611,222.54813,200.53504,209.54279,80.590713,81.208254,87.700147,83.776283,136.94844,149.34975,154.42388,162.10431,189.77288,177.09514,181.05181,175.21707,87.387349,83.313162,80.189217,88.948564,83.595784,87.976332,150.01817,138.08537,157.88688,143.64728,153.03372,152.68875,188.59891,186.19761,190.41388,193.15356,187.77718,202.44884,91.156714,147.44636,20.0,13.384177,15.28641,20.0
89.133333,90.992865,89.132664,98.599763,114.30871,110.84041,112.43996,117.92279,133.04491,116.62466,123.18408,118.64157,83.4294,84.045982,88.787196,85.752533,141.826,141.68634,149.26082,147.49667,179.53974,238.58324,197.35734,222.66087,78.859257,77.96762,82.876381,81.476246,135.26194,139.65612,161.32362,161.66077,188.29023,183.8462,178.85281,177.47023,85.801102,83.030951,80.905294,87.572281,84.895698,90.010595,154.61882,137.19919,173.28854,146.40783,147.52251,160.9715,195.76715,183.70031,189.11002,193.58281,193.04355,203.38538,92.102055,124.3462,20.0,15.739079,16.812737,20.0
88.932329,89.868573,88.617347,94.220065,112.7363,111.3666,111.65307,116.65607,144.28704,120.48432,119.48253,119.14817,83.00657,85.500083,88.605971,86.282132,147.8705,143.51657,147.75456,144.67831,186.27379,227.92248,201.81177,217.018,81.175127,82.214948,82.435471,86.237233,138.8881,141.59017,157.21807,160.99065,190.17969,183.36813,178.28585,184.08967,83.024759,81.627398,81.290347,84.19237,85.633165,87.055928,152.79993,134.46063,172.04462,156.38548,153.685,156.58548,198.11352,187.07006,196.79566,193.54872,192.96193,207.84952,91.965571,122.54692,20.0,13.417779,13.754846,20.0
87.497489,93.499444,90.032411,103.65629,112.3321,111.9199,111.81959,116.01445,128.73925,118.37567,122.36954,118.92823,81.573054,88.547954,87.739293,85.856073,144.83764,146.18389,146.02486,142.03715,187.8476,228.41407,203.61263,209.2424,84.443671,85.494433,89.423331,87.666588,137.04237,141.96392,162.68321,166.38972,193.58457,178.80145,187.05962,185.84341,86.9223,82.711647,75.927311,84.724027,82.171589,85.206726,150.1795,138.27742,138.21986,146.5697,162.08658,156.09063,196.02682,184.40491,197.70585,194.98862,196.76831,212.16388,92.544436,123.23986,20.0,14.926786,16.113331,20.0
88.931431,93.98941,89.77147,108.55738,111.4482,115.81604,111.47797,114.28911,136.16679,116.82572,127.01703,121.35123,81.740204,86.743579,86.373137,86.908941,147.43855,142.33291,155.12658,138.52788,184.09164,233.64671,205.35171,210.36406,81.868517,83.968385,83.426199,82.473465,135.97965,146.93366,163.62924,169.89639,188.79489,178.38938,183.95512,184.00139,86.902623,82.387178,76.633634,89.045603,79.053256,84.715253,139.35625,136.82606,165.79214,145.34433,151.33959,154.64599,196.86779,190.07248,198.58973,187.88463,201.03831,209.14112,92.528639,138.11896,20.0,14.374379,15.22324,20.0
91.561418,91.507886,91.954029,103.60817,111.62232,112.46254,110.60181,116.19625,137.97656,122.52163,119.72449,118.47718,82.188731,85.771592,89.370811,88.838675,148.02196,132.51395,154.43445,146.28588,184.21313,227.25366,206.71593,224.2861,76.857516,78.60748,74.842209,75.889579,135.57571,139.16666,153.25156,166.84408,191.59325,181.48311,183.64821,181.78834,88.250353,82.517843,78.530359,89.602945,81.629016,82.634666,134.55112,133.89296,179.17646,152.16623,146.11081,152.26745,197.49738,188.76629,196.34849,188.86529,195.24451,209.39429,89.212843,120.91059,20.0,16.026714,17.115857,20.0
88.459941,92.166443,91.086473,102.7177,111.75026,113.4456,109.38178,118.59152,127.73755,120.03319,119.94449,125.30453,82.807842,87.597119,90.360404,90.662261,145.18081,140.67302,141.53535,147.54352,183.97079,226.57916,205.91384,223.17769,80.540679,75.798713,78.920013,80.947875,144.71123,141.11028,162.73311,164.94751,187.19501,178.12106,183.09046,180.60691,86.877866,81.942731,76.975189,86.075831,83.925059,87.761034,136.16248,134.65544,161.2704,150.3746,159.58062,152.29665,192.60271,188.05778,196.5054,190.12828,196.72115,208.11758,89.368159,116.55743,20.0,18.268713,19.023549,20.0
88.590677,94.155436,90.752697,101.47762,112.89488,115.24463,111.51505,119.66714,145.78175,122.46428,120.67989,121.28498,82.116712,83.02118,95.05737,90.395085,143.22568,139.76851,147.63335,143.98143,184.54179,228.69493,200.80483,224.43,84.677136,81.180843,82.370681,79.103176,135.70309,148.10276,160.60737,168.57036,191.11367,181.48409,179.92905,174.8568,82.421905,81.222617,76.343336,84.035544,83.589473,86.622324,148.2181,134.08632,169.79407,149.89072,159.2329,156.27321,202.10159,188.26015,195.92605,195.84757,202.56542,210.26351,92.780058,125.26262,20.0,15.19124,15.460969,20.0
92.744212,88.378269,91.239657,80.950551,114.80692,113.99111,111.99392,116.65691,150.85388,121.28686,118.9083,117.24518,80.501251,82.892153,94.149034,87.931573,144.19745,144.35553,150.67119,144.97587,183.86325,227.55654,201.59847,208.44682,80.802931,83.817155,84.237636,77.591354,127.61516,157.98017,158.85101,162.55919,192.01747,183.54338,183.60054,183.02272,83.306094,81.469511,79.024218,85.947225,82.266698,84.373546,135.29587,139.41673,180.87413,144.88547,142.93018,158.00155,193.86265,190.7796,189.82682,191.56392,201.2956,205.45032,93.741291,117.85752,20.0,12.546099,13.765856,20.0
87.562552,88.9537,91.644409,90.410345,110.27939,114.39954,112.15247,116.16638,131.21866,116.70115,124.18352,121.01632,79.792399,83.402662,86.647794,87.608295,141.71674,146.25337,142.19518,145.99426,183.437,216.78924,200.85526,216.41303,77.980687,83.167821,83.453721,83.925132,131.22227,149.14996,161.4865,168.55376,188.34155,180.56731,183.49067,178.95181,83.995676,80.597658,80.137482,88.229477,81.884789,86.602339,149.5909,139.88797,176.00124,153.46055,144.63107,147.08591,186.23166,185.88585,190.68345,194.12002,195.90441,204.58292,90.933574,135.85831,20.0,15.876845,17.443635,20.0
90.240772,89.140487,91.461747,97.385847,110.71894,111.9956,110.34926,119.16526,119.99602,121.11042,121.6919,121.34753,81.227655,84.344171,87.853763,86.480515,137.24826,140.43299,146.36757,145.65695,184.57531,212.18582,197.02507,210.44527,80.06711,80.201871,83.697924,81.415065,132.64287,142.8189,161.84883,164.96914,186.87731,182.20989,179.57645,181.14665,88.705923,81.107385,79.733302,87.857017,83.029926,86.04506,152.09202,137.16478,167.93071,147.569,155.66704,155.44804,186.09128,186.30698,192.14805,189.39998,196.65819,205.08492,89.042515,148.30347,20.0,19.329054,19.927308,20.0
95.168682,93.893558,89.162813,101.4788,113.41045,111.76625,111.39884,119.48904,148.03162,121.30993,120.46614,120.57205,82.392286,85.881535,88.182258,81.834555,142.46892,143.89203,142.73689,140.86969,182.76865,215.87201,197.16083,212.934,79.516743,78.895217,78.969309,77.580454,132.69169,137.85841,158.04526,160.44575,188.93409,178.52938,179.90139,181.96315,82.687638,80.920958,79.595003,82.945828,82.676099,85.899274,143.49863,130.24527,168.78658,151.75942,161.77313,146.06487,194.1503,186.56013,194.16215,191.86665,194.59499,204.33585,86.57809,122.74127,20.0,17.65655,17.827259,20.0
86.070075,99.44822,89.368519,90.953543,112.37241,112.12859,111.18155,117.11562,137.44697,119.53971,121.50272,119.59906,82.695068,85.353105,91.168542,82.870765,142.43613,143.17354,143.70925,143.29058,182.06266,219.04976,200.72945,212.76202,80.726296,77.232969,83.076912,81.286814,134.73142,142.30723,160.66819,162.72885,190.60799,177.20707,184.2835,176.36406,81.319359,80.335003,76.333121,83.29826,80.883149,84.221259,132.29442,138.35545,160.9182,142.32833,153.56941,150.22257,191.54131,185.11671,190.4446,192.50325,194.9875,200.92363,89.215396,130.19275,20.0,14.953639,14.758239,20.0
86.641709,90.878722,90.473016,87.021675,114.4992,112.18049,111.84378,114.80732,136.54239,118.1023,118.93762,119.42224,82.273824,84.640306,87.796043,85.310909,138.07537,142.09009,141.39983,140.52177,183.05592,206.37277,202.51492,204.21241,82.159587,81.963278,82.704495,83.462045,130.86798,141.66222,149.19227,163.06136,183.05856,176.33819,176.83002,178.40586,86.319071,82.33541,74.984981,83.106178,79.123219,77.567238,155.94684,134.92106,157.82295,144.07954,142.80243,157.04219,188.57918,184.41373,190.94392,190.15423,195.50262,205.67724,91.548578,117.14827,20.0,9.465468,11.060411,20.0
86.429813,78.263678,88.746409,97.861336,112.22257,112.11485,111.28387,116.49019,142.13273,118.62943,116.63943,119.01026,79.941564,80.685001,87.897209,85.270958,138.46561,138.52627,140.93191,143.69068,182.42249,208.73402,199.6438,213.87639,81.412305,77.710187,81.597433,82.115632,125.85344,138.08062,149.64446,160.30605,184.39571,170.89339,179.15704,172.83685,86.606715,81.206118,76.555968,84.197399,78.535336,78.203697,143.50587,132.39342,167.56711,148.98588,140.76965,149.06331,185.2449,182.59215,186.88794,191.63165,192.76564,201.31312,88.45821,130.05819,20.0,13.636364,15.096432,20.0
86.211108,84.216532,88.498753,96.878654,110.58898,110.05326,109.67423,116.59236,126.92697,119.80208,117.05335,120.22329,80.6059,83.435678,93.406783,84.848721,140.58212,143.33783,140.91302,140.62657,179.48169,222.05248,195.26852,211.64253,80.575051,77.646761,81.691916,82.270323,131.89238,135.74651,147.01801,161.6743,186.72474,175.12264,177.57716,173.87627,84.343145,79.012122,77.816857,83.95823,81.629192,86.286717,161.03455,134.27149,155.43738,147.92119,144.31512,151.34839,184.30254,182.30094,184.47033,189.77177,188.49655,199.32457,88.735488,118.12224,20.0,14.193922,14.430937,20.0
89.188803,91.029912,90.413868,88.927071,109.43837,108.12258,110.15238,116.2631,139.08374,116.79008,117.76418,118.58793,82.267839,85.574712,88.445432,83.525525,141.22955,141.54467,143.8291,139.95943,177.73876,212.07754,199.44938,199.28401,79.403955,80.27791,78.075573,75.923938,130.81298,133.53922,153.75307,159.34936,187.25585,175.635,180.46757,178.87917,82.346378,78.679718,78.219428,83.553867,83.78219,86.818906,157.41848,133.12102,160.39047,151.60818,148.41321,152.70388,186.79743,179.37169,186.63245,188.67915,191.66245,197.71801,90.627136,118.12339,20.0,13.684162,14.562823,20.0
